<Frame>: 0 Armature
<TransformMatrix>:
0.010000 -0.000000 0.000000 -0.000000
-0.000000 0.000000 0.010000 0.000000
0.000000 -0.010000 0.000000 -0.000000
-0.000000 0.000000 -0.000000 1.000000
<Children>: 3
    <Frame>: 1 ZombieGirl_Body
    <TransformMatrix>:
    1.000000 0.000000 0.000000 -0.000000
    0.000000 1.000000 0.000000 0.000000
    0.000000 0.000000 1.000000 -0.000000
    0.000000 0.000000 -0.000000 1.000000
    <Mesh>: 2859 ZombieGirl_Body
    <Positions>: 2859
    5.673588 7.934367 -189.021408
    5.388142 8.439281 -189.112701
    5.331564 8.407451 -189.555054
    1.352884 10.216440 -189.632843
    0.785790 10.578348 -189.649963
    1.474062 10.830042 -190.638397
    2.596919 10.613627 -191.204254
    2.029032 10.358759 -193.346283
    8.660128 -0.303732 -187.944550
    9.204502 -0.525137 -189.160034
    9.511456 -1.698675 -187.674805
    7.968975 -1.136740 -186.434982
    3.896224 14.829510 -150.862732
    3.562298 14.910458 -148.419388
    0.064372 13.974452 -150.248825
    44.010006 -10.038971 -158.787277
    46.104626 -9.963428 -158.509949
    44.854065 -8.062618 -161.276550
    73.247551 -3.083581 -159.728134
    72.604668 -2.002988 -158.965591
    71.175339 -3.735112 -159.547409
    5.841074 0.534845 -199.993607
    3.471625 1.504572 -201.113998
    3.815698 -2.882636 -200.873840
    -6.417921 7.265527 -186.913818
    -7.232616 5.716530 -187.393219
    -6.638752 6.778726 -189.441437
    -0.818107 10.886301 -184.303574
    -0.392679 10.699320 -184.019119
    -1.248569 10.684732 -184.132721
    -1.108775 11.319880 -184.287903
    -3.813035 2.264764 -176.805115
    -5.085038 0.318322 -176.894562
    -5.525468 0.469292 -179.303528
    -7.911820 0.950371 -186.261246
    -7.996405 -0.143746 -186.563736
    -8.220805 0.583092 -188.222473
    -7.835305 -1.159569 -186.430756
    -8.171418 -0.073418 -185.475540
    -14.437446 7.853798 -152.609421
    -13.088141 9.586174 -154.136261
    -13.735057 10.926033 -151.589905
    -4.534348 3.657464 -177.667084
    -3.972793 5.407403 -177.988007
    -2.703633 5.496850 -176.579987
    -3.277363 5.729341 -94.625443
    -1.918627 1.576384 -93.601891
    -4.374134 4.131945 -87.590996
    -0.615922 2.186212 -182.680237
    -1.466093 2.054406 -182.292099
    -1.499317 4.491006 -182.687424
    -1.558186 0.793420 -181.337708
    92.650597 -8.839014 -158.854889
    93.102119 -8.817085 -158.848816
    93.168716 -9.125336 -158.120422
    9.816539 -2.138830 -189.676498
    9.927278 -2.898153 -188.759018
    9.990878 -3.154135 -187.475998
    15.712373 -11.418046 -99.333946
    15.932328 -9.423991 -95.132263
    19.232748 -6.099671 -98.157646
    11.925611 -10.614769 -94.048943
    13.076468 -8.800976 -87.114037
    1.024684 11.300226 -185.541443
    0.585693 11.863749 -185.571976
    0.684781 11.257486 -186.692902
    0.077452 6.613458 -176.001862
    1.346421 6.361170 -176.263077
    0.074835 4.730645 -177.009079
    -1.219132 6.453226 -175.979111
    5.445043 3.772272 -179.960648
    6.115136 2.075846 -179.974915
    4.630826 3.662195 -177.713837
    3.579326 11.564494 -156.102219
    0.070329 9.947840 -155.085205
    3.104499 8.182535 -158.146698
    16.377371 1.475141 -157.802811
    18.482735 0.713041 -157.956131
    18.259142 -0.719820 -154.201157
    13.060713 6.702633 -155.949356
    13.632085 3.964779 -157.937500
    15.708308 4.193172 -153.541595
    13.203762 9.602596 -154.132416
    14.570807 7.850246 -152.609558
    13.869729 10.931271 -151.589508
    3.675045 12.598110 -141.013916
    3.101450 12.823939 -144.093628
    6.057380 12.169155 -143.188156
    45.355412 -7.391998 -152.661377
    43.683399 -7.583945 -152.967834
    44.367100 -5.053621 -152.742401
    2.055285 1.580586 -93.598930
    3.414934 5.728217 -94.628098
    4.511638 4.128913 -87.595078
    7.391722 0.311486 -6.326485
    6.310713 -0.942550 -8.824123
    8.749599 1.601979 -9.258496
    2.533990 9.070872 -189.151840
    2.652342 9.109294 -189.101028
    2.243491 8.854105 -188.677979
    4.709752 8.031505 -188.677353
    5.195965 8.193172 -188.635681
    4.513103 8.734874 -188.342590
    0.646389 9.731760 -182.155731
    1.328889 9.529978 -182.126556
    1.561580 8.181559 -182.820938
    1.802844 9.220697 -181.937927
    0.067319 5.054742 -183.119751
    0.067750 6.461206 -183.248306
    1.632394 4.493021 -182.679581
    0.067192 4.161874 -183.028473
    -3.106335 8.984201 -188.237503
    -2.716316 7.983850 -188.513214
    -2.213185 9.036371 -188.413132
    -0.641288 10.506739 -189.642899
    -1.216397 10.198084 -189.625275
    -1.350628 10.821512 -190.578827
    -8.823788 -0.555489 -189.899689
    -8.301485 1.441673 -190.905334
    -3.337518 1.504632 -201.114014
    -5.707489 0.534813 -199.994171
    -3.681712 -2.882698 -200.874115
    -7.921234 -0.101982 -183.644409
    -7.414644 -0.671150 -183.310318
    -8.372561 -0.939843 -183.596436
    -8.429545 -0.479714 -184.608871
    -16.052523 -11.990182 -156.183838
    -18.569851 -11.701334 -154.703735
    -18.721352 -8.931603 -151.891205
    -12.207187 -12.715877 -158.528168
    -8.331094 -13.545970 -157.646790
    -8.307132 -13.222301 -162.151062
    -13.923212 1.996116 -140.292252
    -14.469818 3.211662 -143.796082
    -12.939434 6.902459 -139.892197
    -3.212709 -1.092318 -86.296135
    -3.696911 -5.434300 -85.979858
    -4.719492 -0.569421 -76.966316
    -6.188173 -0.945102 -8.812449
    -7.257771 0.366804 -6.364831
    -8.622346 1.622618 -9.231052
    -2.511735 9.096766 -189.103317
    -2.379340 9.056711 -189.160324
    -2.104204 8.838160 -188.680023
    -2.248986 7.018640 -180.633179
    -2.421604 7.122873 -181.091415
    -2.826310 5.718759 -180.721664
    -0.753181 7.995370 -179.813339
    -1.616989 7.250864 -180.331223
    0.067212 6.484170 -180.734055
    0.067833 8.237177 -179.694946
    11.446066 15.486961 -1.676993
    11.326126 16.280529 -1.206956
    11.675887 15.372918 -0.566112
    89.680420 -8.812848 -158.009430
    89.574554 -8.682754 -158.840958
    90.264725 -8.676153 -158.695663
    96.828011 -5.084768 -158.047165
    97.564125 -5.883862 -158.511002
    98.385796 -4.999609 -158.031433
    -93.788383 -2.500287 -155.897659
    -94.024178 -2.054650 -156.391037
    -93.316551 -1.932218 -156.228455
    -89.611122 -8.245529 -158.116333
    -89.662148 -8.343012 -157.266907
    -90.375946 -8.216971 -157.918884
    76.658981 -9.728244 -158.858841
    75.106430 -9.599120 -158.126556
    76.575562 -10.531918 -157.031036
    -80.265305 -5.754987 -155.002365
    -81.565666 -4.258731 -154.260086
    -79.487793 -3.353276 -153.527679
    81.470970 -9.474667 -159.173767
    81.733772 -8.323870 -159.639633
    78.792046 -7.641237 -160.005600
    81.696442 -7.040505 -158.936600
    -74.303886 -2.462194 -159.205078
    -75.736015 -1.567570 -158.115494
    -75.777077 -3.146655 -159.871964
    -73.179642 -3.497501 -160.092026
    -72.504967 -2.372153 -159.620285
    81.464355 -3.232415 -158.492172
    80.768265 -1.384452 -157.395401
    78.562431 -2.608186 -158.372559
    83.510422 -12.474385 -157.373489
    83.400085 -12.317620 -156.076691
    84.785912 -13.183055 -156.278091
    -83.713432 -11.054718 -154.902481
    -84.104454 -9.979670 -154.879196
    -81.754303 -9.065498 -155.053299
    -84.430656 -8.787312 -154.675461
    -83.433212 -11.845001 -155.259628
    -83.613152 -12.034618 -156.549957
    -84.771027 -12.621393 -155.389481
    87.667122 -3.040634 -158.318741
    86.370819 -3.086131 -158.531403
    87.220184 -4.502676 -158.836929
    85.372696 -2.947271 -156.818253
    83.615227 -2.570058 -156.781494
    84.098915 -3.293060 -158.303238
    -7.429857 -8.570642 -6.027865
    -6.178108 -6.587153 -6.460700
    -7.426617 -7.731869 -9.614705
    -8.667208 -7.353351 -0.067672
    -9.932095 -8.766759 -1.389904
    -12.140452 -7.394544 -0.961005
    -7.407701 -8.396785 -1.783131
    7.498818 -8.486361 -1.716660
    8.801126 -7.360301 -0.059951
    10.069385 -8.809158 -1.361730
    13.605245 -3.883322 -4.906393
    13.986128 -4.149445 -6.946540
    11.924309 -6.493665 -5.914493
    -13.849030 -4.152672 -6.952169
    -13.471099 -3.881472 -4.908503
    -11.789659 -6.492511 -5.914225
    -13.726525 -0.865378 -6.317122
    13.034713 -1.279778 -9.033413
    12.626287 -1.747451 -10.825611
    13.396797 -4.025328 -9.426808
    6.318329 -6.584049 -6.462143
    7.566768 -8.566682 -6.029046
    7.554001 -7.741672 -9.614496
    -8.730798 2.652026 -1.199471
    -7.801105 2.873361 -2.771685
    -7.815119 -0.259863 -2.056995
    8.207538 8.717268 -3.295507
    6.922987 9.719221 -1.383372
    7.263872 6.471634 -2.028833
    -10.274698 12.348301 -2.608701
    -11.262523 12.379502 -3.355943
    -10.689283 8.710577 -4.987281
    -12.190475 11.956517 -2.905513
    -17.859186 9.279658 -0.279008
    -17.101038 10.032766 0.800381
    -17.323397 7.056394 -0.135678
    12.537795 3.483165 -7.524101
    13.332271 1.549445 -7.540183
    14.475816 3.711767 -5.848295
    -12.341775 8.666327 -5.029939
    9.201506 8.707558 -4.835390
    8.546120 12.054713 -3.362919
    10.291115 12.458032 -2.875675
    7.201472 11.893188 -0.026389
    8.430233 11.942409 0.928563
    7.633481 9.526373 0.494294
    10.963984 13.731684 -0.104252
    12.042340 13.875931 0.799264
    11.343194 12.009238 1.023575
    14.546197 17.472855 -0.751577
    14.629713 16.561050 -1.396117
    14.648556 16.197746 -0.054135
    11.961534 14.161956 -2.911917
    12.719442 14.344013 -2.506454
    12.264759 15.867023 -2.489547
    -5.262710 8.452218 -189.108688
    -5.540717 7.931741 -189.010483
    -5.222382 8.448206 -189.538498
    -6.702178 0.156258 -182.410355
    -6.670424 -2.446663 -182.523621
    -7.737348 -2.103050 -184.275177
    -20.951721 -11.027201 -153.771729
    20.770002 0.035612 -158.074158
    18.489744 -5.440753 -151.744263
    19.678545 -4.999926 -151.773880
    21.507879 -5.440034 -151.431641
    -20.684750 -0.247688 -158.618927
    -18.390369 0.567345 -158.404892
    -18.077904 -0.447502 -154.734589
    -33.893967 -5.456201 -160.673050
    -33.987045 -2.831705 -160.437424
    -39.971519 -4.599055 -160.530426
    34.062283 -2.348574 -159.945602
    33.970310 -4.882708 -160.668839
    40.051025 -4.060687 -160.362213
    -2.934889 12.601085 -144.103546
    -3.541326 12.608150 -141.008865
    -5.913838 12.121622 -143.188889
    1.316400 11.334131 -184.873764
    1.490892 11.249384 -184.485031
    1.077291 11.742334 -184.473587
    0.665529 11.801584 -184.067505
    0.566667 12.218745 -184.465363
    0.528543 10.703699 -184.015488
    0.953951 10.889277 -184.301010
    1.382410 10.684259 -184.133148
    1.247640 11.326822 -184.281967
    8.503679 -0.940008 -183.597687
    8.055523 -0.102179 -183.644455
    8.562602 -0.480566 -184.609238
    7.563141 -0.670752 -183.304306
    9.568447 -2.480078 -186.094620
    8.868982 -1.264791 -185.219803
    8.010193 -3.502372 -167.751160
    9.360930 -4.939703 -168.894516
    13.526603 -3.636251 -167.101547
    12.982736 0.442806 -162.786774
    10.019039 0.336390 -166.103546
    2.847480 7.976542 -188.513123
    3.694787 7.795115 -189.208115
    3.469545 9.113994 -189.508789
    4.478096 9.023128 -189.484833
    1.598466 2.059824 -182.279327
    0.749467 2.189187 -182.671722
    1.684964 0.808313 -181.319214
    -6.008178 2.065651 -179.958817
    -5.433395 3.846978 -179.898117
    0.062358 -6.395329 -97.706490
    0.720676 -6.805217 -97.177124
    0.065956 -7.202130 -100.631554
    -0.575007 -6.821724 -97.152809
    14.073703 14.096164 0.686711
    14.773922 14.019746 -0.044312
    14.844878 10.898553 0.708824
    13.307389 13.938591 0.751929
    15.671968 13.004717 0.296827
    16.040672 12.307094 0.428403
    8.131411 -0.141211 -186.566025
    8.305102 -0.076529 -185.475662
    8.045920 0.944849 -186.262253
    7.756496 0.737009 -184.186478
    8.347366 0.615198 -188.214706
    3.239052 8.982448 -188.236298
    2.344369 9.034449 -188.410843
    3.850318 5.192789 -178.115738
    2.665875 5.555902 -176.807739
    7.004330 0.164163 -182.341492
    6.815850 -2.446951 -182.519089
    7.868684 -2.103277 -184.276321
    0.067065 2.835275 -182.822159
    0.067986 8.715509 -182.900391
    0.067886 9.901285 -182.042023
    0.066751 0.488000 -181.607391
    -1.429534 8.182993 -182.812653
    -1.352887 11.244547 -184.488098
    -1.180625 11.332468 -184.874359
    -0.938726 11.735712 -184.477859
    -0.429868 12.213450 -184.468811
    -0.526918 11.792719 -184.074982
    -8.734818 -1.261864 -185.220123
    -9.433748 -2.475014 -186.094162
    -9.373871 -1.721642 -187.666931
    -8.535245 -0.628289 -187.908600
    -9.792628 -2.915520 -188.738541
    -9.773415 -2.301156 -189.614441
    -9.850733 -3.147774 -187.476013
    -7.602051 0.737343 -184.194809
    -7.872790 -3.498360 -167.750595
    -9.211746 -4.943245 -168.876282
    -6.016046 -3.766106 -169.428436
    -13.422300 -3.648156 -167.140594
    -15.799617 -9.425585 -95.129356
    -15.579521 -11.419912 -99.331497
    -19.098564 -6.099255 -98.155373
    -11.791280 -10.612746 -94.047585
    -12.942269 -8.799898 -87.111237
    -8.946376 -0.509590 -189.116867
    -9.210986 -0.722405 -189.390152
    -3.510745 15.101344 -148.445801
    -3.797949 14.920115 -150.910538
    -3.564202 7.801736 -189.207108
    -3.325933 9.122522 -189.512039
    -5.063732 8.196619 -188.634064
    -4.575128 8.030191 -188.677917
    -4.380232 8.737421 -188.343536
    -4.342818 9.017984 -189.487289
    -1.166889 9.564661 -182.034988
    -0.501655 9.754938 -182.062042
    -1.647838 9.254007 -181.884964
    -1.813911 5.307336 -180.610016
    -71.107063 -4.304351 -159.985428
    74.413177 -2.298105 -158.869125
    75.836853 -3.035729 -159.818375
    -78.607590 -8.742941 -154.668533
    -78.196777 -6.822148 -154.981537
    -76.011108 -6.833054 -154.629715
    78.356865 -7.133298 -155.343307
    78.716721 -9.077307 -155.123627
    76.175941 -7.197287 -154.905777
    81.826050 -9.487808 -155.683090
    -82.556374 -7.208079 -155.226517
    -84.627647 -7.661944 -155.187775
    81.839706 -5.660327 -159.532333
    79.062981 -5.191228 -159.879883
    -81.846916 -5.386965 -159.036560
    -81.748550 -6.755821 -158.686386
    -79.074661 -5.026624 -159.551666
    -81.525719 -4.444333 -158.256180
    -78.890167 -7.487966 -159.592926
    81.614594 -4.687202 -158.819580
    77.783981 -0.567123 -156.605545
    -84.624695 -6.369276 -154.494858
    82.696159 -7.636439 -155.826538
    84.519226 -9.316776 -155.443222
    84.000580 -5.137329 -155.030151
    85.014572 -6.997355 -155.133942
    84.794563 -8.145559 -155.936081
    -13.989670 13.638482 0.540796
    -12.927882 14.151888 0.093160
    -13.159400 11.817655 0.810970
    -14.792989 11.057145 0.693301
    -13.734699 8.417745 0.455027
    -13.249027 12.090289 -3.405451
    -14.077933 7.802752 -4.947460
    -12.394939 3.505405 -7.507590
    -14.164824 11.504573 -2.876278
    -15.282076 11.245576 -3.032671
    -16.071157 10.641425 -2.743381
    -17.412014 11.135596 -0.032442
    -16.678022 11.923155 -0.231058
    10.836964 8.680313 -4.963058
    9.528964 4.547565 -7.272305
    11.439023 12.332606 -3.360595
    12.320746 12.075729 -3.160276
    12.510738 8.717075 -5.172443
    13.401876 12.103389 -3.464254
    14.305459 11.556862 -2.924108
    14.294531 7.853635 -5.087335
    -13.256454 1.304211 -7.487514
    -12.891487 -1.188057 -8.964158
    -14.290272 3.743501 -5.825518
    16.065174 13.063975 0.020362
    16.099960 14.019479 -0.335708
    8.096911 -3.501441 -186.073975
    -2.461784 10.601496 -191.198364
    -1.888454 10.301432 -193.359497
    1.805536 9.902658 -185.067474
    1.728386 10.457315 -184.950500
    1.320163 10.591730 -185.593033
    1.310414 10.173960 -183.773254
    1.838647 10.040598 -184.124161
    1.991582 9.569040 -183.556396
    2.274818 7.356440 -181.260315
    2.154987 7.267817 -180.891037
    2.653497 5.918985 -181.051636
    1.700207 7.431284 -180.548019
    1.933586 5.315774 -180.623489
    0.880878 8.097406 -179.932098
    4.797973 7.432337 -183.281433
    5.385391 6.278758 -183.653427
    4.555579 5.913218 -181.886124
    5.195087 0.310678 -176.900467
    3.889849 2.220834 -176.826401
    5.712116 0.490152 -179.290009
    7.836726 2.585581 -196.673157
    8.543473 1.201273 -193.863983
    6.646611 5.385996 -194.861450
    8.749704 -0.217764 -189.758179
    8.415112 1.466181 -190.871872
    8.467610 -2.922751 -190.229645
    8.813399 -2.612372 -190.195633
    8.720843 -1.274862 -190.435455
    5.357800 -6.160926 -172.789154
    5.048479 -5.578024 -174.483871
    3.136367 -7.565940 -173.850342
    6.158871 -3.768210 -169.429443
    -3.435748 11.561350 -156.100754
    -2.972339 8.184824 -158.148651
    8.478194 -13.536233 -157.616257
    12.344648 -12.797050 -158.561249
    8.442096 -13.215173 -162.122467
    18.702608 -11.074772 -155.286362
    16.140768 -12.050344 -156.413773
    18.884665 -9.407870 -152.114609
    21.055559 -11.452060 -154.443085
    19.780518 -2.867433 -152.867767
    18.564604 -2.595354 -152.616028
    14.814351 3.875316 -149.334259
    16.220854 -0.239567 -148.607712
    21.363649 -6.282596 -161.372955
    21.213125 -8.990299 -160.666046
    23.396215 -8.018069 -160.786407
    11.840823 -3.139792 -134.541977
    12.950783 0.397303 -135.132248
    12.936765 -4.400519 -140.764328
    0.068926 -12.382939 -102.816414
    4.180251 -16.635874 -102.600677
    0.066455 -15.042983 -109.920708
    3.825064 -5.438159 -85.979607
    3.335021 -1.095810 -86.293503
    4.842693 -0.572956 -76.965027
    11.754034 1.456451 -9.325938
    -1.701523 10.038019 -184.124786
    -1.175851 10.171976 -183.775009
    -1.857930 9.565989 -183.558807
    -1.592525 10.455164 -184.950760
    -1.667744 9.898767 -185.067902
    -1.183063 10.587992 -185.592911
    -0.483283 11.933405 -185.576279
    -0.894116 11.310831 -185.542297
    -0.547633 11.247034 -186.690247
    -9.315218 -3.835061 -187.764648
    -8.300245 -3.799615 -188.371796
    -9.249195 -3.461343 -189.162994
    -9.082867 -2.577919 -190.150345
    -8.424606 -2.854912 -190.244415
    -8.677542 -1.339440 -190.493805
    -4.931110 -5.598869 -174.491745
    -5.238278 -6.178048 -172.798676
    -3.084718 -7.685219 -173.901352
    -13.490217 3.968529 -158.123489
    -12.937666 6.710885 -155.953217
    -15.568363 4.217491 -153.747345
    -43.567509 -6.610863 -152.615906
    -45.203747 -6.219180 -152.378372
    -44.231537 -4.061234 -152.937469
    -12.312869 0.450157 -135.306061
    -11.953129 -3.303308 -134.503937
    -12.802245 -4.409723 -140.761902
    -4.049403 -16.679838 -102.591164
    -8.406268 1.202934 -193.865509
    -7.702939 2.586708 -196.673096
    -6.511936 5.387429 -194.860611
    -7.961840 -3.501656 -186.073761
    -6.754944 2.874566 -165.045410
    -6.224420 4.531991 -162.003983
    -9.544282 2.998009 -162.231750
    -9.886069 0.330345 -166.103668
    -12.867648 0.435326 -162.876678
    -16.274633 1.432671 -158.242096
    -14.672124 3.870155 -149.333221
    -16.067709 -0.146981 -148.734634
    -46.059769 -9.997163 -157.413086
    -43.945843 -10.176420 -157.799011
    -44.812485 -8.742344 -160.581161
    -75.110237 -9.439061 -157.366959
    -76.726265 -9.599305 -158.208527
    -76.582077 -10.214737 -156.341431
    -12.505060 -1.795920 -10.839213
    -13.249672 -4.047261 -9.437173
    -0.424411 7.448541 -182.136383
    0.067375 7.413766 -182.293671
    0.067876 8.118158 -181.741180
    0.559111 7.452859 -182.135025
    16.766026 11.819753 0.673277
    17.329258 12.540562 0.748033
    17.530167 11.741631 0.136696
    17.658718 10.641857 0.073968
    18.080368 9.274856 -0.102768
    16.883865 9.908674 0.973293
    12.648179 17.437046 0.233147
    13.043340 17.617725 0.808926
    13.834679 17.247768 1.045685
    99.119736 -4.907063 -157.759079
    99.619240 -5.285625 -157.378586
    97.990883 -5.126487 -156.976776
    94.728981 -3.749665 -157.173523
    94.965477 -4.056857 -157.960831
    95.678299 -3.698491 -157.091324
    96.368767 -6.810897 -156.884995
    95.386978 -6.855039 -156.828064
    95.655396 -5.992966 -156.433975
    -15.815268 12.392870 0.225802
    -14.980463 13.190091 -0.091376
    -11.828250 13.962133 0.621141
    -10.510983 14.102705 0.224779
    -10.921414 12.140909 1.091884
    -93.522636 -3.417702 -157.404663
    -94.193130 -3.316496 -157.312485
    -93.801392 -3.680907 -156.601471
    -91.101379 -5.120741 -157.027817
    -91.421448 -4.706231 -157.645569
    -90.774719 -4.609194 -157.521973
    -85.905777 -2.390766 -155.039627
    -86.795547 -2.393369 -155.044769
    -86.250969 -2.073032 -155.923218
    -83.473175 -2.671154 -154.912552
    -84.388969 -2.739638 -155.309525
    -83.366753 -2.296892 -156.346024
    -90.485748 -1.797533 -156.448166
    -89.937546 -1.877735 -156.337921
    -90.220215 -2.439627 -155.702393
    -89.786659 -3.434176 -157.437119
    -90.488289 -3.418850 -157.479675
    -90.118324 -3.934459 -156.839340
    -89.573570 -9.846675 -158.527969
    -90.239517 -9.900218 -158.424561
    -89.765617 -10.213260 -157.653748
    -93.277374 -8.389304 -157.963242
    -92.798599 -8.410824 -157.967285
    -93.328491 -8.659766 -157.222794
    -91.016983 -6.563559 -158.208130
    -91.493095 -6.423634 -158.237976
    -91.255920 -6.520567 -157.328323
    -94.412086 -4.822696 -157.770065
    -93.921486 -4.722378 -157.836853
    -94.006790 -4.885320 -157.003189
    8.433301 -3.807089 -188.369568
    9.457301 -3.835226 -187.763397
    9.312502 -3.474173 -189.172729
    7.362381 5.713221 -187.393356
    6.557142 7.267542 -186.912384
    6.757272 6.766779 -189.442581
    14.775372 3.269069 -143.751312
    13.800426 2.016948 -140.244263
    13.235256 6.983349 -139.852951
    13.860816 -0.858034 -6.313323
    -5.631292 6.362756 -183.525909
    -4.734605 7.445901 -183.258530
    -4.787715 6.146615 -181.711792
    -21.122227 -9.349680 -160.164047
    -21.260229 -6.762139 -161.130722
    -23.307665 -8.599221 -160.246628
    94.942978 -6.249255 -158.666428
    96.088959 -6.208621 -158.521240
    94.989746 -4.933751 -158.439529
    93.090408 -10.549022 -159.084930
    92.615273 -10.481037 -158.933823
    93.212715 -10.447365 -158.169815
    95.696190 -5.090897 -156.841461
    94.360229 -5.303418 -156.797791
    86.097549 -4.188583 -155.145767
    86.228203 -5.453833 -155.491516
    17.273970 7.081087 -0.249108
    -7.687057 12.335674 1.163828
    -6.500317 12.322375 0.206944
    -7.138035 9.828190 0.447292
    -6.765004 12.234211 -1.273093
    -8.126934 12.128920 -2.910364
    -6.826450 9.937950 -1.428121
    -92.768608 -10.052858 -157.981750
    -93.258568 -10.127624 -158.126053
    -93.377563 -9.988027 -157.212296
    -93.943771 -6.512917 -158.158554
    -94.411064 -6.524027 -157.939270
    -93.890343 -6.392120 -157.173080
    -80.497368 -1.088219 -157.123291
    -81.364792 -2.849442 -158.204483
    -78.418694 -2.278197 -158.308594
    -77.495789 -0.291963 -156.495682
    75.917656 -1.636880 -157.964981
    -81.831375 -8.054169 -159.051361
    -81.580452 -9.186209 -158.534012
    84.142067 -10.485841 -155.667313
    83.724159 -11.553830 -155.702484
    81.847885 -4.691161 -154.663727
    80.446480 -6.132322 -155.426361
    79.839211 -3.769333 -153.830246
    -83.568695 -4.620438 -154.475189
    12.274455 -7.395701 -0.960683
    8.043938 2.765338 -2.745389
    8.958281 2.651181 -1.301743
    7.939020 -0.267958 -2.060834
    15.466741 11.292387 -3.097621
    15.887128 10.440535 -2.347028
    6.223253 4.340404 -161.802277
    6.878156 2.886194 -165.037003
    9.593187 3.060039 -162.197433
    95.563301 -4.319973 -156.641144
    96.565308 -4.440116 -156.890793
    5.864181 7.586558 -189.107910
    5.513729 8.339427 -189.905304
    5.424257 8.165660 -188.362320
    2.219950 10.054346 -189.897858
    1.403872 9.457102 -188.654968
    0.991587 9.975336 -188.749878
    0.566941 10.390345 -188.928558
    1.708396 8.227137 -179.894913
    0.908192 8.802744 -179.571548
    0.068113 9.068186 -179.458450
    1.848218 8.219934 -179.742477
    1.068855 8.775324 -179.399200
    0.064487 9.119257 -179.258789
    4.089327 9.075099 -193.820923
    3.952315 10.035823 -191.788055
    0.068000 10.567362 -193.333984
    0.066791 9.514765 -196.506760
    2.412513 9.104136 -196.353134
    0.065142 10.830484 -190.831406
    4.746762 7.614573 -195.939331
    9.440834 -1.192221 -189.844650
    5.679514 -2.334479 -176.972794
    6.087931 -2.070258 -179.656021
    5.376355 -4.762748 -179.507187
    5.024301 -5.042868 -176.828674
    6.160215 -5.497901 -182.437668
    2.813336 1.414713 -174.092010
    4.590398 -0.247824 -174.015686
    4.125193 -1.076605 -171.450668
    3.140824 1.079126 -171.586563
    5.493518 -2.842383 -174.249405
    5.680077 -3.353873 -171.900848
    -2.895864 3.942422 -164.713135
    -2.163547 2.472375 -166.942322
    0.040635 1.759347 -166.621613
    0.070077 3.886209 -164.327637
    3.034916 3.936777 -164.719238
    2.173571 1.876382 -166.689545
    0.070457 6.344538 -160.581161
    -2.872086 5.712533 -161.359543
    2.995968 5.691248 -161.336731
    7.740685 15.434887 -150.984253
    7.433845 15.852962 -147.590302
    0.073452 13.395732 -153.156616
    3.857650 14.145061 -153.598221
    7.652044 13.480892 -154.165543
    27.579948 -4.919985 -160.723938
    27.512638 -2.209734 -159.213104
    27.213289 -0.795092 -157.118073
    33.937931 -0.667192 -157.505814
    22.350075 -0.915712 -155.439987
    23.059795 -0.999849 -158.088226
    23.481598 -3.833499 -160.516769
    43.811565 -9.926495 -155.187866
    45.921310 -9.845751 -155.069870
    48.388924 -10.875476 -157.490509
    48.222305 -9.355865 -160.869095
    47.936634 -10.093168 -153.925873
    73.980835 -5.314740 -160.573303
    71.620522 -5.784827 -160.579910
    65.403549 -6.699481 -160.721222
    65.173584 -4.011553 -160.055222
    72.460365 -1.521299 -157.867783
    71.214706 -2.382338 -157.427948
    65.092194 -3.072878 -157.721542
    72.370392 -8.253225 -159.943756
    74.615173 -7.626681 -160.069382
    65.438766 -9.178621 -159.758163
    65.448883 -9.989855 -157.265137
    72.634819 -9.781570 -157.747772
    58.693062 -11.337647 -156.589050
    58.814842 -10.499773 -159.557983
    65.255737 -9.015199 -154.898239
    72.408142 -8.885813 -155.349091
    58.649395 -9.765687 -154.086197
    72.040703 -6.721578 -154.382446
    65.173477 -6.586731 -154.040955
    65.163086 -4.310075 -155.081207
    71.609840 -4.377514 -155.537247
    58.652946 -7.065812 -152.861404
    58.834145 -4.326508 -153.739914
    59.045937 -2.980089 -157.159073
    59.372589 -4.150912 -160.357468
    40.605610 -8.266115 -160.656204
    40.358776 -10.307558 -157.945984
    34.310123 -10.898394 -157.061981
    34.172321 -8.418429 -160.452240
    44.779987 -4.847513 -161.116562
    4.549850 11.944285 -124.061882
    8.609263 9.498012 -123.930534
    9.603154 9.658626 -119.392242
    5.310110 12.109767 -119.206161
    14.067664 6.988117 -120.035423
    12.548513 6.622981 -124.196190
    4.096745 12.433177 -129.691467
    8.362374 9.773417 -129.151398
    11.946826 6.080348 -128.926453
    12.636628 -2.396863 -124.961960
    11.079575 -1.763906 -129.161774
    8.806485 -5.235495 -129.717804
    9.315987 -5.805021 -124.968475
    13.703464 2.385982 -124.622467
    12.726190 1.823650 -128.822083
    10.971110 -7.730566 -120.518066
    14.633632 -3.539609 -120.700867
    15.629450 1.871730 -120.682335
    0.068261 12.965372 -119.098457
    0.062772 11.856951 -124.223183
    -5.176153 12.109971 -119.206467
    -4.418107 11.943597 -124.060432
    -5.594655 11.803346 -114.032410
    0.067251 12.676165 -113.881775
    5.728337 11.803218 -114.031693
    12.103835 -9.463187 -116.270325
    15.612745 -4.478986 -116.337029
    17.050337 1.221171 -116.016579
    16.760370 -5.867286 -110.900993
    18.426704 0.961219 -110.587715
    13.401289 -11.791529 -110.721283
    2.053458 4.985171 -98.800171
    1.260480 -1.358119 -97.968575
    0.048928 -1.816027 -98.501877
    0.067465 4.625341 -99.728180
    5.134473 8.580665 -102.712372
    0.067105 9.323152 -102.826797
    7.228620 8.909931 -95.843727
    19.532595 0.726747 -104.469246
    17.705044 7.076549 -103.729980
    16.628649 7.007271 -109.586029
    20.836031 0.575474 -97.539886
    18.298004 6.158735 -97.173958
    18.467300 -6.213447 -105.102341
    12.924241 9.555469 -96.752342
    13.255670 8.575890 -88.119598
    7.981675 8.116325 -87.449600
    12.017885 9.379067 -103.249130
    2.951733 -9.206591 -92.955215
    1.671384 -4.172514 -93.009712
    7.166030 -8.665403 -85.521843
    6.781600 -10.431791 -93.488556
    5.711848 -14.248122 -97.067055
    1.923128 -11.072275 -97.313210
    16.086155 -0.942327 -64.813263
    14.079383 -4.245134 -64.559036
    13.733516 -4.977311 -60.480415
    15.945582 -1.816302 -60.683189
    16.554405 -0.434089 -70.223015
    15.020106 -4.114385 -69.918472
    10.501372 -6.171893 -69.535225
    9.789488 -5.681823 -64.406647
    9.735502 -5.868454 -60.046768
    6.127647 -5.024215 -69.387413
    5.827557 -4.723960 -64.231186
    5.983476 -4.577114 -59.503426
    3.862331 0.508100 -69.560638
    3.895763 -0.498829 -64.134048
    4.078130 -0.921206 -59.131371
    14.900502 0.665747 -42.682350
    11.244291 2.649055 -42.476490
    10.283904 2.831452 -49.255116
    13.441203 1.493609 -49.657173
    9.365297 3.900804 -54.346378
    12.440350 2.471614 -54.810417
    17.244524 -2.831481 -42.927837
    15.718681 -1.226980 -50.007763
    15.011116 0.448034 -55.380276
    7.204680 1.636315 -49.420387
    5.789533 -2.049705 -50.093319
    4.962554 -0.896320 -54.759197
    6.336299 2.462735 -54.421593
    4.764131 -2.958760 -42.783817
    7.624367 0.669209 -42.520420
    4.408485 -7.833782 -42.553329
    5.913614 -6.667628 -49.530331
    6.504969 -4.827375 -54.890724
    0.067061 -3.711723 -201.334579
    0.067091 1.695779 -201.555954
    5.133553 -5.858985 -198.837982
    7.753880 -1.668081 -197.738586
    0.067050 -7.407647 -199.451920
    -7.764400 3.405724 -188.011108
    -7.300370 4.539574 -190.485168
    -6.218273 6.983224 -185.133026
    -7.160916 5.122978 -185.672226
    -7.719364 2.880059 -186.101044
    -5.550503 -2.339638 -176.972900
    -5.946293 -2.073524 -179.658112
    -4.543079 -0.179161 -173.974091
    -5.347796 -2.847130 -174.250092
    -3.225943 1.880746 -173.885681
    -14.246987 11.472115 -148.292343
    -15.010075 7.594460 -149.483521
    -11.397202 14.307871 -151.252731
    -11.045570 12.368189 -154.325577
    -11.528034 14.236109 -147.522491
    -1.637473 9.144892 -188.583405
    -2.126713 9.233393 -189.293777
    -2.099340 10.081919 -189.893143
    -1.278653 9.473154 -188.655960
    -3.221295 9.465204 -190.055206
    -3.280963 9.281488 -189.739777
    -3.587559 10.061686 -190.682831
    -5.298934 9.037759 -191.869110
    -3.824972 10.044321 -191.789032
    -4.903756 9.443308 -190.897827
    -5.680809 7.525842 -193.379822
    -3.953773 9.066294 -193.824509
    -6.302750 7.579690 -191.032410
    -5.986686 8.358117 -190.399307
    -6.795784 5.648537 -192.383835
    -3.066518 9.452295 -185.917328
    -4.783292 8.631983 -186.077042
    -4.437803 8.590464 -187.217819
    -3.039547 9.089533 -187.146820
    -4.398934 8.764338 -187.870132
    -3.075382 9.094812 -187.833282
    -2.019637 9.089518 -188.212448
    -1.699066 9.457239 -187.771454
    -1.675133 10.016932 -186.397537
    -1.252177 9.984751 -183.259735
    -0.507893 10.279352 -183.687561
    -0.591050 10.217539 -183.376541
    0.067048 10.236277 -183.445984
    0.067291 10.262339 -183.301743
    0.067228 10.806223 -183.661972
    -2.818306 7.192041 -178.636475
    -2.518788 6.961298 -177.244568
    -1.786722 3.784921 -176.713425
    -1.626060 7.591913 -176.901276
    -7.421565 2.350609 -184.231873
    -6.871399 1.906762 -182.253708
    -6.551093 4.447518 -184.015930
    -6.041890 4.040886 -182.013824
    0.083495 1.871103 -171.372986
    -1.630469 1.661248 -171.416458
    -1.634802 2.414269 -174.113556
    0.067650 2.135034 -174.244873
    1.628026 2.209070 -174.145309
    1.759619 1.499490 -171.371735
    1.893813 3.788522 -176.762924
    -4.598316 -9.709221 -186.416855
    -6.990265 -6.519143 -186.061066
    -6.026577 -5.497109 -182.437256
    -3.956218 -8.287544 -182.579559
    -5.248045 -4.764504 -179.506363
    -3.204278 -7.046944 -179.345062
    0.067041 -10.912102 -186.799728
    0.067163 -9.183601 -182.835556
    0.068230 -7.740609 -179.316360
    -4.153314 1.127923 -166.925629
    -3.168201 0.861352 -169.119400
    -1.659621 1.652124 -169.213242
    0.040256 1.338388 -169.479874
    -12.769339 -11.469050 -164.454132
    -8.604741 -11.130411 -167.414200
    -9.554484 -7.639703 -169.225403
    -13.491400 -7.822107 -166.948074
    -16.730057 -4.090386 -165.216217
    -16.487152 -8.325403 -164.885834
    -15.803090 -11.571054 -161.783020
    -3.890381 -13.181467 -157.272614
    -4.020476 -12.978005 -150.748505
    0.066439 -11.993782 -150.565063
    0.067376 -12.086877 -156.739624
    0.059820 -11.117715 -144.507965
    -4.565265 -11.428262 -144.647491
    -9.733785 -10.549173 -145.238098
    -8.991958 -13.056621 -150.966751
    -14.176382 -1.121819 -143.207184
    -15.462741 -6.551081 -147.061874
    -23.430079 -10.342889 -152.520996
    -28.033016 -9.768320 -151.894592
    -27.505892 -6.925073 -150.147812
    -22.522543 -8.086236 -150.246017
    -34.163033 -9.022776 -152.330551
    -33.727837 -6.443521 -150.898666
    -23.397913 -10.599801 -156.101852
    -27.701439 -10.659585 -156.074142
    -34.233009 -10.676737 -155.979782
    -33.432156 -0.738412 -154.717224
    -39.851696 -2.635935 -155.219498
    -40.142536 -1.816386 -158.603760
    -33.849445 -0.723184 -158.375610
    -27.142471 -0.772423 -157.958694
    -26.527477 -0.760796 -154.654160
    -27.432926 -2.601113 -159.718048
    -58.974850 -2.894132 -158.049484
    -65.020332 -3.147643 -158.540863
    -65.098518 -4.795074 -160.432632
    -59.313972 -4.968031 -160.782990
    -58.758614 -3.086377 -154.361206
    -65.088806 -3.500731 -155.635696
    -52.493065 -2.212108 -153.319275
    -53.064739 -2.335690 -157.779068
    -53.635956 -5.182965 -161.071121
    -20.106911 1.212766 -104.480186
    -18.333288 -6.212932 -105.100838
    -16.626724 -5.866885 -110.900391
    -18.292891 0.961174 -110.587097
    -15.469136 -4.485580 -116.338333
    -16.907738 1.215455 -116.021187
    -16.495743 7.005626 -109.586639
    -17.539177 7.049338 -103.729034
    -15.310699 7.196296 -115.111122
    -1.154966 -1.406117 -98.045349
    -1.913553 5.018494 -98.786232
    -1.542531 -4.172258 -93.009247
    -15.585283 -1.225935 -50.005501
    -14.877616 0.449423 -55.377632
    -12.306407 2.473450 -54.807877
    -13.307072 1.494802 -49.654671
    -17.109291 -2.831004 -42.925087
    -14.765510 0.667252 -42.679821
    -10.149778 2.832722 -49.252560
    -11.110634 2.650113 -42.473877
    -9.231091 3.903940 -54.343426
    -11.432534 2.157196 -34.335121
    -15.072083 -0.034435 -34.654308
    -16.869156 -4.090104 -34.975628
    -7.655147 0.476033 -34.229389
    -7.491660 0.671000 -42.517990
    -4.634938 -2.958709 -42.781467
    -4.659107 -2.699639 -34.300560
    -7.069918 1.638448 -49.417622
    -5.657063 -2.047822 -50.090984
    -16.151707 -5.939998 -42.857689
    -16.029522 -7.390446 -35.527081
    -12.807366 -10.184495 -35.746307
    -13.557586 -10.297379 -42.699310
    -14.087596 -6.501987 -26.139896
    -11.641106 -8.598019 -26.771761
    -14.813241 -4.028907 -25.392591
    -11.484923 0.394814 -17.456314
    -9.203444 0.814047 -17.459089
    -9.011462 0.595541 -13.472041
    -11.217353 0.550174 -13.403737
    -8.710368 0.792575 -11.347387
    -11.242273 0.722032 -11.489876
    -5.928697 -1.324514 -11.132604
    -6.986271 -1.604516 -13.849067
    -7.341374 -1.446958 -17.807037
    -6.800734 -2.027719 -24.394571
    -4.313289 -7.398190 -34.561295
    -5.879500 -5.971253 -25.275949
    -8.623658 0.745034 -24.300604
    -6.458833 -4.897213 -18.780231
    -2.605356 3.099664 -181.363541
    -0.971299 6.511026 -182.064377
    -0.505945 7.245462 -181.972610
    0.068818 7.871591 -181.633438
    0.059038 6.764062 -181.997437
    -0.948568 5.648126 -182.165436
    16.004444 15.632986 -1.593093
    15.948985 14.350769 -2.336721
    16.592014 13.900811 -1.784176
    16.764011 15.072403 -1.370032
    15.927689 16.117874 -0.360331
    16.640419 15.522766 -0.364608
    16.681896 14.500177 -0.637036
    16.619144 14.917149 0.155988
    16.551495 13.796525 -0.949765
    17.602558 13.223068 -0.812375
    17.858128 11.478663 -1.598952
    18.056358 10.926519 -0.808278
    18.030674 12.691510 -0.393138
    16.704521 13.687582 0.247451
    17.342442 13.387129 0.461393
    15.359100 15.437118 -1.074638
    15.255630 15.998363 -0.124736
    15.204407 15.328738 0.211785
    15.364490 15.015751 -0.353787
    15.251912 14.706619 -1.728328
    15.390475 14.571757 -0.737505
    15.392784 16.162239 0.390856
    15.288793 15.809464 0.617491
    15.924968 16.271263 0.434901
    15.823912 15.621193 0.753309
    15.857421 14.825117 0.579657
    14.641388 17.763836 0.807045
    14.489216 18.727509 1.718124
    14.323315 19.414940 1.407201
    14.630464 18.779381 0.374833
    13.769884 20.244156 1.541263
    13.849481 19.143082 0.039047
    14.136354 19.908562 2.322935
    14.218750 19.378792 2.372455
    13.681225 20.452065 2.768465
    13.714889 19.302334 2.583877
    8.591490 13.532884 -2.714209
    8.325038 15.112575 -1.767391
    7.751296 14.608974 -0.842617
    7.624189 13.063335 -1.336001
    7.108436 12.067246 -1.331028
    7.878760 14.476224 0.145991
    7.775918 13.180892 -0.140726
    9.159041 18.268536 0.631538
    9.693642 17.031223 -0.375730
    9.636893 16.349686 0.597287
    9.537289 17.553425 1.335743
    8.089931 19.387802 0.852317
    8.074430 17.026848 -0.710069
    9.262514 18.346039 1.598888
    9.032792 18.740612 1.267832
    8.395999 18.817455 1.326388
    16.078510 13.450340 0.937219
    16.132385 12.996416 0.966992
    16.419979 13.693879 1.019417
    16.505856 12.972486 1.130845
    11.227560 16.894756 -0.463564
    11.352465 16.551132 -0.171266
    11.881085 17.656139 -0.385023
    11.784881 17.166065 0.068864
    12.305316 17.004272 -1.594648
    94.243294 -9.025632 -158.695358
    94.302246 -9.198092 -158.071823
    95.502907 -8.950498 -158.638336
    95.354034 -9.128991 -158.096298
    93.011192 -9.503708 -159.419846
    94.318642 -9.560285 -159.020538
    96.058998 -9.463277 -158.944107
    94.407852 -9.816922 -157.736420
    93.246216 -9.840961 -157.846710
    92.307144 -8.986647 -157.924530
    92.353325 -9.885649 -157.697235
    92.044144 -8.855028 -158.797440
    92.990005 -11.817392 -157.194427
    93.108162 -11.870447 -157.697403
    93.642471 -11.983471 -157.572464
    93.528580 -11.937562 -157.267029
    94.089996 -12.387511 -157.781433
    93.850883 -12.326979 -157.243515
    93.270065 -12.392472 -158.019745
    96.046761 -9.120777 -158.545151
    95.965660 -9.183174 -158.254639
    96.363113 -9.528230 -158.628708
    96.105003 -9.614812 -158.212387
    101.480621 -5.530751 -157.238602
    99.385544 -5.748765 -157.345779
    101.067871 -5.282207 -157.376602
    100.130646 -5.313495 -157.824356
    101.436661 -5.241197 -157.577545
    101.959274 -5.584621 -157.629318
    93.223801 -4.217563 -157.752502
    93.203506 -5.057042 -158.291138
    93.482925 -6.393991 -158.586105
    91.762245 -4.065474 -157.714767
    91.619225 -5.288791 -157.988556
    91.582100 -6.711350 -158.992599
    92.564484 -9.424924 -159.422012
    88.642479 -11.515681 -157.871521
    88.498795 -11.646897 -156.894043
    87.244736 -11.683935 -156.989883
    87.097855 -11.426550 -157.635422
    89.392815 -11.447909 -157.719284
    89.255493 -11.676353 -157.070923
    89.275940 -12.335780 -156.946350
    88.489426 -12.319772 -156.688034
    87.357285 -12.400353 -156.810287
    85.424065 2.094342 -151.426331
    86.802887 2.815071 -150.538864
    86.944481 2.581010 -150.056458
    85.759781 1.559314 -150.941284
    87.810806 3.296961 -150.076599
    87.848145 3.140339 -149.906784
    87.881744 1.924453 -150.366791
    86.520859 0.948655 -151.025070
    88.407410 3.008580 -150.262405
    95.588036 -10.329490 -158.090012
    96.103569 -10.064521 -158.282227
    96.265526 -10.012635 -158.563812
    95.871719 -10.236773 -158.665741
    94.398338 -10.285844 -158.771820
    94.461655 -10.414301 -158.067200
    93.078758 -13.033857 -157.254532
    93.748024 -12.856317 -157.330582
    93.744316 -12.845039 -157.754333
    93.095070 -13.034455 -157.836472
    92.032257 -12.869011 -157.948547
    91.994949 -12.971987 -157.318130
    92.102196 -12.289874 -158.103867
    89.607613 -7.529189 -158.639313
    89.691299 -7.798667 -157.646118
    91.323486 -7.532035 -157.148270
    91.482513 -7.985326 -158.146255
    93.344414 -7.336023 -156.714462
    93.659760 -7.393268 -157.748505
    89.836700 -6.922380 -157.099197
    91.286888 -6.746094 -156.496552
    93.021500 -6.338986 -156.556686
    101.300903 -6.159255 -157.613220
    99.652321 -6.597820 -157.943619
    99.366669 -6.373183 -157.372223
    101.141769 -6.091479 -157.291611
    100.323563 -5.872985 -158.176788
    88.932404 -3.303809 -156.695755
    90.456009 -3.317032 -156.822540
    90.698761 -4.033719 -156.133041
    89.270416 -3.989294 -156.125198
    90.830421 -4.948439 -156.239120
    89.513222 -4.895444 -156.354492
    87.847519 -3.748359 -155.884583
    87.649666 -3.070797 -156.685120
    88.106789 -4.651740 -156.154556
    88.051254 1.817582 -151.418503
    88.616928 2.740693 -150.899750
    88.524323 3.100677 -150.959290
    87.701050 2.494081 -151.582062
    88.304565 3.384866 -150.412399
    87.497513 3.144282 -150.985840
    86.328796 1.782259 -152.478348
    86.874695 0.998157 -151.932495
    85.764877 2.318954 -152.142136
    93.294960 -3.966327 -156.965271
    91.797432 -3.849605 -156.829010
    85.989113 -13.252558 -157.689255
    86.419289 -13.169548 -156.975937
    87.442627 -13.020292 -157.071289
    87.413704 -13.154036 -157.726028
    85.829102 -12.458163 -158.346664
    87.337425 -12.307140 -158.287079
    88.861191 -13.130680 -157.971024
    88.528793 -13.111923 -157.076035
    88.978912 -12.063589 -158.412186
    -16.465296 11.922424 -1.628834
    -16.378290 13.321733 -1.346040
    -16.346483 13.158832 -0.513887
    -15.886669 13.355174 -0.101257
    -16.545061 14.521747 -1.099199
    -16.440147 14.123827 -0.318942
    -15.937643 14.145006 0.052790
    -15.337852 14.403350 -0.148701
    -15.261839 13.691010 -0.334422
    -15.021285 13.903208 -1.280708
    -15.062037 14.704645 -0.864338
    -15.378610 15.292550 0.275834
    -15.122321 15.694745 -0.386047
    -16.050222 15.053481 0.425086
    -17.954775 13.658390 -0.053829
    -17.885675 14.020525 -0.656317
    -17.774706 14.537996 -0.303592
    -17.808779 14.259507 0.012706
    -17.134787 14.052415 -0.905262
    -17.228363 14.694445 -0.338835
    -17.343750 14.250455 0.123759
    -16.061174 16.057428 0.413557
    -15.898658 16.486217 -0.166583
    -15.353172 16.325344 -0.008898
    -15.493869 16.073303 0.388806
    -15.716883 15.873140 -0.839246
    -14.314656 17.431875 0.428875
    -14.175181 17.683704 -0.181971
    -13.555284 17.688711 0.014690
    -13.696918 17.461870 0.462409
    -14.327730 16.440943 0.604525
    -13.485049 16.726170 0.511019
    -13.203010 17.110493 -0.350764
    -10.939395 15.219756 -1.112628
    -11.186156 15.202576 -0.177013
    -11.329570 16.250521 -0.182547
    -10.868338 16.562151 -0.925479
    -11.557156 16.682772 -1.643255
    -11.512872 15.391617 -1.888224
    -11.051794 17.589054 -0.503920
    -11.729073 17.633591 -0.897420
    -11.271317 17.374517 0.182188
    -12.330112 15.281242 -1.334203
    -12.509038 16.545132 -1.200480
    -12.717000 16.401178 -0.199483
    -12.473981 15.174162 -0.369971
    -12.016235 16.195255 0.053362
    -11.929135 15.076644 -0.013609
    -12.874507 17.407406 0.070218
    -12.058476 17.298109 0.471472
    -12.642134 17.563074 -0.757001
    -12.581827 13.960565 -1.643406
    -7.824635 15.160642 -1.085480
    -8.045971 16.520468 -0.887734
    -9.149998 16.640944 -1.820087
    -8.738276 15.419737 -2.056324
    -7.981796 14.927403 0.017113
    -8.408037 16.218971 0.078556
    -7.429068 13.704405 -1.368404
    -8.287501 14.194938 -2.398524
    -7.164115 13.775399 0.174207
    -8.732153 17.523949 0.214419
    -9.177867 18.410456 0.067817
    -9.126185 18.728214 -0.377573
    -8.542179 17.824657 -0.620622
    -10.052638 19.011665 -0.531766
    -9.978323 18.441755 0.195916
    -9.668198 17.782097 -1.195359
    -86.516815 3.222181 -150.426025
    -86.839630 3.019736 -149.694351
    -87.573715 3.523646 -149.692154
    -87.525803 3.714800 -149.882263
    -88.076614 3.397197 -150.025269
    -87.993652 3.798073 -150.199738
    -86.765045 3.257836 -151.061081
    -91.845650 -11.683843 -157.409805
    -91.834076 -11.150876 -156.990005
    -92.335281 -11.331758 -156.813095
    -92.363052 -11.793020 -157.149216
    -93.554626 -11.882506 -157.072495
    -93.391304 -11.356239 -156.762970
    -92.253952 -11.341968 -156.315277
    -91.717613 -11.071343 -156.435898
    -93.280670 -11.297591 -156.256836
    -95.686790 -8.508762 -157.743958
    -94.427704 -8.588115 -157.798630
    -94.496140 -8.731797 -157.168716
    -95.546661 -8.663209 -157.195923
    -96.155251 -8.725828 -157.349869
    -96.231064 -8.676122 -157.641602
    -96.230721 -9.038672 -158.030701
    -94.492004 -9.136371 -158.102219
    -96.545593 -9.090992 -157.708069
    -96.325150 -4.992969 -157.212570
    -97.025261 -5.095910 -157.411072
    -97.114601 -5.085230 -157.705460
    -96.512039 -4.946385 -157.748550
    -97.344955 -5.509738 -157.855927
    -97.222763 -5.506193 -157.358978
    -96.943939 -5.494410 -158.149597
    -93.565887 -11.887934 -155.985413
    -92.394897 -11.991739 -155.964279
    -92.287239 -12.461110 -156.349075
    -93.369171 -12.513909 -156.295197
    -91.530197 -12.479396 -156.418182
    -91.682167 -11.970320 -156.101700
    -90.559753 -8.814824 -157.167023
    -90.646973 -9.360623 -156.912689
    -92.484665 -9.404767 -156.769684
    -92.429802 -8.515782 -157.037888
    -89.551750 -9.283582 -156.823242
    -90.603745 -9.978667 -157.248352
    -92.332329 -10.192066 -157.169510
    -93.174797 -9.097772 -158.503845
    -96.039032 -9.798636 -157.719681
    -94.569878 -9.848583 -157.821487
    -95.465607 -3.765935 -156.828644
    -95.320190 -3.317296 -155.810776
    -93.747757 -3.271316 -155.945984
    -95.136513 -2.532158 -155.807785
    -96.696350 -3.111859 -156.176468
    -96.386200 -2.520319 -155.921906
    -96.616989 -3.559119 -156.670074
    -92.902618 -3.899540 -156.639160
    -92.938927 -3.451187 -155.747955
    -92.820778 -2.493902 -155.570221
    -87.917175 2.362959 -150.961517
    -88.297775 3.135401 -150.598923
    -87.617386 2.499876 -150.003769
    -85.439438 1.970052 -150.697952
    -86.172882 1.358296 -150.733490
    -86.509460 1.366655 -151.724121
    -88.204865 3.457512 -150.720306
    -11.897431 18.465496 -0.307545
    -11.352690 18.198521 -0.181742
    -12.588298 18.311169 -0.332988
    -16.520264 15.848811 0.175745
    -16.478445 16.130039 -0.176581
    -16.558954 15.079844 0.022329
    -15.730406 14.893454 -1.578615
    -16.499748 15.483122 -0.607218
    -82.256706 -0.684764 -152.488892
    -83.193169 -0.886763 -153.488632
    -83.975029 -0.294598 -153.133011
    -83.284523 -0.228185 -152.290497
    -83.006271 0.016134 -154.512253
    -83.639114 0.442243 -153.847504
    -82.435837 -2.056901 -153.929565
    -82.403473 -0.877379 -155.327209
    -80.830872 -1.190820 -152.493942
    -80.938354 1.166013 -153.728943
    -82.361412 1.145826 -153.133179
    -82.883507 1.116845 -153.847656
    -81.991493 1.183811 -154.716751
    -79.100716 0.730217 -155.165421
    -80.866692 0.335403 -155.760681
    -88.315430 -6.613896 -158.327026
    -90.114426 -6.502325 -158.275543
    -90.202881 -6.720725 -157.215195
    -88.579041 -6.857968 -157.120117
    -88.022339 -5.430844 -158.704895
    -89.894226 -5.397625 -158.507477
    -86.335732 -7.326478 -158.131561
    -86.289055 -5.494603 -159.004364
    -86.911942 -7.685345 -156.236221
    -92.159920 -8.426785 -157.923004
    -90.724457 -8.453990 -157.666443
    -93.421593 -9.364334 -156.909012
    -91.252747 -5.778175 -156.826904
    -92.580322 -5.668844 -156.935654
    -92.516800 -5.069282 -157.194763
    -94.010521 -5.660153 -156.752106
    -92.485970 -4.811432 -157.893661
    -91.372581 -3.715112 -156.646225
    -91.474472 -3.271992 -155.985580
    -90.245010 -3.437909 -155.879669
    -91.240013 -3.245845 -157.325043
    -92.803841 -3.284366 -157.400009
    11.232702 -14.462573 -97.786987
    18.845226 -5.422596 -88.082756
    4.643539 9.237041 -190.265335
    4.488162 8.966838 -189.917496
    3.467042 9.215159 -189.738434
    3.431585 9.451762 -190.060562
    6.064861 8.298961 -190.408813
    5.034820 9.439464 -190.899139
    3.729511 10.053569 -190.686691
    3.206840 9.091563 -187.833023
    2.148803 9.081156 -188.211792
    3.140858 9.038905 -187.141190
    1.833757 9.457071 -187.770767
    4.594660 8.621760 -187.220169
    4.534481 8.766032 -187.870270
    1.063649 10.682688 -186.710220
    0.552566 10.675898 -188.099655
    1.053787 10.298548 -187.949158
    1.815874 10.024240 -186.397705
    1.734640 9.077265 -188.592529
    2.237615 9.158731 -189.317535
    0.067819 11.378031 -186.966599
    0.060739 12.061351 -185.714661
    0.588028 12.189052 -184.908188
    0.066345 12.420100 -184.951385
    -0.461029 12.205623 -184.908340
    -0.966159 8.937708 -179.378754
    -0.776336 8.803766 -179.563538
    -1.161078 8.557566 -179.034805
    0.061063 8.658777 -178.910599
    1.218632 8.332575 -179.110809
    6.298564 6.984873 -185.146606
    7.293932 5.152719 -185.669357
    6.785932 4.624796 -184.011993
    7.585434 2.387461 -184.227097
    7.848276 2.878611 -186.101685
    7.899288 3.398142 -188.012848
    6.085282 4.055841 -182.071060
    7.013379 1.917948 -182.254272
    0.053542 7.761407 -176.934296
    1.618289 7.305185 -177.307266
    2.723058 6.799265 -178.888107
    2.408910 6.693506 -177.575119
    1.510423 7.674158 -178.443985
    0.054151 8.076502 -177.929718
    7.438114 4.533152 -190.487473
    6.931436 5.646418 -192.385193
    6.429888 7.574061 -191.032669
    5.439061 9.044383 -191.868866
    5.815529 7.525340 -193.380310
    0.066980 7.018350 -199.599182
    3.411760 6.574442 -199.245056
    6.085862 4.813852 -198.289368
    -3.278237 6.576318 -199.245712
    -2.279122 9.099985 -196.359421
    0.055058 -8.202507 -173.605133
    3.073249 -7.011863 -176.574387
    0.067449 -7.506676 -176.399902
    -2.956179 -7.033272 -176.581985
    3.696519 -9.243385 -169.675964
    0.066894 -9.393745 -169.782623
    -3.564926 -9.243951 -169.675644
    6.270785 -0.988837 -167.245804
    4.265937 1.032282 -166.882233
    3.221029 0.646585 -169.066055
    4.570723 -1.346625 -169.132019
    9.684570 -7.635627 -169.218445
    13.599454 -7.819022 -166.949707
    12.886224 -11.494131 -164.471924
    8.729460 -11.112007 -167.400284
    6.414751 -6.864600 -170.891190
    6.539380 6.903499 -159.342194
    7.177757 10.819575 -156.905243
    9.992080 5.138286 -158.805313
    10.464828 8.645793 -156.516312
    16.093096 -0.285221 -161.896927
    18.814636 -1.025699 -161.438416
    11.153750 12.505109 -154.314117
    13.876136 10.805035 -148.292664
    15.146991 7.599163 -149.483292
    11.528764 14.329358 -151.251160
    11.108732 14.261716 -147.519058
    13.372874 10.174755 -145.164886
    12.288779 8.960094 -143.062302
    9.356421 10.984279 -142.506561
    10.427201 12.795879 -144.354462
    6.978586 14.613705 -144.774017
    8.415746 10.778544 -139.559830
    0.038788 14.032542 -147.277084
    3.407688 14.396923 -146.127533
    0.073589 13.153728 -144.922272
    0.069250 13.131068 -141.579849
    4.025455 -13.182214 -157.272003
    4.091609 -12.542764 -163.126297
    0.067744 -11.640175 -163.383575
    -3.956338 -12.540598 -163.126160
    4.144199 -12.935448 -150.759720
    23.495071 -10.663179 -156.892227
    23.549217 -10.937882 -153.243195
    28.121330 -10.710252 -152.811890
    27.781116 -10.831789 -157.118866
    22.653278 -8.952317 -150.582977
    27.599918 -8.192795 -150.548447
    20.930443 -10.957767 -157.849030
    26.601885 -1.330934 -153.905853
    26.589535 -4.658036 -151.495361
    22.323027 -2.155122 -153.260117
    33.550522 -1.353242 -153.990051
    33.261162 -4.472123 -151.908966
    33.803951 -7.717194 -151.269302
    34.232880 -9.909760 -153.192276
    40.220913 -7.865677 -152.732285
    40.191559 -9.858582 -154.635574
    40.168404 -5.172547 -152.624908
    40.009621 -2.320329 -154.426056
    44.601967 -2.333347 -156.092178
    40.267235 -1.712297 -157.969574
    44.577560 -2.602797 -159.120529
    47.665672 -3.531511 -152.840668
    47.412502 -6.880893 -151.609039
    52.570496 -3.821014 -152.481735
    51.823299 -7.247849 -151.265015
    48.182613 -2.244587 -156.965210
    53.150902 -2.414613 -156.701370
    48.417301 -3.612760 -160.504944
    53.669182 -4.322054 -160.569305
    48.180847 -6.518306 -162.127060
    53.322636 -7.925464 -161.632370
    52.765976 -11.021730 -159.545563
    59.218716 -7.559375 -160.982162
    52.323944 -11.896012 -156.113586
    14.402824 -1.115178 -143.184509
    15.579290 -6.714071 -147.001938
    9.103951 -6.197990 -134.893356
    5.135042 -8.604950 -134.844818
    5.230128 -7.836647 -129.917542
    10.001830 -8.673088 -140.076004
    5.216660 -10.164987 -139.546890
    5.216434 -7.487524 -125.055504
    0.081907 -7.400467 -129.999054
    0.064389 -7.875220 -125.057198
    -5.093574 -7.515021 -125.070450
    -4.813387 -7.018441 -129.905182
    0.065783 -10.000807 -119.536293
    -5.932221 -9.715240 -120.089256
    6.065053 -9.713887 -120.091377
    10.422039 9.592792 -114.294273
    15.444380 7.196821 -115.110641
    0.067585 -11.340331 -114.387779
    7.124466 -12.480176 -115.651451
    -6.978073 -12.490915 -115.640709
    11.264257 9.353685 -108.642708
    5.828418 10.916018 -108.364075
    7.846465 -15.021147 -110.211510
    9.900319 -15.866670 -103.404457
    14.866142 -12.843863 -104.778038
    7.545037 7.559973 -76.812653
    4.731202 4.518152 -76.395813
    11.131000 6.389382 -70.125298
    14.444968 3.291866 -70.145248
    13.725976 2.425505 -64.774727
    11.252495 5.865149 -64.606407
    13.899828 1.617232 -60.369846
    11.919161 4.684566 -59.913372
    17.992434 -0.141838 -77.601753
    16.867636 -4.580368 -76.984879
    15.959534 4.326907 -77.507347
    5.058628 3.759373 -64.270943
    4.479120 5.194413 -69.569710
    7.456768 7.137105 -69.960854
    7.741220 6.445335 -64.532829
    8.565657 5.418920 -59.634518
    5.861041 2.946319 -59.298420
    11.953528 7.522424 -77.259560
    17.982582 5.754658 -88.673325
    19.948555 -0.010598 -88.823181
    15.982217 -3.096619 -55.602207
    14.099849 -8.991247 -49.593044
    16.929392 -5.428207 -49.732906
    13.865793 -6.424294 -55.806740
    9.184939 -10.102989 -49.696487
    9.824206 -7.745841 -55.620125
    8.327211 -11.184698 -42.748116
    13.690827 -10.297722 -42.701534
    7.790039 0.475998 -34.231976
    4.792042 -2.702012 -34.303368
    11.566238 2.156941 -34.340080
    6.052173 -1.325464 -11.135454
    8.844673 0.790943 -11.354854
    11.376892 0.741073 -11.497618
    8.112540 3.562650 -5.146625
    17.117620 -7.075698 -42.861469
    15.543503 -7.396933 -35.516079
    17.020569 -4.090188 -34.976883
    14.971804 -4.030288 -25.392794
    14.250511 -6.517475 -26.138241
    12.947881 -10.199650 -35.747753
    11.785943 -8.634638 -26.769127
    12.829346 -4.240152 -13.384291
    11.219690 -6.214328 -13.560430
    11.206054 -6.227398 -9.466084
    9.981010 -7.845859 -13.722375
    9.774325 -7.876604 -9.604092
    12.365869 -6.465606 -19.006729
    13.229930 -4.301939 -18.510687
    10.600669 -7.990869 -19.283003
    8.578099 -4.279028 -193.472656
    5.429774 -8.717933 -195.384933
    1.800796 1.583459 -169.225464
    0.727222 10.423243 -182.531021
    1.465381 10.148355 -182.390076
    2.024329 9.814936 -182.035172
    1.392413 10.012018 -183.238602
    2.150329 9.669626 -182.642624
    0.727810 10.236200 -183.361801
    2.720716 8.926539 -181.629776
    2.402299 8.869532 -181.431778
    2.256811 8.131968 -181.606415
    2.657517 8.167003 -180.882462
    2.380400 8.067774 -180.951614
    1.718422 0.310739 -179.612808
    2.651827 2.541833 -180.144623
    1.865629 2.575418 -179.590637
    1.253131 1.331537 -179.250092
    0.065287 -0.502097 -179.389282
    0.069624 1.580758 -179.436661
    0.068605 2.921106 -180.549026
    -1.728662 2.581796 -179.603348
    -1.113969 1.337838 -179.270981
    -1.595820 0.292229 -179.611389
    -1.366315 4.612161 -180.603897
    0.014909 5.031198 -181.087097
    1.491181 4.591547 -180.574875
    1.088996 6.453699 -182.047302
    1.509759 3.484064 -180.483215
    1.071233 5.610712 -182.137451
    0.065569 5.800317 -182.525848
    0.066911 3.743661 -181.398788
    0.638877 7.240290 -181.970383
    -4.451818 9.166727 -190.287216
    -4.347611 8.980661 -189.917175
    -6.095768 7.406991 -189.245255
    -5.737631 7.593652 -189.106232
    -5.315365 8.205453 -188.363632
    -5.518797 7.872659 -187.921265
    -4.797025 8.372080 -184.638550
    -2.725301 9.270548 -184.237717
    -0.436192 10.394388 -188.928253
    -0.873895 10.004328 -188.756073
    0.066293 10.480722 -189.069305
    0.078231 10.699335 -188.187332
    -0.376532 10.554300 -188.075943
    -3.743398 8.400126 -182.822922
    -1.323970 10.163111 -182.363419
    -0.591764 10.432001 -182.506546
    -1.994867 9.616373 -182.671936
    -1.863077 9.876963 -181.970291
    -3.662575 6.782693 -179.979874
    -2.756058 7.766366 -180.280869
    -2.065691 8.053339 -179.450165
    -1.512597 7.979898 -178.255066
    -2.227879 7.883432 -180.425171
    -1.739217 8.294199 -179.692520
    -3.870744 7.300790 -181.268250
    -3.062815 8.033228 -181.003754
    -4.534476 5.493584 -179.776611
    -2.875499 8.730249 -182.311661
    -4.612895 7.615273 -195.940079
    -5.952007 4.814507 -198.289337
    -4.999548 -5.859353 -198.838104
    -7.619465 -1.668480 -197.738724
    -8.439524 -4.271935 -193.474731
    -7.757718 -6.638635 -189.582123
    -5.135654 -10.227638 -190.970016
    -5.295204 -8.719033 -195.384979
    -8.749717 -1.988274 -184.452988
    -9.148132 -3.258584 -186.085938
    3.339938 -7.049278 -179.345596
    4.090796 -8.288245 -182.579636
    4.732414 -9.709083 -186.416885
    -4.922116 -5.062904 -176.828140
    -3.155861 1.289513 -171.546570
    -4.459429 -1.314598 -169.166656
    -4.025457 -1.043586 -171.447906
    -6.132020 -0.997749 -167.242081
    -5.505695 -3.375237 -171.893631
    -6.290888 -6.869271 -170.901703
    -18.432379 -11.638453 -159.080505
    -14.011282 -11.023020 -151.082642
    -10.338488 8.622659 -156.521851
    -9.998727 5.306466 -158.954819
    -7.046896 10.810296 -156.910645
    -6.437186 6.860895 -159.319443
    -7.528541 13.446619 -154.190842
    -12.156936 8.962318 -143.061783
    -14.616907 5.895072 -145.702332
    -14.909211 8.050987 -146.861191
    -13.742636 10.839851 -145.162537
    -10.849650 12.762980 -144.354385
    -9.108770 10.822106 -142.563354
    -3.809949 12.370953 -136.078308
    0.064242 12.558788 -136.802856
    3.945979 12.374600 -136.070908
    -22.033474 -1.659477 -153.781372
    -21.644564 -4.569634 -151.573395
    -26.509068 -3.635613 -151.689499
    -18.332743 -2.274575 -152.940491
    -18.518242 -4.802972 -151.581070
    -4.954441 -9.757792 -139.645660
    0.077462 -10.018076 -139.612305
    -9.543792 -8.177698 -140.229721
    -22.247173 -0.811638 -156.066910
    -22.967363 -1.341316 -158.579758
    -20.930321 -2.921196 -160.879730
    -23.391815 -4.465386 -160.619858
    -27.499441 -5.542077 -160.704453
    -33.174934 -3.413156 -152.113495
    -27.392042 -8.639092 -159.870010
    -34.095245 -8.888437 -159.782486
    -40.528374 -8.776484 -160.012375
    -40.281536 -10.266932 -156.961044
    -40.114548 -9.192348 -153.796921
    -44.466457 -2.033169 -156.790543
    -44.432022 -2.944403 -159.592667
    -44.721001 -5.593979 -161.115143
    -48.382412 -4.425436 -160.904083
    -48.104618 -2.147404 -157.953278
    -47.536430 -2.237790 -153.632629
    -40.086105 -4.250010 -152.679550
    -48.181396 -7.612026 -161.608780
    -43.725842 -9.360975 -154.305099
    -40.145523 -6.866313 -152.306580
    -45.821815 -9.114249 -154.115143
    -48.224808 -9.963773 -159.627151
    -52.690456 -11.291227 -157.710678
    -52.249588 -11.020809 -154.176315
    -48.350735 -10.510044 -155.955582
    -58.737740 -10.823164 -157.870972
    -58.621548 -10.630325 -154.783417
    -47.845715 -8.789316 -152.775894
    -51.736198 -8.839474 -151.530334
    -58.599281 -8.580748 -152.503357
    -47.276337 -5.103667 -151.500320
    -51.747719 -5.067043 -151.075806
    -58.576077 -5.455091 -152.707321
    -65.362122 -9.616928 -158.488220
    -65.373840 -9.585434 -155.887833
    -53.254715 -9.006880 -160.719193
    -59.105297 -8.294540 -159.790039
    -65.304352 -7.467941 -159.934677
    -71.100914 -2.489491 -158.260559
    -71.499771 -3.874567 -155.986893
    -12.247386 6.699594 -134.648331
    -8.223547 10.702752 -139.579880
    -8.538552 10.436334 -135.062439
    -8.066566 9.600366 -129.152130
    -11.864096 6.092400 -128.929016
    -12.602571 1.824394 -128.838501
    -8.544670 9.588922 -123.938530
    -12.416511 6.621407 -124.194107
    -4.029170 12.657450 -129.690369
    0.074916 -9.183039 -134.981781
    -4.900282 -8.280161 -134.889084
    -9.081435 -6.267054 -134.873138
    -8.549585 -5.038620 -129.710663
    -9.192109 -5.818702 -124.979713
    0.044393 12.784571 -130.305267
    -15.494798 1.871231 -120.682205
    -14.498522 -3.540734 -120.701057
    -12.504715 -2.398842 -124.960609
    -13.576560 2.384430 -124.620186
    -13.933169 6.987976 -120.035637
    0.081777 11.763861 -108.103050
    -5.688461 10.916029 -108.357880
    -9.471762 9.659806 -119.392426
    -10.289091 9.592385 -114.294983
    -11.129647 9.353905 -108.641739
    -5.004192 8.852764 -102.627357
    -11.870424 9.390082 -103.239479
    -14.733223 -12.846052 -104.776596
    -13.270451 -11.794218 -110.722061
    -11.960763 -9.469720 -116.267029
    -9.765968 -15.866521 -103.403282
    -7.714361 -15.026125 -110.211311
    -11.099792 -14.465501 -97.784706
    -5.575987 -14.254066 -97.062775
    -1.771209 -11.069226 -97.279411
    -6.647210 -10.430403 -93.487419
    -2.819674 -9.207467 -92.951927
    -7.101622 8.912815 -95.840729
    -7.844357 8.121911 -87.445740
    -12.790124 9.555981 -96.750359
    -13.121992 9.177319 -88.126030
    -7.608091 6.443582 -64.531227
    -8.432905 5.416277 -59.632996
    -11.777621 4.672009 -59.913509
    -11.110846 5.849530 -64.607727
    -13.767529 1.619606 -60.367218
    -13.592587 2.427469 -64.772186
    -7.412323 7.558648 -76.810974
    -11.819751 7.523850 -77.257202
    -7.323000 7.138134 -69.958656
    -10.996924 6.391247 -70.122894
    -4.605337 4.515468 -76.395874
    -4.951099 5.194371 -69.579720
    -17.848925 5.754851 -88.671181
    -15.824516 4.327503 -77.505226
    -14.307591 3.291541 -70.143585
    -19.814161 -0.009855 -88.820801
    -17.855984 -0.140745 -77.599739
    -16.414400 -0.432681 -70.221619
    -16.732588 -4.578694 -76.982452
    -18.711618 -5.422139 -88.079857
    -14.885453 -4.113287 -69.915878
    -7.031910 -8.665133 -85.518814
    -6.618363 -6.414785 -75.643654
    -3.735534 0.510441 -69.559669
    -5.990761 -5.027740 -69.383644
    -5.693454 -4.722901 -64.228394
    -3.766354 -0.496806 -64.132217
    -11.587613 -7.164883 -75.981445
    -10.367065 -6.172875 -69.531998
    -9.655412 -5.680763 -64.403793
    -15.851172 -3.095916 -55.599976
    -15.814399 -1.815645 -60.680546
    -16.801849 -5.430750 -49.730404
    -13.731825 -6.421020 -55.804054
    -13.601214 -4.977410 -60.477913
    -13.965838 -8.991064 -49.590279
    -9.691493 -7.732730 -55.615517
    -6.374992 -4.821670 -54.887993
    -5.850815 -4.573849 -59.500748
    -9.602253 -5.864267 -60.044033
    -9.050800 -10.097357 -49.692471
    -5.787935 -6.660498 -49.527172
    -13.766674 -1.313776 -24.854437
    -11.563649 0.420352 -24.511314
    -7.755214 -11.094154 -35.379692
    -8.193909 -11.177046 -42.744926
    -5.883682 -4.667132 -10.427441
    -6.575459 -4.772020 -14.115209
    -5.820668 -4.011577 -7.612593
    -6.188142 -3.341290 -4.994689
    -12.935878 -1.807899 -17.856289
    -4.274898 -7.832068 -42.550198
    -8.198862 -8.925394 -26.462307
    -7.874153 -7.653676 -19.383921
    -10.463628 -7.985154 -19.281605
    -12.693644 -4.239284 -13.383488
    -12.336579 -1.905076 -13.348856
    -11.071068 -6.226636 -9.464377
    -11.085269 -6.214100 -13.557981
    -12.222313 -6.460673 -19.006573
    -13.085011 -4.300261 -18.511086
    0.066991 -11.913094 -191.872025
    0.066946 -10.442665 -196.362747
    5.269976 -10.226890 -190.970093
    -9.407590 -1.434975 -189.938065
    -2.317123 7.922845 -180.969254
    -2.101229 7.736825 -180.481903
    -2.242799 8.895151 -181.409714
    -2.227538 8.075800 -181.603806
    -2.607890 6.494867 -181.835419
    -1.583192 8.117167 -179.867172
    -1.376188 3.503442 -180.524124
    16.356106 11.977389 -1.353821
    15.889129 12.884956 -2.480574
    14.707503 13.938203 -1.882743
    16.154144 14.559437 0.249157
    16.467083 15.521788 0.582539
    16.528435 15.939132 0.356709
    13.051969 18.499863 2.065727
    12.948839 19.445553 1.640589
    13.216717 19.789677 2.340137
    13.213577 19.214985 2.484505
    13.852036 18.273300 1.991546
    12.777794 18.616722 0.552856
    11.188301 13.669791 -1.877277
    7.869155 15.813806 0.802593
    7.867791 17.287338 1.640431
    8.870971 17.128448 1.710579
    8.838549 15.863727 1.004027
    7.452929 17.942322 1.065861
    7.248614 16.297985 0.120250
    8.798556 14.733329 0.626330
    12.466556 15.509678 -0.254808
    81.242500 0.773570 -153.899796
    82.881264 0.744677 -153.146790
    83.079781 0.141131 -152.366364
    81.466507 -0.256203 -152.910507
    83.863762 -0.494765 -152.486237
    82.616463 -1.087121 -152.752991
    83.991867 1.446325 -152.278168
    84.210785 0.783628 -151.590714
    85.003899 -0.005870 -151.846313
    84.133011 0.229907 -153.932861
    84.480148 -0.498430 -153.258682
    85.472588 0.159654 -152.748322
    85.135849 1.004375 -153.341873
    83.308159 -0.311765 -154.753036
    83.523666 -1.234643 -153.757889
    85.511627 0.421920 -151.734177
    85.919403 0.491273 -152.573868
    85.755280 1.334639 -153.147507
    90.630577 -8.891274 -158.538300
    90.488503 -9.267658 -158.035614
    90.569176 -9.839707 -157.804077
    89.591774 -9.775071 -157.611008
    87.105637 -8.546668 -158.839050
    87.360046 -8.831839 -157.871231
    87.555153 -9.798353 -157.583145
    95.428352 -9.735264 -157.840118
    93.275093 -12.409830 -156.936172
    97.421242 -6.992568 -158.027710
    97.396683 -6.696007 -157.033188
    96.111244 -7.220799 -157.775253
    89.549522 -12.105270 -158.159683
    98.411606 -4.584125 -157.678223
    96.898651 -4.306112 -157.683060
    90.503098 -3.559826 -157.919785
    90.192673 -4.945869 -158.260712
    89.738243 -6.298970 -159.392624
    92.097008 -12.509661 -156.924042
    91.323967 -12.841176 -158.029175
    91.253784 -12.961845 -157.411041
    91.425415 -12.460103 -157.097290
    90.988358 -12.132924 -158.317047
    90.790703 -11.619873 -157.759537
    89.380745 -13.111724 -157.842834
    90.639359 -12.968285 -157.988678
    89.620453 -5.619074 -157.228256
    91.043472 -5.662107 -156.644287
    92.550751 -5.587801 -156.747314
    83.371017 0.863480 -153.856018
    84.396278 1.618018 -153.088928
    82.277451 0.844420 -154.907410
    7.848889 18.545467 1.579911
    8.729301 18.283550 1.841059
    8.065583 18.197849 1.860352
    13.893987 17.928303 -1.091899
    12.828924 17.822071 -0.288695
    13.119230 15.825844 -0.051360
    16.527004 12.840705 -0.753656
    16.968681 13.564862 1.058203
    16.983047 13.079908 1.122188
    79.391975 0.360179 -155.334961
    81.162025 -0.009390 -155.977188
    79.157997 -0.585768 -153.656128
    86.126900 -11.411258 -156.858948
    87.491989 -10.608592 -157.985657
    87.538361 -10.379745 -159.054947
    86.329811 -11.115979 -158.449265
    89.727524 -10.650139 -158.457489
    89.510201 -10.268065 -159.331161
    87.281334 -9.299789 -159.863831
    89.503487 -9.328816 -159.601425
    85.908539 -9.346766 -159.668259
    87.639786 -6.983652 -155.917679
    88.727470 -7.007050 -156.887192
    88.443054 -7.737192 -157.699020
    87.011681 -8.219797 -156.879654
    87.366852 -5.456787 -156.456131
    88.373917 -5.702369 -156.938980
    87.985085 -7.347259 -159.015518
    86.277939 -7.795681 -158.798248
    88.165108 -5.966507 -159.687286
    86.659485 -5.887497 -159.951523
    87.240723 -4.171183 -155.420929
    86.567513 -7.160055 -154.945312
    90.689407 -11.696246 -157.007202
    90.685036 -12.533407 -156.594040
    91.455261 -11.559597 -157.387344
    90.436356 -13.076753 -157.343552
    89.242073 -12.880444 -157.205948
    91.583366 -11.627519 -157.953522
    92.210480 -10.651034 -158.124130
    91.966896 -10.377239 -158.990311
    90.579979 -10.512924 -158.986053
    90.525589 -10.439950 -158.165955
    91.998962 -9.469854 -159.424225
    90.665840 -9.431502 -159.304245
    92.182182 -5.068490 -156.160172
    93.900879 -4.929183 -156.441925
    92.023087 -4.239929 -156.141663
    93.720802 -4.117968 -156.299591
    -17.496399 12.033689 -0.102235
    -16.898312 12.273097 -0.412108
    -18.014391 10.808406 -0.515237
    -17.958828 11.873420 -0.482567
    -17.950434 12.785902 -0.324765
    -17.454084 12.755952 0.032955
    -16.862782 12.904720 -0.238039
    -17.414967 13.489428 0.222457
    -17.972157 13.056016 -1.019656
    -17.875084 11.938066 -1.139270
    -15.705491 13.565669 -1.822935
    -14.718329 13.173862 -1.776421
    -14.599991 14.632972 -1.473062
    -14.599880 14.447326 -0.502368
    -14.692584 15.896122 -1.184093
    -14.735892 15.495337 -0.276272
    -13.598325 13.636974 -2.470613
    -13.735106 14.849631 -1.889135
    -13.843123 16.203478 -1.551408
    -13.944911 17.003401 -0.765370
    -13.180685 16.013378 -0.833900
    -13.418707 15.731446 0.092851
    -14.169604 15.494919 0.284037
    -13.988019 14.559053 -0.105650
    -14.845052 16.500786 0.075277
    -14.679727 16.807756 -0.571416
    -13.346914 14.775947 -0.313484
    -13.158408 14.818761 -1.157849
    -17.386469 12.135799 -1.572385
    -17.325321 13.303873 -1.491555
    -16.763336 12.150897 -1.113584
    -16.710875 13.040071 -0.921090
    -16.580503 13.951689 -0.569029
    -9.458479 16.083582 0.493569
    -9.754679 17.352180 0.586911
    -9.060843 14.854678 0.386629
    -10.798156 18.455004 -0.440293
    -10.784152 17.543776 -0.810393
    -10.692167 18.181458 0.054387
    -11.452096 18.024841 0.202067
    -12.026267 18.132767 0.305765
    -81.131561 0.154976 -152.689743
    -82.623169 0.432966 -152.215561
    -78.808868 -0.170850 -153.478683
    -83.863403 1.214867 -151.367203
    -83.662498 1.826769 -152.099319
    -84.103653 1.981406 -152.891159
    -92.678520 -2.408942 -157.152390
    -93.350288 -2.330747 -157.237396
    -91.134064 -2.410032 -157.271774
    -96.297089 -9.158151 -157.287857
    -95.625053 -9.258367 -156.914185
    -89.557190 -10.979044 -156.734970
    -89.440483 -11.194584 -156.080338
    -90.933296 -11.209662 -156.027344
    -91.027817 -11.148520 -156.786026
    -91.227524 -11.672951 -157.328064
    -89.714447 -11.644719 -157.157379
    -88.615067 -11.161910 -155.919495
    -88.765846 -11.048255 -156.891251
    -89.105469 -11.608170 -157.425903
    -89.455528 -11.854442 -155.944595
    -90.907310 -12.042308 -155.581528
    -88.571793 -11.828078 -155.713211
    -84.544792 0.415270 -151.491425
    -85.018448 0.416284 -152.483398
    -85.078949 0.921917 -151.274872
    -84.559372 1.629819 -151.017548
    -85.611496 0.845586 -152.277588
    -84.799210 2.512628 -152.525131
    -85.447815 2.678105 -151.952087
    -86.141251 2.086977 -152.166046
    -85.644859 1.709073 -152.743774
    -84.230743 2.313757 -151.520233
    -85.102875 2.493004 -151.227219
    -87.397598 2.847671 -151.339844
    -93.812134 -11.430217 -156.308929
    -93.924042 -11.480688 -156.614151
    -94.380562 -11.883542 -156.816742
    -94.133621 -11.815740 -156.281967
    -94.025742 -12.344278 -156.361588
    -96.433861 -5.542243 -156.918915
    -96.567978 -6.245452 -157.180191
    -97.178719 -6.020119 -157.432404
    -97.246834 -6.027025 -157.791107
    -97.113396 -2.784284 -156.620316
    -96.714134 -3.314488 -156.884003
    -95.656960 -3.417256 -157.108856
    -95.839378 -2.630039 -156.930923
    -87.153969 -8.112523 -158.097336
    -87.274338 -8.907479 -159.072830
    -85.804451 -8.898597 -158.868317
    -89.566826 -8.926899 -158.835907
    -87.406654 -8.362917 -157.126984
    -92.305489 -12.371130 -156.979965
    -91.581161 -12.369293 -157.039520
    -93.387032 -12.524264 -156.878021
    -94.444366 -5.571670 -158.332062
    -95.294685 -5.513340 -158.214737
    -95.239037 -6.273619 -157.911057
    -95.221474 -4.950572 -157.787857
    -96.749710 -6.270462 -157.903870
    -91.436745 -5.455066 -158.513977
    -92.466644 -5.400845 -158.525269
    -94.039383 -5.473177 -158.440826
    -86.533142 -4.074314 -157.429565
    -87.925743 -5.014880 -157.513275
    -89.729530 -4.814691 -157.551147
    -86.785164 -4.774259 -155.861526
    -88.239052 -5.347708 -156.759506
    -89.953598 -5.092745 -156.766327
    -89.208496 -3.647728 -155.665756
    -89.073112 -4.040683 -156.690582
    -89.049690 -2.729362 -155.482941
    -87.796059 -3.343704 -155.613403
    -87.655235 -3.805356 -156.380798
    -87.599907 -2.649041 -155.513504
    -86.999146 -9.513585 -155.484741
    -87.585579 -9.266127 -156.800903
    -87.298653 -6.359291 -155.558975
    -88.510468 -6.101424 -156.657150
    -85.985672 -7.971529 -155.065536
    -85.931503 -9.238857 -154.434830
    -86.321526 -6.626517 -154.413742
    -87.231735 -2.108114 -157.250809
    -87.392220 -2.054026 -155.975067
    -88.732010 -2.165727 -156.034927
    -88.705879 -2.329732 -157.114868
    -89.754150 -2.335276 -157.335739
    -88.699265 -3.296713 -157.208679
    -87.362717 -3.342085 -157.256424
    -87.451912 -11.845516 -157.287750
    -87.222794 -10.951857 -156.679230
    -86.285179 -10.652324 -157.570740
    -85.967873 -11.981363 -157.373474
    -87.372505 -11.177320 -156.032059
    -86.289864 -10.895624 -156.024643
    -88.656570 -12.631364 -156.061478
    -89.438858 -12.407223 -156.187912
    -87.478249 -11.887087 -155.835342
    -87.547806 -12.532481 -156.069611
    -94.029335 -12.342064 -156.783707
    -94.651817 -9.948120 -157.111923
    -94.604904 -9.334319 -156.806351
    -95.776695 -9.866916 -157.139038
    -96.444206 -9.575293 -157.625473
    -96.291458 -9.614162 -157.340210
    -95.350479 -5.578392 -156.756210
    -95.349678 -6.358953 -157.097321
    -91.194107 -2.017939 -156.443207
    -92.607910 -2.017571 -156.249496
    -90.319542 -2.405686 -157.331848
    -91.364792 -2.497981 -155.900055
    -94.077560 -2.486293 -157.166046
    -95.513756 -2.205594 -156.328720
    -96.494522 -2.380230 -156.238785
    -85.894974 -2.384248 -157.432938
    -87.560188 -9.939092 -158.237534
    -87.561470 -10.122197 -157.167953
    -86.497124 -12.669835 -155.968323
    -86.687248 -12.067004 -155.629684
    -84.904892 1.328885 -153.094055
    -10.677497 17.293697 0.148276
    -10.545571 16.467070 -1.233344
    -10.426477 16.173580 0.035685
    -11.399463 14.291262 -2.492456
    -10.251359 14.236892 -1.647959
    -17.469091 11.282617 -1.991564
    -17.965961 10.836194 -1.383468
    -16.987249 9.977403 -2.702119
    -17.712008 9.266623 -1.800816
    -14.714401 17.488010 -0.166016
    -14.775273 17.285828 0.189640
    -12.637365 18.024910 0.064672
    -16.799290 13.588857 -0.015910
    -16.870487 14.164277 0.032411
    -16.759125 14.423386 -0.263591
    -83.715324 -9.776812 -157.820374
    -83.721298 -10.962313 -157.479614
    -87.527382 -12.681762 -156.709183
    -86.070641 -12.755161 -156.703491
    -90.299660 -8.923860 -158.526932
    -90.205238 -5.994320 -156.422363
    -90.885185 -5.430878 -158.665192
    -90.677803 -12.597659 -156.335907
    98.766754 -4.499757 -157.383102
    98.021843 -4.523243 -156.912216
    96.981117 -4.085038 -157.306595
    -72.331375 -1.709359 -158.674698
    -73.686745 -1.748119 -157.766434
    -73.532829 -2.529592 -156.617081
    73.860947 -1.756756 -157.271439
    73.712898 -2.725684 -156.163208
    75.230080 -2.863900 -155.171829
    75.359039 -1.605815 -156.454559
    76.461800 -7.350876 -160.093430
    74.853676 -9.127761 -155.671692
    76.490532 -9.604259 -155.643341
    76.348808 -5.172475 -160.314148
    78.677330 -10.197437 -158.881241
    73.939056 -4.468931 -154.725143
    74.484550 -6.949594 -154.740326
    75.629242 -4.781669 -154.672455
    -71.931244 -5.763620 -154.253632
    -72.303665 -8.029435 -154.543198
    -74.766815 -8.604911 -155.066589
    -74.335419 -6.357405 -154.529480
    -76.427711 -9.201822 -155.115738
    -72.561737 -9.556676 -156.574234
    76.978065 -0.977071 -155.038040
    76.778244 -2.685930 -154.210724
    -78.074142 -1.849846 -153.241058
    -76.427666 -2.368952 -154.086182
    -76.929001 -4.412038 -154.174652
    -76.640648 -0.665386 -154.951035
    -74.965103 -2.572186 -155.310196
    -75.385651 -4.437882 -154.607224
    -75.115494 -1.437648 -156.677490
    78.524521 -10.679579 -155.456345
    81.094940 -11.410168 -155.567688
    80.977158 -11.941814 -157.116104
    78.481850 -11.239113 -156.969513
    81.291237 -10.881004 -158.558762
    83.596031 -11.371953 -158.265884
    83.794052 -8.904952 -159.467575
    83.973137 -7.539919 -158.872742
    83.625145 -10.195667 -158.622360
    -76.367554 -5.254265 -160.119644
    -73.971527 -5.815537 -160.486221
    84.088425 -4.960567 -158.506897
    -83.859985 -8.542612 -158.736160
    -81.413475 -10.611040 -157.918671
    -83.968498 -7.163545 -158.139801
    -83.949127 -5.666323 -158.731262
    85.198486 -12.519229 -155.709702
    -85.171722 -11.943689 -154.817307
    -85.388283 -10.572884 -154.954163
    -81.081612 -11.006191 -154.899734
    86.585800 -12.577721 -156.612762
    85.314743 -11.104942 -155.840179
    85.942139 -9.828184 -155.304169
    86.671989 -10.109921 -156.135559
    86.128433 -8.532270 -155.722824
    -85.159363 -4.966484 -154.602753
    -84.780342 -3.780889 -154.611923
    -86.186806 -5.041544 -154.852951
    -86.053200 -3.488309 -154.658020
    -83.954750 -4.579044 -157.786331
    -83.809502 -2.966323 -157.768890
    85.759911 -3.328550 -155.662109
    84.014572 -3.341078 -155.364227
    86.567108 -2.976794 -156.818008
    86.921738 -3.264248 -155.698303
    7.886649 -11.116236 -35.381737
    8.314754 -8.979544 -26.458973
    7.994406 -7.682939 -19.383392
    -9.668765 -8.546047 -5.846958
    -9.640204 -7.875961 -9.601719
    -5.694323 -5.639318 -1.598662
    -13.851594 -3.691534 -1.237355
    -11.483411 -2.703496 0.452540
    5.821019 -5.643952 -1.593677
    7.160000 -5.181560 0.127439
    9.802621 -8.546450 -5.847766
    13.965827 -3.677478 -1.254198
    -15.165958 -0.443456 -1.654975
    12.469467 -1.902662 -13.351451
    6.013660 -4.668272 -10.428841
    6.675648 -4.783292 -14.110559
    7.103801 -1.602426 -13.851063
    9.142896 0.592931 -13.474945
    5.950601 -4.009750 -7.616061
    -11.454160 1.350989 -9.450092
    6.319236 -3.337635 -5.003465
    7.857327 -7.394800 -13.934106
    -15.516890 3.253904 -3.562331
    -16.246109 3.029413 -1.013916
    -13.482170 4.267873 0.063655
    -12.932735 0.690301 -0.037896
    -17.018559 6.738445 -2.268905
    -8.350960 3.750196 -5.733400
    -9.118806 -1.335104 -0.281622
    -10.220637 2.234450 -0.191359
    -7.024868 -5.179816 0.125247
    8.239882 6.085439 -0.552538
    -8.059399 6.111567 -0.546736
    -7.160157 6.395442 -2.225517
    -8.546103 7.822580 -4.563507
    -9.567926 4.386441 -7.374171
    -10.540080 5.837968 0.124245
    9.254570 -1.332746 -0.284932
    11.617437 -2.704660 0.451958
    10.662464 5.859211 0.125825
    10.352129 2.238139 -0.190061
    13.600350 4.316379 0.051205
    13.065463 0.693717 -0.037018
    10.511918 9.183910 0.818692
    13.940015 8.140583 0.383612
    15.956105 7.123200 -4.204150
    17.114983 6.739006 -2.282541
    17.535702 9.215049 -1.721239
    16.984356 9.899776 -2.559388
    15.655367 3.244548 -3.561391
    13.073277 -1.805951 -17.858175
    11.353798 0.547619 -13.408181
    11.613158 0.398015 -17.457022
    9.336550 0.812708 -17.461214
    14.232916 -1.051453 -24.805519
    11.851485 1.044459 -24.456617
    8.770752 0.758414 -24.302801
    6.557407 -4.912118 -18.780481
    7.456190 -1.445509 -17.808559
    6.003416 -5.982953 -25.277319
    6.920037 -2.026943 -24.396557
    8.875324 13.470903 0.558612
    13.945477 16.809803 -1.911087
    13.108130 16.725777 -1.440755
    13.819602 14.315151 -2.874521
    -5.429212 8.405358 -189.889526
    0.069285 10.594385 -189.767822
    -20.834721 -10.965494 -157.207764
    21.034466 -2.407657 -160.708664
    -18.712591 -1.340142 -161.642670
    27.471691 -8.128238 -160.476578
    15.001245 8.036861 -146.871796
    14.641704 5.857540 -145.728790
    -6.766980 14.204416 -144.770157
    -3.429226 14.507777 -146.027313
    8.719864 10.497035 -135.056580
    8.883172 -1.988577 -184.453171
    9.283637 -3.258734 -186.085724
    16.837940 -3.939946 -165.219406
    16.593760 -8.243032 -165.014740
    2.696795 3.123605 -181.338028
    4.480422 5.092432 -179.904953
    2.524134 6.607599 -181.874771
    0.066824 10.528910 -182.482330
    -3.720161 14.139949 -153.600281
    -78.485779 -10.362072 -154.947983
    77.214836 -4.713417 -154.377411
    84.016571 -6.016342 -159.422836
    -76.526756 -7.384696 -159.686615
    -10.328740 9.182025 0.728859
    -15.694969 12.526365 -2.355972
    -15.725004 7.104509 -4.127544
    6.206902 7.383631 -189.247116
    5.675271 7.899058 -187.921631
    3.199701 9.449428 -185.915833
    4.925289 8.640925 -186.073395
    1.832734 10.527445 -184.328735
    0.067534 11.838160 -183.862305
    0.067588 12.362590 -184.404739
    0.642712 10.284159 -183.683624
    2.849570 9.259913 -184.241776
    3.750171 8.265895 -182.876816
    2.970906 8.703456 -182.323898
    2.190265 7.900751 -180.510086
    2.359265 7.922693 -180.445236
    2.733451 7.564371 -180.465927
    2.078130 7.830317 -179.640564
    4.968002 8.420817 -184.618317
    3.608456 6.531168 -180.172592
    7.124927 -6.518989 -186.061264
    19.425974 -8.837727 -162.818848
    19.576344 -4.860310 -163.274002
    15.911575 -11.603323 -161.983505
    18.535475 -11.653447 -159.525467
    9.145346 -13.026910 -150.953735
    14.215023 -11.237004 -151.118393
    51.805630 -10.658309 -152.926025
    13.125569 6.474972 -134.615662
    6.751710 -6.415731 -75.646423
    11.722046 -7.166124 -75.984291
    15.207636 -0.033752 -34.656944
    4.446242 -7.402281 -34.563843
    -1.695895 10.524424 -184.330185
    -0.933721 10.689188 -186.711258
    -0.913484 10.276743 -187.946060
    -7.604980 15.433756 -150.979019
    -7.332087 15.856775 -147.604111
    -11.013849 -1.783211 -129.154327
    -2.539071 8.787241 -181.722336
    -2.530047 8.133173 -180.874481
    -16.000488 -0.382332 -162.094818
    -19.472555 -5.167688 -163.196472
    -19.324541 -9.057444 -162.525009
    -71.570488 -6.573376 -160.418030
    -73.749428 -3.974216 -154.944916
    -65.097160 -5.323592 -153.917389
    -72.323662 -8.727752 -159.101105
    -65.179626 -7.856230 -154.039032
    -74.634254 -7.901518 -159.544601
    -10.836231 -7.732537 -120.516525
    -18.344059 6.733773 -97.180946
    -20.701586 0.575305 -97.537949
    -4.926080 3.760269 -64.268806
    -5.731809 2.944573 -59.296978
    -6.202451 2.464230 -54.419003
    -3.946572 -0.919852 -59.129112
    -4.831400 -0.894790 -54.756790
    -15.952132 -0.940911 -64.810776
    -13.945642 -4.244222 -64.556404
    -7.739245 -7.374497 -13.933091
    -9.845824 -7.849556 -13.720132
    -2.572920 2.505578 -180.119522
    13.947515 15.985804 0.676539
    9.869620 14.839821 -0.279218
    10.011008 14.691438 -1.205501
    82.778282 -2.464143 -154.273361
    82.730293 -1.236953 -155.620392
    91.977615 -11.853697 -157.262756
    92.077538 -11.840302 -157.750519
    97.538193 -5.868135 -156.771240
    95.195473 -7.359596 -157.835770
    91.600037 -12.152477 -158.379684
    90.201279 -9.340938 -159.362061
    90.162605 -10.230774 -159.316910
    84.945992 1.022510 -151.246490
    84.594269 1.892558 -151.641144
    84.935127 2.107928 -152.743439
    88.497169 -4.911373 -158.111557
    88.896866 -3.492454 -157.850082
    94.657745 -4.205639 -156.642288
    94.723854 -4.755656 -156.519547
    81.208115 -1.630764 -152.754684
    78.458023 -2.252249 -153.433609
    -10.111711 15.317885 -1.381171
    -8.434165 13.784104 0.740254
    -95.204453 -4.981538 -157.142029
    -92.501884 -6.236640 -158.235229
    -90.880516 -12.501242 -156.985245
    -89.549301 -12.645839 -156.823776
    -88.978806 -12.665289 -156.969131
    -81.061501 -11.599564 -156.430496
    -86.931168 -3.314154 -154.979401
    -10.147911 15.104939 -0.058131
    -90.698318 -10.045015 -158.077057
    -92.075859 -9.960075 -158.044846
    -92.703041 -9.020988 -158.514069
    -92.113159 -9.068201 -158.522217
    -90.755325 -9.024604 -158.416946
    -92.572701 -6.416254 -157.327469
    3.950419 7.246439 -181.325317
    3.102271 7.895884 -181.104385
    7.895497 -6.639701 -189.581711
    9.757237 -10.127632 -145.353897
    4.618336 -11.057426 -144.736313
    -78.800644 -10.003439 -158.377365
    -78.540199 -10.978870 -156.438431
    15.299296 -0.447055 -1.652565
    16.414576 3.027541 -0.986885
    0.378529 2.045526 -182.403641
    0.066939 2.340402 -182.467834
    -0.244906 2.044168 -182.407578
    0.066860 1.741540 -182.247925
    0.066935 2.452020 -181.945526
    0.475353 2.065423 -181.845566
    -0.341831 2.063623 -181.850769
    0.066869 1.588800 -181.797485
    -0.229282 2.006494 -181.389069
    0.066904 2.186486 -181.449829
    0.362833 2.007364 -181.385239
    0.066832 1.774560 -181.356918
    2.170099 6.528620 -199.723953
    4.194558 6.151560 -198.491501
    5.468860 7.780772 -197.331146
    2.322640 8.445566 -199.173035
    1.298875 10.670877 -196.763062
    4.828272 9.978969 -194.788116
    -0.956793 11.991602 -193.858215
    1.458763 11.506907 -192.388733
    -3.118200 12.339656 -193.039200
    -1.029795 11.951471 -191.549820
    10.142250 -0.192663 -197.086456
    11.310824 -2.834646 -193.741165
    10.292300 0.710154 -191.120987
    9.838070 3.226268 -195.012848
    7.930991 2.202692 -199.080887
    7.806202 5.332117 -197.392517
    5.815069 3.547007 -199.725204
    5.667817 6.262736 -198.210144
    4.273739 4.513422 -200.368942
    4.087235 6.854746 -198.541565
    2.687548 7.063883 -199.558807
    2.865234 4.642297 -201.620392
    -4.287189 3.461953 -202.140167
    -0.076572 4.273324 -202.866791
    -0.140772 6.947641 -200.432358
    -3.914345 6.257028 -200.095840
    -7.802966 2.003624 -200.404755
    -6.973156 4.825936 -198.434906
    -10.340484 0.056190 -197.470612
    -8.507598 2.717766 -195.946274
    -11.371757 -2.604485 -193.740372
    -10.877865 1.403602 -192.072144
    8.204664 -9.448707 -196.367767
    10.319960 -6.223594 -195.214630
    9.919994 -3.587576 -198.376205
    7.446128 -7.262168 -199.009674
    8.058223 -1.394323 -200.602295
    6.682171 -5.326316 -200.844299
    5.913309 -0.387488 -201.451279
    4.340898 0.334360 -201.779800
    3.757313 -4.729835 -201.847885
    5.243851 -4.555335 -201.490509
    2.489583 -4.020103 -202.252609
    2.928198 0.403909 -202.651428
    -0.007604 0.266168 -203.808640
    0.323201 -4.266930 -203.177155
    -3.920129 -0.467262 -203.292801
    -2.955375 -4.843269 -202.791962
    -7.375471 -2.046044 -201.469482
    -5.680742 -5.482079 -201.290009
    -9.484460 -4.287072 -198.615036
    -6.747319 -8.541421 -198.990097
    -10.163698 -6.879526 -194.871140
    -7.479253 -10.832360 -195.405029
    10.062549 4.470240 -187.899521
    7.790380 4.629190 -192.031693
    6.877891 5.767862 -196.144196
    5.195951 6.567133 -197.115250
    3.769149 7.201136 -197.471008
    -0.102910 7.584253 -199.308273
    2.571781 7.565454 -198.435638
    -2.450029 7.559656 -197.322113
    -5.069368 6.412179 -195.822769
    -7.434290 4.480598 -193.413544
    -9.704187 3.722084 -189.578354
    -3.253712 -12.660089 -196.341965
    -2.901149 -9.669197 -199.939743
    0.984658 -12.199594 -196.418610
    1.176795 -8.768532 -200.751785
    4.506777 -8.428916 -200.139313
    4.734734 -11.458930 -196.744949
    -11.826585 0.697410 -187.862915
    -11.743263 -3.944329 -190.237457
    10.794391 -4.176428 -189.369370
    10.467633 -0.276342 -186.432053
    -10.144978 -8.637719 -190.535355
    -7.235644 -11.683358 -190.998215
    8.804671 -10.467139 -191.598099
    10.860474 -7.801139 -190.714615
    -10.817092 5.681984 -184.139740
    -3.400025 -13.115624 -191.669235
    1.181276 -13.657495 -192.218307
    5.472161 -13.012611 -192.313629
    11.327781 3.843822 -183.754089
    -11.924829 -5.103936 -178.814148
    -11.526384 -4.762979 -181.592224
    -12.650784 0.998313 -179.751083
    -13.029914 -0.045830 -176.719376
    11.104609 -1.056219 -179.127716
    10.160337 -6.267509 -180.568115
    11.379479 -6.265631 -177.816895
    12.124903 -1.208837 -176.633499
    -7.352921 -13.641672 -182.787918
    -10.722673 -9.493752 -182.485336
    -11.445367 -9.356713 -179.945953
    -8.258282 -12.540888 -179.522507
    9.859785 -9.374763 -177.877426
    8.855912 -8.721183 -180.735657
    7.289103 -10.432914 -180.586472
    7.547318 -12.087349 -176.889816
    -10.592402 5.749168 -176.485580
    -11.377275 4.974098 -174.036469
    -2.869192 -15.510430 -182.069626
    -4.138151 -14.573236 -178.239151
    0.480793 -14.451455 -181.014755
    0.379273 -15.162179 -176.198517
    4.520026 -14.499962 -176.192932
    4.512631 -12.868919 -180.627319
    8.881865 4.583079 -177.095398
    8.639679 4.063517 -174.970215
    8.496335 5.468714 -186.430481
    8.666558 5.195887 -183.150543
    6.913404 5.129221 -173.597183
    6.253085 5.398829 -176.575943
    -8.809952 5.010551 -188.692963
    -7.842624 6.905159 -182.779007
    -7.159384 5.475945 -175.209595
    -8.212931 5.478600 -172.271881
    -15.749541 -7.000696 -168.129318
    -14.463680 -6.509485 -171.326172
    -14.361685 -2.437951 -169.597733
    -16.158472 -2.952462 -167.747665
    -12.512818 -5.727761 -175.631363
    -14.068725 -0.844659 -172.913971
    -12.686729 1.132804 -183.364426
    -11.515535 -4.288232 -185.550598
    13.602883 -3.217000 -169.236969
    13.588443 -8.504095 -169.469193
    14.110404 -8.592062 -166.855240
    13.809547 -3.168478 -166.833755
    12.671802 -2.423330 -173.451431
    13.094926 -7.260351 -174.277740
    9.712405 -5.357352 -184.638504
    10.702538 -1.289526 -182.502823
    -9.694342 -16.105494 -168.769302
    -13.831188 -11.020487 -171.066895
    -14.368072 -10.754984 -167.403076
    -9.954748 -14.515818 -163.959778
    -9.084094 -13.803598 -175.275604
    -12.540132 -10.135553 -176.905121
    -10.611520 -9.925897 -186.250366
    -6.700848 -13.608912 -187.140732
    12.890755 -12.167029 -167.168564
    12.093540 -12.420875 -170.056686
    8.915890 -15.753014 -168.857468
    10.281626 -15.136147 -165.662262
    10.864550 -10.947486 -174.544128
    7.596715 -14.255836 -173.064056
    8.283364 -10.409812 -185.471008
    10.311425 -8.628897 -185.155243
    -12.496936 3.801415 -165.955261
    -14.123041 3.939064 -164.095444
    -10.557693 5.417809 -169.004715
    -10.526394 6.205925 -179.646027
    -4.132090 -17.955971 -164.391586
    -4.378023 -16.404076 -158.573181
    -3.552224 -16.427254 -172.254929
    -2.453737 -14.904000 -187.138275
    -0.213208 -17.478050 -163.389725
    0.315555 -16.679176 -157.867966
    0.729118 -15.982385 -170.670074
    1.242977 -14.045129 -186.645477
    5.755921 -16.483986 -161.979538
    4.330724 -17.504173 -166.650024
    4.517674 -15.390877 -171.530334
    5.053272 -12.662743 -186.041626
    12.131048 2.743846 -169.067459
    11.855753 2.685283 -166.482544
    10.324091 3.006999 -172.672897
    10.178348 3.454707 -180.375000
    10.246263 5.465938 -164.814194
    10.162882 5.218471 -167.689255
    8.682397 4.975321 -171.305923
    7.623034 5.307245 -180.128677
    -6.923091 6.306954 -178.594955
    -11.151627 6.163201 -165.112961
    -11.817061 6.200417 -164.183762
    -8.586622 5.779152 -167.903687
    4.380964 7.813487 -198.312347
    4.982233 5.326181 -200.467133
    7.099265 5.315134 -199.478546
    6.507928 8.415416 -196.267105
    9.317255 7.433024 -193.452393
    9.592463 4.039164 -197.468079
    11.795262 0.521021 -189.519165
    11.274945 4.802973 -191.058792
    11.584718 1.381785 -195.351624
    11.668364 -2.488928 -193.585770
    11.566452 -2.243826 -189.258545
    11.350132 -4.608222 -192.771347
    4.133823 5.487894 -200.019226
    3.699635 7.623560 -198.116394
    -3.547191 9.073281 -189.242691
    -3.547191 8.729989 -190.299210
    -2.926180 8.729989 -190.097427
    -2.542374 8.729989 -189.569153
    -2.542374 8.729989 -188.916183
    -2.926180 8.729989 -188.387924
    -3.547192 8.729989 -188.186142
    -4.168204 8.729989 -188.387924
    -4.552011 8.729989 -188.916183
    -4.552010 8.729989 -189.569153
    -4.168202 8.729989 -190.097427
    -3.547191 7.831261 -190.952179
    -2.542374 7.831262 -190.625702
    -1.921362 7.831262 -189.770950
    -1.921362 7.831262 -188.714432
    -2.542373 7.831262 -187.859695
    -3.547191 7.831261 -187.533203
    -4.552011 7.831261 -187.859695
    -5.173021 7.831261 -188.714432
    -5.173020 7.831261 -189.770950
    -4.552008 7.831261 -190.625702
    -3.547191 6.720360 -190.952194
    -2.542373 6.720361 -190.625702
    -1.921362 6.720361 -189.770950
    -1.921362 6.720361 -188.714417
    -2.542373 6.720361 -187.859680
    -3.547191 6.720360 -187.533188
    -4.552011 6.720360 -187.859680
    -5.173021 6.720360 -188.714417
    -5.173020 6.720360 -189.770950
    -4.552008 6.720360 -190.625702
    -1.538822 8.988916 -181.354080
    -1.409508 9.099115 -182.762131
    0.067058 9.586405 -182.659866
    0.067057 9.333170 -181.445786
    1.672937 8.988916 -181.354080
    1.543623 9.099115 -182.762115
    -2.586589 7.500650 -182.901459
    -2.707333 7.458032 -181.623459
    2.720705 7.500650 -182.901459
    2.841448 7.458033 -181.623459
    -2.611335 6.373376 -179.555939
    -2.387654 7.243509 -180.907806
    -1.302208 8.157038 -180.874283
    -1.393552 7.198099 -179.271606
    0.067057 8.436792 -180.944962
    0.067057 7.491983 -179.216843
    2.745451 6.373377 -179.633179
    1.527667 7.198099 -179.336502
    1.436323 8.157038 -180.874283
    2.521770 7.243509 -180.913116
    -2.999042 5.218133 -181.943527
    -3.181107 5.502114 -183.070374
    -2.586603 7.318521 -182.983109
    -2.537097 7.318521 -181.911362
    -2.652906 6.549890 -179.963333
    -3.521685 4.687798 -180.129990
    -3.191712 4.889733 -181.089035
    -2.598579 6.766244 -180.912369
    -2.586603 7.318521 -182.983109
    -2.537097 7.318521 -181.911362
    -2.999042 5.218133 -181.943527
    -2.586603 7.318521 -182.983109
    -2.999042 5.218133 -181.943527
    -3.181107 5.502114 -183.070374
    -2.037413 7.143060 -182.155319
    -2.499357 5.042672 -182.064911
    -2.715501 4.889733 -181.280777
    -2.122368 6.766244 -181.258682
    -2.208335 6.766244 -180.368500
    -2.801468 4.889733 -180.408310
    -2.548863 5.042672 -183.256714
    -3.181107 5.502114 -183.070374
    -2.086918 7.143060 -183.069748
    3.133158 5.218133 -181.943527
    2.671213 7.318521 -181.911362
    2.720719 7.318521 -182.983109
    3.315223 5.502115 -183.070374
    2.787021 6.549891 -180.040024
    2.732694 6.766245 -180.963089
    3.325828 4.889734 -181.118591
    3.655801 4.687799 -180.222183
    2.720719 7.318521 -182.983109
    3.315223 5.502115 -183.070374
    3.133158 5.218133 -181.943527
    2.720719 7.318521 -182.983109
    3.133158 5.218133 -181.943527
    2.671213 7.318521 -181.911362
    2.171529 7.143061 -182.155319
    2.633473 5.042673 -182.064911
    2.849617 4.889734 -181.280777
    2.256483 6.766245 -181.258682
    2.342451 6.766245 -180.454117
    2.935584 4.889734 -180.509918
    2.682979 5.042673 -183.256714
    3.315223 5.502115 -183.070374
    2.221034 7.143061 -183.069748
    -1.637473 9.250025 -188.578339
    -2.197272 8.782145 -188.742538
    -2.429293 8.995661 -189.100906
    -2.359469 9.596582 -189.249664
    -3.221295 9.898325 -189.937943
    -3.280963 9.538630 -189.606506
    -4.692183 9.730066 -190.412659
    -4.531790 9.424173 -189.729630
    -6.195345 7.679528 -189.441971
    -5.793499 9.256982 -189.959442
    -5.453890 9.035684 -189.376724
    -5.852263 7.735147 -189.064911
    -3.094136 9.019663 -189.438782
    -4.342806 8.852121 -189.566544
    -5.162849 8.275095 -189.103760
    -5.480858 7.680352 -188.953354
    3.681308 9.073282 -189.242691
    3.060297 8.729990 -190.097427
    3.681308 8.729990 -190.299210
    2.676491 8.729990 -189.569153
    2.676491 8.729990 -188.916183
    3.060296 8.729990 -188.387924
    3.681308 8.729990 -188.186142
    4.302320 8.729990 -188.387924
    4.686127 8.729990 -188.916183
    4.686126 8.729990 -189.569153
    4.302320 8.729990 -190.097427
    2.676491 7.831262 -190.625702
    3.681309 7.831262 -190.952179
    2.055479 7.831262 -189.770950
    2.055479 7.831262 -188.714432
    2.676490 7.831262 -187.859695
    3.681308 7.831262 -187.533203
    4.686127 7.831262 -187.859695
    5.307138 7.831262 -188.714432
    5.307137 7.831262 -189.770950
    4.686126 7.831262 -190.625702
    2.676491 6.720361 -190.625702
    3.681309 6.720361 -190.952194
    2.055479 6.720361 -189.770950
    2.055479 6.720361 -188.714417
    2.676490 6.720361 -187.859680
    3.681308 6.720361 -187.533188
    4.686127 6.720361 -187.859680
    5.307138 6.720361 -188.714417
    5.307137 6.720361 -189.770950
    4.686126 6.720361 -190.625702
    1.771589 9.250025 -188.578339
    2.493585 9.596583 -189.249664
    2.563409 8.995662 -189.100906
    2.331388 8.782145 -188.742538
    3.355411 9.898326 -189.937943
    3.415080 9.538630 -189.606506
    4.826299 9.730067 -190.412659
    4.665906 9.424174 -189.729630
    6.329461 7.679530 -189.441971
    5.986380 7.735148 -189.064911
    5.588006 9.035686 -189.376724
    5.927617 9.256984 -189.959442
    3.228252 9.019664 -189.438782
    4.476923 8.852122 -189.566544
    5.614974 7.680354 -188.953354
    5.296966 8.275096 -189.103760
    0.195103 9.773172 -195.987152
    -1.114790 9.487833 -196.892563
    -1.046055 6.810449 -199.972290
    0.207594 7.136819 -199.029144
    -3.956536 9.202509 -195.794495
    -6.931974 9.486627 -193.950287
    -7.154006 4.980721 -195.115982
    -3.831557 6.484078 -198.911972
    -8.428377 8.759439 -189.933975
    -9.304013 3.900780 -190.434525
    -6.530553 8.812249 -184.605698
    -10.073733 5.104301 -184.697922
    -11.237599 6.759881 -173.255753
    -9.958261 5.686562 -176.546570
    -6.374202 7.888101 -176.557587
    -7.515433 9.669778 -173.179047
    -10.490427 6.751168 -163.721619
    -11.220964 7.392144 -169.387238
    -7.671554 10.230691 -169.034805
    -7.424057 8.963906 -164.225906
    -5.651342 9.213204 -179.802017
    -8.865342 6.510293 -180.104248
    -8.104650 9.537210 -160.299133
    -12.261182 7.838250 -160.125366
    2.843437 9.523448 -197.074814
    3.595869 4.155801 -196.701019
    6.638064 3.300272 -194.372025
    5.179422 8.090434 -194.391693
    8.266456 1.805369 -189.866806
    6.589158 8.186442 -189.690750
    6.438412 8.037700 -185.447083
    9.844167 0.825358 -184.879669
    9.011928 5.982127 -170.984833
    3.866660 8.865977 -169.897156
    3.996543 7.692011 -174.885620
    8.627363 4.584193 -175.770050
    11.085771 6.223934 -164.729828
    5.624810 9.192302 -163.212784
    4.473552 8.913127 -166.298981
    9.471800 5.455668 -167.218521
    9.894999 2.141932 -180.146271
    4.748258 9.374522 -180.364075
    7.411179 10.505839 -161.283401
    12.333159 8.266079 -162.357483
    2.236120 6.767038 -200.007080
    3.643058 6.455759 -198.985840
    3.653524 7.296946 -197.827194
    2.363211 8.214518 -199.163559
    -1.179214 6.831506 -200.874649
    -1.342610 8.645853 -200.337479
    -7.650366 5.960579 -198.220749
    -4.237272 6.312875 -200.321426
    -4.723671 8.834436 -199.959595
    -7.893190 8.263436 -197.340622
    0.900330 10.798426 -194.048584
    2.423793 10.035791 -196.203049
    3.162625 9.068538 -195.591034
    2.109289 9.766993 -194.127502
    -1.690660 11.336298 -193.306625
    -1.680918 11.004725 -196.397797
    -4.705371 11.357859 -193.035675
    -7.227757 10.065591 -192.573166
    -7.381377 9.180276 -194.430344
    -4.969687 11.041285 -195.670990
    -9.014711 6.898690 -195.111725
    -9.353569 5.443672 -196.849152
    -8.588565 8.588708 -191.098206
    -8.866481 7.988152 -192.721039
    2.666373 8.607142 -197.338959
    5.035259 6.439295 -197.676102
    7.244523 6.297816 -196.085312
    4.424064 8.674846 -195.993378
    5.679985 9.033214 -193.508423
    8.587634 6.290874 -193.526016
    4.695452 9.374965 -184.221527
    6.352700 9.486766 -190.757278
    9.581348 6.322780 -190.459488
    8.453041 6.646113 -184.746674
    8.646469 7.454341 -173.152252
    6.127347 8.170360 -173.569458
    6.083939 8.029201 -179.947739
    9.838528 6.603084 -179.868820
    9.573277 7.721523 -171.151154
    6.806083 8.557216 -171.009659
    3.366898 6.967386 -198.357239
    5.358407 5.254313 -198.482452
    6.297818 5.969995 -198.027847
    3.867768 8.118220 -197.606537
    8.651049 8.318660 -189.835663
    6.426294 9.791209 -192.734634
    9.186209 5.566828 -194.575836
    10.406006 4.796427 -191.678757
    10.187905 5.441676 -187.536026
    11.434696 3.495921 -189.277664
    11.558427 3.472209 -186.572449
    12.448810 1.914714 -188.069199
    -0.004338 7.068887 -198.946823
    0.294011 9.222757 -196.563110
    -0.813798 9.719614 -196.919830
    -1.314134 7.764337 -200.229233
    -8.294422 6.192513 -197.403580
    -4.852979 7.076638 -199.680679
    -4.206989 10.007257 -196.127136
    -6.868490 9.049676 -194.554260
    -10.054898 4.941490 -195.324173
    -8.884640 7.722893 -192.916550
    -10.986500 3.662224 -193.744446
    -9.909551 5.339989 -192.007080
    <Normals>: 2859
    0.709830 0.692473 0.128930
    0.223787 0.801031 0.555220
    0.638230 0.757645 0.136519
    0.430107 0.757521 0.491090
    0.156765 0.941258 0.299095
    0.134202 0.990114 0.040806
    0.329613 0.943148 -0.042749
    0.264984 0.919361 -0.290792
    0.853173 0.411032 0.321168
    0.875838 0.482458 -0.011907
    0.833205 0.493373 0.249703
    0.859495 0.498352 0.113640
    -0.156870 0.961323 -0.226383
    -0.214398 0.974775 0.062031
    0.015064 0.994726 -0.101452
    -0.003142 -0.948434 -0.316960
    -0.160484 -0.959657 -0.230875
    -0.155013 -0.355469 -0.921744
    -0.062746 0.401321 -0.913786
    -0.281787 0.808169 -0.517165
    -0.063916 0.623898 -0.778888
    0.661580 0.071393 -0.746468
    0.265660 0.185361 -0.946079
    0.358493 -0.242736 -0.901422
    -0.791334 0.606485 0.077242
    -0.949508 0.312938 0.022447
    -0.928414 0.368034 -0.050973
    -0.306187 0.085693 0.948107
    -0.399271 0.273053 0.875228
    -0.362898 0.471595 0.803681
    -0.508322 0.226698 0.830793
    -0.737035 0.435128 0.517148
    -0.922882 0.332509 0.194231
    -0.940067 0.057592 0.336090
    -0.984886 0.124660 0.120247
    -0.981664 0.070751 0.177004
    -0.972095 0.218897 0.084354
    -0.874856 0.477057 0.083923
    -0.931295 0.347690 -0.108630
    -0.943855 0.243200 -0.223586
    -0.688546 0.419583 -0.591485
    -0.841775 0.474319 -0.257752
    -0.735634 0.123801 0.665970
    -0.795281 0.456993 0.398354
    -0.379926 0.101267 0.919457
    0.778019 0.602172 0.179098
    0.961924 0.196086 0.190399
    0.887560 0.444114 0.122474
    0.206399 0.340902 0.917162
    0.648653 0.261296 0.714824
    0.590270 0.083681 0.802857
    0.646532 0.641820 0.412388
    0.049686 0.961404 -0.270616
    0.168689 0.894211 -0.414645
    0.095660 0.713218 0.694384
    0.912917 0.009176 -0.408042
    0.926655 -0.275363 -0.255901
    0.957539 -0.255031 0.134455
    0.731501 -0.671037 0.120896
    0.604215 -0.758714 0.243471
    0.921117 -0.389239 0.006110
    0.192465 -0.886124 0.421595
    0.311350 -0.930417 0.193354
    0.808277 0.506909 -0.299552
    0.566635 0.734368 -0.373669
    0.599823 0.720710 -0.347548
    0.130884 0.293682 0.946900
    0.241325 0.165616 0.956208
    0.038468 0.354972 0.934085
    -0.122933 0.105399 0.986802
    0.832776 0.460205 0.307727
    0.893744 0.106604 0.435726
    0.720081 0.191632 0.666903
    -0.179849 0.605016 -0.775635
    0.000349 0.673035 -0.739610
    -0.060805 0.701375 -0.710194
    0.611260 0.718923 -0.330926
    0.357704 0.912882 -0.196711
    0.759146 0.606618 0.236033
    0.625251 0.441257 -0.643703
    0.567817 0.655909 -0.497359
    0.907022 0.414979 -0.071440
    0.692385 0.412115 -0.592254
    0.942996 0.257973 -0.210258
    0.854683 0.492773 -0.163377
    0.214086 0.974604 0.065680
    -0.030142 0.933020 0.358560
    0.151746 0.859557 0.487990
    -0.247137 -0.375328 0.893338
    0.040131 -0.447091 0.893588
    -0.021523 0.543497 0.839135
    -0.961258 0.198235 0.191536
    -0.776254 0.606278 0.172791
    -0.887254 0.444879 0.121913
    -0.944205 0.328672 0.021245
    -0.920706 0.389812 0.018630
    -0.507405 0.729720 -0.458311
    0.149357 0.890647 0.429466
    0.505929 0.585940 0.633017
    0.509000 0.810299 0.290402
    -0.160434 0.744946 -0.647546
    0.470665 0.881329 -0.041627
    0.099642 0.631908 -0.768611
    -0.033697 -0.088737 0.995485
    -0.228959 -0.015344 0.973315
    -0.575577 -0.127094 0.807811
    -0.713574 -0.094638 0.694158
    -0.002518 0.094126 0.995557
    0.000402 0.004221 0.999991
    -0.624198 0.076258 0.777535
    -0.002792 0.099433 0.995040
    -0.058137 0.620050 -0.782405
    -0.356617 0.730016 -0.583009
    -0.365669 0.840304 -0.400219
    -0.161227 0.940102 0.300357
    -0.411994 0.773009 0.482409
    -0.145578 0.988486 0.041265
    -0.973422 0.223741 -0.048888
    -0.966957 0.254855 -0.006549
    -0.265617 0.185311 -0.946101
    -0.661631 0.071362 -0.746426
    -0.358471 -0.242764 -0.901423
    -0.777326 0.411302 0.476020
    -0.703119 -0.044547 0.709675
    -0.605576 -0.244292 0.757363
    -0.920431 0.390791 0.009437
    -0.192701 -0.970871 0.142394
    -0.062565 -0.972282 0.225285
    -0.302783 -0.603019 0.738031
    -0.255357 -0.966735 -0.014685
    -0.090552 -0.995622 0.023158
    -0.037144 -0.966883 -0.252503
    -0.968696 -0.034499 0.245839
    -0.971465 0.141486 0.190360
    -0.879583 0.434133 0.194582
    0.983945 0.049912 0.171352
    0.868233 -0.425752 0.254767
    0.986395 -0.151507 0.063797
    0.921925 0.387000 0.016886
    0.943190 0.331232 0.026044
    0.492492 0.742197 -0.454527
    -0.488155 0.590086 0.643042
    -0.242815 0.832333 0.498259
    -0.590705 0.743372 0.313791
    0.471376 0.013186 -0.881834
    0.967443 -0.231769 -0.101670
    0.927182 -0.038523 -0.372624
    0.051610 0.439790 -0.896617
    0.112183 0.260904 -0.958825
    -0.026653 0.195350 -0.980371
    -0.059512 0.408628 -0.910759
    -0.891463 0.276555 -0.358902
    -0.849601 0.298735 -0.434667
    -0.839697 0.256174 0.478836
    0.080514 0.730300 0.678365
    0.068478 0.955275 -0.287682
    0.333237 0.918758 -0.211747
    0.112349 0.409856 -0.905205
    0.090559 -0.079384 -0.992722
    0.109808 0.499434 -0.859365
    -0.081405 0.308328 0.947791
    -0.123573 0.989978 -0.068353
    -0.061422 0.992463 0.106035
    -0.071242 0.933748 -0.350770
    -0.063034 0.773293 0.630908
    -0.357617 0.905178 -0.229701
    -0.152696 -0.638911 -0.753974
    -0.102520 -0.929905 -0.353223
    -0.394928 -0.918375 0.024873
    -0.039948 -0.237919 0.970463
    -0.150808 -0.334424 0.930278
    -0.017983 -0.334148 0.942349
    0.021324 -0.409045 -0.912265
    0.112922 0.040784 -0.992766
    0.073953 -0.217259 -0.973309
    0.130801 0.014495 -0.991303
    -0.040262 0.825602 -0.562815
    0.022232 0.840457 -0.541422
    -0.175727 0.414402 -0.892967
    0.008149 0.224993 -0.974326
    0.253815 0.688276 -0.679598
    0.180012 0.506162 -0.843443
    0.189250 0.701566 -0.687015
    0.168485 0.565396 -0.807428
    -0.270698 -0.873350 -0.404947
    -0.202613 -0.694597 0.690277
    -0.154098 -0.927724 0.339973
    0.041118 -0.092995 0.994817
    0.083553 -0.091079 0.992332
    -0.021854 0.002217 0.999759
    0.079835 0.117414 0.989869
    0.207311 -0.676532 0.706630
    0.215982 -0.896817 -0.386097
    0.159238 -0.914665 0.371526
    0.310305 0.768215 -0.559962
    -0.080254 0.635522 -0.767900
    0.097170 0.445645 -0.889921
    0.035959 0.996578 0.074424
    0.455465 0.828541 -0.325687
    0.080044 0.517748 -0.851780
    0.484977 -0.872366 -0.061433
    0.946202 -0.321436 -0.037154
    0.613378 -0.777629 -0.138059
    0.060430 -0.275295 0.959459
    -0.352723 -0.933742 0.060925
    -0.722810 -0.558972 0.406320
    0.578907 -0.794169 0.184833
    -0.580939 -0.793810 0.179931
    -0.058415 -0.266865 0.961962
    0.357131 -0.932275 0.057626
    0.921533 -0.374546 -0.102433
    0.921185 -0.357521 -0.153613
    0.750694 -0.646668 -0.135200
    -0.921903 -0.354729 -0.155762
    -0.921133 -0.374812 -0.105021
    -0.749389 -0.648245 -0.134889
    -0.952148 -0.126412 -0.278272
    0.919289 0.203399 -0.336953
    0.939882 0.297628 -0.167448
    0.907991 -0.381875 -0.172409
    -0.946982 -0.318707 -0.040633
    -0.487779 -0.870117 -0.070489
    -0.611962 -0.779335 -0.134686
    0.674864 -0.071606 0.734460
    0.998553 0.040449 0.035451
    0.897288 0.289932 0.332886
    -0.871382 0.100607 -0.480178
    -0.990307 -0.052383 -0.128641
    -0.992978 -0.115134 0.027194
    0.169263 0.415562 -0.893677
    -0.006831 0.420589 -0.907226
    0.144827 0.455616 -0.878316
    -0.087763 0.476245 -0.874922
    -0.972192 -0.164736 0.166450
    -0.159284 -0.100304 0.982124
    -0.567311 -0.282607 0.773493
    0.235191 0.442712 -0.865269
    0.851125 0.069485 -0.520344
    0.775081 0.018147 -0.631601
    -0.114877 0.461023 -0.879921
    -0.657159 0.311926 -0.686181
    -0.505212 0.293038 -0.811720
    -0.037252 0.489646 -0.871125
    -0.891735 0.132359 0.432771
    -0.165012 0.091343 0.982053
    -0.509405 -0.195891 0.837934
    -0.146798 0.597252 0.788506
    -0.125165 0.223757 0.966575
    0.025300 0.011442 0.999614
    0.894009 0.283273 -0.347138
    0.911657 0.169248 -0.374483
    0.969990 -0.005390 0.243083
    -0.332117 0.343747 -0.878372
    -0.093184 0.325820 -0.940828
    -0.151351 0.420310 -0.894669
    -0.206759 0.793000 0.573064
    -0.691472 0.707763 0.144702
    -0.605449 0.781288 0.151723
    -0.932955 0.000540 0.359991
    -0.930469 -0.156057 0.331473
    -0.549188 -0.547962 0.630976
    -0.068759 -0.932223 0.355291
    0.355823 0.913710 -0.196277
    0.651116 -0.100347 0.752315
    0.005273 0.430239 0.902700
    -0.102918 0.284776 0.953053
    -0.373453 0.876129 -0.304844
    -0.399835 0.881239 -0.252089
    -0.733059 0.648105 0.206363
    0.007607 -0.078427 -0.996891
    -0.018788 0.487421 -0.872965
    -0.001809 0.195282 -0.980745
    0.020952 0.644824 -0.764044
    -0.006527 0.110557 -0.993848
    -0.000316 0.380894 -0.924618
    0.003740 0.938316 0.345759
    -0.227100 0.972329 0.054781
    -0.166709 0.856703 0.488127
    0.805651 0.503015 -0.312895
    0.860073 0.484135 0.160896
    0.734807 0.664693 0.135061
    0.465044 0.289692 0.836548
    0.500332 0.818099 0.283518
    0.395888 0.270752 0.877477
    0.307462 0.078878 0.948285
    0.363750 0.469410 0.804574
    0.510526 0.222122 0.830678
    0.607928 -0.244997 0.755248
    0.814075 0.379791 0.439363
    0.922373 0.386151 0.010719
    0.741884 -0.086998 0.664861
    0.930466 0.216451 0.295606
    0.944413 0.322733 -0.062663
    0.236759 0.438644 -0.866912
    0.384953 0.271960 -0.881958
    0.427551 0.335240 -0.839532
    0.449814 0.711275 -0.540144
    0.340915 0.568707 -0.748565
    0.362788 0.731026 -0.577915
    0.126832 0.804563 0.580166
    0.230586 0.569116 0.789264
    0.134293 0.687103 0.714041
    -0.664204 0.260129 0.700832
    -0.214797 0.342079 0.914792
    -0.655697 0.636235 0.406530
    -0.903865 0.050714 0.424802
    -0.875254 0.366819 0.315236
    -0.011112 0.001348 0.999937
    -0.941502 -0.128032 0.311738
    0.002534 -0.551476 0.834187
    0.942886 -0.124387 0.309020
    0.334474 0.117317 0.935074
    0.801908 0.262591 0.536647
    0.032857 -0.101311 0.994312
    -0.020602 0.134862 0.990650
    0.032945 0.333078 0.942324
    -0.213152 0.097936 0.972098
    0.982585 0.073564 0.170632
    0.932575 0.343627 -0.110565
    0.985586 0.123943 0.115142
    0.951500 0.154934 0.265787
    0.971832 0.223969 0.073354
    0.056242 0.619946 -0.782626
    0.350436 0.852987 -0.386792
    0.759811 0.551333 0.344558
    0.399524 0.198446 0.894986
    0.930958 0.002193 0.365119
    0.926716 -0.170134 0.335039
    0.553458 -0.546826 0.628224
    -0.006740 0.241577 0.970358
    0.009997 -0.327507 0.944796
    0.055394 0.113311 0.992014
    -0.005228 0.864692 0.502276
    0.559589 -0.139954 0.816868
    -0.858785 0.486344 0.161115
    -0.818110 0.493827 -0.294671
    -0.736223 0.657454 0.160405
    -0.504055 0.809679 0.300579
    -0.471956 0.287963 0.833267
    -0.944532 0.321666 -0.066266
    -0.931381 0.217125 0.292209
    -0.817469 0.523161 0.240930
    -0.848751 0.411678 0.331877
    -0.946799 -0.274183 -0.168511
    -0.958483 0.021046 -0.284371
    -0.957570 -0.249985 0.143414
    -0.946050 0.144784 0.289873
    -0.234959 0.438195 -0.867629
    -0.382376 0.272286 -0.882978
    -0.705427 0.425450 -0.566891
    -0.431152 0.328454 -0.840373
    -0.604220 -0.758646 0.243670
    -0.731569 -0.670959 0.120916
    -0.916785 -0.399005 0.017315
    -0.192364 -0.885993 0.421915
    -0.311393 -0.930395 0.193391
    -0.809328 0.547731 0.212083
    -0.878296 0.477965 0.012048
    0.203689 0.975818 0.079315
    0.146837 0.958195 -0.245564
    -0.123955 0.805137 0.579991
    -0.234122 0.568615 0.788584
    -0.439074 0.895091 -0.077627
    0.161738 0.748338 -0.643298
    -0.093205 0.631288 -0.769927
    -0.122905 0.676656 0.725969
    0.215747 -0.000416 0.976449
    0.075563 -0.074748 0.994335
    0.694981 -0.153409 0.702472
    0.044395 -0.067986 -0.996698
    0.056055 0.357080 -0.932390
    0.021138 0.890382 -0.454723
    0.148204 0.493700 -0.856911
    0.003187 -0.037352 0.999297
    -0.068058 -0.148043 0.986636
    0.037212 -0.135634 0.990060
    0.112250 -0.191209 0.975110
    0.025704 -0.089115 0.995690
    -0.004355 -0.213170 0.977005
    0.072293 -0.038028 0.996658
    0.026037 -0.094765 0.995159
    0.065886 -0.062536 0.995866
    0.091098 0.108374 -0.989927
    0.208006 0.252053 -0.945094
    -0.190943 0.202386 -0.960511
    -0.215476 -0.010178 -0.976456
    -0.238937 0.191490 -0.951967
    -0.218683 0.344419 -0.912992
    -0.087525 -0.271048 -0.958578
    0.151252 0.412680 -0.898230
    -0.171142 0.905018 -0.389426
    0.092390 -0.179991 0.979320
    0.019134 -0.142855 0.989559
    -0.041088 0.073561 0.996444
    0.085924 -0.125211 0.988402
    -0.075750 -0.149799 0.985811
    -0.069444 -0.123941 0.989857
    -0.238197 0.287514 0.927684
    -0.214702 0.462859 0.860038
    -0.136428 -0.000931 0.990650
    -0.098700 -0.033569 0.994551
    -0.063954 -0.157350 0.985470
    -0.108914 0.452096 -0.885295
    -0.438322 0.312626 -0.842697
    -0.300058 0.432861 -0.850057
    -0.310398 0.412057 -0.856658
    -0.272745 0.425446 -0.862905
    -0.449693 0.331528 -0.829377
    -0.617457 0.201707 0.760303
    -0.424120 0.395160 0.814844
    -0.025757 0.462750 -0.886114
    -0.467077 0.470969 -0.748350
    -0.127006 0.430698 -0.893515
    -0.019914 0.361866 -0.932017
    0.076883 0.453832 -0.887764
    0.260503 0.304107 -0.916328
    0.308049 0.354875 -0.882706
    0.441426 0.323972 -0.836771
    -0.822875 0.101894 -0.559011
    -0.912597 0.225664 -0.340942
    -0.769094 0.041844 -0.637764
    -0.200897 0.979102 0.031625
    0.404677 0.088562 0.910161
    0.850522 -0.394227 0.348134
    -0.314038 0.947491 -0.060347
    -0.266550 0.919463 -0.289030
    0.547307 0.832591 0.085127
    0.913484 0.285225 -0.290162
    0.812401 0.555697 -0.176651
    0.413483 0.773994 0.479546
    0.708006 0.672723 0.214877
    0.595359 0.796138 0.108223
    -0.981188 -0.127162 -0.145260
    -0.660977 0.031240 -0.749756
    -0.936651 -0.091112 -0.338207
    -0.230153 0.262113 -0.937191
    -0.188285 -0.126250 -0.973966
    -0.126330 0.503173 -0.854902
    0.727106 0.510282 0.459270
    0.757622 0.445681 0.476841
    0.783799 0.501873 0.365764
    0.894787 0.371408 0.247813
    0.688915 0.437836 0.577664
    0.932759 0.063558 0.354853
    0.913900 0.201551 -0.352369
    0.985639 0.112739 -0.125717
    0.854514 0.484413 -0.187484
    0.974011 0.224173 -0.032381
    0.969722 0.244208 -0.001214
    0.991509 -0.129141 -0.015267
    0.456747 -0.468734 -0.756089
    0.997242 0.012539 -0.073149
    0.822391 -0.429355 -0.373265
    0.896077 -0.420799 -0.141328
    0.324326 -0.890185 -0.319973
    0.703022 0.428436 -0.567629
    0.178297 0.603989 -0.776793
    0.061853 0.706637 -0.704867
    0.077115 -0.996719 0.024582
    0.239398 -0.970651 -0.022915
    0.033038 -0.966493 -0.254560
    0.068306 -0.984550 0.161232
    0.223740 -0.967074 0.121279
    0.292715 -0.652157 0.699292
    0.004154 -0.969603 0.244650
    0.066435 0.595876 0.800324
    0.847579 0.256301 0.464671
    0.979516 0.183588 0.082723
    0.934789 0.135283 0.328432
    0.523780 0.048967 -0.850445
    0.489159 -0.636018 -0.596829
    0.090764 -0.483078 -0.870861
    0.839928 -0.488561 0.236283
    0.982924 -0.111132 0.146664
    0.853583 -0.407158 0.324989
    0.004961 -0.854191 0.519935
    -0.204029 -0.971983 0.116714
    0.000290 -0.946390 -0.323026
    -0.867635 -0.427008 0.254704
    -0.984015 0.050704 0.170713
    -0.985198 -0.161286 0.058074
    0.462174 0.614403 -0.639456
    -0.702094 0.678574 0.215873
    -0.403514 0.759706 0.509925
    -0.541810 0.829156 0.137631
    -0.914723 0.282571 -0.288850
    -0.541683 0.836580 0.081939
    -0.815687 0.551305 -0.175266
    -0.566270 0.734144 -0.374661
    -0.822602 0.489427 -0.289461
    -0.590773 0.712381 -0.378815
    -0.380447 -0.916169 0.126071
    -0.932465 -0.342637 0.114494
    -0.433026 -0.778224 -0.454814
    -0.443381 -0.508008 -0.738472
    -0.988015 -0.149320 -0.039110
    -0.996190 0.011358 -0.086463
    -0.903338 -0.404605 -0.142392
    -0.835683 -0.416320 -0.358205
    -0.318936 -0.892904 -0.317809
    -0.565480 0.657927 -0.497357
    -0.631695 0.460311 -0.623759
    -0.903026 0.424248 -0.067509
    -0.054207 -0.261366 0.963716
    0.240778 -0.162889 0.956814
    0.081949 0.734862 0.673248
    -0.987653 -0.056866 0.145974
    -0.852460 -0.477600 0.212626
    -0.838682 -0.422749 0.343361
    0.203469 -0.972189 0.115965
    -0.984569 0.114773 -0.132102
    -0.914035 0.201501 -0.352047
    -0.854568 0.484437 -0.187173
    -0.851110 -0.393023 0.348059
    -0.300732 0.712377 -0.634098
    -0.248393 0.803373 -0.541196
    -0.416996 0.734674 -0.535135
    -0.336205 0.567387 -0.751690
    -0.450384 0.701884 -0.551827
    -0.598354 0.719810 -0.351917
    -0.981472 0.169486 0.089370
    -0.932833 0.152119 0.326621
    0.121891 -0.992533 -0.004610
    -0.006658 -0.991925 -0.126648
    0.135533 -0.546488 -0.826427
    0.093705 -0.975744 -0.197845
    0.158802 -0.708688 -0.687418
    0.399163 -0.911647 0.097816
    -0.940115 0.302170 -0.157723
    -0.906758 -0.384569 -0.172908
    -0.457809 0.241979 -0.855486
    0.011870 0.187480 -0.982197
    0.002922 0.999994 -0.002097
    0.477760 0.234576 -0.846592
    0.125661 0.083701 0.988536
    0.705439 -0.134927 0.695809
    0.780845 0.001595 0.624723
    0.885671 0.046659 0.461963
    0.966321 -0.183218 0.180706
    0.080354 -0.177456 0.980843
    -0.561896 -0.066922 0.824496
    -0.793364 -0.422263 0.438483
    0.035796 -0.513659 0.857248
    0.445420 0.882858 0.148873
    0.198117 0.542849 0.816128
    0.205916 0.092834 0.974156
    -0.078021 0.995994 0.043685
    0.013362 0.665762 -0.746045
    0.199784 0.973067 0.115010
    0.173836 -0.698038 0.694640
    0.094789 -0.654685 0.749935
    0.064164 0.016822 0.997798
    -0.262880 0.355391 0.896990
    -0.400101 0.334619 0.853199
    -0.127357 0.314258 0.940756
    -0.051175 0.447397 0.892870
    -0.047970 -0.011394 0.998784
    -0.075462 -0.394159 -0.915939
    -0.094280 -0.234396 -0.967559
    -0.054846 -0.990184 0.128562
    -0.126136 0.606562 0.784966
    -0.070522 0.981344 -0.178859
    0.017512 0.986524 -0.162678
    0.123195 0.697676 0.705741
    -0.281785 0.537390 0.794864
    0.101310 0.994854 0.001233
    -0.539718 0.342184 0.769164
    0.084958 0.714520 0.694437
    -0.331042 0.871632 -0.361483
    -0.121923 0.992508 -0.007868
    0.101980 0.989584 0.101602
    -0.133287 0.300799 0.944328
    0.136979 -0.291515 -0.946708
    -0.151744 -0.382669 -0.911339
    -0.129384 -0.990960 -0.035457
    -0.016653 -0.726364 -0.687109
    -0.276180 -0.594997 -0.754787
    -0.013040 -0.950138 0.311558
    -0.165776 0.876469 -0.452019
    -0.049061 0.949712 -0.309258
    -0.089398 0.742931 0.663372
    -0.063649 -0.760446 -0.646275
    -0.130349 -0.743133 -0.656326
    -0.176039 -0.880264 0.440621
    -0.166356 0.910799 -0.377849
    -0.015056 0.936883 -0.349318
    0.046974 0.720566 0.691793
    0.935121 -0.333647 0.119283
    0.387367 -0.914291 0.118401
    0.485891 -0.723220 -0.490779
    0.948643 0.315465 0.023622
    0.795682 0.600448 0.079695
    0.926514 0.372846 -0.050563
    0.970424 0.147269 0.191281
    0.981282 -0.045417 0.187146
    0.879972 0.456814 0.130269
    0.946271 -0.102631 -0.306656
    -0.816309 0.410725 0.406135
    -0.697375 0.605935 0.382767
    -0.819312 0.468707 0.330213
    -0.472304 -0.703365 -0.531231
    -0.529374 -0.048377 -0.847008
    -0.102715 -0.617575 -0.779776
    0.004093 -0.247157 -0.968967
    0.093697 -0.151007 -0.984082
    0.014395 0.357892 -0.933652
    0.139802 -0.680547 -0.719243
    -0.028201 -0.809943 -0.585831
    0.084966 -0.878173 0.470738
    0.092003 0.170276 0.981092
    0.008810 0.027070 0.999595
    0.173716 0.081122 0.981449
    0.337953 0.045289 0.940073
    0.609768 -0.285564 0.739349
    0.145167 0.011994 0.989334
    0.956501 0.105940 0.271812
    0.526393 -0.245599 0.813997
    0.945346 0.100120 -0.310317
    0.454018 0.308412 -0.835913
    0.966453 -0.040663 -0.253603
    0.018014 -0.832725 -0.553394
    -0.141314 -0.711516 -0.688313
    -0.083216 -0.855406 0.511229
    -0.016671 -0.749922 -0.661316
    -0.174484 -0.884181 -0.433335
    0.049855 -0.821527 0.567985
    -0.222116 0.695539 -0.683293
    -0.256396 0.451487 -0.854647
    -0.192665 0.530595 -0.825439
    0.188972 0.891930 -0.410794
    -0.008899 0.871314 -0.490646
    -0.180608 -0.075298 -0.980669
    -0.090675 -0.434780 -0.895960
    -0.032379 -0.118715 0.992400
    0.003827 -0.127216 0.991868
    0.177412 -0.369831 0.912003
    0.079360 -0.279891 0.956746
    0.053618 -0.370305 0.927362
    -0.066771 -0.122079 0.990272
    0.726255 -0.556813 0.403129
    -0.994467 0.010266 0.104544
    -0.679404 -0.074126 0.730011
    -0.892479 0.289019 0.346336
    0.498551 0.263658 -0.825792
    0.532270 0.340196 -0.775213
    0.259633 0.806198 -0.531634
    0.292024 0.720801 -0.628624
    0.412762 0.745909 -0.522731
    0.165028 0.341691 0.925210
    0.150914 0.274233 0.949748
    0.638212 0.746490 0.188251
    0.540186 0.703704 0.461519
    0.611921 0.790919 -0.000624
    0.395832 0.729521 0.557778
    0.703164 0.686308 0.185855
    0.657672 0.747051 0.096861
    0.414470 0.909434 0.033829
    -0.002163 0.680704 -0.732556
    0.027166 0.605527 -0.795361
    -0.005565 0.540948 -0.841038
    0.638872 0.705634 0.306469
    0.450719 0.735601 0.505712
    0.067886 0.817208 0.572331
    0.563869 0.756112 -0.332185
    0.467600 0.851722 -0.236472
    -0.007597 0.966007 -0.258404
    -0.002080 0.855316 -0.518102
    0.333050 0.812640 -0.478219
    -0.011596 0.997555 -0.068920
    0.655747 0.666241 -0.355132
    0.880528 0.307589 -0.360638
    0.991723 -0.004947 0.128303
    0.966395 -0.080316 0.244192
    0.868344 -0.437096 0.234360
    0.879991 -0.474945 0.006499
    0.833907 -0.426677 0.350064
    0.641106 0.704459 0.304502
    0.856589 0.466036 0.221508
    0.855911 0.514728 0.049717
    0.703646 0.704656 0.091342
    0.991931 0.109777 0.063413
    0.955495 0.275371 -0.105829
    -0.092683 0.823589 -0.559563
    -0.064911 0.822550 -0.564976
    0.066036 0.881111 -0.468276
    0.021648 0.827235 -0.561439
    0.106303 0.811894 -0.574045
    0.082561 0.807431 -0.584156
    0.002235 0.833577 -0.552399
    -0.060794 0.830853 -0.553162
    0.075492 0.827879 -0.555804
    0.113932 0.959700 -0.256894
    0.109037 0.979507 0.169345
    0.002432 0.815721 -0.578440
    -0.150906 0.817581 -0.555688
    0.128306 0.761661 -0.635145
    -0.002408 0.186115 -0.982525
    -0.017753 0.682649 -0.730531
    -0.011020 0.995372 -0.095460
    0.072146 0.981905 -0.175093
    0.090208 0.962260 0.256746
    0.168643 0.875743 -0.452364
    0.132907 0.344409 -0.929365
    0.046645 -0.928790 0.367660
    -0.194843 -0.907865 0.371238
    -0.244277 -0.963251 -0.111695
    -0.121282 -0.673637 -0.729043
    -0.274407 -0.785513 0.554680
    -0.002719 0.084306 -0.996436
    0.010003 0.003364 -0.999944
    0.042247 -0.055104 -0.997586
    0.000260 0.641883 -0.766802
    -0.298067 0.952817 0.057402
    -0.136790 0.968372 0.208671
    -0.001935 0.998144 0.060867
    0.048739 -0.636811 -0.769478
    0.011214 -0.456506 -0.889650
    0.091535 -0.701256 -0.707009
    0.124287 -0.992019 0.021227
    0.052039 -0.993797 -0.098281
    0.152877 -0.982923 0.102429
    0.110982 -0.781163 -0.614383
    0.128333 -0.681737 0.720253
    0.057807 -0.732518 0.678289
    0.192366 -0.666364 0.720385
    0.044126 -0.019257 0.998840
    0.126220 0.016015 0.991873
    0.068589 0.692370 0.718275
    -0.038503 0.595979 0.802076
    0.207925 -0.064071 0.976044
    0.160512 0.702392 0.693456
    0.061567 0.997971 0.016215
    0.029531 0.645532 -0.763162
    -0.051609 -0.407590 -0.911705
    0.024272 -0.963527 -0.266508
    0.035010 -0.971326 -0.235160
    -0.003734 -0.488929 -0.872315
    -0.103278 0.332245 -0.937522
    0.289498 0.956779 -0.027645
    0.554820 0.827023 -0.090598
    0.483492 0.868295 -0.110899
    0.302420 0.951837 -0.050489
    0.746235 0.620219 -0.241788
    0.776486 0.590556 -0.219802
    0.274042 0.960339 0.051486
    0.581498 0.811790 0.053455
    0.877524 0.478697 0.028277
    0.815546 -0.421859 -0.396130
    0.878634 -0.476323 -0.033443
    0.661198 -0.749514 0.032359
    0.558997 -0.754095 -0.344765
    0.937932 0.041672 -0.344305
    0.996706 -0.073506 -0.034253
    0.527651 -0.716588 -0.456164
    0.826524 -0.397215 -0.398845
    0.936957 0.062654 -0.343783
    0.000031 0.999478 -0.032308
    0.007235 0.999969 0.003070
    -0.299855 0.952819 -0.047153
    -0.290773 0.956492 -0.023979
    -0.277048 0.958520 0.066953
    -0.000133 0.994279 0.106811
    0.277275 0.958472 0.066708
    0.601094 -0.681161 -0.417978
    0.870042 -0.380083 -0.313950
    0.966002 0.040236 -0.255385
    0.889530 -0.357793 -0.284112
    0.974003 0.044621 -0.222095
    0.647594 -0.684115 -0.335572
    -0.667714 0.616758 0.416854
    -0.916660 0.161651 0.365518
    -0.010976 0.186644 0.982366
    0.010701 0.513937 0.857761
    -0.100877 0.960742 0.258452
    0.016284 0.845443 0.533818
    -0.341073 0.934728 0.099770
    0.984039 0.062866 -0.166477
    0.747540 0.657914 -0.091288
    0.753049 0.643599 -0.136743
    0.997544 0.068648 -0.013938
    0.774315 0.632562 0.017348
    0.924210 -0.336351 -0.180840
    0.216544 0.975273 0.044163
    0.291851 0.949121 0.118290
    -0.389812 0.916243 0.092437
    0.195049 0.980468 0.025266
    -0.732814 -0.547203 0.404417
    -0.972372 -0.016952 0.232821
    -0.366750 -0.896883 0.247174
    -0.174550 -0.867831 0.465190
    -0.217528 -0.827405 0.517768
    -0.737983 -0.511175 0.440546
    0.992461 0.066632 0.102867
    0.614439 -0.788661 0.021886
    0.562389 -0.806682 -0.181613
    0.999062 -0.023959 -0.036080
    0.974712 0.097128 0.201254
    0.695125 -0.697715 0.173191
    0.121562 -0.982602 0.140410
    0.029767 -0.999371 0.019300
    -0.088786 -0.981859 -0.167539
    -0.726780 -0.686691 0.015690
    -0.693399 -0.720553 -0.000874
    -0.721518 -0.692388 -0.003357
    -0.991497 -0.126537 -0.030370
    -0.993816 -0.101135 0.045833
    -0.992179 -0.046645 0.115779
    0.690239 0.723520 0.009439
    0.035989 0.997906 0.053744
    0.015553 0.993956 0.108673
    0.610029 0.792295 0.011545
    -0.045088 0.970048 0.238692
    0.570504 0.809789 0.136991
    0.964846 0.262802 -0.002498
    0.903893 0.425200 -0.046716
    0.857944 0.513150 0.024661
    -0.707524 0.692258 0.142089
    -0.985721 0.168265 -0.006377
    -0.990395 0.041568 0.131870
    -0.742023 0.631877 0.223904
    -0.952222 0.302670 -0.040805
    -0.657488 0.751995 0.047045
    -0.918263 -0.384184 -0.095896
    -0.877392 -0.424407 -0.223747
    -0.824508 -0.552072 -0.124108
    0.000023 -0.288321 -0.957534
    0.000059 0.165238 -0.986254
    0.570713 -0.499160 -0.652016
    0.865929 -0.160366 -0.473761
    0.000043 -0.643482 -0.765461
    -0.974177 0.224645 0.022651
    -0.954448 0.296678 -0.031794
    -0.814343 0.494893 0.303194
    -0.923798 0.289047 0.251094
    -0.969459 0.176938 0.169830
    -0.992828 -0.005223 0.119437
    -0.970947 -0.062599 0.230961
    -0.898867 0.387517 0.204620
    -0.992896 0.098237 0.067138
    -0.659307 0.699044 0.276862
    -0.860271 0.508151 0.041427
    -0.992769 0.120036 -0.000196
    -0.509474 0.813416 -0.280698
    -0.446960 0.619563 -0.645266
    -0.520766 0.832389 0.189558
    -0.634910 0.732544 0.245497
    -0.470850 0.608927 0.638363
    -0.396261 0.738834 0.545070
    -0.676785 0.710565 0.192506
    -0.363497 0.629051 0.687142
    -0.217409 0.879335 0.423679
    -0.396492 0.840299 0.369718
    -0.721118 0.632400 -0.282947
    -0.459107 0.853921 -0.245031
    -0.587286 0.792116 0.166273
    -0.807090 0.529337 -0.261547
    -0.559545 0.759693 -0.331324
    -0.908311 0.399717 -0.123278
    -0.770171 0.621155 0.144925
    -0.923785 0.367915 -0.106115
    -0.410188 0.911998 0.002156
    -0.553647 0.831178 0.051168
    -0.472698 0.877208 -0.084037
    -0.368221 0.906914 -0.204746
    -0.414180 0.907892 0.064706
    -0.240938 0.966730 -0.085916
    -0.306495 0.911397 -0.274619
    -0.545265 0.789376 -0.282084
    -0.557169 0.820162 -0.129989
    -0.475825 0.874922 -0.090015
    -0.263415 0.724241 0.637250
    -0.226791 0.967370 -0.112964
    -0.009297 0.810690 0.585402
    -0.007231 0.977602 -0.210338
    -0.005280 0.243474 0.969893
    -0.700044 0.643401 0.309797
    -0.668995 0.554172 0.495317
    -0.243333 0.510506 0.824726
    -0.359176 0.739800 0.568936
    -0.939154 0.187890 0.287552
    -0.933099 0.116936 0.340076
    -0.880305 0.316239 0.353631
    -0.876751 0.363465 0.314962
    0.045856 0.987389 0.151527
    -0.139391 0.975889 0.167963
    -0.214212 0.904178 0.369562
    0.042292 0.902715 0.428156
    0.313181 0.861124 0.400479
    0.249795 0.960627 0.121648
    0.295820 0.486701 0.821956
    -0.471308 -0.840994 0.265701
    -0.832538 -0.482415 0.272317
    -0.834332 -0.425898 0.350001
    -0.456723 -0.800033 0.389040
    -0.870057 -0.436064 0.229889
    -0.461696 -0.847418 0.262144
    0.000020 -0.966698 0.255919
    -0.000093 -0.921789 0.387691
    0.000580 -0.965176 0.261600
    -0.348503 0.607541 -0.713750
    -0.683727 0.685823 -0.249328
    -0.111452 0.984765 -0.133475
    0.061797 0.997322 -0.039108
    -0.333605 -0.828520 -0.449736
    -0.142055 -0.817607 -0.557977
    -0.385262 -0.297950 -0.873384
    -0.482336 -0.318347 -0.816093
    -0.528045 0.314795 -0.788716
    -0.521023 -0.396530 -0.755843
    -0.301135 -0.884801 -0.355590
    0.157505 -0.987343 -0.018625
    0.075418 -0.985241 0.153662
    0.015004 -0.991753 0.127280
    0.001458 -0.999680 -0.025269
    0.011748 -0.974835 0.222618
    -0.062203 -0.954934 0.290228
    -0.420245 -0.816131 0.396641
    -0.228180 -0.946781 0.227025
    -0.948434 -0.076115 0.307699
    -0.770695 -0.405089 0.491866
    -0.022419 -0.870595 0.491489
    -0.081071 -0.821138 0.564943
    -0.047717 -0.018105 0.998697
    0.103389 -0.175142 0.979100
    -0.119953 -0.776961 0.618015
    -0.142355 -0.031630 0.989310
    -0.104247 -0.979216 -0.173978
    -0.026606 -0.991049 -0.130818
    -0.038379 -0.997975 -0.050732
    -0.108103 0.912605 0.394291
    -0.157844 0.912659 0.377014
    -0.136631 0.915262 -0.378983
    -0.094986 0.942892 -0.319268
    0.034114 0.959014 -0.281299
    0.019986 0.896378 0.442840
    0.039388 0.533254 -0.845038
    -0.059587 0.955269 -0.289674
    -0.007928 0.968072 -0.250548
    -0.004392 0.333854 -0.942615
    -0.052916 0.334544 -0.940893
    -0.157401 0.886953 0.434212
    -0.075593 0.878903 0.470973
    -0.096290 0.895421 0.434682
    -0.067450 0.950447 -0.303483
    -0.082670 0.386258 -0.918679
    -0.982742 0.071462 -0.170619
    -0.917894 -0.352696 -0.181870
    -0.883511 -0.363573 -0.295336
    -0.966451 0.040035 -0.253712
    -0.869831 -0.380300 -0.314271
    -0.965974 0.039635 -0.255584
    -0.735374 0.660012 -0.153653
    -0.723700 0.681716 -0.107338
    -0.747703 0.643262 -0.164783
    0.917330 0.161086 0.364084
    0.673668 0.603553 0.426491
    0.972605 -0.015214 0.231966
    -0.907404 0.418579 -0.037533
    -0.857549 0.513812 0.024646
    -0.570264 0.810061 0.136383
    -0.610114 0.792229 0.011615
    -0.967741 0.251379 -0.016922
    -0.690580 0.723190 0.009735
    -0.015646 0.993942 0.108786
    -0.036072 0.997898 0.053841
    0.044758 0.970278 0.237817
    -0.123634 0.987847 0.094194
    -0.752154 0.648903 0.114843
    -0.987796 0.099748 0.119622
    0.586130 0.807953 0.060530
    0.657596 0.751897 0.047101
    0.952273 0.302485 -0.040969
    0.927220 0.366612 0.076547
    0.707743 0.692009 0.142211
    0.985825 0.167654 -0.006390
    -0.915209 -0.402209 -0.024896
    -0.835427 -0.540547 0.099351
    -0.434021 -0.893992 0.111377
    -0.498400 -0.865858 -0.043447
    -0.795271 -0.568708 0.210035
    -0.374098 -0.906243 0.196912
    -0.977257 0.033045 0.209468
    -0.523817 0.850685 0.044165
    0.396665 0.917924 0.008471
    0.424386 0.901135 -0.088614
    -0.598276 0.801254 0.007624
    0.426428 0.873111 -0.236299
    -0.577522 0.785831 -0.221219
    0.914880 0.359200 -0.184306
    0.907526 0.398172 -0.133625
    0.905418 0.424117 0.018520
    0.909540 0.403188 0.100876
    0.935982 -0.333476 0.112837
    0.958570 -0.229085 0.169306
    0.492771 0.867469 0.068364
    0.991696 -0.117823 0.051539
    0.890830 0.181479 0.416519
    -0.359403 0.561265 0.745528
    -0.499928 -0.078511 0.862501
    -0.002789 0.134471 0.990914
    0.000332 0.378549 0.925581
    -0.605943 -0.287845 -0.741605
    0.181704 0.723994 -0.665445
    0.200368 0.239114 -0.950093
    0.876845 -0.033493 -0.479604
    0.850642 0.336912 -0.403607
    0.165680 0.920608 -0.353598
    0.862935 0.494536 -0.103809
    0.953072 -0.217158 0.210941
    0.863410 -0.234924 0.446467
    0.976962 -0.110410 0.182635
    0.339749 0.685897 -0.643519
    0.550277 0.315810 -0.772955
    0.990941 -0.014843 -0.133477
    0.968465 0.237439 0.075483
    -0.084885 0.943803 -0.319421
    0.787443 0.544447 0.288982
    -0.776845 0.487923 -0.398049
    -0.774882 0.578155 -0.255528
    -0.899119 -0.350438 0.262256
    -0.924193 -0.342990 0.168002
    -0.682778 0.498277 -0.534353
    -0.764469 0.442116 0.469170
    -0.540942 0.796000 0.271599
    -0.686345 0.081946 0.722645
    0.252568 0.932578 0.257891
    -0.034139 -0.053407 0.997989
    -0.222229 -0.681076 0.697675
    0.942867 -0.160915 0.291732
    0.880088 -0.181953 0.438564
    0.857265 0.494242 -0.144296
    0.886083 0.377128 -0.269500
    -0.110476 0.909658 -0.400397
    -0.071363 0.758597 -0.647640
    0.874119 0.428795 0.228145
    0.797197 -0.103188 0.594836
    -0.077892 0.926961 0.366982
    0.149886 -0.307361 0.939715
    -0.233441 0.512471 -0.826365
    -0.215713 0.455320 -0.863801
    -0.951960 0.075886 -0.296670
    -0.902002 0.283453 -0.325648
    -0.938033 0.140240 -0.316902
    -0.789611 -0.200790 0.579826
    -0.820179 0.237210 0.520612
    0.552491 0.583621 -0.595097
    0.619369 0.456387 -0.638822
    0.911493 -0.077092 0.404025
    0.915684 0.027546 0.400954
    -0.330288 0.699273 -0.633978
    -0.275128 0.469244 -0.839116
    0.772490 0.328954 0.543184
    0.660979 0.734054 0.155792
    -0.006834 0.884254 0.466957
    -0.856160 0.506055 0.104393
    -0.812871 -0.202227 0.546210
    -0.302174 0.918454 0.255210
    -0.162440 -0.290694 0.942927
    -0.888990 0.399043 -0.224634
    -0.653760 -0.258359 0.711230
    -0.359854 0.887097 -0.289074
    -0.329309 0.036639 0.943511
    -0.078051 0.652077 -0.754124
    0.106856 0.911178 -0.397916
    -0.006468 0.732520 0.680715
    0.040322 0.852984 -0.520378
    0.065716 0.739911 0.669487
    0.153572 0.069755 -0.985672
    0.172959 0.057934 -0.983224
    0.185039 0.027300 -0.982352
    -0.007002 -0.026077 0.999635
    0.053166 -0.062906 0.996602
    0.013793 0.672651 0.739832
    0.021014 -0.104497 0.994303
    -0.056154 0.979512 -0.193397
    0.031958 0.767996 0.639656
    0.121589 0.821586 -0.556967
    0.444697 0.797710 -0.407313
    0.413095 0.742501 0.527299
    0.778823 0.100755 -0.619099
    0.701273 0.044247 0.711518
    0.159579 0.132750 -0.978219
    0.560442 0.825470 -0.067108
    0.432247 0.597230 0.675633
    0.923410 0.148552 -0.353902
    0.594341 0.102156 0.797698
    0.229566 0.015574 0.973168
    0.153971 -0.049198 0.986850
    -0.007835 0.730037 0.683363
    0.137079 0.639034 -0.756865
    0.228717 0.745718 -0.625774
    0.580883 -0.010921 -0.813914
    -0.094711 0.709752 -0.698056
    -0.084462 0.375353 -0.923026
    0.065648 -0.167940 -0.983609
    0.168943 0.634617 -0.754135
    0.117159 0.421672 -0.899148
    0.193898 -0.101619 -0.975744
    -0.058259 0.119434 -0.991131
    -0.035308 0.889536 -0.455498
    0.034966 0.756390 0.653185
    0.099729 0.754596 0.648567
    0.187017 0.919533 -0.345663
    0.062358 0.967151 -0.246434
    0.024617 0.747314 0.664015
    0.006663 -0.116686 0.993146
    0.060229 -0.081247 0.994873
    0.057934 -0.044586 0.997324
    -0.509453 0.767447 0.389206
    -0.576480 0.767372 0.280732
    -0.282268 -0.172953 0.943617
    -0.367492 -0.189507 0.910515
    -0.318183 0.909904 0.266148
    0.090156 -0.027791 0.995540
    0.354570 -0.661416 0.660916
    0.170102 -0.780815 0.601159
    0.662689 -0.304342 0.684266
    0.196429 -0.887053 0.417796
    0.630859 -0.460373 0.624559
    0.822480 -0.500630 -0.269992
    0.161095 -0.651494 -0.741353
    0.163133 -0.717556 -0.677127
    0.060717 -0.897161 0.437511
    0.062946 -0.860068 0.506281
    0.535000 -0.678953 0.502790
    0.507611 -0.670048 -0.541634
    0.075448 -0.771175 -0.632136
    0.035472 -0.760814 -0.648000
    -0.083510 -0.901762 0.424088
    0.196493 0.092647 -0.976118
    0.036078 -0.767843 -0.639621
    -0.072313 -0.944881 0.319327
    -0.034061 -0.827837 0.559934
    0.140987 -0.885225 -0.443283
    0.086023 -0.722181 0.686334
    0.180838 -0.921327 -0.344173
    -0.130224 -0.273898 0.952902
    -0.149562 -0.196285 0.969074
    -0.008920 -0.057234 0.998321
    0.418867 -0.815496 -0.399396
    0.190059 -0.783262 -0.591927
    0.182126 -0.657793 0.730848
    0.115563 -0.494628 0.861388
    0.211048 -0.024047 -0.977180
    0.156171 0.951812 0.263939
    0.156253 0.968441 0.194184
    0.064024 0.369228 0.927131
    0.085162 0.281855 0.955670
    -0.090813 -0.417868 0.903958
    -0.011204 -0.495464 0.868556
    0.321093 0.477727 0.817726
    0.190200 0.964735 0.181963
    0.217945 -0.445502 0.868348
    0.741673 -0.584305 -0.329408
    0.941844 -0.300326 -0.150778
    0.452605 0.600295 -0.659390
    0.355339 0.388802 -0.850039
    0.125185 0.973996 -0.188839
    -0.159435 0.904785 -0.394897
    0.450300 0.334034 -0.828041
    0.655140 -0.663308 -0.361681
    -0.098631 0.917288 -0.385817
    -0.006257 0.999953 0.007377
    0.209954 0.970739 0.116553
    -0.176457 -0.850791 -0.494993
    0.058996 -0.959975 0.273800
    0.054692 -0.842304 0.536220
    0.012164 -0.822297 -0.568929
    -0.101279 -0.402619 -0.909748
    0.047224 -0.094864 -0.994370
    0.052056 -0.740637 -0.669886
    0.061896 -0.833013 0.549781
    0.025056 0.080401 -0.996448
    -0.613871 0.410464 -0.674301
    -0.892272 0.132374 -0.431658
    -0.956143 0.102154 0.274507
    -0.294293 0.148032 0.944181
    -0.850151 0.139419 -0.507746
    -0.923438 -0.180709 0.338536
    -0.103277 -0.316428 0.942978
    0.781525 -0.176598 0.598357
    0.773550 0.207215 0.598901
    0.850573 0.363507 -0.379985
    0.943566 0.177832 -0.279390
    0.688717 -0.134285 0.712486
    0.931954 0.299927 -0.203731
    -0.129870 -0.256548 0.957767
    -0.887825 0.009122 0.460091
    -0.759490 0.412457 -0.503046
    -0.575455 0.770537 -0.274087
    -0.677368 0.360852 0.641060
    0.132932 0.527353 -0.839183
    0.065464 0.939803 -0.335387
    -0.001121 0.359168 0.933272
    -0.224222 0.336228 0.914700
    -0.088254 0.932313 -0.350719
    0.723738 0.689852 0.017557
    0.499047 0.277435 0.820964
    0.096552 0.597257 -0.796217
    -0.284810 0.440263 0.851499
    -0.089177 0.871247 -0.482676
    0.570102 0.815083 -0.103068
    0.382038 0.460011 0.801522
    -0.240138 -0.191881 0.951586
    0.673253 -0.047078 0.737912
    0.909011 0.359738 -0.210446
    0.895242 0.413697 -0.165518
    0.671050 0.382661 0.635029
    0.711255 -0.105149 0.695026
    0.960732 0.160073 -0.226651
    0.164312 0.306557 -0.937563
    0.065034 0.371565 -0.926126
    0.913446 0.346295 -0.213768
    0.127422 0.546432 -0.827753
    0.678503 -0.093605 0.728610
    -0.822390 0.172340 -0.542194
    -0.759661 0.110419 -0.640877
    -0.932897 -0.208536 0.293624
    -0.955470 0.180444 0.233488
    -0.078806 -0.218461 0.972658
    -0.090224 0.315650 0.944576
    -0.900823 -0.062945 0.429600
    -0.068261 -0.167239 0.983550
    -0.689232 0.320110 -0.649992
    -0.210668 0.563588 -0.798741
    0.892896 0.355948 -0.275749
    0.883823 0.357829 -0.301355
    0.122537 0.293781 -0.947986
    0.170646 0.265135 -0.948991
    0.746362 0.356932 0.561732
    0.699502 0.132295 0.702279
    0.847587 0.342671 -0.405181
    0.227082 0.356591 -0.906243
    0.801903 0.460201 0.381008
    0.636371 0.218021 0.739931
    0.441546 0.526302 0.726666
    0.529176 0.760632 -0.376046
    0.767912 0.511117 -0.386097
    -0.103522 0.808937 -0.578709
    -0.102447 0.509346 0.854442
    0.026264 0.434423 -0.900326
    0.574631 0.765095 0.290565
    0.311429 -0.112932 0.943535
    -0.058921 0.189671 0.980078
    0.338124 0.922903 0.184181
    -0.715927 -0.198881 0.669250
    -0.085221 0.952736 -0.291603
    0.121404 0.875546 -0.467633
    -0.107007 0.102962 -0.988913
    -0.117631 0.864963 -0.487855
    -0.208938 0.850198 -0.483227
    -0.173345 0.075151 -0.981990
    -0.163749 0.116477 -0.979602
    -0.122516 0.812912 -0.569353
    -0.006954 0.728933 0.684550
    -0.186307 0.831646 0.523120
    -0.032393 0.784730 0.618991
    -0.040925 0.830760 -0.555124
    -0.104909 0.893598 -0.436437
    0.006647 0.761835 0.647737
    -0.065535 0.767981 0.637111
    -0.435965 0.625761 0.646806
    -0.562005 0.818931 -0.116205
    -0.185496 -0.011832 -0.982574
    -0.173056 0.016670 -0.984771
    -0.916986 0.126522 -0.378323
    -0.124779 0.825783 0.550011
    -0.457523 0.680130 0.572797
    -0.528985 0.795537 -0.295458
    -0.070878 0.843616 -0.532249
    -0.817936 0.149643 -0.555507
    -0.669576 0.089938 0.737278
    -0.143728 0.072170 -0.986982
    -0.122838 -0.031531 0.991926
    0.055997 -0.056717 0.996819
    0.055816 -0.898431 0.435552
    -0.064758 -0.854169 0.515948
    -0.158047 -0.930652 0.330012
    -0.238717 -0.104642 0.965435
    -0.018595 0.613271 0.789654
    0.064010 -0.098532 0.993073
    -0.006764 -0.062699 0.998010
    -0.001536 0.703486 0.710707
    -0.058096 -0.116643 0.991473
    0.055493 -0.830428 0.554356
    0.010332 -0.856820 0.515512
    -0.153247 0.029525 -0.987747
    -0.157654 -0.684866 -0.711410
    -0.163067 -0.747328 -0.644135
    -0.052003 -0.997606 0.045581
    -0.062015 -0.598528 0.798698
    -0.094087 -0.579186 0.809748
    -0.029575 0.340742 0.939692
    -0.413904 -0.518916 0.747937
    -0.270961 0.270875 0.923692
    -0.337413 -0.918123 0.207853
    0.022180 -0.999387 -0.027075
    -0.001523 -0.574172 0.818734
    0.030280 0.249016 0.968026
    -0.738727 -0.650237 -0.177412
    -0.960332 -0.262272 -0.094740
    -0.337992 -0.666890 0.664093
    0.416829 -0.082880 0.905199
    -0.184969 -0.784523 0.591870
    -0.639447 -0.725904 -0.253318
    -0.405408 0.604595 -0.685646
    0.061840 0.880014 -0.470904
    0.683345 0.706653 -0.183523
    -0.509218 0.732464 -0.451878
    -0.837228 0.190757 0.512505
    -0.732455 0.604350 -0.313482
    -0.902679 -0.131488 0.409734
    0.007577 0.391232 -0.920261
    -0.803078 0.337359 -0.491177
    -0.123579 -0.450014 0.884430
    -0.728358 -0.678120 0.098219
    -0.633356 -0.745679 -0.206937
    -0.058609 -0.705615 0.706168
    -0.726064 0.068537 -0.684203
    -0.594714 0.054228 -0.802106
    -0.571046 -0.286854 0.769169
    -0.713035 0.467974 -0.522093
    -0.017860 -0.211958 0.977116
    0.281674 0.932740 0.225070
    0.358890 0.868787 0.341185
    -0.154743 0.846988 -0.508592
    -0.238783 0.801067 -0.548885
    0.265675 0.944524 -0.193109
    -0.196243 0.741900 -0.641150
    -0.178008 -0.692130 -0.699477
    -0.051744 -0.714772 -0.697441
    -0.111418 -0.945004 0.307496
    -0.332170 -0.932141 0.144139
    -0.146079 0.305201 -0.941017
    0.021248 0.412404 -0.910753
    -0.192391 -0.225349 -0.955093
    -0.027231 0.207500 -0.977856
    -0.860333 -0.335334 0.383898
    0.056163 0.970079 -0.236205
    -0.067769 0.997019 -0.036898
    -0.046967 -0.018106 0.998732
    -0.197376 -0.148252 0.969053
    0.034108 -0.103490 0.994046
    0.034181 0.715780 0.697489
    0.053416 -0.081543 0.995237
    0.020326 0.952144 -0.304973
    -0.013080 -0.999897 -0.005948
    0.054658 -0.569275 0.820329
    -0.191689 -0.594658 0.780792
    -0.071262 -0.374094 -0.924649
    0.027509 -0.389329 -0.920688
    0.312667 -0.862345 0.398246
    0.827657 -0.538798 0.157102
    0.401620 0.713610 0.573988
    0.397571 0.852922 0.338321
    0.181238 0.886374 0.426021
    0.331925 0.637572 0.695218
    0.769674 0.616527 0.165819
    0.596016 0.785564 0.166296
    0.388394 0.845948 0.365406
    0.230033 0.971173 -0.062512
    0.308587 0.911644 -0.271441
    0.364925 0.907043 -0.210005
    0.557255 0.777898 -0.290418
    0.460018 0.883668 -0.086683
    0.397657 0.916524 0.043039
    0.760267 0.615932 -0.206448
    0.497656 0.798487 -0.338757
    0.719922 0.639950 -0.268656
    0.566852 0.812857 -0.133946
    0.658329 0.715186 0.234759
    0.461327 0.613187 0.641233
    -0.031724 0.881787 -0.470581
    0.021448 0.888115 -0.459121
    0.598272 0.761807 -0.248436
    0.027813 0.968302 -0.248229
    -0.598007 0.771753 -0.216299
    -0.344262 0.894237 0.286047
    -0.015711 0.471753 -0.881591
    -0.348661 0.814453 0.463791
    0.096637 0.782324 0.615330
    0.482631 0.705100 0.519521
    0.799920 0.493813 0.340993
    0.915138 0.310911 0.256626
    0.840318 0.371333 0.394940
    0.938788 0.191369 0.286451
    0.972879 0.172834 0.153738
    0.974159 0.224859 0.021261
    0.823143 0.439636 0.359382
    0.918821 0.160444 0.360590
    0.117987 0.821398 0.558018
    0.479094 0.736108 0.478137
    0.706477 0.633407 0.315730
    0.676451 0.615752 0.404058
    0.509916 0.789033 0.342655
    0.109923 0.916211 0.385324
    0.954243 0.297444 -0.030795
    0.923965 0.367949 -0.104409
    0.907722 0.403720 -0.114245
    0.722953 0.634313 -0.273835
    0.807516 0.528923 -0.261072
    0.000174 0.531699 -0.846933
    0.343471 0.524957 -0.778748
    0.697477 0.414747 -0.584389
    -0.343387 0.524879 -0.778837
    -0.333632 0.813832 -0.475780
    0.010403 -0.953460 -0.301341
    0.439939 -0.895316 -0.069729
    0.008144 -0.995515 -0.094250
    -0.434264 -0.896729 -0.085391
    0.056434 -0.872019 -0.486208
    0.003210 -0.928140 -0.372218
    -0.054052 -0.874529 -0.481952
    0.296452 0.452767 -0.840903
    0.287213 0.617510 -0.732250
    0.653942 0.720000 -0.232292
    0.748555 0.561144 -0.353246
    0.385742 -0.298060 -0.873134
    0.476660 -0.312734 -0.821579
    0.324215 -0.828183 -0.457163
    0.140729 -0.816670 -0.559683
    0.504313 -0.366424 -0.781922
    0.208828 0.619052 -0.757077
    0.143861 0.568397 -0.810080
    0.395932 0.626946 -0.670952
    0.404544 0.472225 -0.783165
    0.422693 0.711594 -0.561217
    0.464129 0.659692 -0.591092
    0.445306 0.621658 -0.644395
    0.845238 0.518948 0.127535
    0.986286 0.160907 0.036741
    0.560348 0.799165 -0.217591
    0.583573 0.783284 0.214264
    0.768728 0.451504 0.452992
    0.759646 0.535129 0.369559
    0.452885 0.763270 0.460775
    0.479280 0.663358 0.574671
    0.065493 0.813541 0.577808
    0.494767 0.863817 0.095010
    0.021930 0.967662 0.251294
    -0.207703 0.895460 0.393713
    -0.006502 0.959117 0.282935
    -0.008153 0.998722 0.049878
    -0.155783 -0.987654 -0.016447
    -0.134318 -0.953401 -0.270159
    -0.000151 -0.966053 -0.258345
    0.136301 -0.953211 -0.269834
    -0.060559 -0.982255 0.177502
    0.085494 -0.943004 -0.321612
    0.008996 -0.932942 0.359914
    0.070817 -0.911778 0.404532
    0.008583 -0.951931 -0.306191
    -0.088786 -0.295203 0.951300
    0.063755 -0.194458 0.978837
    0.272133 -0.918288 -0.287560
    -0.002110 0.802923 0.596079
    0.008975 0.415649 0.909481
    0.002459 0.695214 0.718799
    0.083842 0.823856 0.560564
    0.092927 0.401352 0.911198
    0.146354 -0.217597 0.965004
    0.116526 -0.881118 0.458315
    0.147591 -0.343505 0.927481
    0.109715 -0.896796 0.428625
    0.141569 0.369951 0.918202
    0.155945 0.823314 0.545743
    0.039416 0.955114 0.293606
    0.121989 0.957769 -0.260379
    0.025983 0.889067 -0.457038
    -0.073638 0.759937 0.645812
    -0.188721 -0.099262 0.977001
    0.102846 0.709772 0.696884
    0.064740 -0.100397 0.992839
    0.021294 0.999738 0.008372
    0.077448 0.996993 -0.002420
    0.060963 0.744401 -0.664944
    0.075083 0.665940 -0.742217
    -0.003249 0.061631 -0.998094
    0.072953 -0.143823 -0.986911
    -0.002177 -0.812173 -0.583412
    0.067394 -0.132891 -0.988837
    -0.025859 -0.996089 0.084488
    0.950665 -0.075429 0.300909
    0.765400 -0.417807 0.489489
    0.635274 -0.719433 0.280789
    0.246679 -0.929798 0.273177
    0.256529 -0.961539 0.098158
    0.552377 -0.768007 0.324106
    0.183101 -0.948409 0.258832
    0.194881 -0.947111 -0.254953
    -0.048449 -0.992334 0.113697
    -0.016478 -0.969221 -0.245640
    -0.197904 -0.934221 -0.296759
    -0.261462 -0.961743 0.081777
    0.000796 -0.923391 -0.383860
    -0.126432 -0.892353 -0.433269
    0.126608 -0.891694 -0.434572
    0.415708 0.909165 -0.024613
    0.747421 0.643617 -0.164677
    0.000207 -0.883352 -0.468710
    0.127676 -0.869267 -0.477571
    -0.126956 -0.869209 -0.477869
    0.301439 0.952533 0.042612
    0.177163 0.962189 0.206896
    0.178047 -0.921572 -0.344968
    0.283138 -0.958560 -0.031544
    0.704223 -0.695525 -0.142528
    -0.390002 0.919845 0.042238
    -0.919101 0.393989 -0.005042
    0.451922 0.878421 0.155383
    0.777482 0.600197 0.187845
    0.810404 0.575096 0.111847
    0.520160 0.844505 0.127456
    0.834858 0.546876 0.062757
    0.561263 0.811088 0.164683
    0.974431 0.098122 0.202131
    0.751904 -0.628569 0.198849
    0.774637 0.600038 0.199728
    -0.854905 0.490341 0.169419
    -0.892417 0.450264 0.029237
    -0.270974 0.958032 0.093531
    -0.262611 0.943822 0.200587
    -0.195324 0.944857 0.262858
    -0.795183 0.574847 0.192964
    0.335521 0.930191 0.148896
    0.778049 0.613003 0.137354
    0.988483 0.072946 0.132589
    0.979704 -0.131376 -0.151393
    0.489446 -0.839490 -0.236007
    0.946496 -0.274092 -0.170350
    0.542615 -0.776288 -0.320851
    -0.236351 -0.929781 -0.282216
    -0.179691 -0.921382 -0.344624
    -0.285039 -0.953940 -0.093549
    0.443381 -0.895401 -0.040869
    -0.597459 0.800079 0.054009
    -0.927108 0.366958 0.076242
    0.111115 0.991050 0.073989
    -0.915059 0.359687 -0.182463
    -0.421695 0.874462 -0.239769
    0.564588 0.789887 -0.239413
    -0.948082 0.190876 -0.254376
    0.906750 -0.421467 -0.013049
    0.831377 -0.536726 0.144005
    0.989128 0.068463 0.130148
    0.980236 -0.018437 0.196972
    0.798357 -0.571261 0.190489
    0.415239 -0.900356 0.130137
    0.386739 -0.902274 0.190616
    0.951662 -0.304532 0.039998
    0.771560 -0.631981 0.072768
    0.733043 -0.673630 -0.094181
    0.310092 -0.949632 0.045178
    0.381778 -0.917638 -0.110393
    0.777032 -0.603580 0.178639
    0.966360 -0.172126 0.191104
    0.310662 -0.940748 0.135948
    0.918601 -0.321896 -0.229251
    0.601487 -0.690432 -0.401891
    0.184630 0.979611 -0.079207
    0.234618 0.926113 0.295413
    0.323177 0.880397 0.347069
    0.297586 0.768220 0.566817
    0.468686 0.878451 -0.093047
    0.696768 0.715661 -0.048410
    0.214862 0.970470 -0.109648
    0.748325 0.614927 0.248746
    -0.276491 0.499356 0.821094
    -0.897268 -0.149469 0.415415
    0.576930 0.592118 0.562626
    -0.892753 0.381881 0.239080
    -0.635257 0.742181 -0.213579
    -0.936032 0.143589 -0.321289
    -0.188787 -0.330442 -0.924753
    -0.118759 -0.136520 -0.983493
    -0.002539 0.975874 -0.218318
    0.003726 -0.282042 -0.959395
    0.003103 -0.619702 -0.784831
    0.120621 -0.315774 -0.941136
    0.111438 -0.138654 -0.984051
    0.630644 0.745550 -0.215508
    -0.831918 0.139378 -0.537109
    -0.002642 0.970865 0.239613
    0.820335 0.140689 -0.554308
    0.340625 0.563384 0.752711
    0.482404 -0.476391 -0.735077
    0.608656 -0.291580 -0.737915
    0.004830 -0.304885 -0.952377
    0.004347 -0.567876 -0.823103
    0.484081 -0.078978 0.871452
    -0.381965 0.720106 0.579268
    -0.384486 0.880326 0.277844
    -0.741577 0.665608 0.083841
    -0.653166 0.719102 0.237205
    -0.622064 0.781858 0.041644
    -0.619826 0.783393 -0.045943
    -0.604018 0.751739 0.264670
    -0.470854 0.859584 0.198525
    -0.398504 0.916267 0.040616
    -0.620627 0.776609 0.108165
    -0.042386 0.998976 0.015792
    -0.065550 0.922679 -0.379956
    -0.499074 0.800304 -0.332324
    -0.607373 0.726699 0.320946
    -0.362671 0.894883 0.260104
    -0.222194 0.940419 0.257376
    -0.685698 0.727876 -0.003879
    -0.469635 0.753339 0.460351
    -0.743014 0.599026 0.298492
    -0.604157 0.741480 0.291895
    -0.589126 0.775771 0.226076
    -0.374542 0.867699 0.326828
    -0.098955 0.993052 -0.063689
    -0.451671 0.875987 -0.169236
    -0.727647 0.584399 0.359177
    -0.585430 0.702952 0.403893
    -0.825606 0.476981 0.301437
    -0.567510 0.784830 0.248946
    -0.655155 0.667427 -0.353996
    -0.697545 0.414631 -0.584390
    -0.570905 -0.499197 -0.651821
    -0.866108 -0.160520 -0.473382
    -0.916949 -0.324390 -0.232327
    -0.870604 -0.491868 0.010674
    -0.552953 -0.831257 -0.057052
    -0.601768 -0.690312 -0.401677
    -0.593666 -0.470319 0.652963
    -0.426409 -0.774979 0.466458
    0.462876 -0.845673 0.265675
    0.456840 -0.799965 0.389041
    0.471224 -0.841037 0.265715
    -0.883515 -0.468403 -0.000368
    -0.711297 0.684546 0.159538
    -0.771691 0.532891 -0.347159
    -0.888263 0.454427 0.066975
    -0.310347 0.447788 -0.838553
    -0.958418 0.265439 -0.104775
    -0.511706 -0.361528 -0.779393
    -0.294877 -0.917971 -0.265287
    -0.440894 -0.821381 0.361863
    -0.401319 0.491953 -0.772610
    -0.396738 0.632041 -0.665675
    -0.140662 0.573970 -0.806705
    -0.199245 0.640821 -0.741384
    -0.137064 0.757791 -0.637940
    -0.748591 0.489697 0.446999
    -0.962574 0.185696 0.197405
    -0.959500 0.086654 0.268050
    -0.762538 0.411867 0.498900
    -0.397119 0.670487 0.626692
    -0.422746 0.755867 0.499951
    -0.267650 0.963271 0.021749
    0.006862 0.999748 0.021384
    0.256333 0.966148 0.029199
    -0.000214 0.780370 0.625318
    0.094229 0.421154 0.902081
    0.012910 0.559513 0.828721
    -0.707877 0.444308 0.549091
    -0.583552 0.047858 0.810664
    -0.198915 -0.932841 0.300401
    -0.020043 -0.971046 0.238048
    -0.538501 -0.764039 0.355332
    -0.067926 0.992410 0.102506
    -0.134588 0.786282 -0.603031
    -0.509519 0.422600 -0.749533
    -0.114369 0.197279 -0.973653
    0.009564 0.008894 -0.999915
    -0.102322 0.580792 0.807596
    -0.003064 -0.656693 -0.754152
    0.001693 -0.645550 -0.763717
    0.049803 -0.574998 -0.816638
    -0.024709 -0.996465 -0.080294
    -0.113758 -0.797373 0.592667
    0.029811 0.995060 0.094692
    -0.003965 0.776609 -0.629970
    0.096422 0.119520 -0.988138
    -0.041171 0.531092 -0.846313
    -0.005020 0.963018 -0.269389
    0.094249 0.910299 0.403080
    -0.140391 0.582830 0.800374
    0.013646 -0.227537 -0.973674
    -0.057520 -0.838060 0.542538
    -0.153321 -0.160432 0.975066
    0.157032 -0.802315 0.575874
    0.117032 -0.851654 -0.510870
    -0.000202 -0.951477 -0.307719
    0.037863 -0.927857 0.371008
    0.232539 -0.958605 0.164325
    -0.117962 -0.926136 -0.358270
    -0.150875 -0.909874 0.386479
    0.260060 -0.594941 0.760536
    0.003773 -0.457865 0.889014
    -0.195044 -0.398015 0.896405
    0.196171 0.186958 0.962582
    -0.054853 0.242802 0.968524
    -0.205217 0.281237 0.937439
    -0.076229 -0.870742 -0.485796
    -0.134601 -0.936157 0.324798
    -0.083518 -0.459902 -0.884033
    -0.084205 -0.449840 -0.889131
    -0.022256 -0.369167 -0.929097
    0.131617 0.987683 -0.084611
    0.034198 0.797916 0.601798
    -0.894863 0.431185 0.115324
    -0.506989 0.856209 0.099338
    -0.571149 0.817686 0.071962
    -0.595919 0.802355 0.033274
    -0.883639 0.467534 -0.024371
    -0.995841 -0.041686 -0.081018
    -0.558528 0.823847 -0.096552
    -0.775397 0.590588 -0.223527
    -0.284810 0.957370 0.048225
    -0.045898 -0.965332 0.256959
    -0.259792 -0.925293 0.276297
    -0.577526 -0.769934 0.271413
    -0.605584 -0.794759 0.040336
    -0.537781 -0.757503 -0.370110
    0.013032 0.999094 0.040522
    -0.937273 0.062437 -0.342959
    -0.827093 -0.397242 -0.397638
    -0.813017 -0.425388 -0.397554
    -0.939287 0.041390 -0.340628
    -0.748583 0.618440 -0.239072
    0.006613 0.961129 0.276021
    -0.176415 0.965012 0.193984
    -0.484152 0.868591 -0.105579
    -0.415712 0.909168 -0.024433
    -0.307423 0.950894 0.035933
    0.100556 0.961745 0.254825
    -0.194838 0.980735 0.014026
    -0.704351 -0.695425 -0.142386
    -0.647778 -0.683858 -0.335741
    -0.600723 -0.681198 -0.418451
    -0.284689 -0.958079 -0.032205
    -0.178938 -0.921070 -0.345848
    -0.313820 -0.861648 0.398848
    0.217474 -0.826620 0.519042
    0.738021 -0.510507 0.441257
    0.173800 -0.867555 0.465984
    0.731649 -0.546935 0.406881
    0.353774 0.930072 0.099042
    0.418301 0.903761 0.090780
    -0.199397 0.979404 0.031756
    -0.279517 0.951846 0.125932
    0.269546 0.943951 0.190528
    0.194153 0.945318 0.262066
    -0.560882 0.811549 0.163706
    -0.520244 0.844353 0.128120
    -0.833914 0.548316 0.062745
    -0.809612 0.576169 0.112056
    0.410623 0.910132 0.055217
    -0.335846 0.926928 0.167370
    0.282710 0.954346 0.096431
    -0.451948 0.878297 0.156006
    0.919577 0.392797 0.009446
    0.889566 0.455799 0.030324
    -0.788958 0.596037 0.149280
    -0.780757 0.589704 0.206564
    -0.777411 0.600200 0.188127
    -0.988225 0.068582 0.136773
    -0.974386 0.098170 0.202321
    -0.974718 0.097330 0.201127
    -0.752019 -0.628393 0.198973
    -0.827723 -0.538665 0.157210
    -0.695428 -0.697431 0.173118
    0.367203 -0.896680 0.247239
    0.600910 -0.785452 0.148232
    0.995049 -0.094992 -0.029231
    0.727347 -0.686097 0.015373
    0.693748 -0.720218 -0.000449
    0.995691 -0.085315 0.036353
    -0.221929 -0.957550 0.183970
    -0.121810 -0.982580 0.140355
    -0.029822 -0.999360 0.019736
    -0.979691 -0.131322 -0.151524
    -0.999056 -0.023980 -0.036226
    -0.946006 -0.299564 -0.123834
    -0.541600 -0.776888 -0.321116
    -0.561900 -0.807092 -0.181304
    -0.533788 -0.821363 -0.201080
    0.180334 -0.921327 -0.344436
    0.824304 -0.552450 -0.123780
    0.721383 -0.692531 -0.002787
    0.089018 -0.981999 -0.166591
    0.236928 -0.929550 -0.282492
    0.877336 -0.424375 -0.224024
    -0.813261 0.557786 0.165776
    -0.308890 0.945912 0.099185
    0.311961 -0.942246 0.121872
    0.285016 -0.954017 -0.092831
    0.969885 -0.209034 -0.125008
    0.980953 -0.173293 -0.087748
    0.999787 -0.007659 0.019189
    0.965558 0.239867 0.100806
    -0.913331 0.389981 0.117225
    0.918153 -0.384453 -0.095869
    0.373258 -0.904535 0.206142
    0.542152 -0.834658 0.097040
    -0.307590 -0.942219 0.132707
    -0.951307 -0.305690 0.039600
    -0.955779 0.293227 0.022475
    -0.732779 -0.673923 -0.094141
    -0.771945 -0.631617 0.071840
    -0.777587 -0.603606 0.176120
    -0.971171 -0.153926 0.182026
    0.000066 -0.995110 -0.098776
    0.000062 -0.867342 -0.497712
    0.552620 -0.831480 -0.057020
    -0.903862 0.279284 -0.324090
    0.992150 0.101817 0.072608
    0.678027 0.282239 -0.678691
    0.064458 0.495836 0.866020
    0.874432 -0.232780 0.425655
    0.816778 -0.004930 0.576931
    0.147604 0.466868 -0.871922
    -0.485208 -0.477751 -0.732344
    0.489802 0.299336 -0.818836
    0.413416 0.187639 -0.890999
    0.608089 0.300197 -0.734921
    -0.071730 -0.787510 0.612114
    0.669546 -0.022911 0.742418
    0.763817 0.611977 0.205105
    -0.749007 -0.407164 0.522691
    -0.876847 0.441690 -0.189868
    -0.853235 0.454591 0.255612
    -0.612076 -0.208902 0.762707
    0.171994 -0.644311 0.745172
    -0.862322 0.402854 -0.306774
    -0.360440 0.660228 -0.658925
    -0.636602 -0.377264 0.672615
    -0.547643 -0.301981 0.780317
    0.228120 -0.378195 0.897179
    0.253116 -0.420921 0.871067
    -0.962271 0.231771 -0.142538
    -0.980582 0.051441 -0.189243
    0.165607 -0.128233 0.977819
    -0.297490 0.235526 0.925217
    -0.294699 0.922497 0.249302
    -0.382967 0.841147 0.381848
    -0.429462 0.117726 0.895379
    -0.335740 0.444142 0.830673
    0.087458 -0.731073 0.676670
    0.140225 -0.483523 0.864027
    -0.677117 0.674904 0.293287
    -0.511088 -0.082324 0.855577
    0.128600 -0.783367 0.608110
    0.589614 0.068714 -0.804757
    0.639775 -0.726172 -0.251719
    0.619539 -0.702561 -0.350115
    0.403931 0.104687 -0.908780
    0.714533 0.113766 -0.690290
    0.746864 -0.662444 0.057985
    0.221998 -0.810522 0.542006
    0.655150 -0.648610 -0.387407
    0.477485 0.191632 -0.857488
    0.064364 0.997347 -0.034003
    0.061976 0.583944 0.809425
    -0.015419 -0.137979 0.990315
    0.084659 -0.146454 0.985588
    0.256703 0.877942 -0.404131
    0.552209 0.689900 0.468085
    0.550948 -0.179672 0.814969
    0.177626 0.006198 0.984078
    0.126560 -0.049947 0.990701
    0.149357 -0.845333 -0.512936
    0.220492 -0.684672 0.694700
    0.133887 -0.915460 -0.379484
    0.050668 0.150472 -0.987315
    0.128783 0.695127 -0.707258
    0.160957 0.648643 -0.743879
    0.143077 0.640067 -0.754880
    0.152529 0.466511 -0.871265
    0.177523 0.137490 -0.974465
    -0.075896 -0.080366 0.993872
    0.063260 -0.754965 -0.652707
    0.140707 -0.939507 0.312295
    0.210956 -0.120559 0.970033
    -0.074803 0.149599 -0.985913
    -0.016145 0.924969 -0.379700
    0.082169 -0.807382 -0.584279
    -0.034829 -0.671860 -0.739859
    -0.077373 -0.284688 0.955493
    -0.192072 -0.239480 0.951713
    0.032621 -0.115267 0.992799
    0.109741 0.880407 -0.461346
    -0.228252 0.789097 -0.570286
    0.210267 0.830923 -0.515125
    -0.619601 0.454813 0.639719
    0.179481 0.156828 0.971181
    -0.344550 0.085491 0.934867
    -0.029376 0.644664 -0.763901
    -0.493332 0.704734 -0.509876
    -0.355132 0.016583 0.934669
    0.443581 0.572751 -0.689342
    0.511330 0.655043 0.556291
    0.467099 -0.082195 0.880376
    -0.264091 0.950804 -0.161952
    0.180683 0.765656 -0.617353
    -0.431987 0.495173 0.753785
    0.722261 -0.145678 0.676104
    0.415679 -0.868275 0.270758
    0.025811 -0.750962 -0.659840
    0.095254 -0.477387 -0.873515
    0.026614 -0.960810 0.275926
    0.003456 -0.723425 -0.690394
    0.025287 0.091854 -0.995451
    0.079475 0.276250 -0.957794
    -0.063605 -0.165337 -0.984184
    0.679393 -0.168032 0.714276
    0.419064 -0.322697 0.848677
    0.221587 -0.974062 0.045864
    0.786871 -0.510206 0.347165
    0.539331 -0.024145 0.841748
    0.362850 -0.148048 0.920012
    0.107634 -0.724876 -0.680419
    0.117167 -0.227459 -0.966713
    0.209866 0.148378 -0.966406
    -0.031401 0.138583 -0.989853
    0.402067 -0.128568 0.906539
    0.367578 -0.147980 0.918144
    0.114234 0.690699 0.714063
    0.093239 -0.160857 0.982564
    0.199390 0.820962 0.535038
    0.015726 -0.902120 0.431199
    0.047306 -0.803087 0.593980
    0.155058 0.872008 -0.464284
    0.002213 -0.878039 0.478584
    -0.008980 -0.767813 -0.640611
    0.015467 -0.804801 -0.593343
    -0.017488 -0.830315 0.557020
    -0.053379 0.153287 -0.986739
    0.057695 0.223615 -0.972968
    0.063215 -0.357877 0.931626
    0.164103 -0.366058 0.916009
    0.090054 0.428802 0.898899
    0.124603 0.490661 0.862396
    -0.240504 -0.006359 0.970627
    0.764464 0.111667 0.634921
    -0.963746 0.002614 0.266808
    -0.944371 -0.000309 0.328883
    -0.936782 -0.076066 0.341545
    -0.079246 -0.247135 0.965735
    0.804071 -0.219159 0.552666
    -0.063863 -0.153366 0.986104
    -0.854297 0.158802 -0.494933
    -0.911134 0.106412 -0.398136
    -0.221550 0.346297 -0.911589
    -0.423279 0.459170 -0.781024
    -0.836155 0.173168 -0.520440
    -0.960353 0.137644 0.242438
    -0.796381 0.191374 -0.573718
    -0.944826 -0.180031 0.273663
    -0.091305 0.480994 -0.871956
    0.041189 0.373205 -0.926834
    0.136972 0.407477 -0.902885
    0.086267 0.605754 -0.790961
    0.948181 0.175323 -0.264981
    0.774739 -0.192964 0.602117
    -0.173949 -0.366356 0.914071
    -0.278541 0.205875 0.938099
    -0.939919 -0.083337 0.331069
    -0.772795 0.351275 -0.528577
    0.780374 0.285410 0.556379
    0.869991 0.396220 -0.293471
    -0.245044 0.318051 -0.915859
    0.010044 0.293134 -0.956019
    0.770507 0.405419 -0.491889
    0.902640 0.045762 -0.427956
    0.914696 0.233566 -0.329816
    -0.018516 -0.085133 0.996198
    -0.033056 0.052534 0.998072
    0.000151 0.179639 0.983733
    -0.734607 0.503804 -0.454461
    -0.797126 0.134075 -0.588740
    -0.706592 0.282550 0.648763
    0.539466 0.393296 0.744510
    -0.071246 0.492192 0.867566
    0.333309 0.491258 0.804718
    0.462159 0.182812 0.867749
    0.456162 0.519657 0.722407
    0.548649 0.006155 0.836030
    0.653593 0.712816 0.254383
    0.124858 0.772881 -0.622145
    0.013611 0.627379 -0.778595
    -0.019872 0.644290 -0.764523
    -0.079678 0.591087 -0.802662
    -0.599884 0.132719 0.789002
    -0.178285 0.047825 0.982816
    -0.057992 0.961790 -0.267574
    -0.018387 0.757210 0.652912
    -0.117473 0.709094 0.695260
    0.025720 0.915054 -0.402510
    0.087651 0.127307 -0.987983
    -0.047450 0.127318 -0.990726
    -0.032668 0.766915 0.640917
    0.029046 0.880790 -0.472616
    -0.031126 0.058161 -0.997822
    0.000170 -0.091531 0.995802
    -0.094661 -0.139020 0.985755
    -0.041043 -0.058406 0.997449
    -0.101678 -0.739942 0.664941
    -0.624139 -0.747366 -0.227805
    -0.152372 -0.750836 0.642673
    0.408737 -0.003968 0.912643
    -0.618773 -0.741858 -0.258392
    0.087875 0.846578 -0.524962
    0.039989 0.909755 -0.413215
    -0.492147 0.260049 -0.830762
    -0.518379 0.135226 -0.844392
    0.572567 0.738250 0.356587
    0.490842 0.784668 0.378642
    -0.403734 0.317247 -0.858110
    -0.414015 0.748266 0.518353
    -0.457485 0.792941 -0.402433
    -0.787637 0.085109 -0.610234
    -0.698295 0.052887 0.713854
    -0.526026 -0.673818 0.518908
    -0.227267 0.031530 0.973322
    -0.207399 -0.820705 0.532381
    -0.639488 -0.503550 0.580942
    -0.724519 -0.589458 -0.357227
    -0.660015 0.466104 -0.589176
    -0.460113 -0.145174 -0.875911
    -0.144571 -0.194402 -0.970210
    -0.187730 0.560277 -0.806751
    -0.264724 0.856860 -0.442394
    -0.014272 0.018741 -0.999723
    0.058663 -0.193703 -0.979305
    -0.087420 0.217543 -0.972128
    -0.525505 0.738275 0.422842
    -0.039856 -0.768256 -0.638900
    -0.061094 -0.770693 -0.634272
    -0.077116 -0.775019 -0.627215
    -0.214327 0.072207 -0.974089
    -0.064824 0.099258 -0.992948
    -0.097202 -0.802726 -0.588373
    -0.059135 0.883795 -0.464123
    -0.125095 -0.739558 -0.661366
    -0.046976 0.328819 -0.943224
    -0.006255 0.252675 -0.967531
    -0.103670 0.187546 -0.976770
    -0.273335 0.447898 -0.851278
    -0.252419 0.951191 -0.177542
    0.078869 0.989712 -0.119373
    -0.820020 0.143673 0.554008
    -0.352182 0.669135 0.654390
    0.022725 0.621175 0.783342
    -0.077971 -0.661457 0.745919
    0.045428 -0.995001 -0.088937
    -0.065416 0.240225 0.968511
    -0.293069 -0.547353 0.783910
    -0.370097 -0.927094 -0.059373
    -0.238265 0.421801 0.874822
    -0.781394 -0.145688 0.606793
    -0.569286 -0.104103 0.815522
    -0.733838 -0.089592 0.673391
    -0.387364 -0.170250 0.906070
    -0.451959 -0.025083 0.891686
    -0.374214 -0.029377 0.926877
    -0.425477 -0.175545 0.887780
    -0.057328 0.729419 -0.681660
    -0.061988 0.986543 0.151295
    -0.011088 0.961981 0.272891
    0.032353 0.701980 -0.711461
    0.166164 0.609947 -0.774825
    0.090376 -0.342688 -0.935092
    -0.224060 -0.297546 -0.928043
    -0.057873 -0.116919 -0.991454
    -0.193602 0.894336 -0.403338
    -0.106286 -0.504414 -0.856895
    0.046739 -0.428429 -0.902366
    -0.079748 0.775656 0.626098
    -0.708854 -0.136038 0.692112
    -0.053225 -0.815130 0.576827
    -0.036924 -0.794822 0.605718
    -0.037074 -0.004317 0.999303
    -0.046631 -0.828787 0.557617
    -0.512599 -0.679080 -0.525446
    -0.060624 -0.876943 0.476755
    0.005102 0.017686 0.999830
    -0.195265 -0.867152 0.458169
    -0.809480 -0.520521 -0.271660
    -0.631839 -0.445892 0.634003
    -0.065949 -0.018620 0.997649
    -0.073262 -0.819263 0.568718
    -0.075980 0.996147 0.043792
    0.040470 0.992051 0.119150
    -0.050193 0.525104 -0.849557
    0.027123 0.308760 0.950753
    -0.148109 0.583429 -0.798545
    -0.125534 0.984372 -0.123500
    -0.374762 0.926704 -0.027826
    -0.018303 0.628949 -0.777231
    -0.012877 -0.768876 -0.639268
    -0.405982 -0.873664 0.268120
    -0.052067 -0.941109 0.334069
    -0.407850 -0.144468 0.901547
    -0.460966 0.068526 -0.884768
    -0.805962 -0.114478 0.580793
    -0.786502 -0.033780 -0.616664
    -0.833534 -0.271071 0.481396
    -0.015331 0.461425 -0.887047
    -0.001562 0.482159 -0.876082
    -0.534083 0.345247 -0.771726
    -0.938233 0.003746 -0.345984
    -0.615868 0.159959 -0.771440
    -0.912578 -0.133273 -0.386574
    -0.669391 0.605602 -0.430304
    -0.854966 0.282219 0.435184
    -0.717933 0.447304 0.533377
    0.753801 -0.147962 0.640228
    0.564186 0.247332 0.787732
    0.734533 0.677359 -0.040575
    -0.008874 -0.451672 -0.892140
    0.039285 -0.508691 -0.860052
    -0.007821 -0.838997 -0.544080
    0.148283 -0.869322 -0.471477
    -0.360992 0.272008 -0.892018
    -0.106991 -0.228666 0.967608
    0.017128 0.344817 -0.938514
    -0.024933 -0.896940 0.441448
    0.658331 0.579848 0.479975
    0.219022 0.362751 0.905782
    0.219422 0.975513 0.015149
    0.317429 0.939063 -0.131909
    0.226085 0.970426 0.084616
    0.362013 0.727364 0.582999
    -0.152002 0.959853 0.235750
    -0.275429 0.629075 0.726914
    -0.418916 0.421053 0.804502
    -0.429101 0.870486 0.241096
    0.001444 -0.283447 -0.958987
    -0.066009 -0.744803 0.664011
    -0.290556 -0.582128 0.759411
    0.140797 0.184397 -0.972715
    -0.115634 -0.627092 -0.770314
    -0.145237 0.332339 0.931910
    0.013906 -0.154195 0.987943
    -0.111002 -0.009141 0.993778
    -0.054896 0.262329 0.963416
    -0.066338 -0.506539 0.859661
    0.039753 -0.625735 0.779022
    -0.012043 0.018140 0.999763
    0.290130 -0.522740 0.801603
    -0.054604 -0.979525 0.193775
    -0.532947 0.733186 0.422381
    -0.435563 0.132785 0.890311
    0.362378 0.026127 0.931665
    0.508327 0.149047 0.848168
    0.110745 -0.249093 0.962127
    0.582224 0.726482 0.365019
    0.539632 0.455858 0.707807
    0.209926 0.054206 0.976214
    0.492255 0.859897 0.135135
    -0.162510 -0.544728 0.822716
    -0.079231 -0.566031 0.820568
    -0.234634 -0.948934 -0.210880
    -0.292355 -0.950092 -0.108879
    -0.078746 -0.611075 -0.787646
    -0.104869 -0.477891 -0.872137
    -0.004037 -0.079565 -0.996822
    0.008856 -0.012890 -0.999878
    -0.045730 -0.420411 -0.906181
    -0.176890 0.088595 -0.980235
    -0.042393 -0.102895 -0.993788
    -0.031464 0.419195 -0.907351
    -0.039952 -0.137998 -0.989627
    0.012141 -0.637933 -0.769996
    -0.079219 -0.014843 -0.996747
    -0.035423 0.163138 -0.985967
    0.272710 -0.243283 0.930829
    -0.226238 -0.214646 0.950128
    -0.311023 -0.168101 0.935418
    0.101538 -0.538045 0.836778
    0.452372 -0.176322 0.874226
    0.323208 -0.173547 0.930279
    0.368319 -0.097966 0.924523
    0.769235 -0.251217 0.587510
    0.415087 -0.200619 0.887386
    -0.097702 0.060471 0.993377
    -0.035883 0.220246 0.974784
    -0.476913 0.101824 0.873033
    -0.223847 0.092105 0.970262
    -0.091681 0.403166 -0.910523
    -0.165568 0.502398 -0.848636
    0.064021 0.697325 0.713890
    0.441380 0.409922 0.798215
    0.012899 0.998321 0.056479
    0.181415 0.760864 0.623037
    -0.312941 -0.942166 0.119964
    -0.374225 -0.904363 0.205141
    -0.539449 -0.836172 0.099053
    -0.355384 -0.926201 -0.125912
    -0.380618 -0.918000 -0.111383
    0.950375 -0.047330 0.307486
    -0.847742 -0.347169 0.401008
    -0.194371 -0.067714 0.978588
    -0.951136 -0.046346 0.305274
    -0.472341 0.082789 0.877519
    0.358519 -0.924350 -0.130544
    0.848157 -0.346840 0.400414
    -0.933401 -0.262915 0.244208
    0.955578 0.293964 0.021349
    -0.970225 -0.209538 -0.121481
    -0.981183 -0.173349 -0.085029
    -0.906443 0.401354 -0.131438
    -0.423792 0.901412 -0.088634
    -0.999755 -0.008622 0.020402
    -0.445719 0.619760 -0.645935
    -0.965796 0.239472 0.099456
    -0.635647 -0.771305 -0.032279
    -0.913377 -0.185593 -0.362349
    -0.823142 -0.290546 0.487873
    -0.129695 -0.139880 0.981638
    -0.224959 -0.070048 0.971847
    -0.910888 -0.193229 -0.364616
    0.910539 0.250299 -0.329041
    0.387318 0.177251 0.904747
    0.261660 -0.002938 0.965156
    0.475164 0.078214 0.876414
    -0.587848 -0.255734 0.767486
    0.598827 -0.244828 0.762539
    0.988182 -0.062866 -0.139801
    0.717266 0.243269 -0.652954
    0.344794 0.519393 -0.781888
    0.130339 -0.147089 0.980498
    -0.389773 0.181737 0.902800
    0.195797 -0.068004 0.978284
    -0.131059 -0.157256 0.978823
    -0.271488 0.000910 0.962442
    0.137280 -0.133619 0.981479
    0.222819 -0.071534 0.972232
    -0.047248 -0.158837 0.986174
    0.070346 -0.164513 0.983863
    0.721680 0.089109 -0.686468
    0.924664 -0.176255 -0.337536
    0.927715 -0.103859 -0.358551
    0.599306 0.273476 -0.752358
    0.916039 -0.190946 -0.352722
    0.918732 0.365359 0.149813
    0.598194 0.801329 0.005934
    0.505507 0.858336 0.087869
    -0.428378 0.903203 0.026765
    0.833773 0.529369 0.156813
    0.279191 0.955281 0.097422
    -0.524707 0.848676 0.066574
    -0.991768 -0.117632 0.050592
    -0.903873 0.427431 0.017777
    -0.959183 -0.227984 0.167305
    -0.908959 0.404818 0.099578
    -0.041267 0.317468 0.947371
    0.154096 0.428309 -0.890396
    -0.128218 0.537975 -0.833152
    0.269062 0.288579 -0.918873
    -0.496128 0.726672 0.475190
    -0.015438 0.972526 0.232281
    -0.322499 -0.921348 -0.217054
    0.493420 0.505364 -0.707915
    -0.495825 0.612601 -0.615530
    -0.007784 -0.510449 -0.859873
    0.950721 0.179022 0.253141
    0.961448 0.225920 0.156776
    -0.060622 0.790825 0.609033
    0.188701 0.881289 0.433269
    0.552554 0.829895 0.077192
    0.593629 -0.470528 0.652845
    0.424451 -0.775372 0.467589
    0.508384 0.344213 -0.789344
    0.512558 -0.374460 -0.772700
    -0.910650 0.157633 0.381926
    0.784287 0.545635 0.295256
    -0.840151 -0.013081 0.542194
    0.020536 0.952951 0.302429
    0.149405 0.813845 -0.561546
    0.178074 -0.516461 0.837591
    -0.055799 -0.283189 0.957440
    -0.070622 0.097151 -0.992761
    -0.028712 -0.375636 -0.926322
    0.053780 -0.174093 0.983260
    -0.323824 0.435819 -0.839762
    -0.705705 0.058895 -0.706053
    0.735533 0.674061 0.068069
    0.623512 0.779615 -0.058590
    0.403321 0.915033 -0.006826
    0.551579 0.832754 0.047770
    0.921915 0.327339 0.207175
    -0.005502 0.333337 0.942792
    -0.001845 0.890011 0.455936
    0.260429 0.737099 0.623588
    0.476198 0.851150 0.220862
    0.618614 0.691086 0.373786
    0.652551 0.726916 0.213939
    -0.536865 0.645654 -0.543053
    0.556505 0.747162 0.363389
    0.638089 0.632520 0.439045
    0.660712 0.656579 0.363818
    0.611395 0.727057 0.312386
    0.763624 0.548654 0.340377
    0.832255 -0.482901 0.272321
    0.563791 -0.462178 -0.684494
    0.616710 0.188359 -0.764323
    0.311167 -0.876571 -0.367150
    0.321214 -0.908889 -0.265975
    0.207385 -0.943393 0.258848
    0.414680 -0.826940 0.379751
    0.008680 -0.720658 0.693236
    0.901380 0.417277 0.115730
    -0.600149 -0.785956 0.148641
    0.221823 -0.957563 0.184030
    0.763740 0.638139 0.097364
    -0.936584 -0.332215 0.111551
    -0.922384 0.326022 0.207167
    -0.745547 0.627437 -0.224681
    -0.693901 0.667475 -0.270146
    -0.126641 0.954060 -0.271536
    -0.117063 0.972775 0.200013
    -0.886153 -0.461737 -0.039142
    -0.653091 0.703692 0.279802
    -0.267570 0.816369 0.511808
    -0.434304 0.692816 -0.575661
    -0.635483 0.135563 -0.760121
    -0.559927 -0.503744 -0.657817
    0.002739 -0.286271 -0.958145
    0.202381 0.491877 0.846817
    -0.140101 0.339013 0.930291
    -0.039152 -0.820908 -0.569717
    -0.154101 -0.417924 0.895317
    -0.033243 -0.616887 -0.786349
    -0.528648 -0.716926 -0.454475
    -0.764571 0.644041 0.025350
    -0.998490 0.054357 0.007942
    0.859380 0.490695 0.143821
    0.795233 0.574852 0.192742
    0.742275 0.631757 0.223406
    0.992180 -0.046499 0.115832
    0.990425 0.041190 0.131762
    -0.992531 0.066742 0.102118
    -0.614516 -0.788605 0.021707
    0.639648 -0.767861 -0.035205
    -0.306966 -0.950710 0.043831
    0.922120 0.173027 -0.346059
    0.108023 -0.123569 0.986439
    0.819245 0.252769 0.514729
    0.522236 0.617446 -0.588243
    0.614448 -0.274892 0.739519
    0.719929 0.499420 -0.481956
    0.005699 0.710776 0.703395
    0.238008 0.857719 -0.455709
    0.182273 0.018011 0.983083
    0.111323 -0.931814 -0.345443
    0.141838 0.125759 -0.981869
    0.290048 0.333763 -0.896925
    0.144432 -0.521954 -0.840656
    -0.330427 -0.185192 0.925485
    -0.566170 0.677469 0.469561
    -0.177313 0.879515 -0.441604
    0.224590 0.477443 -0.849475
    0.209743 0.662596 -0.719009
    0.112832 0.540256 0.833902
    0.177856 -0.229479 0.956926
    0.047770 -0.249897 0.967093
    -0.322307 -0.004305 0.946625
    -0.765536 0.055072 -0.641032
    0.057064 0.363306 0.929920
    -0.073850 0.799107 0.596636
    -0.022706 -0.735591 -0.677045
    0.038197 -0.684138 -0.728351
    -0.081228 -0.818321 -0.568994
    -0.048528 -0.755865 -0.652926
    0.191705 -0.964743 -0.180333
    -0.587240 -0.174536 0.790371
    -0.849753 0.033431 0.526120
    -0.054650 -0.843060 -0.535035
    0.007274 -0.801224 -0.598320
    0.045010 0.075836 -0.996104
    0.041829 0.118264 -0.992101
    -0.104193 0.186245 -0.976963
    0.005513 -0.894093 0.447848
    0.763952 0.507323 0.398749
    0.640626 0.617434 0.456480
    0.871221 -0.490776 0.010667
    0.404804 -0.833622 0.375776
    0.071001 -0.964477 0.254445
    0.087785 -0.658011 -0.747874
    0.274161 -0.957228 -0.092469
    0.931801 -0.266449 0.246480
    0.832430 -0.277929 0.479390
    0.552662 0.437230 0.709503
    -0.006156 0.815406 0.578857
    -0.558605 0.435079 0.706163
    -0.007173 0.094167 0.995531
    -0.001401 0.999552 0.029881
    0.996355 0.060202 0.060440
    -0.996499 0.059735 0.058500
    0.002107 -0.999958 0.008949
    -0.824852 0.000740 0.565349
    -0.004063 0.811794 0.583929
    0.822078 -0.000356 0.569374
    0.000417 -0.802467 0.596697
    0.529574 0.186287 -0.827556
    0.529574 0.186287 -0.827556
    0.476029 0.646904 -0.595744
    0.491265 0.593172 -0.637813
    0.370525 0.862416 -0.344890
    0.386592 0.840239 -0.380190
    0.250821 0.961967 -0.108205
    0.279017 0.946936 -0.159565
    0.175841 0.984158 0.022670
    0.175841 0.984158 0.022670
    0.928852 0.185856 -0.320454
    0.995898 0.042839 -0.079694
    0.971270 0.233134 -0.047788
    0.885841 0.435084 -0.161210
    0.698524 0.332809 -0.633484
    0.714484 0.588449 -0.378471
    0.472866 0.397499 -0.786379
    0.500280 0.633394 -0.590366
    0.531486 0.406929 -0.742921
    0.503459 0.674507 -0.539972
    0.324940 0.704864 -0.630540
    0.400054 0.421844 -0.813637
    -0.383695 0.400808 -0.831944
    0.015916 0.427640 -0.903809
    -0.060702 0.746814 -0.662257
    -0.404605 0.743134 -0.532961
    -0.710792 0.319723 -0.626540
    -0.679082 0.672506 -0.294250
    -0.909966 0.190220 -0.368481
    -0.805609 0.567487 -0.170156
    -0.976845 -0.005068 -0.213888
    -0.892673 0.403216 -0.201373
    0.672153 -0.615470 -0.411590
    0.913824 -0.299987 -0.273741
    0.853779 -0.136711 -0.502366
    0.640573 -0.467815 -0.608946
    0.653694 0.078793 -0.752645
    0.541330 -0.247356 -0.803602
    0.388257 0.169516 -0.905826
    0.443156 0.146447 -0.884402
    0.256200 -0.188753 -0.948016
    0.285463 -0.110425 -0.952007
    0.371891 -0.166764 -0.913174
    0.423379 0.077455 -0.902636
    0.069867 0.068704 -0.995188
    0.080206 -0.292567 -0.952875
    -0.313574 0.038268 -0.948792
    -0.198037 -0.346948 -0.916738
    -0.622301 -0.064947 -0.780079
    -0.461585 -0.363163 -0.809353
    -0.820760 -0.229257 -0.523254
    -0.564789 -0.538357 -0.625448
    -0.876935 -0.385605 -0.286870
    -0.616086 -0.714554 -0.331436
    0.902265 0.408137 -0.139078
    0.793352 0.604469 -0.072179
    0.587685 0.805497 0.076167
    0.414659 0.907168 -0.071445
    0.398039 0.897373 -0.190490
    -0.136729 0.911595 -0.387686
    0.244447 0.895825 -0.371139
    -0.396038 0.887186 -0.236757
    -0.605825 0.789611 -0.097420
    -0.714573 0.681992 -0.155797
    -0.757391 0.599590 -0.258557
    -0.192290 -0.892205 -0.408649
    -0.157730 -0.665763 -0.729301
    0.077810 -0.884940 -0.459159
    0.069605 -0.646879 -0.759410
    0.281987 -0.652434 -0.703430
    0.325647 -0.815099 -0.479133
    -0.974342 0.177030 -0.138988
    -0.985225 -0.132464 -0.108555
    0.997504 0.004588 0.070456
    0.999748 -0.021953 0.004648
    -0.878586 -0.451565 -0.155484
    -0.584181 -0.779716 -0.225333
    0.685965 -0.720555 -0.101258
    0.938430 -0.344394 -0.027240
    -0.756101 0.635563 -0.156111
    -0.193022 -0.954877 -0.225725
    0.107979 -0.978077 -0.178063
    0.406971 -0.904373 -0.128391
    0.964443 0.261382 0.039094
    -0.971632 -0.092223 -0.217775
    -0.984247 -0.157118 -0.081063
    -0.990662 0.128381 -0.045900
    -0.980213 0.154470 -0.123777
    0.983177 0.130803 -0.127489
    0.965751 -0.182843 -0.184102
    0.903989 -0.170211 -0.392215
    0.933695 0.274861 -0.229488
    -0.552138 -0.833600 -0.015946
    -0.899490 -0.432147 -0.064543
    -0.879133 -0.403421 -0.253724
    -0.531760 -0.828948 -0.173428
    0.722083 -0.544283 -0.427028
    0.845608 -0.527020 -0.084828
    0.643480 -0.759410 -0.096069
    0.551190 -0.746409 -0.372911
    -0.655612 0.752581 0.061602
    -0.789414 0.613811 -0.007934
    -0.091144 -0.995758 -0.012637
    -0.199315 -0.971886 -0.125346
    0.240230 -0.968464 -0.066089
    0.131632 -0.975197 -0.177944
    0.319390 -0.912909 -0.254139
    0.457093 -0.881483 -0.118545
    0.762495 0.646947 0.007769
    0.753412 0.651361 -0.089996
    0.473998 0.880097 -0.027479
    0.520170 0.843599 0.133281
    0.515295 0.852608 -0.086782
    0.446309 0.892699 0.062423
    -0.433273 0.850037 -0.299518
    -0.266467 0.961958 -0.060266
    -0.063849 0.986560 0.150406
    -0.111684 0.993742 -0.001883
    -0.922453 -0.108704 -0.370493
    -0.945011 -0.048676 -0.323396
    -0.894561 0.301733 -0.329724
    -0.758643 0.349878 -0.549588
    -0.959304 -0.050009 -0.277914
    -0.958789 0.248489 -0.137755
    -0.992695 0.110180 -0.049166
    -0.985186 -0.165550 -0.044733
    0.973159 0.173387 -0.151325
    0.965041 -0.164444 -0.204094
    0.976878 -0.120674 -0.176483
    0.984382 0.165864 -0.059009
    0.948923 0.217591 -0.228473
    0.944573 -0.160481 -0.286403
    0.994718 -0.084049 0.058915
    0.997169 -0.073710 0.014875
    -0.470505 -0.874903 -0.114760
    -0.826707 -0.522126 -0.209621
    -0.823321 -0.567206 -0.020460
    -0.574409 -0.798420 0.180499
    -0.460997 -0.836791 -0.295402
    -0.835104 -0.442451 -0.326862
    -0.876173 -0.472081 -0.097264
    -0.515226 -0.835599 -0.190572
    0.821500 -0.540593 -0.181373
    0.751850 -0.586730 -0.300783
    0.423693 -0.877840 -0.223340
    0.491409 -0.870872 -0.009971
    0.716813 -0.571038 -0.400119
    0.427152 -0.816343 -0.388748
    0.645702 -0.759803 0.075948
    0.918613 -0.376879 0.118793
    -0.784078 0.533419 -0.317308
    -0.651621 0.517742 -0.554377
    -0.724680 0.682579 -0.094476
    -0.687485 0.725225 0.037578
    -0.185836 -0.982499 0.012640
    -0.239952 -0.945329 0.220854
    -0.072911 -0.966415 -0.246429
    -0.076053 -0.981286 -0.176901
    0.076561 -0.996772 0.024175
    0.052342 -0.982536 0.178562
    0.073028 -0.972677 -0.220377
    0.236027 -0.969752 -0.062224
    0.208886 -0.970253 0.122375
    0.120967 -0.986860 -0.107115
    0.122753 -0.948337 -0.292556
    0.451904 -0.891394 0.034643
    0.884809 0.428829 -0.182257
    0.914457 0.404499 0.012203
    0.824743 0.518255 -0.226299
    0.921094 0.369570 0.122488
    0.829227 0.558826 0.009812
    0.751833 0.643627 -0.143149
    0.616572 0.742053 -0.263053
    0.492567 0.864691 0.098421
    -0.110975 0.985504 0.128324
    -0.572075 0.738639 -0.356571
    -0.614786 0.573801 -0.541102
    -0.322478 0.934152 -0.152864
    0.249439 0.692122 -0.677309
    0.271051 0.691549 -0.669546
    0.555969 0.638917 -0.531679
    0.601370 0.622152 -0.501280
    0.798211 0.489660 -0.350845
    0.782620 0.504265 -0.364997
    0.999500 0.027867 -0.014968
    0.951142 0.259615 -0.167120
    0.963743 0.225493 -0.142660
    0.999985 -0.003069 -0.004649
    0.994052 -0.104877 0.029352
    0.994052 -0.104877 0.029352
    -0.324605 0.581822 -0.745731
    -0.324605 0.581822 -0.745731
    -0.000000 1.000000 -0.000005
    -0.000003 0.689423 -0.724359
    0.425800 0.689387 -0.586037
    0.688948 0.689384 -0.223831
    0.688903 0.689420 0.223858
    0.425778 0.689380 0.586062
    -0.000013 0.689376 0.724404
    -0.425801 0.689377 0.586049
    -0.688913 0.689418 0.223834
    -0.688904 0.689424 -0.223844
    -0.425820 0.689426 -0.585977
    -0.000001 0.257278 -0.966338
    0.568001 0.257281 -0.781781
    0.919043 0.257278 -0.298611
    0.919041 0.257276 0.298617
    0.567999 0.257274 0.781785
    -0.000004 0.257268 0.966340
    -0.567994 0.257270 0.781790
    -0.919046 0.257274 0.298603
    -0.919040 0.257280 -0.298618
    -0.568012 0.257281 -0.781773
    0.000000 0.000000 -1.000000
    0.587786 0.000000 -0.809017
    0.951057 0.000000 -0.309016
    0.951055 0.000004 0.309023
    0.587784 0.000004 0.809018
    0.000000 0.000000 1.000000
    -0.587784 0.000007 0.809018
    -0.951055 0.000007 0.309022
    -0.951056 -0.000000 -0.309017
    -0.587785 0.000000 -0.809017
    -0.604810 0.795849 0.028775
    -0.583974 0.811008 0.035213
    -0.000005 0.992244 0.124306
    -0.000004 0.992244 0.124306
    0.604807 0.795852 0.028775
    0.584012 0.810982 0.035199
    -0.797030 0.602619 -0.039915
    -0.797030 0.602619 -0.039915
    0.797028 0.602621 -0.039915
    0.797028 0.602621 -0.039915
    -0.590305 0.712970 0.378437
    -0.590305 0.712970 0.378437
    -0.337789 0.823231 0.456277
    -0.396218 0.804626 0.442254
    0.003964 0.868219 0.496165
    0.001914 0.868248 0.496127
    0.589841 0.705857 0.392242
    0.396018 0.798676 0.453085
    0.340356 0.816910 0.465636
    0.589841 0.705857 0.392242
    -0.957842 0.254273 0.133730
    -0.957842 0.254273 0.133730
    -0.957842 0.254273 0.133730
    -0.957842 0.254273 0.133730
    -0.894234 0.438248 -0.091023
    -0.966296 0.224491 -0.125997
    -0.910654 0.106104 -0.399314
    -0.780322 0.494818 -0.382431
    -0.652914 0.756860 0.029438
    -0.446587 0.406037 0.797304
    -0.219140 -0.483340 0.847562
    -0.929353 0.293399 0.224099
    -0.929353 0.293399 0.224099
    -0.929353 0.293399 0.224099
    0.936241 0.019279 0.350829
    0.798579 -0.493654 0.344351
    0.710855 -0.400183 -0.578393
    0.893832 -0.099106 -0.437313
    0.989144 0.040126 0.141364
    0.828811 -0.557065 0.052459
    0.855510 -0.513455 -0.066825
    -0.499955 -0.864244 -0.055917
    0.998724 -0.018115 -0.047148
    0.957842 0.254274 0.133730
    0.957842 0.254274 0.133730
    0.957842 0.254274 0.133730
    0.957842 0.254274 0.133730
    0.894736 0.436227 -0.095671
    0.769398 0.486523 -0.413910
    0.902039 0.121511 -0.414200
    0.962642 0.237113 -0.130761
    0.929351 0.293405 0.224098
    0.929351 0.293405 0.224098
    0.929351 0.293405 0.224098
    0.652913 0.756861 0.029427
    0.219158 -0.483331 0.847561
    0.449336 0.406683 0.795428
    -0.936225 0.019262 0.350872
    -0.798578 -0.493649 0.344360
    -0.687213 -0.393037 -0.610949
    -0.880236 -0.081940 -0.467409
    -0.985346 0.062666 0.158636
    -0.825249 -0.561767 0.058161
    -0.855512 -0.513456 -0.066806
    0.499955 -0.864244 -0.055917
    -0.998723 -0.018115 -0.047154
    -0.591627 0.337948 0.731963
    -0.591627 0.337948 0.731963
    -0.505794 0.370842 0.778876
    -0.436192 0.418863 0.796424
    -0.252659 0.720808 0.645445
    -0.237633 0.526176 0.816498
    -0.200895 0.846033 0.493832
    -0.106139 0.681238 0.724327
    -0.726083 0.369058 0.580172
    -0.459877 0.704478 0.540578
    -0.314036 0.584021 0.748533
    -0.577473 0.363231 0.731156
    -0.218482 0.216343 0.951558
    0.058120 0.320336 0.945519
    -0.000224 0.338151 0.941092
    -0.179422 0.296580 0.938002
    -0.000001 1.000000 -0.000004
    -0.425770 0.689426 -0.586014
    0.000013 0.689381 -0.724399
    -0.688908 0.689424 -0.223830
    -0.688945 0.689378 0.223859
    -0.425789 0.689377 0.586057
    0.000003 0.689377 0.724403
    0.425792 0.689379 0.586052
    0.688910 0.689419 0.223840
    0.688906 0.689425 -0.223836
    0.425765 0.689427 -0.586016
    -0.567999 0.257279 -0.781783
    0.000004 0.257275 -0.966338
    -0.919040 0.257278 -0.298620
    -0.919045 0.257274 0.298609
    -0.568001 0.257272 0.781784
    0.000001 0.257269 0.966340
    0.567997 0.257272 0.781787
    0.919043 0.257273 0.298613
    0.919041 0.257279 -0.298615
    0.568003 0.257281 -0.781780
    -0.587785 0.000000 -0.809017
    0.000000 0.000000 -1.000000
    -0.951057 -0.000000 -0.309017
    -0.951055 0.000003 0.309023
    -0.587784 0.000003 0.809018
    -0.000000 0.000000 1.000000
    0.587783 0.000003 0.809018
    0.951055 0.000003 0.309022
    0.951057 -0.000000 -0.309017
    0.587786 0.000000 -0.809017
    0.591618 0.337978 0.731955
    0.436188 0.418869 0.796423
    0.505789 0.370859 0.778872
    0.591618 0.337978 0.731955
    0.252660 0.720805 0.645448
    0.237628 0.526169 0.816504
    0.200870 0.846222 0.493518
    0.106142 0.681234 0.724330
    0.726082 0.369058 0.580173
    0.577471 0.363232 0.731156
    0.314036 0.584020 0.748534
    0.459877 0.704475 0.540581
    0.218484 0.216345 0.951556
    -0.058162 0.320342 0.945515
    0.179422 0.296581 0.938002
    0.000226 0.338163 0.941087
    0.278917 0.727045 -0.627384
    -0.116023 0.746742 -0.654916
    -0.178998 0.738841 -0.649672
    0.278917 0.727045 -0.627384
    -0.564016 0.501653 -0.655919
    -0.836036 0.265164 -0.480345
    -0.831909 0.268919 -0.485397
    -0.496130 0.570100 -0.654859
    -0.931246 0.334525 -0.144479
    -0.932120 0.328059 -0.153396
    -0.795233 0.605747 0.025972
    -0.826410 0.562270 0.029980
    -0.566299 0.764768 -0.307303
    -0.553986 0.783789 -0.280667
    -0.568710 0.799241 -0.194378
    -0.569421 0.766491 -0.297073
    -0.555850 0.829100 -0.060200
    -0.609391 0.792079 0.035405
    -0.608175 0.791908 0.054818
    -0.569211 0.822158 0.007492
    -0.650213 0.758321 0.046603
    -0.650813 0.757837 0.046103
    -0.472915 0.815331 -0.334047
    -0.472915 0.815331 -0.334047
    0.704545 0.126312 -0.698328
    0.704545 0.126312 -0.698328
    0.890307 0.233161 -0.391138
    0.848636 0.205073 -0.487608
    0.934358 0.317693 -0.161387
    0.934093 0.309694 -0.177651
    0.895307 0.443715 -0.039277
    0.894589 0.445249 -0.038257
    0.497845 0.854348 -0.149133
    0.503339 0.854585 -0.127809
    0.613484 0.786231 -0.074007
    0.658098 0.752824 -0.012797
    0.314037 0.786625 -0.531604
    0.322130 0.790611 -0.520736
    0.488258 0.853959 -0.179884
    0.483917 0.853187 -0.194671
    0.821123 0.569616 0.035991
    0.800430 0.597301 0.050434
    0.184658 0.707517 -0.682144
    0.184658 0.707517 -0.682144
    0.394639 0.406021 -0.824262
    0.695184 0.449176 -0.561212
    0.768010 0.514104 -0.381912
    0.381704 0.715329 -0.585326
    0.056641 0.281760 -0.957812
    0.085188 0.714663 -0.694262
    -0.678915 0.193877 -0.708157
    -0.404178 0.148882 -0.902482
    -0.344349 0.642101 -0.684931
    -0.679107 0.563829 -0.470012
    0.260932 0.959274 -0.108201
    0.398750 0.847342 -0.350726
    0.779017 0.606531 -0.158910
    0.676057 0.710720 0.194485
    0.083409 0.988593 -0.125411
    0.088859 0.921080 -0.379098
    -0.266979 0.953425 -0.140369
    -0.657115 0.735205 -0.166355
    -0.651489 0.726763 -0.217662
    -0.294970 0.902012 -0.315225
    -0.814619 0.523119 -0.250484
    -0.817720 0.342924 -0.462317
    -0.768028 0.617835 -0.168560
    -0.777434 0.610740 -0.150313
    0.479806 0.607597 -0.632939
    0.479806 0.607597 -0.632939
    0.589456 0.682314 -0.432423
    0.551812 0.658591 -0.511626
    0.648315 0.695859 -0.308978
    0.656394 0.694967 -0.293544
    0.580297 0.811156 0.072678
    0.663790 0.747820 0.012173
    0.661911 0.749229 0.023014
    0.584029 0.808148 0.076200
    0.315876 0.943963 -0.095690
    0.319828 0.944467 -0.075447
    0.412126 0.910717 -0.027323
    0.399801 0.916123 -0.029618
    0.285057 0.929596 -0.233653
    0.285057 0.929596 -0.233653
    0.233865 0.393628 -0.889024
    0.233865 0.393628 -0.889024
    0.556659 0.631757 -0.539457
    0.553006 0.629538 -0.545771
    0.812109 0.553828 -0.183721
    0.680636 0.623870 -0.384085
    0.689235 0.620654 -0.373823
    0.824730 0.544008 -0.154517
    0.861523 0.506701 -0.032140
    0.857217 0.513932 -0.032437
    0.839085 0.542961 -0.033619
    0.839085 0.542961 -0.033619
    0.632932 0.582910 -0.509523
    0.632932 0.582910 -0.509523
    0.060180 0.809926 -0.583436
    -0.006569 0.816194 -0.577740
    -0.611003 0.678653 -0.407560
    -0.348315 0.776904 -0.524496
    -0.359567 0.773494 -0.521938
    -0.598634 0.683756 -0.417271
    -0.802731 0.564556 -0.192093
    -0.776690 0.585177 -0.233068
    -0.886566 0.462301 -0.016692
    -0.886566 0.462301 -0.016692
    <Indices>: 16224
    0 1 2
    3 4 5
    6 5 7
    8 9 10
    8 10 11
    12 13 14
    15 16 17
    18 19 20
    21 22 23
    24 25 26
    27 28 29
    27 29 30
    31 32 33
    34 35 36
    37 35 38
    38 35 34
    39 40 41
    42 43 44
    45 46 47
    48 49 50
    49 48 51
    52 53 54
    55 56 10
    56 57 10
    58 59 60
    59 61 62
    63 64 65
    66 67 68
    69 66 68
    70 71 72
    73 74 75
    76 77 78
    79 80 81
    82 83 84
    85 86 87
    88 89 90
    91 92 93
    94 95 96
    97 98 99
    100 101 102
    103 104 105
    104 106 105
    107 108 109
    108 107 50
    110 107 109
    107 110 50
    111 112 113
    114 115 116
    36 117 118
    119 120 121
    122 123 124
    122 124 125
    126 127 128
    129 130 131
    132 133 134
    135 136 137
    138 139 140
    141 142 143
    144 145 146
    147 148 149
    150 147 149
    151 152 153
    154 155 156
    157 158 159
    160 161 162
    163 164 165
    166 167 168
    169 170 171
    172 173 174
    173 175 174
    176 177 178
    179 180 176
    179 176 178
    181 182 183
    184 185 186
    187 188 189
    188 190 189
    191 192 193
    194 195 196
    197 198 199
    200 201 202
    203 204 205
    203 206 204
    207 208 209
    210 211 212
    213 214 215
    214 213 216
    217 218 219
    220 221 222
    223 224 225
    226 227 228
    229 230 231
    230 232 231
    233 234 235
    236 237 238
    239 231 232
    226 240 241
    242 241 240
    243 244 245
    246 247 248
    249 250 251
    252 253 254
    255 256 257
    123 258 259
    260 123 259
    127 261 128
    77 262 78
    263 264 265
    266 267 268
    269 270 271
    272 273 274
    275 276 277
    278 279 280
    281 282 280
    283 284 285
    285 284 286
    287 288 289
    290 288 287
    10 291 11
    10 57 291
    292 11 291
    293 294 295
    296 297 295
    298 299 100
    1 100 299
    298 98 299
    300 299 98
    299 300 301
    299 301 1
    302 303 109
    303 302 304
    305 306 42
    307 308 309
    310 307 309
    311 312 313
    314 311 313
    312 315 313
    315 316 313
    317 318 319
    319 318 320
    317 11 318
    317 319 321
    298 322 323
    324 72 325
    326 290 327
    290 328 327
    110 109 303
    108 105 109
    303 329 110
    50 110 48
    329 48 110
    103 330 331
    330 103 105
    304 332 303
    330 105 108
    333 330 108
    333 108 50
    334 335 336
    337 338 336
    37 339 340
    341 342 37
    340 341 37
    343 344 341
    345 343 341
    345 341 340
    38 34 346
    347 348 349
    348 347 350
    351 352 353
    354 351 355
    356 357 117
    358 359 14
    360 361 141
    141 112 360
    362 363 364
    363 255 360
    360 112 363
    361 360 365
    365 360 255
    366 367 333
    368 366 333
    149 148 369
    332 51 48
    180 179 370
    19 18 371
    371 18 372
    373 374 375
    374 373 189
    376 377 378
    377 376 379
    380 189 190
    190 381 380
    175 382 383
    383 174 175
    384 385 386
    387 384 386
    388 386 385
    382 389 383
    390 183 182
    381 391 380
    379 392 393
    394 395 392
    395 396 392
    396 393 392
    397 398 399
    400 399 401
    232 402 239
    239 403 404
    402 405 239
    403 239 405
    405 406 403
    406 407 403
    408 409 234
    410 240 411
    240 410 242
    412 242 410
    413 412 410
    410 414 413
    415 413 414
    416 415 414
    414 417 416
    417 414 236
    418 216 419
    418 404 420
    315 421 316
    421 315 422
    327 328 423
    116 424 425
    426 427 428
    429 430 431
    432 433 434
    435 149 436
    435 437 149
    438 439 440
    441 442 443
    444 445 446
    447 321 448
    449 450 451
    452 453 454
    294 293 455
    74 456 457
    458 459 460
    461 462 463
    464 461 463
    465 466 78
    467 81 468
    469 470 471
    472 473 474
    475 476 477
    478 479 480
    237 236 481
    482 483 484
    485 486 487
    488 489 490
    491 492 493
    494 495 496
    497 498 499
    500 501 502
    503 504 505
    506 507 508
    509 475 477
    510 511 512
    260 259 513
    514 515 516
    517 518 350
    267 519 268
    502 520 521
    522 523 524
    525 526 527
    528 419 529
    530 531 532
    531 533 532
    534 535 536
    537 538 539
    540 541 542
    543 544 545
    546 547 548
    549 550 551
    552 553 400
    554 555 556
    557 558 559
    560 561 562
    563 564 565
    566 567 568
    569 570 571
    572 573 574
    575 576 577
    578 579 580
    581 582 583
    584 585 586
    587 588 589
    590 591 592
    593 594 595
    211 210 596
    597 598 599
    600 601 602
    603 604 605
    606 607 608
    609 551 610
    611 612 394
    539 538 613
    614 615 616
    617 618 619
    620 621 622
    623 624 625
    626 627 628
    628 629 626
    630 371 372
    631 632 388
    385 631 388
    633 634 379
    393 633 379
    635 636 637
    391 638 380
    209 208 639
    640 641 642
    643 416 417
    644 643 417
    645 646 647
    437 150 149
    609 648 649
    650 0 2
    650 2 651
    650 652 101
    650 101 0
    6 653 3
    6 3 5
    653 654 655
    653 655 3
    3 655 656
    3 656 4
    435 657 658
    435 658 437
    659 150 437
    659 437 658
    660 661 658
    660 658 657
    661 662 659
    661 659 658
    663 664 6
    663 6 7
    665 666 667
    665 667 7
    7 5 668
    7 668 665
    7 667 669
    7 669 663
    447 9 8
    447 8 321
    10 9 670
    10 670 55
    451 670 9
    451 9 447
    450 55 670
    450 670 451
    671 441 443
    671 443 672
    672 673 674
    672 674 671
    675 673 672
    675 672 327
    443 326 327
    443 327 672
    676 677 678
    676 678 679
    677 680 681
    677 681 678
    676 442 441
    676 441 677
    441 671 680
    441 680 677
    682 683 684
    682 684 685
    686 685 684
    686 684 687
    688 689 682
    688 682 685
    688 685 686
    688 686 690
    691 692 13
    691 13 12
    693 694 12
    693 12 14
    691 12 694
    691 694 695
    696 273 272
    696 272 697
    698 697 272
    698 272 699
    697 698 700
    697 700 701
    701 702 696
    701 696 697
    703 704 16
    703 16 15
    17 16 705
    17 705 706
    707 705 16
    707 16 704
    708 18 20
    708 20 709
    710 709 20
    710 20 711
    20 19 712
    20 712 713
    713 714 711
    713 711 20
    709 715 716
    709 716 708
    717 715 709
    717 709 710
    718 719 715
    718 715 717
    720 718 717
    720 717 721
    719 718 722
    719 722 723
    718 720 724
    718 724 722
    725 726 727
    725 727 728
    729 730 727
    729 727 726
    723 722 726
    723 726 725
    724 729 726
    724 726 722
    731 732 711
    731 711 714
    727 714 713
    727 713 728
    730 731 714
    730 714 727
    17 733 734
    17 734 15
    735 734 733
    735 733 736
    274 733 17
    274 17 737
    733 274 273
    733 273 736
    738 739 740
    738 740 741
    742 740 739
    742 739 743
    744 745 739
    744 739 738
    745 746 743
    745 743 739
    747 748 749
    747 749 750
    751 752 748
    751 748 747
    753 754 747
    753 747 750
    754 755 751
    754 751 747
    741 756 757
    741 757 738
    758 759 757
    758 757 756
    760 758 756
    760 756 761
    762 761 756
    762 756 741
    763 764 754
    763 754 753
    755 754 764
    755 764 765
    766 767 765
    766 765 764
    768 766 764
    768 764 763
    769 770 771
    769 771 772
    770 769 92
    770 92 91
    773 769 772
    773 772 774
    773 775 92
    773 92 769
    767 776 777
    767 777 778
    779 780 777
    779 777 776
    781 60 779
    781 779 776
    776 767 766
    776 766 781
    782 783 784
    782 784 775
    773 785 782
    773 782 775
    775 784 93
    775 93 92
    786 787 479
    786 479 478
    478 788 789
    478 789 786
    790 791 786
    790 786 789
    787 786 791
    787 791 308
    792 793 794
    792 794 795
    796 797 793
    796 793 792
    797 798 799
    797 799 793
    793 799 800
    793 800 794
    798 801 802
    798 802 799
    803 800 799
    803 799 802
    804 805 802
    804 802 801
    805 806 803
    805 803 802
    807 808 809
    807 809 810
    811 812 810
    811 810 809
    813 807 810
    813 810 814
    814 810 812
    814 812 815
    816 817 818
    816 818 819
    820 817 816
    820 816 821
    817 820 822
    817 822 823
    823 824 818
    823 818 817
    825 23 22
    825 22 826
    827 828 21
    827 21 23
    827 23 825
    827 825 829
    830 831 26
    830 26 25
    832 833 25
    832 25 24
    834 830 25
    834 25 833
    338 28 27
    338 27 30
    835 836 33
    835 33 32
    32 837 838
    32 838 835
    839 837 32
    839 32 31
    36 35 37
    36 37 342
    840 841 39
    840 39 41
    842 41 40
    842 40 843
    844 840 41
    844 41 842
    845 143 142
    845 142 846
    847 848 845
    847 845 846
    849 846 142
    849 142 850
    851 847 846
    851 846 849
    852 853 851
    852 851 854
    855 856 853
    855 853 852
    857 852 854
    857 854 858
    859 855 852
    859 852 857
    860 861 862
    860 862 863
    862 864 865
    862 865 863
    863 865 866
    863 866 867
    867 868 860
    867 860 863
    869 483 870
    869 870 871
    870 872 873
    870 873 871
    872 870 28
    872 28 874
    29 28 870
    29 870 483
    43 875 876
    43 876 44
    44 877 31
    44 31 42
    44 876 878
    44 878 69
    68 877 44
    68 44 69
    879 880 258
    879 258 346
    33 258 880
    33 880 305
    880 879 881
    880 881 882
    880 882 306
    880 306 305
    883 884 885
    883 885 886
    883 886 887
    883 887 888
    68 886 885
    68 885 877
    68 889 887
    68 887 886
    890 891 892
    890 892 893
    893 892 894
    893 894 895
    892 259 836
    892 836 894
    259 892 891
    259 891 513
    896 890 893
    896 893 897
    897 893 895
    897 895 898
    899 900 901
    899 901 683
    514 899 683
    514 683 682
    902 684 683
    902 683 901
    903 904 905
    903 905 906
    350 906 905
    350 905 348
    907 908 906
    907 906 350
    906 908 909
    906 909 903
    910 911 912
    910 912 913
    914 912 911
    914 911 915
    916 915 911
    916 911 917
    917 911 910
    917 910 130
    521 133 132
    521 132 918
    506 508 918
    506 918 132
    521 918 508
    521 508 919
    920 921 922
    920 922 923
    924 925 922
    924 922 921
    926 927 921
    926 921 920
    927 928 924
    927 924 921
    929 930 931
    929 931 932
    271 270 932
    271 932 931
    932 933 934
    932 934 929
    933 932 270
    933 270 935
    936 937 938
    936 938 939
    940 941 937
    940 937 936
    942 940 936
    942 936 943
    943 936 939
    943 939 944
    945 946 947
    945 947 948
    947 949 950
    947 950 948
    948 951 952
    948 952 945
    951 948 950
    951 950 953
    954 46 45
    954 45 955
    956 135 47
    956 47 46
    46 954 310
    46 310 956
    957 958 959
    957 959 960
    961 957 960
    961 960 962
    962 960 963
    962 963 964
    965 963 960
    965 960 959
    964 966 967
    964 967 962
    968 961 962
    968 962 967
    969 966 964
    969 964 970
    971 972 969
    971 969 970
    964 963 973
    964 973 970
    971 970 973
    971 973 974
    975 976 977
    975 977 978
    979 980 977
    979 977 976
    981 979 976
    981 976 968
    961 968 976
    961 976 975
    982 983 984
    982 984 985
    986 987 985
    986 985 984
    988 986 984
    988 984 989
    984 983 990
    984 990 989
    991 972 992
    991 992 993
    972 991 994
    972 994 969
    993 995 990
    993 990 991
    983 994 991
    983 991 990
    50 49 51
    50 51 996
    997 998 999
    997 999 1000
    530 532 999
    530 999 998
    1001 530 998
    1001 998 997
    1002 1003 1004
    1002 1004 1005
    1006 1002 1005
    1006 1005 1007
    1005 1008 1009
    1005 1009 1007
    1005 1004 1010
    1005 1010 1008
    1011 1012 1013
    1011 1013 1014
    1015 1011 1014
    1015 1014 1016
    1016 1014 536
    1016 536 535
    1014 1013 537
    1014 537 536
    1017 1018 1019
    1017 1019 1020
    1021 1017 1020
    1021 1020 1022
    1002 1006 1018
    1002 1018 1017
    1003 1002 1017
    1003 1017 1021
    1019 1018 1023
    1019 1023 1024
    1025 1026 1024
    1025 1024 1023
    1006 1025 1023
    1006 1023 1018
    1027 1019 1024
    1027 1024 1026
    1028 1029 1030
    1028 1030 1031
    1032 1033 1031
    1032 1031 1030
    1034 1030 1029
    1034 1029 1035
    1036 1032 1030
    1036 1030 1034
    1036 1034 1035
    1036 1035 1037
    1038 1039 1040
    1038 1040 1041
    1042 241 1038
    1042 1038 1041
    1041 1040 1043
    1041 1043 1044
    1044 243 1042
    1044 1042 1041
    1045 1046 1047
    1045 1047 1048
    1049 1050 1046
    1049 1046 1045
    1048 1051 1052
    1048 1052 1045
    1045 1052 1053
    1045 1053 1049
    316 421 1054
    316 1054 1055
    1056 1057 1055
    1056 1055 1054
    1056 1054 421
    1056 421 1015
    153 152 1058
    153 1058 1059
    1060 1061 1059
    1060 1059 1058
    1060 1058 152
    1060 152 1062
    53 1063 1064
    53 1064 54
    1065 1066 1064
    1065 1064 1063
    1067 1068 1063
    1067 1063 53
    1069 1065 1063
    1069 1063 1068
    54 1064 1070
    54 1070 1071
    1072 54 1071
    1072 1071 1073
    54 1072 1074
    54 1074 52
    1075 1076 1077
    1075 1077 1078
    1079 1080 1078
    1079 1078 1077
    1079 1077 1076
    1079 1076 1081
    1066 1065 1082
    1066 1082 1083
    1084 1085 1083
    1084 1083 1082
    1065 1069 1084
    1065 1084 1082
    1086 1087 544
    1086 544 1088
    544 1089 1090
    544 1090 1088
    1091 1086 1088
    1091 1088 1090
    605 547 1092
    605 1092 1093
    1093 1094 603
    1093 603 605
    1095 1096 1093
    1095 1093 1092
    1097 1094 1093
    1097 1093 1096
    1067 53 52
    1067 52 1098
    1099 1100 1101
    1099 1101 1102
    1100 1099 1103
    1100 1103 1104
    1104 1105 1106
    1104 1106 1100
    1101 1100 1106
    1101 1106 1107
    1108 1109 1110
    1108 1110 1111
    1109 1112 1113
    1109 1113 1110
    1114 1115 1111
    1114 1111 1110
    1110 1113 1116
    1110 1116 1114
    1117 1118 1119
    1117 1119 1120
    1120 1119 1084
    1120 1084 1069
    1120 1121 1122
    1120 1122 1117
    1069 1068 1121
    1069 1121 1120
    606 608 1122
    606 1122 1121
    1067 606 1121
    1067 1121 1068
    1123 1124 1125
    1123 1125 1126
    1079 1125 1124
    1079 1124 1080
    1079 1081 1126
    1079 1126 1125
    1127 1128 1123
    1127 1123 1126
    1129 1127 1126
    1129 1126 1081
    1130 1131 1132
    1130 1132 1133
    1133 1132 1134
    1133 1134 1135
    1131 1136 1137
    1131 1137 1132
    1132 1137 1138
    1132 1138 1134
    1139 1140 1141
    1139 1141 1142
    1091 1139 1142
    1091 1142 1086
    1086 1142 1141
    1086 1141 1087
    1140 1139 1091
    1140 1091 1143
    1144 1145 1146
    1144 1146 1147
    1147 1146 1148
    1147 1148 1149
    1147 1150 1151
    1147 1151 1144
    1149 1152 1150
    1149 1150 1147
    1153 1154 1155
    1153 1155 1156
    1154 1116 1157
    1154 1157 1155
    1156 1155 1157
    1156 1157 1158
    1159 1160 1153
    1159 1153 1156
    1158 1161 1159
    1158 1159 1156
    547 546 1162
    547 1162 1092
    1095 1092 1162
    1095 1162 1163
    1164 1165 1166
    1164 1166 1167
    1168 1164 1167
    1168 1167 1169
    1170 1167 1166
    1170 1166 1171
    1172 1169 1167
    1172 1167 1170
    409 1173 1174
    409 1174 1175
    409 1175 1176
    409 1176 552
    1177 1178 1175
    1177 1175 1174
    1175 1178 1179
    1175 1179 1176
    1176 1179 1180
    1176 1180 1181
    1182 1181 1180
    1182 1180 1183
    1183 1180 1184
    1183 1184 1185
    1184 1180 1179
    1184 1179 1186
    1187 1188 1189
    1187 1189 1190
    1191 1192 1189
    1191 1189 1188
    1192 1193 1190
    1192 1190 1189
    1194 1195 1196
    1194 1196 1197
    1184 1197 1196
    1184 1196 1185
    1195 1198 1185
    1195 1185 1196
    1199 1200 1201
    1199 1201 1202
    1203 1199 1202
    1203 1202 1204
    1204 1202 1201
    1204 1201 1205
    1206 1207 1208
    1206 1208 1209
    1210 1211 1206
    1210 1206 1209
    1210 1209 1212
    1210 1212 1213
    1209 1208 1214
    1209 1214 1212
    1215 1216 1217
    1215 1217 1218
    1217 1219 1220
    1217 1220 1218
    1221 1222 1219
    1221 1219 1217
    1216 1223 1221
    1216 1221 1217
    398 1224 1215
    398 1215 1218
    554 398 1218
    554 1218 1220
    1225 1226 1227
    1225 1227 1228
    1229 1230 1226
    1229 1226 1225
    1231 1225 1228
    1231 1228 1232
    1231 1233 1229
    1231 1229 1225
    1234 1235 1236
    1234 1236 1237
    1238 1236 1235
    1238 1235 1239
    1237 1236 1238
    1237 1238 1240
    1241 1242 1243
    1241 1243 1244
    1243 1245 1246
    1243 1246 1244
    1246 1247 1241
    1246 1241 1244
    1248 1249 1250
    1248 1250 1251
    1252 1251 1250
    1252 1250 1253
    1254 1250 1249
    1254 1249 1255
    1253 1250 1254
    1253 1254 1256
    1257 1258 1259
    1257 1259 1260
    1260 1261 1262
    1260 1262 1257
    1263 1264 1258
    1263 1258 1257
    1257 1262 1265
    1257 1265 1263
    1266 1267 1268
    1266 1268 1269
    1270 1268 1267
    1270 1267 1271
    1269 1268 1270
    1269 1270 1272
    1273 1256 1254
    1273 1254 1274
    1273 1274 1275
    1273 1275 1276
    1277 1275 1274
    1277 1274 1278
    1255 1278 1274
    1255 1274 1254
    1279 1280 1281
    1279 1281 1282
    164 1283 1280
    164 1280 1279
    1281 1280 1284
    1281 1284 1285
    1283 577 1284
    1283 1284 1280
    1286 578 1258
    1286 1258 1264
    1263 1287 1288
    1263 1288 1264
    1286 1264 1288
    1286 1288 621
    1289 1290 1291
    1289 1291 559
    1292 160 1291
    1292 1291 1290
    1293 1294 1292
    1293 1292 1290
    1290 1289 1295
    1290 1295 1293
    1296 559 1291
    1296 1291 1297
    1298 1297 1291
    1298 1291 160
    1299 1300 1245
    1299 1245 1301
    1242 1301 1245
    1242 1245 1243
    1301 1242 1302
    1301 1302 1303
    1301 1303 1304
    1301 1304 1299
    1300 1305 1246
    1300 1246 1245
    1210 1213 1223
    1210 1223 1216
    1306 1213 1212
    1306 1212 1307
    1223 1213 1306
    1223 1306 1308
    1195 1194 1309
    1195 1309 1310
    1186 1194 1197
    1186 1197 1184
    1194 1186 1311
    1194 1311 1309
    1312 1183 1185
    1312 1185 1198
    1198 1313 1177
    1198 1177 1312
    1313 1198 1195
    1313 1195 1310
    1314 1315 1316
    1314 1316 1317
    1318 1319 1316
    1318 1316 1315
    1320 1321 1318
    1320 1318 1315
    1320 1315 1314
    1320 1314 1322
    1323 1324 1325
    1323 1325 1326
    1327 1323 1326
    1327 1326 1328
    1328 1326 1318
    1328 1318 1321
    1326 1325 1319
    1326 1319 1318
    1329 1330 1331
    1329 1331 1332
    1333 1334 1330
    1333 1330 1329
    1335 1336 1333
    1335 1333 1329
    1337 1335 1329
    1337 1329 1332
    1282 1338 1339
    1282 1339 1279
    580 579 1338
    580 1338 1282
    1282 1281 1340
    1282 1340 580
    560 1341 1342
    560 1342 1343
    586 1343 1342
    586 1342 1344
    560 1343 1345
    560 1345 561
    585 1345 1343
    585 1343 586
    574 1346 1347
    574 1347 1348
    1346 1296 1297
    1346 1297 1347
    574 573 1349
    574 1349 1346
    1349 1350 1296
    1349 1296 1346
    589 588 57
    589 57 56
    450 589 56
    450 56 55
    1351 61 59
    1351 59 58
    60 59 62
    60 62 1352
    1353 1354 1355
    1353 1355 1356
    1353 651 2
    1353 2 1354
    1357 651 1353
    1357 1353 1358
    1358 1353 1356
    1358 1356 1359
    323 322 1360
    323 1360 1361
    1362 1363 1361
    1362 1361 1360
    1364 1362 1360
    1364 1360 1365
    1360 322 102
    1360 102 1365
    65 1366 428
    65 428 63
    65 1367 1368
    65 1368 1366
    1363 1369 1366
    1363 1366 1368
    426 428 1366
    426 1366 1369
    1370 99 323
    1370 323 1361
    654 1370 1361
    654 1361 1363
    653 1371 1370
    653 1370 654
    1370 1371 97
    1370 97 99
    1372 65 64
    1372 64 1373
    1372 1373 488
    1372 488 490
    1373 64 1374
    1373 1374 1375
    1373 1375 1376
    1373 1376 488
    1374 64 63
    1374 63 278
    427 278 63
    427 63 428
    1377 1378 659
    1377 659 662
    1379 1377 662
    1379 662 1380
    1381 1380 662
    1381 662 661
    439 1382 1383
    439 1383 1384
    1385 1384 1383
    1385 1383 1386
    1382 591 590
    1382 590 1383
    1386 1383 590
    1386 590 1387
    440 439 1384
    440 1384 1388
    1384 1385 1389
    1384 1389 1388
    1390 1391 67
    1390 67 66
    878 1390 66
    878 66 69
    1392 1393 1391
    1392 1391 1394
    325 67 1391
    325 1391 1393
    1390 1395 1394
    1390 1394 1391
    1389 71 70
    1389 70 1388
    442 72 71
    442 71 443
    443 71 1389
    443 1389 326
    1396 448 321
    1396 321 1387
    1387 590 592
    1387 592 1396
    445 448 1396
    445 1396 1397
    1396 592 1398
    1396 1398 1397
    1399 1358 1359
    1399 1359 664
    1400 1399 664
    1400 664 663
    653 6 664
    653 664 1359
    1401 826 22
    1401 22 1402
    1402 667 666
    1402 666 1401
    1402 22 21
    1402 21 1403
    1403 669 667
    1403 667 1402
    1401 1404 119
    1401 119 826
    1404 1401 666
    1404 666 1405
    1406 454 1407
    1406 1407 1408
    1406 1408 1409
    1406 1409 499
    1410 454 1406
    1410 1406 1411
    1412 1411 1406
    1412 1406 499
    1413 1414 1415
    1413 1415 1416
    293 1413 1416
    293 1416 455
    297 646 1414
    297 1414 1413
    295 294 1417
    295 1417 1418
    1419 1418 1417
    1419 1417 1420
    455 1421 1417
    455 1417 294
    1410 1420 1417
    1410 1417 1421
    1422 1423 73
    1422 73 75
    74 688 690
    74 690 75
    75 690 645
    75 645 1422
    296 80 1424
    296 1424 647
    647 1424 1422
    647 1422 645
    1425 1424 80
    1425 80 79
    1423 1422 1424
    1423 1424 1425
    1426 1427 77
    1426 77 76
    78 81 80
    78 80 76
    80 296 1426
    80 1426 76
    1428 1425 79
    1428 79 82
    81 83 82
    81 82 79
    1429 84 83
    1429 83 1430
    1431 1428 82
    1431 82 84
    1432 1431 84
    1432 84 1429
    1433 1434 1435
    1433 1435 1436
    1436 1435 87
    1436 87 1437
    595 1438 1435
    595 1435 1434
    85 87 1435
    85 1435 1438
    1439 1440 86
    1439 86 1441
    1440 1437 87
    1440 87 86
    85 1442 1441
    85 1441 86
    913 1443 1444
    913 1444 1445
    913 1445 1446
    913 1446 910
    1443 913 912
    1443 912 1447
    1448 1449 1450
    1448 1450 1451
    1449 1452 1453
    1449 1453 1450
    1454 464 1449
    1454 1449 1448
    464 463 1452
    464 1452 1449
    1455 1456 265
    1455 265 1457
    1455 1458 1459
    1455 1459 1456
    1456 1459 1460
    1456 1460 1453
    1453 1452 265
    1453 265 1456
    1461 1450 1453
    1461 1453 1460
    1460 1462 1463
    1460 1463 1461
    1451 1450 1461
    1451 1461 735
    1461 1463 734
    1461 734 735
    703 1463 1462
    703 1462 89
    1459 1464 1462
    1459 1462 1460
    90 89 1462
    90 1462 1464
    90 1464 1465
    90 1465 1466
    1464 1459 1458
    1464 1458 1465
    1465 1467 1468
    1465 1468 1466
    1458 699 1467
    1458 1467 1465
    90 1469 1470
    90 1470 88
    704 703 89
    704 89 88
    707 704 88
    707 88 1470
    1470 1469 1471
    1470 1471 1472
    1469 1473 1474
    1469 1474 1471
    90 1466 1473
    90 1473 1469
    1475 1473 1466
    1475 1466 1468
    1476 1474 1473
    1476 1473 1475
    1476 1475 1477
    1476 1477 1478
    1479 1478 1477
    1479 1477 706
    1477 1475 1468
    1477 1468 737
    706 1477 737
    706 737 17
    721 717 710
    721 710 1480
    1479 721 1480
    1479 1480 1478
    1481 720 721
    1481 721 1479
    1480 710 711
    1480 711 732
    468 1482 594
    468 594 593
    473 594 1482
    473 1482 474
    468 1483 474
    468 474 1482
    748 472 1484
    748 1484 749
    1485 1486 749
    1485 749 1484
    1487 1488 1485
    1487 1485 1484
    472 474 1487
    472 1487 1484
    752 473 472
    752 472 748
    1489 1486 1490
    1489 1490 1491
    1492 1491 1490
    1492 1490 1493
    1494 1491 1492
    1494 1492 1495
    1494 1496 1489
    1494 1489 1491
    1497 762 741
    1497 741 740
    1498 1497 740
    1498 740 742
    743 746 752
    743 752 751
    755 742 743
    755 743 751
    1499 1500 1496
    1499 1496 1494
    1499 1494 1495
    1499 1495 1501
    778 1502 1497
    778 1497 1498
    1502 1503 762
    1502 762 1497
    1500 763 753
    1500 753 1496
    1504 768 763
    1504 763 1500
    1504 1500 1499
    1504 1499 477
    1505 1351 58
    1505 58 1506
    1505 1506 768
    1505 768 1504
    1506 58 60
    1506 60 781
    787 91 93
    787 93 479
    784 1507 1508
    784 1508 93
    93 1508 480
    93 480 479
    1509 1510 1511
    1509 1511 1512
    1510 796 792
    1510 792 1511
    1512 1511 1513
    1512 1513 1514
    1511 792 795
    1511 795 1513
    1515 1516 797
    1515 797 796
    1515 796 1510
    1515 1510 1517
    1518 1519 1520
    1518 1520 1521
    1521 1522 1523
    1521 1523 1518
    1519 1518 805
    1519 805 804
    1518 1523 806
    1518 806 805
    1517 1510 1509
    1517 1509 1524
    1525 1517 1524
    1525 1524 783
    1524 1509 1520
    1524 1520 1507
    1526 1515 1517
    1526 1517 1525
    1522 811 819
    1522 819 1523
    819 811 809
    819 809 816
    1523 819 818
    1523 818 806
    1513 795 1527
    1513 1527 815
    1514 1513 815
    1514 815 812
    1528 1529 1527
    1528 1527 1530
    795 794 1530
    795 1530 1527
    1529 814 815
    1529 815 1527
    808 821 816
    808 816 809
    1531 1528 1530
    1531 1530 1532
    1531 1532 824
    1531 824 823
    822 1533 1531
    822 1531 823
    1533 1534 1528
    1533 1528 1531
    820 821 1535
    820 1535 1536
    1535 821 808
    1535 808 1537
    96 95 1538
    96 1538 1539
    481 96 1539
    481 1539 1540
    96 481 236
    96 236 411
    96 411 1541
    96 1541 94
    813 1542 1543
    813 1543 1544
    1545 1544 1543
    1545 1543 1546
    1542 1534 1547
    1542 1547 1543
    1546 1543 1547
    1546 1547 1548
    219 1549 1550
    219 1550 1551
    1551 1550 1552
    1551 1552 1553
    1554 1550 1549
    1554 1549 1555
    1556 1552 1550
    1556 1550 1554
    1557 445 444
    1557 444 828
    1403 21 828
    1403 828 444
    1558 1557 828
    1558 828 827
    825 826 119
    825 119 121
    883 902 901
    883 901 884
    883 888 1559
    883 1559 902
    902 1559 687
    902 687 684
    1355 300 98
    1355 98 97
    1356 1355 97
    1356 97 1371
    1365 102 101
    1365 101 652
    1560 1561 104
    1560 104 103
    1561 1562 106
    1561 106 104
    1563 1564 1562
    1563 1562 1561
    1561 1560 1565
    1561 1565 1563
    1564 1566 1567
    1564 1567 1562
    1568 106 1562
    1568 1562 1567
    1566 1569 1570
    1566 1570 1567
    1567 1570 432
    1567 432 1568
    1571 1572 1573
    1571 1573 1574
    1575 1571 1574
    1575 1574 1576
    1577 1576 1574
    1577 1574 1573
    1577 1578 1579
    1577 1579 1576
    1575 1576 1579
    1575 1579 1580
    149 369 1581
    149 1581 1582
    1000 1582 1581
    1000 1581 997
    149 1582 1583
    149 1583 436
    1000 1584 1583
    1000 1583 1582
    1585 1583 1584
    1585 1584 1586
    1585 1586 1587
    1585 1587 1588
    1586 1584 1589
    1586 1589 533
    1586 533 531
    1586 531 1587
    533 1589 999
    533 999 532
    1590 849 850
    1590 850 1591
    854 851 849
    854 849 1590
    1592 1593 1594
    1592 1594 1595
    862 1595 1594
    862 1594 864
    1593 256 362
    1593 362 1594
    864 1594 362
    864 362 364
    24 1595 862
    24 862 861
    865 864 364
    865 364 111
    113 866 865
    113 865 111
    24 861 1596
    24 1596 832
    1597 1596 861
    1597 861 860
    424 116 115
    424 115 847
    115 114 1598
    115 1598 1599
    847 115 1599
    847 1599 848
    1600 1601 1602
    1600 1602 1598
    490 1602 1601
    490 1601 1372
    65 1372 1601
    65 1601 1367
    1600 656 1367
    1600 1367 1601
    832 1596 598
    832 598 597
    1597 1603 598
    1597 598 1596
    1604 869 871
    1604 871 1605
    1606 484 483
    1606 483 869
    869 1604 1607
    869 1607 1606
    1608 1609 1610
    1608 1610 875
    875 1610 1379
    875 1379 1611
    1609 1612 1613
    1609 1613 1610
    1610 1613 1377
    1610 1377 1379
    1611 1379 1380
    1611 1380 1395
    1394 1395 1380
    1394 1380 1381
    1614 1615 1609
    1614 1609 1608
    599 1614 1608
    599 1608 1616
    1603 1617 1615
    1603 1615 1614
    875 1611 878
    875 878 876
    882 599 1616
    882 1616 306
    875 43 1616
    875 1616 1608
    36 830 834
    36 834 34
    831 830 36
    831 36 118
    117 36 356
    36 342 356
    510 859 831
    510 831 118
    510 118 117
    510 117 496
    1618 512 511
    1618 511 1619
    1619 1404 1405
    1619 1405 1618
    425 856 1618
    425 1618 1405
    512 1618 856
    512 856 855
    1620 121 120
    1620 120 1621
    1619 511 1621
    1619 1621 120
    510 496 495
    510 495 1622
    1622 495 492
    1622 492 1623
    1622 1623 1624
    1622 1624 1625
    1625 1620 1621
    1625 1621 1622
    258 123 122
    258 122 346
    38 346 122
    38 122 125
    124 1626 339
    124 339 125
    260 513 1627
    260 1627 1626
    492 491 1627
    492 1627 513
    491 345 340
    491 340 1627
    897 898 1628
    897 1628 1629
    896 897 1629
    896 1629 1630
    499 1409 1631
    499 1631 497
    895 1409 1408
    895 1408 898
    894 1631 1409
    894 1409 895
    1632 900 1633
    1632 1633 1634
    1635 1633 900
    1635 900 899
    900 1632 884
    900 884 901
    349 1636 1634
    349 1634 1633
    347 349 1633
    347 1633 1635
    1412 499 498
    1412 498 1637
    1412 1637 905
    1412 905 904
    1412 904 131
    1412 131 1446
    1446 1445 1411
    1446 1411 1412
    349 348 905
    349 905 1637
    909 1638 127
    909 127 126
    129 126 128
    129 128 1639
    126 129 903
    126 903 909
    1640 501 500
    1640 500 1641
    1642 1640 1641
    1642 1641 1643
    516 515 1643
    516 1643 1641
    518 516 1641
    518 1641 500
    843 40 501
    843 501 1640
    1644 843 1640
    1644 1640 1642
    129 1639 917
    129 917 130
    502 501 40
    502 40 39
    1645 1646 1647
    1645 1647 1648
    1648 1649 1650
    1648 1650 1645
    840 844 1649
    840 1649 1648
    841 840 1648
    841 1648 1647
    1651 276 1442
    1651 1442 1652
    1653 1652 1442
    1653 1442 85
    276 275 1441
    276 1441 1442
    934 1654 1655
    934 1655 1656
    922 1656 1655
    922 1655 923
    1655 1654 1657
    1655 1657 1658
    128 923 1655
    128 1655 1658
    1659 1660 914
    1659 914 915
    916 1661 1659
    916 1659 915
    268 1662 1663
    268 1663 266
    1664 266 1663
    1664 1663 1665
    1663 935 1666
    1663 1666 1665
    935 1663 1662
    935 1662 933
    934 1656 1667
    934 1667 929
    1656 922 925
    1656 925 1667
    1668 1669 928
    1668 928 927
    928 1669 1670
    928 1670 1671
    924 928 1671
    924 1671 1672
    930 1673 1674
    930 1674 931
    931 1674 1675
    931 1675 271
    1676 1674 1673
    1676 1673 1677
    505 1678 1677
    505 1677 1673
    1673 930 1679
    1673 1679 505
    1678 942 943
    1678 943 1677
    944 1676 1677
    944 1677 943
    1680 1675 1674
    1680 1674 1676
    524 523 1671
    524 1671 1670
    1670 1669 269
    1670 269 271
    271 1675 524
    271 524 1670
    1681 503 1682
    1681 1682 1672
    523 1681 1672
    523 1672 1671
    1683 504 503
    1683 503 1681
    1681 523 522
    1681 522 1683
    1684 1685 1686
    1684 1686 1687
    1686 1685 1688
    1686 1688 1689
    1690 1687 1686
    1690 1686 1691
    1691 1686 1689
    1691 1689 1692
    1690 1683 522
    1690 522 1687
    1693 1690 1691
    1693 1691 1694
    1690 1693 504
    1690 504 1683
    1694 1691 1692
    1694 1692 1695
    1693 1694 942
    1693 942 1678
    1694 1695 940
    1694 940 942
    1689 1688 1696
    1689 1696 1697
    1685 1698 1699
    1685 1699 1688
    1688 1699 1700
    1688 1700 1696
    1701 370 938
    1701 938 937
    941 1702 1701
    941 1701 937
    1703 134 1704
    1703 1704 1705
    1705 1706 1707
    1705 1707 1703
    506 132 134
    506 134 1703
    506 1703 1707
    506 1707 1708
    1706 1709 1710
    1706 1710 1707
    1651 1711 1706
    1651 1706 1705
    1711 759 1709
    1711 1709 1706
    1712 1713 1493
    1712 1493 1490
    1713 1714 1715
    1713 1715 1493
    1713 1712 1660
    1713 1660 1659
    1661 1714 1713
    1661 1713 1659
    1716 1492 1493
    1716 1493 1715
    1717 744 738
    1717 738 757
    1717 757 759
    1717 759 1711
    1718 950 949
    1718 949 1719
    1719 1720 1721
    1719 1721 1718
    953 950 1718
    953 1718 1722
    1718 1721 1710
    1718 1710 1722
    1723 1724 760
    1723 760 761
    1723 761 762
    1723 762 1503
    953 1722 1725
    953 1725 1726
    951 953 1726
    951 1726 1727
    1727 1726 760
    1727 760 1724
    1726 1725 758
    1726 758 760
    1728 1729 1727
    1728 1727 1724
    1724 1723 774
    1724 774 1728
    952 951 1727
    952 1727 1729
    946 1730 1731
    946 1731 947
    1731 1732 949
    1731 949 947
    1733 1734 1731
    1733 1731 1730
    1734 1501 1732
    1734 1732 1731
    477 1734 1733
    477 1733 509
    509 1733 1735
    509 1735 1736
    1733 1730 352
    1733 352 1735
    475 509 1736
    475 1736 1737
    1736 1738 1739
    1736 1739 1737
    354 1738 1736
    354 1736 1735
    1740 45 47
    1740 47 1741
    1742 1740 1741
    1742 1741 1743
    1728 1740 1742
    1728 1742 1729
    1728 955 45
    1728 45 1740
    1744 1745 1746
    1744 1746 1747
    959 1746 1745
    959 1745 965
    1747 1746 1748
    1747 1748 1749
    1746 959 958
    1746 958 1748
    1743 1741 1750
    1743 1750 1751
    1751 1750 1752
    1751 1752 1753
    1741 47 1754
    1741 1754 1750
    1750 1754 1755
    1750 1755 1752
    1756 1743 1751
    1756 1751 1757
    1757 1751 1753
    1757 1753 1758
    1759 1756 1757
    1759 1757 1760
    1760 1757 1758
    1760 1758 1761
    1759 1760 1762
    1759 1762 1763
    1760 1761 1764
    1760 1764 1762
    137 136 1765
    137 1765 1766
    1767 137 1766
    1767 1766 1768
    47 135 137
    47 137 1754
    137 1767 1755
    137 1755 1754
    1767 1768 1769
    1767 1769 1770
    1771 1772 1768
    1771 1768 1766
    1772 1773 1769
    1772 1769 1768
    1748 958 1774
    1748 1774 1775
    1776 1774 958
    1776 958 957
    1775 1774 1777
    1775 1777 1778
    1779 1777 1774
    1779 1774 1776
    957 961 975
    957 975 1776
    1780 1781 1782
    1780 1782 1783
    1784 1785 1781
    1784 1781 1780
    1784 1780 1777
    1784 1777 1779
    1778 1777 1780
    1778 1780 1783
    968 967 1786
    968 1786 981
    967 966 1787
    967 1787 1786
    1788 1789 978
    1788 978 977
    978 1779 1776
    978 1776 975
    1789 1784 1779
    1789 1779 978
    1790 988 989
    1790 989 1791
    995 1791 989
    995 989 990
    140 986 988
    140 988 138
    139 138 1792
    139 1792 1793
    1792 138 988
    1792 988 1790
    969 994 1787
    969 1787 966
    1787 994 983
    1787 983 982
    1786 1787 982
    1786 982 1794
    972 971 1795
    972 1795 992
    993 992 1788
    993 1788 1796
    1796 1797 995
    1796 995 993
    977 980 1796
    977 1796 1788
    980 1798 1797
    980 1797 1796
    529 1799 1800
    529 1800 528
    529 1801 1802
    529 1802 1799
    1803 1804 1799
    1803 1799 1802
    1804 1794 1800
    1804 1800 1799
    1623 492 513
    1623 513 891
    1624 1623 891
    1624 891 890
    1805 1624 890
    1805 890 896
    1806 1625 1624
    1806 1624 1805
    1806 1805 1807
    1806 1807 1558
    1805 896 1630
    1805 1630 1807
    1620 829 825
    1620 825 121
    496 117 357
    496 357 1808
    341 344 1808
    341 1808 357
    496 1808 344
    496 344 494
    845 866 113
    845 113 143
    1809 145 144
    1809 144 1810
    1811 1812 145
    1811 145 1809
    146 145 1812
    146 1812 1813
    148 147 1378
    148 1378 1814
    1578 1577 1588
    1578 1588 1815
    1573 1585 1588
    1573 1588 1577
    1815 1588 1587
    1815 1587 1001
    1816 1004 1003
    1816 1003 1817
    1817 1003 1021
    1817 1021 1818
    1010 422 1819
    1010 1819 1008
    422 1022 1020
    422 1020 1819
    1008 1819 1027
    1008 1027 1009
    1019 1027 1819
    1019 1819 1020
    1009 1820 1821
    1009 1821 1007
    1007 1821 1025
    1007 1025 1006
    1822 1823 1824
    1822 1824 1825
    1826 1822 1825
    1826 1825 1037
    541 1827 1823
    541 1823 1822
    1822 1826 542
    1822 542 541
    1062 152 151
    1062 151 254
    246 1828 151
    246 151 153
    254 151 1828
    254 1828 252
    1829 1830 1831
    1829 1831 1832
    1833 1830 1829
    1833 1829 1834
    1043 1829 1832
    1043 1832 1835
    1040 1834 1829
    1040 1829 1043
    1049 1833 1834
    1049 1834 1050
    1050 1834 1040
    1050 1040 1039
    1061 1836 153
    1061 153 1059
    1837 1838 1839
    1837 1839 1840
    1840 1839 1841
    1840 1841 1842
    1838 1843 1844
    1838 1844 1839
    1839 1844 1845
    1839 1845 1841
    1846 1847 1848
    1846 1848 1849
    1841 1845 1848
    1841 1848 1847
    1850 1851 1847
    1850 1847 1846
    1842 1841 1847
    1842 1847 1851
    1845 1852 1853
    1845 1853 1848
    1849 1848 1853
    1849 1853 1854
    1114 1153 1160
    1114 1160 1115
    1160 1159 1854
    1160 1854 1853
    1853 1852 1115
    1853 1115 1160
    154 156 1855
    154 1855 1856
    154 1856 1857
    154 1857 1858
    1859 155 154
    1859 154 1860
    154 1858 1861
    154 1861 1860
    1862 1066 1083
    1862 1083 1085
    1113 1112 1157
    1113 1157 1116
    1109 1158 1157
    1109 1157 1112
    1075 1078 1080
    1075 1080 1863
    1091 1090 1089
    1091 1089 1143
    1140 1864 1865
    1140 1865 1141
    1143 158 1864
    1143 1864 1140
    1866 549 1865
    1866 1865 1864
    158 604 1866
    158 1866 1864
    1867 1103 1099
    1867 1099 1172
    1172 1099 1102
    1172 1102 1169
    1868 1869 157
    1868 157 159
    605 604 158
    605 158 157
    605 157 1869
    605 1869 547
    1870 1871 1096
    1870 1096 1095
    1872 1097 1096
    1872 1096 1871
    1863 1123 1128
    1863 1128 1873
    1874 1875 1128
    1874 1128 1127
    1875 1876 1873
    1875 1873 1128
    1877 1878 1103
    1877 1103 1867
    1877 1867 1879
    1877 1879 1880
    1172 1170 1879
    1172 1879 1867
    1117 1122 1070
    1117 1070 1862
    1862 1085 1118
    1862 1118 1117
    1881 1882 1137
    1881 1137 1136
    1138 1137 1882
    1138 1882 1883
    1884 1846 1849
    1884 1849 1885
    1886 1850 1846
    1886 1846 1884
    1833 1049 1053
    1833 1053 1887
    1053 1052 1051
    1053 1051 1888
    1888 1889 1887
    1888 1887 1053
    1831 1830 1889
    1831 1889 1888
    1831 1888 1051
    1831 1051 1048
    1832 1831 1048
    1832 1048 1047
    312 1818 1021
    312 1021 1022
    1036 1037 1825
    1036 1825 1824
    1826 1037 1035
    1826 1035 1029
    1032 1823 1827
    1032 1827 1033
    1890 1033 1827
    1890 1827 1891
    1031 1033 1890
    1031 1890 249
    540 1892 1836
    540 1836 1061
    1891 540 1061
    1891 1061 1060
    1026 1820 1009
    1026 1009 1027
    1011 1015 421
    1011 421 1893
    1016 1894 1056
    1016 1056 1015
    534 1057 1895
    534 1895 535
    1056 1894 1895
    1056 1895 1057
    534 316 1055
    534 1055 1057
    1837 1886 1884
    1837 1884 1838
    1896 1897 1886
    1896 1886 1837
    1896 1837 1840
    1896 1840 1898
    1899 1900 1901
    1899 1901 1902
    1900 1903 1904
    1900 1904 1901
    1905 1901 1904
    1905 1904 1906
    1902 1901 1905
    1902 1905 1907
    1908 1909 1910
    1908 1910 1911
    1909 1908 1912
    1909 1912 1913
    1913 1881 1136
    1913 1136 1909
    1910 1909 1136
    1910 1136 1131
    1911 1910 1914
    1911 1914 1915
    1915 1914 1916
    1915 1916 1917
    1914 1910 1131
    1914 1131 1130
    1916 1914 1130
    1916 1130 1872
    1918 1152 1913
    1918 1913 1912
    1912 612 611
    1912 611 1918
    1919 612 1912
    1919 1912 1908
    1104 1920 1921
    1104 1921 1105
    1922 1876 1921
    1922 1921 1920
    1923 1921 1876
    1923 1876 1875
    1921 1923 1924
    1921 1924 1105
    1103 1878 1920
    1103 1920 1104
    1920 1878 1925
    1920 1925 1922
    1926 1927 1928
    1926 1928 1929
    608 607 1927
    608 1927 1926
    1073 1926 1929
    1073 1929 1857
    1926 1073 1071
    1926 1071 608
    1074 1930 1098
    1074 1098 52
    1930 1074 1855
    1930 1855 1931
    1072 1856 1855
    1072 1855 1074
    551 1138 1883
    551 1883 610
    610 1883 1932
    610 1932 1933
    1883 1882 1148
    1883 1148 1932
    1934 1935 1933
    1934 1933 1932
    1146 1934 1932
    1146 1932 1148
    1145 1163 1934
    1145 1934 1146
    1935 1934 1163
    1935 1163 1162
    408 1936 1937
    408 1937 409
    1938 1939 1936
    1938 1936 408
    1939 1940 1941
    1939 1941 1936
    1936 1941 1942
    1936 1942 1937
    1940 1187 1943
    1940 1943 1941
    1188 1187 1940
    1188 1940 1944
    1944 1940 1939
    1944 1939 1945
    1946 1182 1183
    1946 1183 1312
    552 1176 1181
    552 1181 553
    1947 553 1181
    1947 1181 1182
    553 1947 1948
    553 1948 1949
    1950 1951 1949
    1950 1949 1948
    1947 1952 1953
    1947 1953 1948
    1948 1953 1954
    1948 1954 1950
    1205 1201 1200
    1205 1200 1955
    1954 1956 1205
    1954 1205 1955
    1956 1957 1204
    1956 1204 1205
    1949 1951 1958
    1949 1958 1959
    1951 1960 1203
    1951 1203 1958
    1950 1961 1960
    1950 1960 1951
    397 1959 1962
    397 1962 398
    553 1949 1959
    553 1959 397
    1958 1957 1962
    1958 1962 1959
    1953 1963 1956
    1953 1956 1954
    1954 1955 1961
    1954 1961 1950
    1945 1964 1965
    1945 1965 1944
    1191 1188 1944
    1191 1944 1965
    1964 1966 1967
    1964 1967 1965
    1965 1967 1968
    1965 1968 1191
    1226 1230 1234
    1226 1234 1237
    1230 1969 1970
    1230 1970 1234
    1229 1971 1969
    1229 1969 1230
    1238 1972 1973
    1238 1973 1240
    1238 1239 1974
    1238 1974 1972
    1212 1214 1975
    1212 1975 1307
    1976 1306 1307
    1976 1307 1975
    1323 1977 1978
    1323 1978 1324
    1327 1979 1977
    1327 1977 1323
    1324 1978 1980
    1324 1980 1981
    1981 1982 1325
    1981 1325 1324
    557 1350 1983
    557 1983 1984
    559 1296 1350
    559 1350 557
    1350 1349 1985
    1350 1985 1983
    164 1279 1339
    164 1339 165
    578 580 1259
    578 1259 1258
    1265 1262 1261
    1265 1261 1986
    1987 1986 1261
    1987 1261 1260
    1988 1989 1990
    1988 1990 1991
    1992 1993 1988
    1992 1988 1991
    1994 1989 1988
    1994 1988 1995
    1993 1996 1995
    1993 1995 1988
    1989 1997 1998
    1989 1998 1990
    1989 1994 1999
    1989 1999 1997
    1978 1317 2000
    1978 2000 1980
    1317 1316 2001
    1317 2001 2000
    2000 2002 2003
    2000 2003 1980
    2004 2002 2000
    2004 2000 2001
    2005 2006 2007
    2005 2007 2008
    2009 2010 2006
    2009 2006 2005
    2006 1247 2011
    2006 2011 2007
    1241 1247 2006
    1241 2006 2010
    1256 2012 2013
    1256 2013 1253
    2014 1252 1253
    2014 1253 2013
    2014 2013 2012
    2014 2012 2015
    1256 1273 2015
    1256 2015 2012
    1276 2016 2015
    1276 2015 1273
    1271 1267 1266
    1271 1266 2017
    2017 2018 2019
    2017 2019 1271
    1270 1271 2019
    1270 2019 2020
    2021 1293 1295
    2021 1295 2022
    1289 2023 2022
    1289 2022 1295
    2021 2022 2023
    2021 2023 2024
    1335 2025 2026
    1335 2026 2027
    2025 163 2028
    2025 2028 2026
    163 2025 2029
    163 2029 164
    1337 2029 2025
    1337 2025 1335
    1248 1251 2030
    1248 2030 2031
    1251 1252 2032
    1251 2032 2030
    2033 2034 2035
    2033 2035 624
    2033 584 2036
    2033 2036 2034
    1272 2037 2035
    1272 2035 2034
    1272 2034 2036
    1272 2036 1269
    2038 561 1345
    2038 1345 2039
    2040 2039 1345
    2040 1345 585
    1336 2041 2042
    1336 2042 1333
    2042 2043 1334
    2042 1334 1333
    2044 2045 2042
    2044 2042 2041
    2042 2045 2046
    2042 2046 2043
    574 1348 2047
    574 2047 2048
    571 2049 2047
    571 2047 1348
    2048 2047 2050
    2048 2050 2051
    2052 2050 2047
    2052 2047 2049
    2053 2054 2029
    2053 2029 1337
    2055 1337 1332
    2055 1332 2056
    1337 2057 2058
    1337 2058 2053
    1337 2055 2059
    1337 2059 2057
    2060 2061 2062
    2060 2062 2063
    2062 570 2064
    2062 2064 2063
    572 2065 2063
    572 2063 2064
    2060 2063 2065
    2060 2065 2066
    1996 2067 2068
    1996 2068 1995
    2069 2068 2067
    2069 2067 2070
    1995 2068 2071
    1995 2071 1994
    2069 2072 2071
    2069 2071 2068
    1999 2073 2074
    1999 2074 1997
    2073 1999 2075
    2073 2075 2076
    2071 2075 1999
    2071 1999 1994
    2030 2032 1276
    2030 1276 1275
    2031 2030 1275
    2031 1275 1277
    2014 2015 2016
    2014 2016 2077
    1276 2032 2077
    1276 2077 2016
    622 2078 2079
    622 2079 1340
    2080 1987 2079
    2080 2079 2078
    1287 2080 2078
    1287 2078 1288
    2080 1287 2081
    2080 2081 2082
    1265 1986 2082
    1265 2082 2081
    2018 2017 2083
    2018 2083 2084
    2037 2018 2084
    2037 2084 2035
    625 2084 2083
    625 2083 1344
    2018 2037 2020
    2018 2020 2019
    1985 2085 2086
    1985 2086 1983
    2087 569 2085
    2087 2085 1985
    1298 2086 2085
    1298 2085 2088
    571 2088 2085
    571 2085 569
    2024 2089 161
    2024 161 2090
    2090 161 160
    2090 160 1292
    162 161 2089
    162 2089 1984
    2021 2024 2090
    2021 2090 2091
    1292 1294 2091
    1292 2091 2090
    2044 2041 2066
    2044 2066 2051
    2092 2060 2066
    2092 2066 2041
    2066 2065 2048
    2066 2048 2051
    2072 2069 2093
    2072 2093 2094
    2072 2094 2054
    2072 2054 2053
    2094 2093 575
    2094 575 577
    577 1283 2054
    577 2054 2094
    2095 2076 2075
    2095 2075 2096
    2072 2096 2075
    2072 2075 2071
    1319 2097 2001
    1319 2001 1316
    1299 1304 2007
    1299 2007 2011
    2004 1304 1303
    2004 1303 2002
    2004 2008 2007
    2004 2007 1304
    1234 1970 1239
    1234 1239 1235
    1970 2098 1974
    1970 1974 1239
    2098 1973 1972
    2098 1972 1974
    2099 1973 2098
    2099 2098 2100
    1969 2100 2098
    1969 2098 1970
    2101 2102 1206
    2101 1206 1211
    1224 2101 1211
    1224 1211 1215
    1952 1224 1963
    1952 1963 1953
    1224 1952 402
    1224 402 232
    1947 405 402
    1947 402 1952
    2103 1173 1966
    2103 1966 1964
    2104 2103 1964
    2104 1964 1945
    1173 2103 2105
    1173 2105 407
    2106 2105 2103
    2106 2103 2104
    1960 1961 2107
    1960 2107 2108
    1200 1199 2108
    1200 2108 2107
    1221 1223 1308
    1221 1308 2109
    1306 1976 2109
    1306 2109 1308
    1221 2109 1976
    1221 1976 1222
    2110 2111 2112
    2110 2112 1968
    1192 2112 2111
    1192 2111 1193
    1943 1193 2111
    1943 2111 2110
    629 1327 1328
    629 1328 626
    568 626 1328
    568 1328 1321
    2113 2069 2070
    2113 2070 2114
    2070 2067 2115
    2070 2115 2116
    2114 2070 2116
    2114 2116 192
    2028 163 165
    2028 165 2117
    1331 2118 2056
    1331 2056 1332
    560 2046 2118
    560 2118 1341
    2043 2046 560
    2043 560 562
    2045 2056 2118
    2045 2118 2046
    1330 581 583
    1330 583 1331
    1334 2119 581
    1334 581 1330
    2120 1277 1278
    2120 1278 1998
    1255 1990 1998
    1255 1998 1278
    1285 622 1340
    1285 1340 1281
    580 1340 2079
    580 2079 1259
    2121 2122 649
    2121 649 2123
    2121 2123 1869
    2121 1869 1868
    159 543 2121
    159 2121 1868
    543 545 2122
    543 2122 2121
    370 1701 2124
    370 2124 180
    176 180 2124
    176 2124 2125
    1701 2126 2125
    1701 2125 2124
    713 712 2127
    713 2127 2128
    2129 2128 2127
    2129 2127 2130
    371 630 2130
    371 2130 2127
    716 715 719
    716 719 167
    716 167 166
    716 166 2131
    167 2132 2133
    167 2133 168
    167 719 723
    167 723 2132
    708 716 2131
    708 2131 2134
    2134 2131 174
    2134 174 383
    2131 166 2135
    2131 2135 174
    728 2136 2137
    728 2137 725
    2136 2138 378
    2136 378 2137
    713 2128 2136
    713 2136 728
    2128 2129 2138
    2128 2138 2136
    2139 2140 2141
    2139 2141 2142
    2143 375 2142
    2143 2142 2141
    525 527 2143
    525 2143 2141
    525 2141 2140
    525 2140 2144
    2130 2145 2146
    2130 2146 2129
    630 390 2145
    630 2145 2130
    171 2147 2148
    171 2148 2149
    1979 2150 2148
    1979 2148 2147
    2151 2152 2149
    2151 2149 2148
    2153 2151 2148
    2153 2148 2150
    2154 2155 2156
    2154 2156 2157
    2155 185 184
    2155 184 2156
    2135 2157 2156
    2135 2156 2158
    2156 184 2159
    2156 2159 2158
    169 380 638
    169 638 170
    171 2149 374
    171 374 169
    171 1322 1979
    171 1979 2147
    175 173 2160
    175 2160 2161
    2162 2160 173
    2162 173 172
    18 708 2134
    18 2134 372
    183 372 2134
    183 2134 383
    176 2125 2153
    176 2153 177
    178 177 629
    178 629 628
    628 386 2163
    628 2163 178
    179 178 2163
    179 2163 2164
    182 181 199
    182 199 198
    183 383 389
    183 389 181
    2165 199 181
    2165 181 389
    2069 2113 2166
    2069 2166 2027
    2113 632 631
    2113 631 2166
    2114 2167 632
    2114 632 2113
    1335 2027 2166
    1335 2166 2168
    385 2168 2166
    385 2166 631
    1335 2168 2169
    1335 2169 1336
    2168 385 384
    2168 384 2169
    174 2135 2158
    174 2158 172
    2159 2162 172
    2159 172 2158
    634 2170 186
    634 186 185
    379 634 185
    379 185 2155
    2171 2172 188
    2171 188 187
    2058 190 188
    2058 188 2172
    2171 193 2095
    2171 2095 2096
    2171 2096 2072
    2171 2072 2172
    189 2173 191
    189 191 187
    192 2116 2095
    192 2095 193
    184 186 1165
    184 1165 1164
    2170 2174 1165
    2170 1165 186
    1899 2175 2176
    1899 2176 2177
    2176 2175 633
    2176 633 393
    2175 1899 2174
    2175 2174 2170
    1911 2177 2176
    1911 2176 2178
    396 2178 2176
    396 2176 393
    1908 1911 2178
    1908 2178 1919
    1919 2178 396
    1919 396 395
    391 2179 2180
    391 2180 638
    2181 2182 2180
    2181 2180 2179
    2059 2181 2179
    2059 2179 391
    638 2180 567
    638 567 566
    567 2180 2182
    567 2182 563
    2041 1336 2169
    2041 2169 2183
    387 2183 2169
    387 2169 384
    565 2092 2184
    565 2184 568
    626 568 2184
    626 2184 627
    2041 2183 2184
    2041 2184 2092
    2183 387 627
    2183 627 2184
    198 197 2185
    198 2185 2186
    197 2187 2188
    197 2188 2185
    1918 611 2185
    1918 2185 2188
    394 2186 2185
    394 2185 611
    195 194 1151
    195 1151 2187
    199 195 2187
    199 2187 197
    196 195 199
    196 199 2165
    1547 2189 2190
    1547 2190 1548
    1548 2190 2191
    1548 2191 1556
    1548 1556 1554
    1548 1554 1546
    980 979 1803
    980 1803 1798
    2192 200 202
    2192 202 2193
    2194 201 200
    2194 200 206
    204 206 200
    204 200 2192
    203 205 2195
    203 2195 2196
    205 204 2192
    205 2192 215
    215 214 2195
    215 2195 205
    207 2197 2198
    207 2198 208
    209 2199 221
    209 221 207
    2197 207 221
    2197 221 220
    212 211 219
    212 219 1551
    212 639 2200
    212 2200 210
    2199 212 1551
    2199 1551 1553
    216 2201 2195
    216 2195 214
    219 218 2202
    219 2202 1549
    596 217 219
    596 219 211
    2203 2204 2205
    2203 2205 1538
    1538 2205 2206
    1538 2206 1539
    2207 2203 1538
    2207 1538 95
    140 2208 987
    140 987 986
    94 2209 2207
    94 2207 95
    2197 220 2207
    2197 2207 2209
    2197 2209 94
    2197 94 642
    222 2210 2204
    222 2204 2203
    216 2211 2212
    216 2212 2201
    2213 2214 2201
    2213 2201 2212
    401 2213 2212
    401 2212 235
    235 2212 2211
    235 2211 2215
    225 224 2216
    225 2216 139
    2217 2218 223
    2217 223 225
    2194 2219 2217
    2194 2217 225
    2194 225 139
    2194 139 1793
    245 2220 228
    245 228 227
    228 2220 641
    228 641 640
    226 228 640
    226 640 1541
    223 2221 2222
    223 2222 224
    616 619 2222
    616 2222 2221
    2223 2216 224
    2223 224 2222
    618 2223 2222
    618 2222 619
    2223 618 229
    2223 229 231
    231 2224 2216
    231 2216 2223
    2201 2214 2196
    2201 2196 2195
    2218 2217 2196
    2218 2196 2214
    2225 2218 2214
    2225 2214 2213
    208 2198 2226
    208 2226 2227
    2197 642 2226
    2197 2226 2198
    2220 2228 2229
    2220 2229 641
    2228 2230 2231
    2228 2231 2229
    245 2232 2228
    245 2228 2220
    2230 2228 2232
    2230 2232 2233
    2226 642 641
    2226 641 2229
    2229 2231 2227
    2229 2227 2226
    230 229 2102
    230 2102 2101
    2106 2104 1938
    2106 1938 233
    2215 2106 233
    2215 233 235
    2234 2235 2236
    2234 2236 2237
    417 2234 2237
    417 2237 644
    236 238 2234
    236 2234 417
    238 2238 2235
    238 2235 2234
    2238 238 237
    2238 237 596
    404 2224 231
    404 231 239
    2239 2202 2240
    2239 2240 2241
    2241 2240 2206
    2241 2206 2242
    2243 2239 2241
    2243 2241 2244
    2244 2241 2242
    2244 2242 2245
    1555 1549 2202
    1555 2202 2239
    1545 1555 2239
    1545 2239 2243
    979 981 1804
    979 1804 1803
    2191 2246 2204
    2191 2204 2210
    2246 2247 2205
    2246 2205 2204
    2248 2249 2247
    2248 2247 2246
    2190 2248 2246
    2190 2246 2191
    226 241 1042
    226 1042 227
    1828 1038 241
    1828 241 242
    243 1044 2250
    243 2250 244
    248 2232 245
    248 245 244
    244 2250 246
    244 246 248
    246 153 1836
    246 1836 247
    313 248 247
    313 247 314
    247 1836 1892
    247 1892 314
    251 1028 1031
    251 1031 249
    1890 2251 250
    1890 250 249
    1891 2252 2251
    1891 2251 1890
    1060 1062 2252
    1060 2252 1891
    2253 1818 250
    2253 250 2251
    2253 2251 2252
    2253 2252 253
    253 252 412
    253 412 413
    1818 2253 415
    1818 415 416
    1818 416 643
    1818 643 1817
    1818 312 251
    1818 251 250
    1816 1817 643
    1816 643 644
    1012 1011 1893
    1012 1893 1816
    1013 1012 2237
    1013 2237 2236
    1816 1893 1010
    1816 1010 1004
    421 422 1010
    421 1010 1893
    1593 2254 257
    1593 257 256
    1590 1591 257
    1590 257 2254
    255 257 1591
    255 1591 365
    445 1397 1400
    445 1400 446
    1397 1398 1399
    1397 1399 1400
    850 361 365
    850 365 1591
    2255 1600 1598
    2255 1598 114
    116 668 2255
    116 2255 114
    1638 2256 261
    1638 261 127
    1427 2257 262
    1427 262 77
    263 466 465
    263 465 264
    265 264 465
    265 465 1457
    2258 267 266
    2258 266 1664
    1666 935 270
    1666 270 269
    1669 1668 1666
    1669 1666 269
    736 273 696
    736 696 2259
    602 601 1664
    602 1664 1665
    1665 1666 1668
    1665 1668 602
    1423 695 694
    1423 694 73
    1425 1428 695
    1425 695 1423
    1643 457 456
    1643 456 1642
    457 1643 515
    457 515 689
    1429 1433 1436
    1429 1436 1432
    1430 2260 1433
    1430 1433 1429
    81 467 1430
    81 1430 83
    467 2261 2260
    467 2260 1430
    276 1704 1650
    276 1650 277
    1649 2262 277
    1649 277 1650
    277 2262 2263
    277 2263 275
    85 1438 2264
    85 2264 1653
    281 280 279
    281 279 286
    278 280 282
    278 282 1374
    281 286 284
    281 284 283
    5 4 2255
    5 2255 668
    287 289 292
    287 292 2265
    290 287 2265
    290 2265 328
    2266 2265 292
    2266 292 291
    588 2266 291
    588 291 57
    2267 295 1418
    2267 1418 2268
    295 2267 1426
    295 1426 296
    301 300 1355
    301 1355 1354
    109 2269 304
    109 304 302
    475 309 308
    475 308 791
    475 1737 310
    475 310 309
    539 313 316
    539 316 534
    613 2233 313
    613 313 539
    318 289 288
    318 288 320
    788 62 61
    788 61 789
    61 1351 790
    61 790 789
    70 72 324
    70 324 2270
    325 72 442
    325 442 889
    326 320 288
    326 288 290
    770 308 307
    770 307 771
    2269 109 105
    2269 105 2271
    2272 1560 103
    2272 103 331
    2271 105 106
    2271 106 1568
    1575 332 304
    1575 304 1571
    1571 304 2269
    1571 2269 1572
    333 50 996
    333 996 1813
    338 30 334
    338 334 336
    335 1376 337
    335 337 336
    834 879 346
    834 346 34
    350 347 1635
    350 1635 517
    353 1763 355
    353 355 351
    693 14 359
    693 359 2273
    14 13 1440
    14 1440 1439
    14 1439 2263
    14 2263 358
    1605 367 366
    1605 366 1604
    2272 331 367
    2272 367 1605
    1813 1812 368
    1813 368 333
    1814 1810 144
    1814 144 148
    148 144 146
    148 146 369
    1575 1580 51
    1575 51 332
    375 2143 2274
    375 2274 373
    189 373 2274
    189 2274 2173
    376 378 2138
    376 2138 2275
    376 636 392
    376 392 379
    637 636 376
    637 376 2275
    381 190 2058
    381 2058 2057
    2161 2276 382
    2161 382 175
    2163 386 388
    2163 388 2277
    389 382 2276
    389 2276 2165
    394 392 636
    394 636 635
    215 1801 529
    215 529 213
    556 399 398
    556 398 554
    401 399 556
    401 556 2278
    1947 2279 406
    1947 406 405
    1173 407 406
    1173 406 2279
    403 407 2105
    403 2105 2280
    234 409 552
    234 552 400
    404 403 2280
    404 2280 420
    2211 216 418
    2211 418 420
    419 2208 404
    419 404 418
    328 2265 2266
    328 2266 423
    1357 2281 650
    1357 650 651
    2281 2282 652
    2281 652 650
    1364 1365 652
    1364 652 2282
    656 655 1368
    656 1368 1367
    1363 1362 2283
    1363 2283 1369
    2283 1362 1364
    2283 1364 2284
    591 2284 1364
    591 1364 2282
    591 2282 2281
    591 2281 592
    425 665 668
    425 668 116
    2285 285 286
    2285 286 279
    278 427 2285
    278 2285 279
    426 430 2285
    426 2285 427
    2286 2287 282
    2286 282 281
    281 283 874
    281 874 2286
    28 338 2286
    28 2286 874
    2286 338 337
    2286 337 2287
    285 429 2288
    285 2288 283
    872 874 283
    872 283 2288
    1564 1563 429
    1564 429 431
    1563 1565 2288
    1563 2288 429
    426 2289 431
    426 431 430
    2289 426 1369
    2289 1369 2283
    2290 2291 431
    2290 431 2289
    431 2291 1566
    431 1566 1564
    2272 873 1565
    2272 1565 1560
    1570 2292 433
    1570 433 432
    435 436 434
    435 434 433
    657 435 433
    657 433 2292
    2293 660 657
    2293 657 2292
    2294 2295 660
    2294 660 2293
    2295 1381 661
    2295 661 660
    1382 439 438
    1382 438 2296
    591 1382 2296
    591 2296 2284
    324 325 1393
    324 1393 1392
    1388 70 2270
    1388 2270 440
    1392 2297 2270
    1392 2270 324
    1385 320 326
    1385 326 1389
    327 423 2298
    327 2298 675
    442 676 887
    442 887 889
    446 1400 663
    446 663 669
    445 1557 449
    445 449 451
    321 319 1386
    321 1386 1387
    587 423 2266
    587 2266 588
    1630 1629 675
    1630 675 2298
    1629 1628 673
    1629 673 675
    673 1628 1407
    673 1407 674
    671 674 453
    671 453 680
    680 453 452
    680 452 681
    888 887 676
    888 676 679
    679 1415 1559
    679 1559 888
    1410 1421 452
    1410 452 454
    679 678 1416
    679 1416 1415
    1414 687 1559
    1414 1559 1415
    646 686 687
    646 687 1414
    455 1416 678
    455 678 681
    2267 2268 2299
    2267 2299 2300
    2267 2300 1427
    2267 1427 1426
    694 693 74
    694 74 73
    2273 456 74
    2273 74 693
    1444 1443 458
    1444 458 460
    1410 1444 460
    1410 460 1420
    1420 460 459
    1420 459 1419
    1434 1433 2260
    1434 2260 2261
    1418 1419 2301
    1418 2301 2268
    2268 2301 2302
    2268 2302 2299
    462 2301 1419
    462 1419 459
    2301 462 461
    2301 461 2302
    459 458 2303
    459 2303 2304
    459 2304 463
    459 463 462
    2302 461 464
    2302 464 1454
    1483 468 466
    1483 466 263
    78 262 701
    78 701 700
    78 700 1457
    78 1457 465
    2259 1451 735
    2259 735 736
    471 1448 1451
    471 1451 2259
    702 471 2259
    702 2259 696
    471 702 2257
    471 2257 469
    1448 471 470
    1448 470 1454
    274 1467 699
    274 699 272
    699 1458 1455
    699 1455 698
    707 2305 1481
    707 1481 705
    706 705 1481
    706 1481 1479
    725 2137 2132
    725 2132 723
    1474 1476 732
    1474 732 731
    1471 1474 731
    1471 731 730
    2305 724 720
    2305 720 1481
    1472 729 724
    1472 724 2305
    744 1717 1652
    744 1652 1653
    1653 2264 745
    1653 745 744
    750 749 1486
    750 1486 1489
    1712 1490 1486
    1712 1486 1485
    1485 1488 1660
    1485 1660 1712
    2264 2306 746
    2264 746 745
    1498 742 755
    1498 755 765
    473 752 746
    473 746 2306
    759 758 1725
    759 1725 1709
    777 785 1502
    777 1502 778
    780 782 785
    780 785 777
    773 1503 1502
    773 1502 785
    955 772 771
    955 771 954
    60 1352 1526
    60 1526 779
    476 790 1351
    476 1351 1505
    780 1525 783
    780 783 782
    480 2307 788
    480 788 478
    62 788 2307
    62 2307 2308
    1520 1509 1512
    1520 1512 1521
    1521 1512 1514
    1521 1514 1522
    1507 1520 1519
    1507 1519 1508
    1516 2308 798
    1516 798 797
    2308 2307 801
    2308 801 798
    824 803 806
    824 806 818
    1532 800 803
    1532 803 824
    804 801 2307
    804 2307 480
    814 1529 1542
    814 1542 813
    1537 808 807
    1537 807 2309
    1544 2309 807
    1544 807 813
    1536 2310 822
    1536 822 820
    222 1553 1552
    222 1552 2210
    2206 2205 2247
    2206 2247 2242
    481 1540 218
    481 218 217
    218 1540 2240
    218 2240 2202
    1544 1545 2243
    1544 2243 2309
    1535 1537 2244
    1535 2244 2245
    434 436 1573
    434 1573 1572
    2271 434 1572
    2271 1572 2269
    833 832 597
    833 597 881
    831 859 857
    831 857 26
    24 26 1592
    24 1592 1595
    26 857 858
    26 858 1592
    2311 334 30
    2311 30 29
    335 334 2311
    335 2311 485
    483 482 2311
    483 2311 29
    486 485 2311
    486 2311 482
    486 868 2312
    486 2312 487
    1597 860 868
    1597 868 486
    486 482 484
    486 484 1597
    490 489 487
    490 487 2312
    1376 335 489
    1376 489 488
    867 2313 2312
    867 2312 868
    490 2312 2313
    490 2313 1602
    1634 837 839
    1634 839 1632
    837 1634 1636
    837 1636 838
    494 344 343
    494 343 493
    838 1636 498
    838 498 497
    835 838 497
    835 497 1631
    502 39 841
    502 841 520
    843 1644 2314
    843 2314 842
    2315 844 842
    2315 842 2314
    505 1679 1682
    505 1682 503
    1667 925 1682
    1667 1682 1679
    133 1646 1645
    133 1645 134
    521 520 1646
    521 1646 133
    1708 2316 507
    1708 507 506
    1739 136 135
    1739 135 956
    136 1739 1738
    136 1738 1765
    847 851 853
    847 853 424
    858 854 1590
    858 1590 2254
    1598 1602 2313
    1598 2313 1599
    867 848 1599
    867 1599 2313
    484 1606 2317
    484 2317 1617
    1617 2317 2318
    1617 2318 1615
    1606 1607 1811
    1606 1811 2317
    2317 1811 2318
    1811 1809 2318
    1604 366 368
    1604 368 1607
    1615 2318 1612
    1615 1612 1609
    31 877 885
    31 885 839
    1806 829 1620
    1806 1620 1625
    517 1635 899
    517 899 514
    350 518 2319
    350 2319 907
    907 2319 2258
    907 2258 2320
    907 2320 2321
    907 2321 908
    908 2321 1638
    908 1638 909
    500 519 2319
    500 2319 518
    268 519 500
    268 500 502
    2315 2314 359
    2315 359 358
    2314 1644 2273
    2314 2273 359
    919 916 917
    919 917 1639
    919 1639 128
    919 128 1658
    919 508 1661
    919 1661 916
    1662 268 1657
    1662 1657 1654
    502 521 1657
    502 1657 268
    602 1668 927
    602 927 926
    261 920 923
    261 923 128
    2256 926 920
    2256 920 261
    944 1698 1680
    944 1680 1676
    1684 524 1675
    1684 1675 1680
    1685 1684 1680
    1685 1680 1698
    1698 944 939
    1698 939 1699
    1700 938 370
    1700 370 2322
    2164 2322 370
    2164 370 179
    1701 1702 2323
    1701 2323 2126
    2139 1702 941
    2139 941 2324
    1702 2139 2142
    1702 2142 2323
    2126 2323 2152
    2126 2152 2151
    1696 1700 2322
    1696 2322 2325
    1697 1696 2325
    1697 2325 2144
    1695 2324 941
    1695 941 940
    2140 2139 2324
    2140 2324 2326
    2144 2140 2326
    2144 2326 1697
    2327 525 2144
    2327 2144 2325
    2327 2277 526
    2327 526 525
    2322 2164 2327
    2322 2327 2325
    1721 1720 2316
    1721 2316 1708
    1720 1716 1715
    1720 1715 2316
    2328 1716 1720
    2328 1720 1719
    1732 2328 1719
    1732 1719 949
    2329 952 1729
    2329 1729 1742
    2330 945 952
    2330 952 2329
    946 945 2330
    946 2330 353
    353 2330 1759
    353 1759 1763
    2329 1756 1759
    2329 1759 2330
    1744 2331 2332
    1744 2332 1745
    1745 2332 2333
    1745 2333 965
    2331 1770 2334
    2331 2334 2332
    2332 2334 2335
    2332 2335 2333
    1761 2336 2337
    1761 2337 1764
    2336 1775 1778
    2336 1778 2337
    2337 1778 1783
    2337 1783 1773
    1764 2337 1773
    1764 1773 1772
    1758 1749 2336
    1758 2336 1761
    1753 1747 1749
    1753 1749 1758
    1782 1769 1773
    1782 1773 1783
    1770 1769 1782
    1770 1782 2334
    355 1771 1766
    355 1766 1765
    1755 1767 1770
    1755 1770 2331
    2331 1744 1752
    2331 1752 1755
    1763 1762 1771
    1763 1771 355
    2333 973 963
    2333 963 965
    973 2333 2335
    973 2335 974
    974 1785 1795
    974 1795 971
    992 1795 1789
    992 1789 1788
    140 2224 404
    140 404 2208
    2208 419 528
    2208 528 987
    202 1790 1791
    202 1791 2338
    202 2338 2339
    202 2339 2193
    202 201 1792
    202 1792 1790
    1797 2338 1791
    1797 1791 995
    1798 2339 2338
    1798 2338 1797
    1801 2193 2339
    1801 2339 1802
    2192 2193 1801
    2192 1801 215
    1813 996 2340
    1813 2340 146
    146 2340 1578
    146 1578 369
    1580 2340 996
    1580 996 51
    369 1578 1815
    369 1815 1581
    1815 1001 997
    1815 997 1581
    2236 538 537
    2236 537 1013
    1028 251 2341
    1028 2341 542
    542 1826 1029
    542 1029 1028
    2342 2343 1828
    2342 1828 246
    1828 2343 1039
    1828 1039 1038
    2343 2342 1047
    2343 1047 1046
    2343 1046 1050
    2343 1050 1039
    1044 1043 1835
    1044 1835 2250
    246 2250 1835
    246 1835 2342
    2344 1851 1850
    2344 1850 2345
    198 2186 2344
    198 2344 2345
    1897 2345 1850
    1897 1850 1886
    198 2345 1897
    198 1897 182
    390 182 1897
    390 1897 1896
    1843 1838 1884
    1843 1884 1885
    1076 1075 2346
    1076 2346 2347
    1081 1076 2347
    1081 2347 1129
    159 1089 543
    1089 544 543
    2348 545 544
    2348 544 1087
    2177 1911 1860
    2177 1860 1861
    1911 1915 1859
    1911 1859 1860
    1899 2177 1861
    1899 1861 1900
    2349 603 1094
    2349 1094 1135
    1135 1094 1097
    1135 1097 1133
    1878 1877 2350
    1878 2350 1925
    2351 1931 1855
    2351 1855 156
    1930 1931 1928
    1930 1928 1927
    1928 1931 2351
    1928 2351 2352
    1906 2351 156
    1906 156 155
    1859 1905 1906
    1859 1906 155
    607 1098 1930
    607 1930 1927
    1899 1101 1107
    1899 1107 2174
    1902 1102 1101
    1902 1101 1899
    1106 1105 1924
    1106 1924 1171
    1171 1166 1107
    1171 1107 1106
    2350 1129 2347
    2350 2347 1925
    2346 1922 1925
    2346 1925 2347
    1880 1874 2350
    1880 2350 1877
    1922 2346 1873
    1922 1873 1876
    1111 2353 2354
    1111 2354 1108
    1158 1109 1108
    1158 1108 1161
    2355 1161 1108
    2355 1108 2354
    1858 1857 1929
    1858 1929 1903
    2351 1906 1904
    2351 1904 2352
    2159 184 1164
    2159 1164 1168
    1171 1924 1879
    1171 1879 1170
    1880 1879 1924
    1880 1924 1923
    1902 1168 1169
    1902 1169 1102
    1134 550 2349
    1134 2349 1135
    551 2348 1865
    551 1865 549
    1865 2348 1087
    1865 1087 1141
    545 2348 551
    545 551 609
    1916 1872 1871
    1916 1871 2356
    1150 2188 2187
    1150 2187 1151
    1144 2357 1870
    1144 1870 1145
    194 2357 1144
    194 1144 1151
    2123 649 648
    2123 648 548
    1162 546 2358
    1162 2358 1935
    548 648 2358
    548 2358 546
    1935 2358 2359
    1935 2359 1933
    609 2359 2358
    609 2358 648
    1149 1148 1882
    1149 1882 1881
    1898 2145 390
    1898 390 1896
    1898 1840 1842
    1898 1842 2360
    637 2361 1898
    637 1898 2360
    1898 2361 2146
    1898 2146 2145
    2344 2360 1842
    2344 1842 1851
    635 637 2360
    635 2360 2344
    637 2275 2146
    637 2146 2361
    2355 1854 1159
    2355 1159 1161
    2354 1843 1885
    2354 1885 2355
    549 1866 2349
    549 2349 550
    1892 2341 311
    1892 311 314
    2162 2159 1168
    2162 1168 1902
    1313 1311 1178
    1313 1178 1177
    1178 1311 1186
    1178 1186 1179
    2279 1947 1182
    2279 1182 1946
    1173 409 1937
    1173 1937 1966
    1966 1937 1942
    1966 1942 1967
    1968 1967 1942
    1968 1942 2110
    2280 2105 2106
    2280 2106 2215
    1224 398 1962
    1224 1962 1963
    2102 555 1207
    2102 1207 1206
    555 554 1220
    555 1220 1207
    1220 1219 1208
    1220 1208 1207
    1214 1208 1219
    1214 1219 1222
    1240 1227 1226
    1240 1226 1237
    1227 1240 1973
    1227 1973 2099
    1228 1227 2099
    1228 2099 2362
    1233 2363 1971
    1233 1971 1229
    1232 1228 2362
    1232 2362 2102
    617 1231 1232
    617 1232 618
    1231 617 615
    1231 615 1233
    559 558 2023
    559 2023 1289
    1242 1241 2010
    1242 2010 1302
    1269 2036 2364
    1269 2364 1266
    2364 2083 2017
    2364 2017 1266
    1981 1980 2003
    1981 2003 2009
    2009 2005 1982
    2009 1982 1981
    1302 2010 2009
    1302 2009 2003
    2119 562 561
    2119 561 2038
    2038 2039 2365
    2038 2365 582
    586 2364 2036
    586 2036 584
    1992 2366 2367
    1992 2367 1993
    1996 1993 2367
    1996 2367 2368
    1246 1305 2011
    1246 2011 1247
    2368 2073 2076
    2368 2076 2115
    2369 2167 2114
    2369 2114 192
    2173 2369 192
    2173 192 191
    2073 2368 2367
    2073 2367 2074
    1331 583 1341
    1331 1341 2118
    2092 565 2061
    2092 2061 2060
    565 564 2052
    565 2052 2061
    2049 2062 2061
    2049 2061 2052
    2069 2027 2026
    2069 2026 2093
    2044 2055 2056
    2044 2056 2045
    2059 2055 2044
    2059 2044 2181
    2044 2370 2182
    2044 2182 2181
    2044 2051 2050
    2044 2050 2370
    1998 1997 2074
    1998 2074 2120
    2366 2120 2074
    2366 2074 2367
    2120 2366 2031
    2120 2031 1277
    2064 2087 573
    2064 573 572
    2089 2024 2023
    2089 2023 558
    571 1348 1347
    571 1347 2088
    1977 1314 1317
    1977 1317 1978
    1325 1982 2097
    1325 2097 1319
    2008 2097 1982
    2008 1982 2005
    2362 2099 2100
    2362 2100 2371
    1312 1177 1174
    1312 1174 1946
    568 1321 1320
    568 1320 566
    170 1320 1322
    170 1322 171
    2026 2028 575
    2026 575 2093
    2117 576 575
    2117 575 2028
    2050 2052 564
    2050 564 2370
    1990 1255 1249
    1990 1249 1991
    1991 1249 1248
    1991 1248 1992
    1285 1284 2372
    1285 2372 2373
    622 1285 2373
    622 2373 620
    1286 2374 579
    1286 579 578
    2375 2376 1339
    2375 1339 1338
    1338 579 2374
    1338 2374 2375
    2374 1286 621
    2374 621 620
    583 2377 1342
    583 1342 1341
    1344 1342 2377
    1344 2377 625
    582 2365 2377
    582 2377 583
    2365 623 625
    2365 625 2377
    2033 2040 585
    2033 585 584
    160 162 2086
    160 2086 1298
    1375 1374 282
    1375 282 2287
    587 589 450
    587 450 449
    1352 62 2308
    1352 2308 1516
    1398 1357 1358
    1398 1358 1399
    2289 2283 2284
    2289 2284 2296
    2289 2296 438
    2289 438 2290
    440 2378 2290
    440 2290 438
    2291 2379 1569
    2291 1569 1566
    2290 2378 2379
    2290 2379 2291
    2379 2294 2293
    2379 2293 1569
    2378 2297 2294
    2378 2294 2379
    2297 1392 2295
    2297 2295 2294
    1377 1613 1814
    1377 1814 1378
    1557 2380 587
    1557 587 449
    2380 2298 423
    2380 423 587
    1557 1558 1807
    1557 1807 2380
    1807 1630 2298
    1807 2298 2380
    2300 2299 470
    2300 470 469
    2303 458 1443
    2303 1443 1447
    1483 2304 2303
    1483 2303 2381
    1483 263 463
    1483 463 2304
    2381 2303 1447
    2381 1447 2382
    914 2382 1447
    914 1447 912
    1428 1431 691
    1428 691 695
    593 595 1434
    593 1434 2261
    1432 1436 1437
    1432 1437 692
    473 2306 595
    473 595 594
    1483 2381 1487
    1483 1487 474
    2381 2382 1488
    2381 1488 1487
    2133 2132 2137
    2133 2137 378
    2328 1495 1492
    2328 1492 1716
    2189 1547 1534
    2189 1534 1533
    2310 2189 1533
    2310 1533 822
    1536 1535 2245
    1536 2245 2249
    2249 2248 2310
    2249 2310 1536
    358 2263 2262
    358 2262 2315
    2318 1809 1810
    2318 1810 1612
    601 2320 2258
    601 2258 1664
    2320 601 600
    2320 600 2321
    2321 600 2256
    2321 2256 1638
    507 1714 1661
    507 1661 508
    1697 2326 1692
    1697 1692 1689
    1781 2335 2334
    1781 2334 1782
    1794 982 985
    1794 985 1800
    1843 2354 2353
    1843 2353 1844
    1844 2353 1852
    1844 1852 1845
    1915 1907 1905
    1915 1905 1859
    2356 196 1917
    2356 1917 1916
    1915 1917 2276
    1915 2276 2161
    1915 2161 2160
    1915 2160 1907
    1870 2357 2356
    1870 2356 1871
    555 2102 2362
    555 2362 2371
    615 614 2363
    615 2363 1233
    614 556 555
    614 555 2363
    2363 555 2371
    2363 2371 1971
    1979 1327 629
    1979 629 2150
    2117 165 1339
    2117 1339 2376
    2375 2373 2372
    2375 2372 2376
    2372 576 2117
    2372 2117 2376
    2039 2040 623
    2039 623 2365
    624 623 2040
    624 2040 2033
    166 168 2157
    166 2157 2135
    526 2383 2384
    526 2384 527
    2143 527 2384
    2143 2384 2274
    2277 388 2383
    2277 2383 526
    2383 2167 2369
    2383 2369 2384
    2274 2384 2369
    2274 2369 2173
    2133 2154 2157
    2133 2157 168
    378 377 2154
    378 2154 2133
    2323 2142 375
    2323 375 2152
    596 210 2200
    596 2200 2385
    596 2385 2386
    596 2386 2238
    206 203 2219
    206 2219 2194
    613 2235 2238
    613 2238 2386
    2385 2200 2227
    2385 2227 2231
    2230 2386 2385
    2230 2385 2231
    2213 401 2278
    2213 2278 2225
    2221 223 2218
    2221 2218 2225
    616 2221 2225
    616 2225 2278
    367 330 333
    100 1 101
    1 0 101
    11 317 321
    11 321 8
    295 297 1413
    295 1413 293
    15 734 1463
    15 1463 703
    781 766 768
    781 768 1506
    783 1524 1507
    783 1507 784
    100 102 322
    100 322 298
    1584 1000 999
    1584 999 1589
    363 112 111
    363 111 364
    599 598 1603
    599 1603 1614
    306 1616 43
    306 43 42
    1404 1619 120
    1404 120 119
    1622 1621 511
    1622 511 510
    37 38 125
    37 125 339
    1627 340 339
    1627 339 1626
    1446 131 130
    1446 130 910
    1735 352 351
    1735 351 354
    112 141 143
    112 143 113
    659 1378 147
    659 147 150
    1123 1863 1080
    1123 1080 1124
    1064 1066 1862
    1064 1862 1070
    315 312 1022
    315 1022 422
    1025 1821 1820
    1025 1820 1026
    2014 2077 2032
    2014 2032 1252
    621 1288 2078
    621 2078 622
    1987 2080 2082
    1987 2082 1986
    1287 1263 1265
    1287 1265 2081
    625 624 2035
    625 2035 2084
    2037 1272 1270
    2037 1270 2020
    1211 1210 1216
    1211 1216 1215
    1199 1203 1960
    1199 1960 2108
    1955 1200 2107
    1955 2107 1961
    1192 1191 1968
    1192 1968 2112
    371 2127 712
    371 712 19
    374 189 380
    374 380 169
    187 191 193
    187 193 2171
    2170 634 633
    2170 633 2175
    639 212 2199
    639 2199 209
    222 2203 2207
    222 2207 220
    1224 232 230
    1224 230 2101
    233 1938 408
    233 408 234
    981 1786 1794
    981 1794 1804
    1827 541 540
    1827 540 1891
    252 1828 242
    252 242 412
    1816 644 2237
    1816 2237 1012
    123 260 1626
    123 1626 124
    850 142 141
    850 141 361
    1 301 1354
    1 1354 2
    31 33 305
    31 305 42
    2232 248 313
    2232 313 2233
    11 292 289
    11 289 318
    298 323 99
    298 99 98
    91 787 308
    91 308 770
    954 771 307
    954 307 310
    341 357 356
    341 356 342
    363 362 255
    362 256 255
    628 627 387
    628 387 386
    372 183 390
    372 390 630
    2059 391 381
    2059 381 2057
    394 612 1919
    394 1919 395
    216 213 529
    216 529 419
    400 553 397
    400 397 399
    235 234 400
    235 400 401
    236 414 410
    236 410 411
    226 1541 411
    226 411 240
    1363 1368 655
    1363 655 654
    1359 1356 1371
    1359 1371 653
    2255 4 656
    2255 656 1600
    429 285 2285
    429 2285 430
    68 67 325
    68 325 889
    669 1403 444
    669 444 446
    445 451 447
    445 447 448
    454 453 674
    454 674 1407
    1628 898 1408
    1628 1408 1407
    455 681 452
    455 452 1421
    74 457 689
    74 689 688
    646 645 690
    646 690 686
    1444 1410 1411
    1444 1411 1445
    81 78 466
    81 466 468
    698 1455 1457
    698 1457 700
    2257 702 701
    2257 701 262
    1467 274 737
    1467 737 1468
    1478 1480 732
    1478 732 1476
    1472 1471 730
    1472 730 729
    276 1651 1705
    276 1705 1704
    1711 1651 1652
    1711 1652 1717
    753 750 1489
    753 1489 1496
    778 1498 765
    778 765 767
    475 791 790
    475 790 476
    477 476 1505
    477 1505 1504
    1503 773 774
    1503 774 1723
    780 779 1526
    780 1526 1525
    480 1508 1519
    480 1519 804
    794 800 1532
    794 1532 1530
    812 811 1522
    812 1522 1514
    1534 1542 1529
    1534 1529 1528
    2199 1553 222
    2199 222 221
    1556 2191 2210
    1556 2210 1552
    1546 1554 1555
    1546 1555 1545
    2309 2243 2244
    2309 2244 1537
    642 94 1541
    642 1541 640
    1539 2206 2240
    1539 2240 1540
    481 217 596
    481 596 237
    434 2271 1568
    434 1568 432
    436 1583 1585
    436 1585 1573
    485 487 489
    485 489 335
    493 343 345
    493 345 491
    492 495 494
    492 494 493
    349 1637 498
    349 498 1636
    925 924 1672
    925 1672 1682
    134 1645 1650
    134 1650 1704
    956 310 1737
    956 1737 1739
    856 425 424
    856 424 853
    510 512 855
    510 855 859
    858 2254 1593
    858 1593 1592
    848 867 866
    848 866 845
    833 881 879
    833 879 834
    2288 1565 873
    2288 873 872
    871 873 2272
    871 2272 1605
    1603 1597 484
    1603 484 1617
    878 1611 1395
    878 1395 1390
    33 836 259
    33 259 258
    599 882 881
    599 881 597
    839 885 884
    839 884 1632
    836 835 1631
    836 1631 894
    514 682 689
    514 689 515
    518 517 514
    518 514 516
    904 903 129
    904 129 131
    2319 519 267
    2319 267 2258
    520 841 1647
    520 1647 1646
    1439 1441 275
    1439 275 2263
    933 1662 1654
    933 1654 934
    919 1658 1657
    919 1657 521
    1679 930 929
    1679 929 1667
    505 504 1693
    505 1693 1678
    524 1684 1687
    524 1687 522
    2151 2153 2125
    2151 2125 2126
    1699 939 938
    1699 938 1700
    2164 2163 2277
    2164 2277 2327
    1722 1710 1709
    1722 1709 1725
    1710 1721 1708
    1710 1708 1707
    1728 774 772
    1728 772 955
    1734 477 1499
    1734 1499 1501
    1730 946 353
    1730 353 352
    2329 1742 1743
    2329 1743 1756
    1749 1748 1775
    1749 1775 2336
    1765 1738 354
    1765 354 355
    1762 1764 1772
    1762 1772 1771
    1795 1785 1784
    1795 1784 1789
    2194 1793 1792
    2194 1792 201
    1798 1803 1802
    1798 1802 2339
    1806 1558 827
    1806 827 829
    1001 1587 531
    1001 531 530
    539 534 536
    539 536 537
    535 1895 1894
    535 1894 1016
    1036 1824 1823
    1036 1823 1032
    253 2252 1062
    253 1062 254
    245 227 1042
    245 1042 243
    1835 1832 1047
    1835 1047 2342
    1830 1833 1887
    1830 1887 1889
    608 1071 1070
    608 1070 1122
    1084 1119 1118
    1084 1118 1085
    1097 1872 1130
    1097 1130 1133
    1856 1072 1073
    1856 1073 1857
    1153 1114 1116
    1153 1116 1154
    1863 1873 2346
    1863 2346 1075
    1903 1900 1861
    1903 1861 1858
    1098 607 606
    1098 606 1067
    1165 2174 1107
    1165 1107 1166
    2350 1874 1127
    2350 1127 1129
    1923 1875 1874
    1923 1874 1880
    551 550 1134
    551 1134 1138
    2188 1150 1152
    2188 1152 1918
    1145 1870 1095
    1145 1095 1163
    547 1869 2123
    547 2123 548
    609 649 2122
    609 2122 545
    609 610 1933
    609 1933 2359
    1152 1149 1881
    1152 1881 1913
    1854 2355 1885
    1854 1885 1849
    2253 253 413
    2253 413 415
    312 311 2341
    312 2341 251
    540 542 2341
    540 2341 1892
    2104 1945 1939
    2104 1939 1938
    1943 1187 1190
    1943 1190 1193
    1204 1957 1958
    1204 1958 1203
    1963 1962 1957
    1963 1957 1956
    1222 1976 1975
    1222 1975 1214
    1259 2079 1987
    1259 1987 1260
    2119 2038 582
    2119 582 581
    1303 1302 2003
    1303 2003 2002
    2116 2115 2076
    2116 2076 2095
    1996 2368 2115
    1996 2115 2067
    568 567 563
    568 563 565
    570 2062 2049
    570 2049 571
    164 2029 2054
    164 2054 1283
    586 1344 2083
    586 2083 2364
    2064 570 569
    2064 569 2087
    2065 572 574
    2065 574 2048
    1984 2089 558
    1984 558 557
    2021 2091 1294
    2021 1294 1293
    1297 1298 2088
    1297 2088 1347
    1979 1322 1314
    1979 1314 1977
    2011 1305 1300
    2011 1300 1299
    1311 1313 1310
    1311 1310 1309
    1173 2279 1946
    1173 1946 1174
    1941 1943 2110
    1941 2110 1942
    1320 170 638
    1320 638 566
    2119 1334 2043
    2119 2043 562
    563 2182 2370
    563 2370 564
    2366 1992 1248
    2366 1248 2031
    2087 1985 1349
    2087 1349 573
    1984 1983 2086
    1984 2086 162
    158 1143 1089
    158 1089 159
    1386 319 320
    1386 320 1385
    592 2281 1357
    592 1357 1398
    1375 2287 337
    1375 337 1376
    1569 2293 2292
    1569 2292 1570
    440 2270 2297
    440 2297 2378
    1392 1394 1381
    1392 1381 2295
    665 425 1405
    665 1405 666
    296 647 646
    296 646 297
    469 2257 1427
    469 1427 2300
    468 593 2261
    468 2261 467
    2306 2264 1438
    2306 1438 595
    1437 1440 13
    1437 13 692
    1488 2382 914
    1488 914 1660
    2299 2302 1454
    2299 1454 470
    463 263 265
    463 265 1452
    1470 1472 2305
    1470 2305 707
    1501 1495 2328
    1501 2328 1732
    1526 1352 1516
    1526 1516 1515
    2242 2247 2249
    2242 2249 2245
    2248 2190 2189
    2248 2189 2310
    1580 1579 1578
    1580 1578 2340
    1812 1811 1607
    1812 1607 368
    1612 1810 1814
    1612 1814 1613
    1642 456 2273
    1642 2273 1644
    1649 844 2315
    1649 2315 2262
    2316 1715 1714
    2316 1714 507
    926 2256 600
    926 600 602
    1692 2326 2324
    1692 2324 1695
    1752 1744 1747
    1752 1747 1753
    1785 974 2335
    1785 2335 1781
    139 2216 2224
    139 2224 140
    528 1800 985
    528 985 987
    1115 1852 2353
    1115 2353 1111
    603 2349 1866
    603 1866 604
    196 2165 2276
    196 2276 1917
    196 2356 2357
    196 2357 194
    1902 1907 2160
    1902 2160 2162
    618 1232 2102
    618 2102 229
    1971 2371 2100
    1971 2100 1969
    616 615 617
    616 617 619
    2001 2097 2008
    2001 2008 2004
    620 2373 2375
    620 2375 2374
    576 2372 1284
    576 1284 577
    2058 2172 2072
    2058 2072 2053
    177 2153 2150
    177 2150 629
    388 632 2167
    388 2167 2383
    374 2149 2152
    374 2152 375
    2129 2146 2275
    2129 2275 2138
    379 2155 2154
    379 2154 377
    2344 2186 394
    2344 394 635
    208 2227 2200
    208 2200 639
    203 2196 2217
    203 2217 2219
    2233 613 2386
    2233 2386 2230
    2235 613 538
    2235 538 2236
    420 2280 2215
    420 2215 2211
    556 614 616
    556 616 2278
    692 691 1431
    692 1431 1432
    2352 1904 1903
    2352 1903 1928
    1903 1929 1928
    330 367 331
    2387 2388 329
    2387 329 303
    2388 2389 48
    2388 48 329
    2390 2387 303
    2390 303 332
    2389 2390 332
    2389 332 48
    2391 2388 2387
    2391 2387 2392
    2391 2393 2389
    2391 2389 2388
    2392 2387 2390
    2392 2390 2394
    2393 2394 2390
    2393 2390 2389
    2395 2396 2397
    2395 2397 2398
    2396 2391 2392
    2396 2392 2397
    2393 2391 2396
    2393 2396 2395
    2397 2392 2394
    2397 2394 2398
    2394 2393 2395
    2394 2395 2398
    2399 2400 2401
    2399 2401 2402
    2403 2402 2401
    2403 2401 2404
    2405 2403 2404
    2405 2404 2406
    2407 2405 2406
    2407 2406 2408
    2409 2410 2411
    2409 2411 2412
    2413 2409 2412
    2413 2412 2414
    2415 2413 2414
    2415 2414 2416
    2417 2418 2419
    2417 2419 2420
    2421 2422 2423
    2421 2423 2424
    2425 2421 2424
    2425 2424 2426
    2427 2425 2426
    2427 2426 2428
    2429 2427 2428
    2429 2428 2430
    2431 2432 2433
    2431 2433 2434
    2435 2436 2434
    2435 2434 2433
    2437 2438 2439
    2437 2439 2440
    2441 2442 2443
    2441 2443 2444
    2445 2446 2444
    2445 2444 2443
    2447 2448 2446
    2447 2446 2445
    2449 2450 2448
    2449 2448 2447
    2450 2449 2451
    2450 2451 2452
    2453 2454 2412
    2453 2412 2411
    2454 2455 2414
    2454 2414 2412
    2456 2457 2418
    2456 2418 2416
    2458 2423 2419
    2458 2419 2459
    2458 2460 2424
    2458 2424 2423
    2460 2461 2426
    2460 2426 2424
    2461 2462 2428
    2461 2428 2426
    2462 2463 2430
    2462 2430 2428
    2433 2409 2413
    2433 2413 2435
    2415 2417 2438
    2415 2438 2437
    2442 2420 2422
    2442 2422 2443
    2443 2422 2421
    2443 2421 2445
    2445 2421 2425
    2445 2425 2447
    2447 2425 2427
    2447 2427 2449
    2464 2465 2450
    2464 2450 2452
    2466 2467 2465
    2466 2465 2464
    2468 2467 2466
    2468 2466 2469
    2434 2468 2469
    2434 2469 2431
    2448 2450 2465
    2448 2465 2446
    2446 2465 2467
    2446 2467 2444
    2441 2444 2467
    2439 2441 2467
    2468 2439 2467
    2440 2439 2468
    2436 2440 2468
    2434 2436 2468
    2417 2415 2416
    2417 2416 2418
    2420 2419 2423
    2420 2423 2422
    2437 2440 2436
    2437 2436 2435
    2442 2441 2439
    2442 2439 2438
    2455 2456 2416
    2455 2416 2414
    2459 2419 2418
    2459 2418 2457
    2413 2415 2437
    2413 2437 2435
    2420 2442 2438
    2420 2438 2417
    2470 2471 2429
    2470 2429 2430
    2472 2473 2411
    2472 2411 2410
    2474 2475 2452
    2474 2452 2451
    2476 2477 2432
    2476 2432 2431
    2478 2470 2430
    2478 2430 2463
    2475 2479 2464
    2475 2464 2452
    2479 2480 2466
    2479 2466 2464
    2480 2481 2469
    2480 2469 2466
    2481 2476 2431
    2481 2431 2469
    2473 2482 2453
    2473 2453 2411
    2483 2484 2485
    2483 2485 2486
    2487 2488 2489
    2487 2489 2490
    2491 2492 2493
    2491 2493 2494
    2495 2496 2497
    2495 2497 2498
    2486 2485 2499
    2486 2499 2500
    2501 2491 2494
    2501 2494 2502
    2503 2501 2502
    2503 2502 2504
    2505 2506 2503
    2505 2503 2504
    2498 2497 2506
    2498 2506 2505
    2507 2487 2490
    2507 2490 2508
    2427 2429 2451
    2427 2451 2449
    2433 2432 2410
    2433 2410 2409
    2471 2474 2451
    2471 2451 2429
    2477 2472 2410
    2477 2410 2432
    2492 2484 2483
    2492 2483 2493
    2488 2496 2495
    2488 2495 2489
    2454 2453 2509
    2482 2510 2509
    2482 2509 2453
    2511 2512 2507
    2511 2507 2508
    2463 2462 2513
    2478 2463 2513
    2478 2513 2514
    2500 2499 2515
    2500 2515 2516
    2517 2518 2519
    2517 2519 2520
    2518 2521 2522
    2518 2522 2519
    2470 2523 2524
    2470 2524 2471
    2523 2485 2484
    2523 2484 2524
    2525 2526 2527
    2525 2527 2528
    2529 2530 2526
    2529 2526 2525
    2531 2532 2473
    2531 2473 2472
    2488 2487 2532
    2488 2532 2531
    2533 2534 2535
    2533 2535 2536
    2537 2538 2534
    2537 2534 2533
    2474 2539 2540
    2474 2540 2475
    2492 2491 2540
    2492 2540 2539
    2541 2542 2543
    2541 2543 2544
    2542 2545 2546
    2542 2546 2543
    2547 2548 2477
    2547 2477 2476
    2497 2496 2548
    2497 2548 2547
    2520 2519 2549
    2520 2549 2550
    2519 2522 2551
    2519 2551 2549
    2478 2552 2523
    2478 2523 2470
    2552 2499 2485
    2552 2485 2523
    2553 2533 2536
    2553 2536 2554
    2555 2537 2533
    2555 2533 2553
    2475 2540 2556
    2475 2556 2479
    2491 2501 2556
    2491 2556 2540
    2557 2553 2554
    2557 2554 2558
    2559 2555 2553
    2559 2553 2557
    2556 2560 2480
    2556 2480 2479
    2501 2503 2560
    2501 2560 2556
    2561 2562 2557
    2561 2557 2558
    2562 2563 2559
    2562 2559 2557
    2480 2560 2564
    2480 2564 2481
    2560 2503 2506
    2560 2506 2564
    2544 2543 2562
    2544 2562 2561
    2543 2546 2563
    2543 2563 2562
    2564 2547 2476
    2564 2476 2481
    2564 2506 2497
    2564 2497 2547
    2565 2525 2528
    2565 2528 2566
    2567 2529 2525
    2567 2525 2565
    2532 2568 2482
    2532 2482 2473
    2487 2507 2568
    2487 2568 2532
    2534 2518 2517
    2534 2517 2535
    2538 2521 2518
    2538 2518 2534
    2471 2524 2539
    2471 2539 2474
    2524 2484 2492
    2524 2492 2539
    2527 2526 2542
    2527 2542 2541
    2526 2530 2545
    2526 2545 2542
    2548 2531 2472
    2548 2472 2477
    2496 2488 2531
    2496 2531 2548
    2569 2570 2565
    2569 2565 2566
    2565 2570 2571
    2565 2571 2567
    2510 2482 2568
    2510 2568 2572
    2572 2568 2507
    2572 2507 2512
    2552 2478 2514
    2552 2514 2573
    2552 2573 2515
    2552 2515 2499
    2574 2575 2550
    2574 2550 2549
    2574 2549 2551
    2574 2551 2576
    2521 2483 2486
    2521 2486 2522
    2529 2490 2489
    2529 2489 2530
    2537 2494 2493
    2537 2493 2538
    2545 2495 2498
    2545 2498 2546
    2522 2486 2500
    2522 2500 2551
    2555 2502 2494
    2555 2494 2537
    2559 2504 2502
    2559 2502 2555
    2563 2505 2504
    2563 2504 2559
    2546 2498 2505
    2546 2505 2563
    2567 2508 2490
    2567 2490 2529
    2538 2493 2483
    2538 2483 2521
    2530 2489 2495
    2530 2495 2545
    2551 2500 2516
    2551 2516 2576
    2571 2511 2508
    2571 2508 2567
    2577 2578 2579
    2577 2579 2580
    2581 2580 2579
    2581 2579 2582
    2583 2584 2585
    2583 2585 2586
    2587 2583 2586
    2587 2586 2588
    2585 2584 2581
    2585 2581 2582
    2589 2578 2577
    2589 2577 2590
    2591 2592 2593
    2591 2593 2594
    2591 2594 2595
    2591 2595 2596
    2591 2596 2597
    2591 2597 2598
    2591 2598 2599
    2591 2599 2600
    2591 2600 2601
    2591 2601 2592
    2592 2602 2603
    2592 2603 2593
    2593 2603 2604
    2593 2604 2594
    2594 2604 2605
    2594 2605 2595
    2595 2605 2606
    2595 2606 2596
    2596 2606 2607
    2596 2607 2597
    2597 2607 2608
    2597 2608 2598
    2598 2608 2609
    2598 2609 2599
    2599 2609 2610
    2599 2610 2600
    2600 2610 2611
    2600 2611 2601
    2601 2611 2602
    2601 2602 2592
    2602 2612 2613
    2602 2613 2603
    2603 2613 2614
    2603 2614 2604
    2604 2614 2615
    2604 2615 2605
    2605 2615 2616
    2605 2616 2606
    2606 2616 2617
    2606 2617 2607
    2607 2617 2618
    2607 2618 2608
    2608 2618 2619
    2608 2619 2609
    2609 2619 2620
    2609 2620 2610
    2610 2620 2621
    2610 2621 2611
    2611 2621 2612
    2611 2612 2602
    2622 2623 2624
    2622 2624 2625
    2626 2625 2624
    2626 2624 2627
    2628 2623 2622
    2628 2622 2629
    2630 2631 2626
    2630 2626 2627
    2632 2633 2634
    2632 2634 2635
    2636 2637 2635
    2636 2635 2634
    2638 2639 2640
    2638 2640 2641
    2636 2640 2639
    2636 2639 2637
    2642 2643 2644
    2642 2644 2645
    2646 2647 2648
    2646 2648 2649
    2650 2651 2652
    2653 2654 2655
    2656 2657 2652
    2656 2652 2651
    2658 2659 2649
    2658 2649 2648
    2660 2646 2649
    2660 2649 2659
    2647 2661 2658
    2647 2658 2648
    2661 2660 2659
    2661 2659 2658
    2662 2663 2652
    2662 2652 2657
    2650 2664 2656
    2650 2656 2651
    2664 2662 2657
    2664 2657 2656
    2665 2666 2667
    2665 2667 2668
    2669 2670 2671
    2669 2671 2672
    2673 2674 2675
    2676 2677 2678
    2679 2678 2677
    2679 2677 2680
    2681 2671 2670
    2681 2670 2682
    2683 2682 2670
    2683 2670 2669
    2672 2671 2681
    2672 2681 2684
    2684 2681 2682
    2684 2682 2683
    2685 2680 2677
    2685 2677 2686
    2676 2678 2679
    2676 2679 2687
    2687 2679 2680
    2687 2680 2685
    2688 2689 2690
    2688 2690 2691
    2692 2691 2690
    2692 2690 2693
    2694 2692 2693
    2694 2693 2695
    2696 2697 2698
    2696 2698 2699
    2694 2695 2698
    2694 2698 2697
    2693 2690 2700
    2695 2693 2700
    2695 2700 2701
    2699 2698 2702
    2699 2702 2703
    2698 2695 2701
    2698 2701 2702
    2704 2705 2706
    2704 2707 2705
    2704 2708 2707
    2704 2709 2708
    2704 2710 2709
    2704 2711 2710
    2704 2712 2711
    2704 2713 2712
    2704 2714 2713
    2704 2706 2714
    2706 2705 2715
    2706 2715 2716
    2705 2707 2717
    2705 2717 2715
    2707 2708 2718
    2707 2718 2717
    2708 2709 2719
    2708 2719 2718
    2709 2710 2720
    2709 2720 2719
    2710 2711 2721
    2710 2721 2720
    2711 2712 2722
    2711 2722 2721
    2712 2713 2723
    2712 2723 2722
    2713 2714 2724
    2713 2724 2723
    2714 2706 2716
    2714 2716 2724
    2716 2715 2725
    2716 2725 2726
    2715 2717 2727
    2715 2727 2725
    2717 2718 2728
    2717 2728 2727
    2718 2719 2729
    2718 2729 2728
    2719 2720 2730
    2719 2730 2729
    2720 2721 2731
    2720 2731 2730
    2721 2722 2732
    2721 2732 2731
    2722 2723 2733
    2722 2733 2732
    2723 2724 2734
    2723 2734 2733
    2724 2716 2726
    2724 2726 2734
    2735 2736 2737
    2735 2737 2738
    2739 2740 2737
    2739 2737 2736
    2741 2742 2740
    2741 2740 2739
    2743 2744 2745
    2743 2745 2746
    2741 2746 2745
    2741 2745 2742
    2740 2747 2737
    2742 2748 2747
    2742 2747 2740
    2744 2749 2750
    2744 2750 2745
    2745 2750 2748
    2745 2748 2742
    2751 2752 2753
    2751 2753 2754
    2755 2756 2757
    2755 2757 2758
    2756 2759 2760
    2756 2760 2757
    2761 2762 2760
    2761 2760 2759
    2763 2764 2765
    2763 2765 2766
    2767 2768 2769
    2767 2769 2770
    2761 2771 2772
    2761 2772 2762
    2771 2765 2764
    2771 2764 2772
    2768 2763 2766
    2768 2766 2769
    2773 2774 2767
    2773 2767 2770
    2775 2776 2777
    2775 2777 2778
    2778 2777 2779
    2778 2779 2780
    2781 2780 2779
    2781 2779 2782
    2783 2784 2785
    2783 2785 2786
    2787 2788 2789
    2787 2789 2790
    2781 2782 2791
    2781 2791 2792
    2792 2791 2786
    2792 2786 2785
    2790 2789 2784
    2790 2784 2783
    2793 2788 2787
    2793 2787 2794
    2795 2796 2797
    2795 2797 2798
    2799 2795 2798
    2799 2798 2800
    2801 2802 2803
    2801 2803 2804
    2805 2806 2807
    2805 2807 2808
    2809 2810 2806
    2809 2806 2805
    2811 2812 2813
    2811 2813 2814
    2804 2815 2816
    2804 2816 2801
    2812 2817 2818
    2812 2818 2813
    2807 2806 2798
    2807 2798 2797
    2806 2810 2800
    2806 2800 2798
    2813 2818 2815
    2813 2815 2804
    2814 2813 2804
    2814 2804 2803
    2803 2802 2799
    2803 2799 2800
    2811 2814 2810
    2811 2810 2809
    2800 2810 2814
    2800 2814 2803
    2819 2820 2821
    2819 2821 2822
    2823 2822 2821
    2823 2821 2824
    2825 2826 2827
    2825 2827 2828
    2829 2830 2831
    2829 2831 2832
    2827 2826 2823
    2827 2823 2824
    2833 2834 2830
    2833 2830 2829
    2825 2828 2832
    2825 2832 2831
    2835 2836 2837
    2835 2837 2838
    2839 2840 2841
    2839 2841 2842
    2843 2839 2842
    2843 2842 2844
    2845 2843 2844
    2845 2844 2846
    2841 2840 2838
    2841 2838 2837
    2752 2755 2758
    2752 2758 2753
    2847 2848 2849
    2847 2849 2850
    2851 2852 2853
    2851 2853 2854
    2855 2851 2854
    2855 2854 2856
    2857 2855 2856
    2857 2856 2858
    2853 2852 2850
    2853 2850 2849
    </Mesh>
    </Frame>
    <Frame>: 2 ZombieGirl_Pants
    <TransformMatrix>:
    1.000000 0.000000 0.000000 -0.000000
    0.000000 1.000000 0.000000 0.000000
    0.000000 0.000000 1.000000 -0.000000
    0.000000 0.000000 -0.000000 1.000000
    <Mesh>: 494 ZombieGirl_Pants
    <Positions>: 494
    -6.394525 9.759087 -96.122406
    -3.913642 10.629469 -101.887909
    -1.448855 5.678571 -97.863304
    1.594552 6.069266 -97.637833
    4.096153 11.134188 -101.727776
    6.498827 9.530858 -96.224487
    0.051952 0.293790 -97.447678
    0.034404 5.645051 -98.582603
    0.050733 -8.538380 -96.733574
    4.560881 -14.011307 -93.214165
    0.044504 -13.835313 -97.520798
    -4.426210 -14.117455 -93.154327
    5.658406 -16.693077 -95.920555
    6.415024 -12.306420 -88.622490
    2.683224 -11.267335 -89.850945
    -5.533106 -16.743269 -95.900993
    -2.693649 -10.953073 -90.069344
    -6.259967 -12.429275 -88.566422
    12.935649 -12.979729 -93.022797
    18.593857 -9.293758 -95.326439
    13.306457 -14.912158 -95.776085
    -13.233092 -15.024101 -95.738930
    -18.466629 -9.300321 -95.322113
    -12.906695 -13.220461 -92.920799
    5.487409 -9.071150 -82.160912
    -5.418885 -8.814084 -82.245216
    5.350904 6.667962 -82.622833
    3.826953 6.976169 -76.483513
    3.707671 1.955141 -82.471474
    -5.173522 6.939650 -82.796860
    -3.733626 1.890476 -82.646988
    -4.773808 6.610615 -79.006531
    -3.262556 6.535542 -76.281357
    -7.449536 8.773305 -72.953644
    7.925414 8.167402 -73.260498
    3.995898 5.404596 -73.623550
    -13.265054 7.188677 -72.385742
    -13.141525 6.792883 -66.504433
    9.874608 -9.843500 -74.755440
    5.672412 -8.850533 -76.238838
    7.303822 -7.267259 -72.897583
    4.285052 -3.705743 -75.259911
    -6.304324 7.774915 -70.001549
    -6.246690 7.562136 -65.714592
    -15.891352 2.066425 -65.358978
    -16.768559 3.099764 -62.783066
    -12.884603 7.113241 -63.565159
    -3.146187 -3.933820 -64.909859
    -2.908446 2.251679 -67.171608
    -2.917540 -2.884815 -68.299850
    -15.247699 2.959868 -60.999104
    -14.959655 -7.941356 -60.579773
    -10.007406 -6.600595 -62.145996
    -14.186747 -7.265131 -62.688709
    -14.643846 -8.349768 -58.444439
    -8.859617 -8.564875 -58.817745
    -5.544919 -6.018953 -64.169220
    -4.920681 -7.274331 -59.904736
    -9.371742 8.806180 -62.638130
    -7.064912 6.238295 -61.901379
    -12.984048 5.444139 -58.453918
    -18.161785 -0.398721 -50.567966
    -16.151340 -7.755970 -52.727974
    -17.418455 -2.026181 -56.897556
    -3.436914 -3.016915 -62.798698
    -14.072195 4.711186 -54.127029
    -5.391366 4.910621 -56.654652
    -12.983562 3.803477 -51.382282
    -2.160394 -2.983971 -59.881107
    -5.610931 -6.913613 -55.542011
    -3.273890 -2.443416 -56.276581
    -17.719666 -6.086593 -46.891922
    -15.159618 -9.978834 -47.550312
    -17.623928 -0.580266 -46.733170
    -3.288199 -5.666072 -44.059303
    -3.149843 -2.799763 -48.996624
    -2.339355 -7.326732 -46.418827
    -4.924997 -11.289758 -44.744637
    -8.831178 -13.600954 -41.439243
    -4.407850 -10.189721 -42.575031
    -3.329938 -10.206210 -40.256134
    -16.998781 -0.999948 -38.199150
    -17.415552 -6.574120 -40.461842
    -18.329170 -1.100157 -41.352058
    -13.449334 4.292930 -44.004723
    -14.484428 4.425131 -37.321846
    -6.233547 2.316823 -43.143604
    -11.145449 3.948162 -34.716263
    -16.198206 1.610014 -34.409145
    -4.722460 2.686713 -39.616333
    -1.737375 -3.636385 -39.954353
    -17.214645 -3.280430 -34.566063
    -3.384930 -3.813294 -35.910336
    -5.836311 0.499495 -36.977898
    6.269943 7.019479 -64.033798
    2.599812 4.602408 -68.457550
    7.146017 7.899446 -67.433517
    2.722557 2.113114 -66.052155
    2.630063 0.832826 -70.075310
    4.066003 -2.523685 -65.655312
    16.693165 -8.516870 -56.808014
    18.154320 -3.917919 -58.960426
    15.312877 -6.929702 -59.636356
    3.706041 -4.952682 -57.190208
    6.853077 -7.420389 -58.248432
    4.026953 -4.536125 -61.042130
    7.019977 5.003308 -55.125900
    8.916209 4.602370 -49.206776
    3.952183 2.986658 -56.071941
    8.101493 -9.238533 -51.846943
    7.943369 -11.283922 -46.890911
    12.181932 -11.181721 -52.228897
    13.483859 -9.959980 -49.863945
    10.738527 -12.386906 -44.610287
    15.084131 -10.412325 -46.154202
    4.069061 2.287477 -53.619789
    2.860602 -0.861678 -57.515446
    3.898231 0.038365 -52.296173
    6.874670 2.981466 -48.902584
    11.980646 4.334285 -44.522606
    6.875566 1.804071 -45.282238
    14.975953 -11.118187 -42.903553
    12.802702 3.683903 -49.517864
    6.277771 -11.866379 -40.901699
    9.541909 -13.110888 -41.977570
    5.911888 -11.851631 -43.511139
    17.778494 -7.172207 -39.620621
    17.944147 -4.910304 -34.990208
    17.436396 -3.719893 -39.817715
    3.189651 -8.313618 -43.466255
    3.289363 -2.874685 -41.753231
    4.329863 -9.472551 -41.388626
    5.389733 -10.475590 -37.042294
    -6.168007 12.900674 -117.233994
    0.067029 13.660349 -116.637520
    0.075909 13.979853 -111.583511
    -6.410266 13.368196 -111.861732
    6.301928 12.899585 -117.232368
    6.533989 13.320071 -111.843231
    -11.361421 10.674806 -118.204880
    -11.922367 10.816957 -112.342178
    11.495269 10.674212 -118.203835
    12.055583 10.814952 -112.340607
    0.075084 13.267608 -105.849121
    -5.605907 12.637573 -106.409195
    -11.169948 10.652743 -107.006462
    5.696347 12.410673 -106.416473
    11.168514 10.418138 -106.981575
    -15.737832 6.633064 -119.705536
    -16.865280 7.143638 -113.551674
    -17.958637 7.275715 -107.887672
    15.871612 6.632724 -119.704201
    16.983812 7.132152 -113.538063
    17.914576 7.155713 -107.837730
    -18.407351 0.241920 -113.751617
    -16.761091 0.612098 -119.980667
    18.552315 0.244983 -113.756416
    16.892159 0.612651 -119.958679
    -20.044161 -0.663587 -107.861214
    20.093981 -0.667995 -107.833183
    -16.723362 -6.411965 -113.800720
    -15.232130 -5.444734 -119.811798
    -18.001493 -8.369539 -107.881386
    16.860636 -6.410283 -113.800926
    15.352836 -5.434484 -119.748314
    18.261948 -8.434814 -107.931267
    -13.069125 -11.741356 -113.828979
    -11.480827 -10.188087 -119.654984
    13.206302 -11.739704 -113.830818
    11.613843 -10.174252 -119.619156
    -13.551820 -14.646523 -107.566360
    13.680474 -14.639407 -107.564499
    -7.175452 -14.386336 -113.832031
    -6.018486 -12.026267 -119.305794
    -7.033831 -16.837803 -107.443085
    6.157698 -12.009534 -119.277718
    7.316010 -14.385053 -113.840874
    7.142408 -16.750957 -107.419823
    0.067869 -14.323706 -113.421906
    0.067042 -12.057028 -119.140366
    0.073258 -16.554750 -107.286194
    0.066959 11.599775 -101.119270
    -11.997769 11.510209 -102.003258
    11.582311 10.497030 -102.148788
    -13.569492 9.706578 -95.925560
    13.731991 9.786532 -95.911682
    -18.817610 7.230497 -103.312531
    -19.700697 5.602751 -95.974403
    18.957361 7.234684 -103.312431
    19.785185 5.574094 -95.982903
    -21.100653 -1.159323 -102.735115
    21.296011 -1.158372 -102.740051
    -21.586761 -1.380785 -95.581261
    21.753685 -1.382072 -95.578682
    -18.563608 -8.926771 -101.853058
    18.704256 -8.930915 -101.855057
    -13.611436 -16.028444 -100.570717
    13.746500 -16.029678 -100.572517
    -6.213481 -17.787230 -100.406624
    6.343261 -17.769825 -100.408043
    0.063415 -16.174284 -101.288658
    -3.851274 5.945710 -90.244789
    -1.778141 0.935767 -91.143562
    -7.651475 9.679701 -89.932228
    3.926260 6.061201 -90.230217
    1.413566 1.288007 -90.707634
    7.821516 9.218206 -89.994247
    1.427862 -5.750762 -92.296150
    -1.182538 -5.854625 -92.160675
    12.358038 -11.559400 -88.755844
    -12.253977 -11.751420 -88.644493
    18.522739 -7.810448 -89.471542
    -18.466623 -7.888262 -89.440315
    21.254284 -1.419776 -89.770248
    -20.899164 -1.412861 -89.820740
    19.675615 5.081042 -89.202553
    -19.321207 4.951165 -89.254868
    -14.016953 9.389299 -89.343605
    14.184013 9.312663 -89.351524
    8.774828 8.387661 -82.314034
    14.418747 8.502790 -81.603241
    -8.323123 10.511916 -82.588333
    -13.611087 8.778654 -81.501816
    3.298656 -4.513938 -82.557953
    -3.420272 -4.469697 -82.735092
    11.661455 -10.098951 -82.074928
    -11.059760 -9.112509 -82.184692
    16.973450 -7.347239 -82.346130
    -16.838163 -7.350583 -82.367798
    19.693983 -2.046090 -81.940315
    -19.589558 -1.967323 -81.927483
    18.654194 4.646489 -81.621910
    -18.274309 4.397730 -81.728638
    13.357021 7.426795 -73.541901
    -18.721342 3.181148 -73.309494
    17.177942 3.833238 -73.832596
    -18.609646 -1.518837 -73.099648
    18.066565 -2.422905 -73.877457
    -15.470600 -7.376240 -74.212486
    15.369375 -7.369871 -74.459038
    -10.014510 -9.259367 -74.711739
    -5.529400 -7.043292 -75.490555
    -4.605373 -3.029431 -76.083542
    -3.253843 3.170840 -74.651970
    3.068573 1.294399 -74.930847
    12.079816 7.287960 -67.096939
    15.938712 3.395270 -68.088524
    -16.558773 -2.139946 -66.058510
    16.708916 -2.817780 -68.491280
    -13.920291 -6.407878 -66.474648
    13.895793 -7.123911 -68.893288
    -9.168462 -7.783009 -66.667015
    11.012022 -7.302989 -69.669525
    -5.308149 -6.394529 -67.370529
    7.392461 -6.354727 -69.766045
    4.123448 -4.011875 -70.108154
    -17.091738 -3.472309 -62.468170
    -2.714409 2.939328 -64.146400
    -17.522329 -2.954009 -60.085281
    -2.129285 2.374359 -61.747395
    -13.357126 -10.133924 -54.836601
    -9.197513 -8.985138 -55.583572
    -3.717627 -3.118974 -52.024761
    -6.519698 2.360657 -50.723358
    -12.672309 3.986715 -48.372150
    -4.872309 -7.645680 -50.871662
    -7.698341 -10.414927 -49.487797
    -11.305228 -11.472197 -47.909702
    -6.017814 2.807951 -46.612572
    -14.506433 -11.024610 -41.013962
    -13.014973 -11.268399 -35.299316
    -8.297650 -12.565056 -35.877605
    -3.574480 -9.176839 -36.052013
    -16.689659 -7.726500 -34.808586
    -10.759390 2.780364 -30.508612
    -15.340069 1.125349 -30.422916
    -6.067292 0.812241 -30.827154
    -16.625927 -3.994713 -30.706669
    -16.079418 -8.088312 -31.282194
    -12.449284 -11.831033 -31.404772
    -8.213493 -11.806448 -32.051319
    -4.207269 -8.593955 -32.403763
    -3.766339 -4.558154 -31.571379
    12.318796 7.892687 -63.172443
    4.808457 -4.165995 -64.722855
    7.461376 -6.854152 -64.573730
    15.988111 3.267468 -63.906067
    6.649939 6.034763 -59.128624
    1.901277 3.295690 -61.710258
    12.648535 6.586635 -59.285938
    2.852354 -0.529161 -62.344090
    16.781925 2.825288 -60.712334
    16.769329 -3.004767 -63.761848
    14.382854 -6.763449 -64.328262
    11.132782 -8.100676 -64.338493
    11.321984 -8.017509 -59.038929
    17.503246 -3.051329 -55.669174
    16.510685 1.593409 -56.500538
    16.455479 -7.001615 -54.201447
    13.075513 4.370230 -54.964630
    4.569482 -5.388379 -51.820984
    15.618152 1.185446 -50.008461
    18.387527 -2.665725 -50.080181
    17.225407 -7.131865 -48.965401
    4.369307 -6.338433 -47.213451
    4.422934 -2.062652 -46.540955
    6.552253 0.618429 -41.307896
    10.741358 3.192254 -40.152626
    17.763660 -7.632093 -43.547997
    18.643106 -3.398319 -44.665424
    16.177053 0.925452 -44.638496
    16.391840 1.325237 -39.660107
    14.240482 -11.369837 -39.972229
    9.256028 -12.159487 -36.389107
    13.682249 -10.671286 -35.983349
    15.272096 1.002399 -34.148869
    10.148648 3.374981 -34.427246
    5.470112 0.713251 -34.953438
    3.248632 -5.310419 -35.494938
    4.061692 -5.699802 -31.458269
    5.989229 -10.119665 -31.851028
    5.217943 0.331074 -30.953653
    9.202790 -12.025703 -32.232113
    13.974359 -10.902390 -31.469105
    16.961639 -4.682935 -30.564878
    15.355557 0.726792 -30.702436
    10.471786 3.054547 -30.917061
    -10.718344 1.985670 -30.572180
    -14.810380 0.473911 -30.527672
    -6.567741 0.196849 -31.003464
    -16.007933 -4.069366 -30.945387
    -15.475438 -7.788768 -30.827536
    -12.221819 -11.070849 -31.592016
    -8.455784 -11.037835 -32.390530
    -4.858700 -8.226881 -32.010719
    -4.444455 -4.603267 -31.395073
    4.703736 -5.617005 -31.427502
    6.417332 -9.582106 -31.710245
    5.744709 -0.226557 -30.952202
    9.303305 -11.301315 -32.014324
    13.526259 -10.207233 -31.669432
    16.226185 -4.704436 -30.576160
    14.808835 0.136588 -30.736174
    10.439179 2.200837 -31.046623
    -12.704896 1.191465 -33.761292
    -6.506982 0.155382 -34.173767
    -15.678178 -5.957695 -34.175377
    -10.273606 -11.118079 -34.914429
    -4.599921 -6.436303 -35.107906
    4.643903 -5.658950 -34.644161
    7.798141 -10.481461 -35.115654
    8.032780 0.944479 -34.225414
    13.464787 -10.247860 -34.860455
    15.453867 -2.323413 -33.937824
    -5.928619 12.444596 -117.510315
    0.067362 13.193644 -117.017159
    6.063225 12.444942 -117.511269
    -10.907174 10.331155 -118.565704
    11.042297 10.331882 -118.564682
    -15.128981 6.388763 -119.654938
    15.263185 6.388843 -119.654869
    -16.096798 0.637878 -120.262383
    16.232040 0.641406 -120.276794
    -14.617806 -5.192658 -120.098473
    14.752253 -5.187398 -120.127838
    -11.023841 -9.754172 -119.728767
    11.160883 -9.746198 -119.759308
    -5.762804 -11.503097 -119.669456
    5.903169 -11.499524 -119.671219
    0.067073 -11.592764 -119.375450
    0.075319 13.174051 -112.004425
    -13.076682 8.349380 -113.979195
    13.212841 8.349094 -113.964188
    -15.388151 -2.313202 -115.126640
    15.529032 -2.308454 -115.124817
    -8.409089 -10.674308 -114.697197
    8.552390 -10.667935 -114.704086
    0.067048 -11.621038 -114.491104
    -6.739627 14.384507 -112.161720
    -10.833747 12.949616 -112.410316
    -10.545127 12.949609 -117.163635
    -6.451008 14.384500 -116.915047
    -6.065951 12.498033 -112.093811
    -10.160070 11.063142 -112.342392
    -9.871451 11.063149 -117.095741
    -5.777332 12.498040 -116.847137
    3.419328 14.174212 -116.779816
    3.405917 14.769800 -115.925415
    -3.272243 14.749636 -115.966080
    -3.286140 14.133532 -116.782257
    3.410956 14.544199 -112.703163
    -3.276205 14.572756 -112.733810
    -3.274433 13.804102 -111.945305
    3.409072 13.772562 -111.943329
    -3.286140 12.965830 -116.782265
    3.419328 12.965830 -116.779808
    3.409072 12.965830 -111.943329
    -3.274433 12.965830 -111.945305
    -6.472237 13.502313 -116.196228
    0.067050 14.316797 -115.739235
    0.067049 14.100000 -112.539871
    -6.457920 13.403703 -112.727074
    6.606335 13.502307 -116.196236
    6.592016 13.403705 -112.727066
    -11.926334 11.187630 -116.998077
    -12.033665 10.899941 -113.437950
    12.060438 11.187634 -116.998070
    12.167766 10.899943 -113.437935
    -16.493557 6.914115 -118.129578
    -16.956459 7.159790 -114.321762
    16.627659 6.914119 -118.129570
    17.090561 7.159793 -114.321739
    -18.517998 0.247443 -114.715469
    -17.590597 0.621123 -118.398056
    18.652103 0.247448 -114.715462
    17.724699 0.621128 -118.398048
    -16.904305 -6.456384 -114.577454
    -15.982088 -5.730378 -118.249115
    17.038406 -6.456380 -114.577446
    16.116192 -5.730374 -118.249107
    -13.185175 -11.804665 -114.579346
    -12.040535 -10.691315 -118.089890
    13.319283 -11.804661 -114.579338
    12.174643 -10.691311 -118.089882
    -7.247771 -14.448501 -114.584412
    -6.325738 -12.636535 -117.868546
    6.459844 -12.636533 -117.868538
    7.381876 -14.448499 -114.584412
    0.067053 -14.548491 -114.367950
    0.067053 -12.705931 -117.799782
    -5.948438 12.460534 -116.327255
    0.067050 13.209787 -115.843880
    0.067049 12.958345 -112.134056
    -5.935268 12.317819 -112.332054
    6.069365 12.317821 -112.332047
    6.082537 12.460544 -116.327255
    -10.965660 10.331277 -117.175377
    -11.064394 10.014604 -113.083954
    11.198495 10.014613 -113.083939
    11.099764 10.331279 -117.175369
    -15.167047 6.400062 -118.372162
    -15.592869 6.574050 -114.018761
    15.726971 6.574047 -114.018745
    15.301150 6.400066 -118.372154
    -16.176218 0.611144 -118.656158
    -17.029331 0.215377 -114.435196
    17.163437 0.215381 -114.435188
    16.310320 0.611148 -118.656151
    -14.696548 -5.231599 -118.498596
    -15.544894 -5.951470 -114.289230
    15.679000 -5.951467 -114.289223
    14.830655 -5.231595 -118.498589
    -11.070715 -9.795157 -118.330200
    -12.123671 -10.871352 -114.291237
    12.257776 -10.871350 -114.291229
    11.204823 -9.795156 -118.330193
    -6.661852 -13.303412 -114.296585
    -5.813674 -11.584571 -118.096062
    5.947780 -11.584569 -118.096062
    6.795955 -13.303411 -114.296585
    0.067052 -13.395399 -114.067642
    0.067053 -11.648405 -118.023338
    6.873731 14.384509 -112.161713
    6.585115 14.384501 -116.915047
    10.679237 12.949611 -117.163628
    10.967854 12.949611 -112.410301
    6.200056 12.498034 -112.093803
    10.294180 11.063144 -112.342384
    10.005563 11.063136 -117.095726
    5.911440 12.498027 -116.847137
    18.893963 2.664234 -113.857292
    17.715469 2.548069 -118.666115
    17.956633 0.787777 -118.686516
    19.135126 0.903942 -113.877708
    16.893290 2.570445 -113.781609
    17.134455 0.810161 -113.802017
    17.023994 0.693996 -118.561409
    16.782835 2.454288 -118.541008
    -2.754759 -15.012899 -114.271477
    2.888863 -15.012899 -114.271477
    2.888864 -13.143133 -118.331078
    -2.754758 -13.143126 -118.331078
    -2.754758 -14.156118 -113.494354
    2.888863 -14.156118 -113.494354
    2.888864 -11.849325 -118.846588
    -2.754757 -11.849325 -118.846581
    -18.759855 2.664229 -113.857300
    -19.001022 0.903945 -113.877708
    -17.822529 0.787780 -118.686523
    -17.581366 2.548072 -118.666115
    -16.759184 2.570449 -113.781616
    -17.000347 0.810157 -113.802025
    -16.889891 0.694000 -118.561424
    -16.648729 2.454291 -118.541016
    <Normals>: 494
    0.303701 0.932935 0.193385
    0.006190 0.927255 0.374378
    0.707788 0.551430 0.441543
    -0.696937 0.577721 0.424873
    0.036224 0.939040 0.341894
    -0.250463 0.949237 0.190309
    -0.048535 0.510213 0.858677
    -0.082950 0.457413 0.885377
    -0.023446 -0.481963 0.875878
    -0.362592 -0.773020 0.520545
    0.007382 -0.791453 0.611185
    0.356260 -0.777239 0.518631
    -0.044133 -0.895755 0.442353
    -0.036102 -0.937845 0.345171
    -0.873715 -0.388744 0.292404
    0.049208 -0.903377 0.426014
    0.867142 -0.390533 0.309108
    0.049592 -0.915121 0.400118
    0.344871 -0.838434 0.422009
    0.843192 -0.529788 0.091391
    0.486834 -0.811265 0.323792
    -0.488780 -0.817508 0.304592
    -0.849704 -0.520049 0.086903
    -0.350878 -0.841265 0.411287
    -0.654417 -0.715254 0.245257
    0.612832 -0.722952 0.319025
    -0.695235 0.717464 0.043513
    -0.758875 0.650478 -0.031407
    -0.985452 0.120043 0.120305
    0.828565 0.556842 0.058365
    0.987731 0.096941 0.122434
    0.837774 0.542637 -0.060668
    0.885144 0.465038 -0.016126
    0.128881 0.969112 0.210268
    -0.146087 0.988583 0.036921
    -0.883540 0.467608 -0.026455
    -0.516695 0.839941 0.165908
    -0.555551 0.827563 0.080638
    0.107091 -0.981358 0.159590
    -0.634965 -0.760320 0.136868
    -0.574196 -0.753634 0.319898
    -0.962467 -0.267105 0.048079
    0.681654 0.719632 0.132206
    0.595800 0.802707 0.026141
    -0.930859 0.346576 0.115696
    -0.951584 0.307287 0.007954
    -0.451084 0.890298 -0.062394
    0.937642 -0.347328 0.013826
    0.971593 0.235913 -0.018779
    0.965824 -0.241703 -0.093615
    -0.876518 0.448372 0.175152
    -0.726738 -0.681784 -0.083799
    0.047512 -0.984276 -0.170127
    -0.520140 -0.837118 -0.169375
    -0.667978 -0.719480 -0.190142
    0.152573 -0.952322 -0.264204
    0.385031 -0.919715 -0.076650
    0.536564 -0.826728 -0.169173
    -0.005407 0.993082 0.117298
    0.439149 0.870103 0.223759
    -0.445035 0.885806 0.131494
    -0.925519 0.373988 -0.059555
    -0.824394 -0.547807 -0.142416
    -0.984594 0.156957 -0.077070
    0.969154 -0.234485 -0.075883
    -0.601211 0.799042 0.008806
    0.573815 0.772376 0.272345
    -0.155920 0.951882 0.263836
    0.981393 -0.125804 0.145057
    0.728377 -0.678394 -0.096169
    0.959047 0.110445 0.260827
    -0.948952 -0.311120 -0.051907
    -0.637553 -0.766108 -0.081263
    -0.897373 0.440740 -0.021682
    0.993539 0.091138 -0.067637
    0.960699 0.265640 -0.080576
    0.895280 -0.403820 -0.188160
    0.522128 -0.818957 -0.238101
    -0.021063 -0.999231 -0.033079
    0.894327 -0.441188 -0.074375
    0.828872 -0.558067 0.039162
    -0.957606 0.286582 0.029348
    -0.934506 -0.354736 0.029340
    -0.955645 0.291503 0.042053
    -0.268051 0.962902 -0.031116
    -0.490322 0.871292 -0.020850
    0.581023 0.813832 0.009517
    0.163590 0.977640 0.132132
    -0.820117 0.559899 0.117986
    0.625779 0.778564 0.047326
    0.994715 0.085882 -0.056276
    -0.992560 0.041530 0.114451
    0.967877 0.183785 0.171574
    0.748092 0.603360 0.276250
    -0.392970 0.914349 0.097677
    -0.831012 0.556154 0.010550
    -0.217095 0.975880 0.022962
    -0.978919 0.203201 0.020649
    -0.992365 -0.105140 -0.064473
    -0.949091 -0.314713 -0.013495
    0.554005 -0.800387 -0.229040
    0.991416 -0.104007 -0.079225
    0.449941 -0.827611 -0.335579
    -0.892301 -0.449699 0.039619
    -0.480420 -0.865952 -0.139007
    -0.836090 -0.533311 -0.128577
    -0.195919 0.946110 0.257859
    -0.092261 0.985237 0.144206
    -0.790660 0.562040 0.242832
    -0.564923 -0.793927 -0.224815
    -0.441638 -0.837680 -0.321322
    0.087189 -0.974137 -0.208459
    0.502874 -0.858408 -0.101264
    0.145723 -0.974639 -0.169835
    0.628656 -0.756343 -0.180932
    -0.760388 0.594322 0.261899
    -0.985528 -0.118235 0.121467
    -0.979056 0.099042 0.177878
    -0.716642 0.647328 0.259596
    0.205779 0.972632 0.107897
    -0.689064 0.708036 0.154519
    0.626978 -0.778497 -0.029013
    0.464301 0.884380 0.047925
    -0.502929 -0.852872 0.140256
    0.034059 -0.999130 0.024081
    -0.597550 -0.732330 -0.326539
    0.877295 -0.448423 0.171087
    0.982748 -0.137081 0.124159
    0.968435 0.231423 0.092608
    -0.922276 -0.295516 -0.249154
    -0.963559 0.265378 -0.033582
    -0.931017 -0.359485 0.063079
    -0.804539 -0.587159 0.089225
    -0.250828 0.956999 -0.145734
    0.002140 0.990020 -0.140909
    0.007166 0.999218 0.038893
    -0.256041 0.966235 0.028850
    0.251237 0.957563 -0.141258
    0.262304 0.963884 0.046087
    -0.505211 0.844739 -0.176573
    -0.488448 0.872155 -0.027659
    0.505146 0.845373 -0.173701
    0.489482 0.871996 -0.005456
    -0.002118 0.970658 0.240453
    -0.181726 0.968120 0.172393
    -0.376403 0.926292 0.017438
    0.221037 0.958265 0.181302
    0.386865 0.919907 0.064087
    -0.839079 0.478061 -0.259622
    -0.827781 0.538388 -0.157848
    -0.797913 0.582288 -0.155803
    0.839064 0.478811 -0.258286
    0.828819 0.541670 -0.140185
    0.789327 0.600445 -0.128178
    -0.968231 -0.004475 -0.250016
    -0.948599 -0.015778 -0.316086
    0.969688 0.002814 -0.244329
    0.948499 -0.015616 -0.316394
    -0.975873 -0.022435 -0.217182
    0.975214 -0.012439 -0.220912
    -0.868086 -0.392266 -0.304228
    -0.848240 -0.389989 -0.358328
    -0.871315 -0.434940 -0.227239
    0.867195 -0.389639 -0.310088
    0.847712 -0.390575 -0.358938
    0.871052 -0.434503 -0.229076
    -0.590733 -0.721210 -0.361790
    -0.551510 -0.723675 -0.414888
    0.585638 -0.723269 -0.365936
    0.551911 -0.722827 -0.415831
    -0.574765 -0.781479 -0.242768
    0.568702 -0.786104 -0.242112
    -0.159955 -0.912304 -0.376983
    -0.136855 -0.892251 -0.430301
    -0.118350 -0.964708 -0.235229
    0.137666 -0.891814 -0.430946
    0.160585 -0.913206 -0.374524
    0.118158 -0.964832 -0.234817
    0.002148 -0.931946 -0.362592
    0.000983 -0.906219 -0.422807
    0.003709 -0.977999 -0.208578
    -0.044011 0.791280 0.609868
    -0.268647 0.957912 0.101161
    0.280018 0.956371 0.083338
    -0.334479 0.936056 0.109194
    0.316935 0.945283 0.077413
    -0.796097 0.602130 -0.060565
    -0.834442 0.549611 0.040418
    0.772719 0.630623 -0.072252
    0.822438 0.568628 0.016046
    -0.993647 -0.039184 -0.105497
    0.993484 -0.034096 -0.108750
    -0.998384 -0.054787 0.015118
    0.998323 -0.057281 0.008431
    -0.883807 -0.462647 -0.069590
    0.882737 -0.465496 -0.063942
    -0.559364 -0.828878 -0.008593
    0.555239 -0.831688 -0.002069
    -0.027683 -0.997610 0.063302
    0.029592 -0.997440 0.065096
    0.003246 -0.995532 0.094371
    0.842241 0.515643 0.157297
    0.960239 0.159203 0.229338
    0.302993 0.951806 0.047543
    -0.788741 0.587709 0.180237
    -0.962126 0.158631 0.221696
    -0.278730 0.953758 0.112496
    -0.962260 -0.117824 0.245301
    0.960405 -0.096121 0.261503
    0.308394 -0.908435 0.282203
    -0.300994 -0.892483 0.335972
    0.777510 -0.601420 0.183774
    -0.776978 -0.594757 0.206323
    0.987651 -0.083404 0.132625
    -0.987794 -0.070123 0.139092
    0.845560 0.523860 0.102957
    -0.841037 0.528301 0.116425
    -0.408000 0.911552 0.051071
    0.323878 0.942463 0.082865
    -0.170720 0.982984 0.067798
    0.367499 0.921497 0.125651
    0.156357 0.985294 0.068906
    -0.455895 0.882454 0.115910
    -0.972581 -0.140417 0.185389
    0.970709 -0.122077 0.206932
    0.232145 -0.955282 0.183151
    -0.163148 -0.959770 0.228528
    0.712764 -0.679357 0.174477
    -0.690565 -0.701038 0.177946
    0.972245 -0.137407 0.189365
    -0.977063 -0.163600 0.136321
    0.869872 0.461220 0.174926
    -0.848219 0.516185 0.118651
    0.404845 0.904075 0.136928
    -0.878025 0.451370 0.159179
    0.883214 0.418075 0.212477
    -0.958393 -0.226481 0.173752
    0.963814 -0.165335 0.209109
    -0.631247 -0.761317 0.148066
    0.662119 -0.728237 0.176831
    -0.010740 -0.994056 0.108341
    0.674056 -0.735131 0.072325
    0.979312 -0.202279 0.005656
    0.991690 0.127266 -0.018816
    -0.999038 -0.021773 -0.038079
    0.415818 0.907762 0.055346
    0.902937 0.413671 0.116532
    -0.956188 -0.266110 0.122027
    0.973242 -0.191545 0.126924
    -0.579769 -0.805760 0.120906
    0.611245 -0.782065 0.121468
    0.067030 -0.986340 0.150466
    0.000109 -0.989683 0.143277
    0.632086 -0.773572 0.045307
    -0.527508 -0.846780 0.068545
    -0.855365 -0.517989 0.006166
    -0.954220 -0.257138 -0.152791
    0.892115 0.451784 0.004632
    -0.995979 -0.003993 0.089500
    0.920253 0.382644 0.081961
    -0.349300 -0.905409 -0.241298
    0.288094 -0.929449 -0.230492
    0.994665 0.098775 -0.029738
    0.622308 0.773826 0.118010
    -0.225546 0.973745 0.030815
    0.753931 -0.578921 -0.310545
    0.361774 -0.874295 -0.323617
    -0.151593 -0.963919 -0.218813
    0.613535 0.789039 0.031501
    -0.608221 -0.793720 0.008727
    -0.519361 -0.851027 0.077562
    0.173073 -0.973690 0.148231
    0.831957 -0.517920 0.199014
    -0.901401 -0.426972 0.071917
    0.155871 0.953603 0.257578
    -0.690059 0.626445 0.362471
    0.696262 0.697315 0.170209
    -0.949686 0.034131 0.311337
    -0.850702 -0.485994 0.200289
    -0.431457 -0.885160 0.174173
    0.289481 -0.920164 0.263627
    0.851230 -0.452909 0.265106
    0.954513 0.217308 0.204160
    0.316481 0.942714 0.105495
    -0.780915 -0.620067 -0.075419
    -0.450473 -0.888889 -0.083368
    0.911784 0.405253 -0.066478
    -0.337611 0.910630 0.238270
    -0.894801 0.443056 0.055068
    0.313423 0.911197 0.267369
    -0.976710 -0.211626 -0.035375
    0.902295 0.431028 0.008853
    0.972500 -0.177892 -0.150326
    0.619439 -0.778725 -0.099414
    -0.017195 -0.997635 -0.066547
    -0.070180 -0.966916 -0.245251
    0.994005 0.099370 0.045599
    0.848839 0.509968 0.139301
    0.887121 -0.460901 0.024211
    0.408500 0.887958 0.211324
    -0.906186 -0.422585 -0.015767
    0.784112 0.619890 0.030092
    0.986306 0.152671 -0.062380
    0.860300 -0.485880 -0.154289
    -0.924871 -0.298538 -0.235560
    -0.960880 0.276918 0.005054
    -0.696226 0.717687 0.013968
    -0.061277 0.996589 0.055283
    0.915895 -0.401414 -0.001872
    0.987850 0.155199 0.008122
    0.755850 0.652904 0.049056
    0.728389 0.677502 0.102178
    0.549171 -0.820871 0.156788
    -0.040290 -0.992296 0.117154
    0.606603 -0.783385 0.135428
    0.713862 0.694439 0.090310
    -0.084849 0.996099 0.024246
    -0.753979 0.656639 0.018450
    -0.998052 0.010291 0.061537
    -0.971125 -0.087419 0.221979
    -0.740033 -0.639244 0.209090
    -0.800285 0.555513 0.225720
    -0.079986 -0.988041 0.131821
    0.671366 -0.724884 0.154306
    0.965219 -0.143108 0.218796
    0.758647 0.609520 0.230087
    -0.029936 0.972865 0.229430
    -0.116926 -0.883139 0.454307
    0.726813 -0.401443 0.557303
    -0.597925 -0.695665 0.398165
    0.827258 -0.275484 0.489645
    0.682718 0.521036 0.512267
    0.578837 0.629498 0.518344
    -0.438709 0.721752 0.535359
    -0.594151 0.558153 0.579180
    -0.888032 -0.317462 0.332591
    0.914039 -0.038716 0.403773
    0.803532 0.486048 0.343647
    0.764682 -0.422068 0.486950
    -0.056544 0.904446 0.422825
    -0.721579 0.531140 0.444088
    -0.878245 0.182693 0.441937
    -0.418170 -0.618954 0.664853
    -0.235694 -0.703349 0.670633
    0.476794 -0.815632 0.327738
    -0.716456 -0.678116 0.163860
    0.902215 0.215665 0.373493
    0.109549 0.909684 0.400593
    -0.942332 0.219221 0.252888
    0.978888 0.026262 0.202702
    0.463825 0.876060 0.131854
    0.351140 -0.827993 0.437183
    -0.702476 0.674344 0.227570
    -0.860722 -0.306606 0.406387
    0.371565 -0.871226 -0.320787
    0.000195 -0.972440 -0.233154
    -0.371714 -0.871557 -0.319715
    0.437779 -0.840317 -0.319714
    -0.437999 -0.840653 -0.318527
    0.912865 -0.204395 -0.353411
    -0.913249 -0.204888 -0.352131
    0.929798 -0.108151 -0.351823
    -0.929811 -0.110078 -0.351191
    0.765502 0.535734 -0.356365
    -0.764536 0.537574 -0.355667
    0.692577 0.629376 -0.352453
    -0.694118 0.627852 -0.352138
    0.118952 0.976968 -0.177157
    -0.118802 0.977180 -0.176084
    -0.000160 0.988839 -0.148986
    -0.000705 -0.980988 -0.194068
    0.731817 -0.633938 -0.250134
    -0.732082 -0.634039 -0.249100
    0.946585 0.215413 -0.239947
    -0.946911 0.215769 -0.238334
    0.466557 0.870585 -0.156222
    -0.468095 0.869906 -0.155408
    -0.000306 0.998129 -0.061136
    -0.327321 0.870085 0.368527
    -0.327571 0.871362 0.365274
    -0.280237 0.869905 -0.405872
    -0.279578 0.868593 -0.409124
    -0.065035 0.012695 0.997802
    -0.065035 0.012695 0.997802
    0.065035 -0.012692 -0.997802
    0.065035 -0.012692 -0.997802
    0.456155 0.377611 -0.805812
    0.250284 0.963491 -0.095099
    -0.245593 0.964484 -0.097238
    -0.456181 0.375054 -0.806990
    0.121134 0.964410 0.235035
    -0.122693 0.964686 0.233081
    -0.040817 0.438032 0.898032
    0.039635 0.436101 0.899024
    -0.142498 -0.961122 -0.236512
    0.145138 -0.960778 -0.236306
    0.075723 -0.983078 0.166806
    -0.075592 -0.983109 0.166683
    -0.236484 0.946041 -0.221546
    -0.000000 0.975309 -0.220846
    -0.000030 0.950721 0.310049
    -0.265175 0.912537 0.311381
    0.236485 0.946040 -0.221548
    0.265108 0.912554 0.311388
    -0.483755 0.833346 -0.267424
    -0.539294 0.792940 0.283564
    0.483715 0.833373 -0.267413
    0.539312 0.792928 0.283563
    -0.801403 0.469918 -0.370042
    -0.856094 0.486137 0.175425
    0.801401 0.469922 -0.370040
    0.856123 0.486086 0.175424
    -0.994417 -0.033025 0.100218
    -0.891175 -0.003919 -0.453643
    0.994416 -0.033056 0.100217
    0.891174 -0.003969 -0.453644
    -0.903084 -0.428937 0.021274
    -0.777743 -0.362624 -0.513439
    0.903069 -0.428968 0.021275
    0.777721 -0.362674 -0.513437
    -0.618127 -0.779728 -0.099721
    -0.491656 -0.655992 -0.572668
    0.618134 -0.779721 -0.099725
    0.493291 -0.654671 -0.572773
    -0.194375 -0.964893 -0.176633
    -0.124656 -0.788669 -0.602048
    0.124653 -0.788670 -0.602048
    0.194440 -0.964879 -0.176638
    0.000001 -0.985487 -0.169753
    0.000014 -0.790620 -0.612308
    0.061579 0.160822 -0.985061
    -0.000000 0.123225 -0.992379
    -0.000001 0.325033 0.945703
    -0.132007 0.270362 0.953666
    0.131969 0.270392 0.953663
    -0.061580 0.160818 -0.985061
    0.030419 0.243525 -0.969418
    -0.225887 0.140888 0.963912
    0.225892 0.140837 0.963918
    -0.030415 0.243524 -0.969418
    -0.086603 0.180004 -0.979846
    -0.218357 0.023150 0.975594
    0.218337 0.023099 0.975600
    0.086603 0.180008 -0.979846
    -0.169467 0.000891 -0.985535
    -0.197420 -0.019259 0.980130
    0.197662 -0.019034 0.980085
    0.169467 0.000892 -0.985535
    -0.150560 -0.102800 -0.983242
    -0.178547 -0.069757 0.981456
    0.178547 -0.069758 0.981455
    0.150585 -0.102757 -0.983242
    -0.079104 -0.174799 -0.981422
    -0.125211 -0.159732 0.979187
    0.125212 -0.159743 0.979185
    0.079105 -0.174799 -0.981421
    -0.057057 -0.223129 0.973118
    -0.007955 -0.211090 -0.977434
    0.007956 -0.211095 -0.977433
    0.057331 -0.222931 0.973147
    0.000000 -0.239760 0.970832
    0.000000 -0.211189 -0.977445
    0.327320 0.870087 0.368525
    0.279582 0.868593 -0.409121
    0.280238 0.869906 -0.405870
    0.327574 0.871361 0.365274
    0.065034 0.012700 0.997802
    0.065034 0.012700 0.997802
    -0.065033 -0.012688 -0.997802
    -0.065033 -0.012688 -0.997802
    0.973856 0.129603 0.186566
    0.900352 0.128165 -0.415860
    0.903381 0.129947 -0.408677
    0.981053 0.132770 0.141090
    0.038101 -0.006362 0.999254
    0.038101 -0.006362 0.999254
    -0.132294 -0.006638 -0.991188
    -0.132294 -0.006638 -0.991188
    -0.000000 -0.978765 -0.204984
    -0.000000 -0.978765 -0.204984
    -0.000001 -0.822488 -0.568783
    -0.000001 -0.822488 -0.568783
    -0.000000 -0.671831 0.740704
    -0.000000 -0.671831 0.740704
    -0.000001 -0.370154 -0.928970
    -0.000001 -0.370154 -0.928970
    -0.973635 0.131227 0.186585
    -0.981246 0.131355 0.141078
    -0.903580 0.128508 -0.408690
    -0.900149 0.129652 -0.415839
    -0.038099 -0.006366 0.999254
    -0.038099 -0.006366 0.999254
    0.132286 -0.006628 -0.991189
    0.132286 -0.006628 -0.991189
    <Indices>: 2658
    0 1 2
    3 4 5
    3 6 7
    8 9 10
    10 11 8
    12 10 9
    13 9 14
    11 10 15
    16 11 17
    18 19 20
    21 22 23
    14 24 13
    17 25 16
    26 27 28
    29 30 31
    32 33 31
    27 34 35
    36 33 37
    38 39 40
    39 41 40
    42 37 33
    43 37 42
    44 37 45
    46 45 37
    47 48 49
    45 46 50
    51 52 53
    54 52 51
    52 54 55
    56 57 47
    58 43 59
    59 60 58
    58 60 46
    50 46 60
    61 62 63
    47 57 64
    65 66 67
    68 69 70
    62 61 71
    72 62 71
    67 61 65
    73 71 61
    74 75 76
    77 78 79
    79 78 80
    81 82 83
    83 84 81
    85 86 87
    85 87 88
    89 87 86
    86 90 89
    90 86 74
    81 88 91
    92 93 90
    94 95 96
    97 98 95
    95 94 97
    97 99 98
    100 101 102
    103 104 105
    106 107 108
    109 110 111
    112 113 114
    115 116 108
    117 116 115
    115 118 117
    107 119 118
    118 119 120
    114 113 121
    122 119 107
    123 124 125
    126 127 128
    129 130 131
    131 132 123
    133 134 135
    133 135 136
    137 138 135
    137 135 134
    139 133 136
    139 136 140
    141 142 138
    141 138 137
    136 135 143
    136 143 144
    140 136 144
    140 144 145
    138 146 143
    138 143 135
    142 147 146
    142 146 138
    148 139 140
    148 140 149
    145 150 149
    145 149 140
    151 152 142
    151 142 141
    147 142 152
    147 152 153
    154 155 148
    154 148 149
    156 152 151
    156 151 157
    158 154 149
    158 149 150
    159 153 152
    159 152 156
    160 161 155
    160 155 154
    162 160 154
    162 154 158
    163 156 157
    163 157 164
    165 159 156
    165 156 163
    166 167 161
    166 161 160
    168 163 164
    168 164 169
    170 166 160
    170 160 162
    171 165 163
    171 163 168
    166 172 173
    166 173 167
    174 172 166
    174 166 170
    168 169 175
    168 175 176
    177 171 168
    177 168 176
    172 178 179
    172 179 173
    176 175 179
    176 179 178
    172 174 180
    172 180 178
    176 178 180
    176 180 177
    144 143 181
    144 181 1
    1 182 145
    1 145 144
    146 4 181
    146 181 143
    4 146 147
    4 147 183
    1 0 184
    1 184 182
    4 183 185
    4 185 5
    182 186 150
    182 150 145
    187 186 182
    187 182 184
    183 147 153
    183 153 188
    189 185 183
    189 183 188
    190 158 150
    190 150 186
    191 188 153
    191 153 159
    186 187 192
    186 192 190
    188 191 193
    188 193 189
    194 162 158
    194 158 190
    190 192 22
    190 22 194
    195 191 159
    195 159 165
    191 195 19
    191 19 193
    196 170 162
    196 162 194
    197 195 165
    197 165 171
    194 22 21
    194 21 196
    195 197 20
    195 20 19
    198 174 170
    198 170 196
    15 198 196
    15 196 21
    199 197 171
    199 171 177
    12 20 197
    12 197 199
    174 198 200
    174 200 180
    177 180 200
    177 200 199
    198 15 10
    198 10 200
    201 2 6
    201 6 202
    2 201 203
    2 203 0
    204 205 6
    204 6 3
    3 5 206
    3 206 204
    8 6 205
    8 205 207
    8 208 202
    8 202 6
    9 8 207
    9 207 14
    11 16 208
    11 208 8
    9 18 20
    9 20 12
    9 13 209
    9 209 18
    11 15 21
    11 21 23
    11 23 210
    11 210 17
    19 18 209
    19 209 211
    22 212 210
    22 210 23
    19 211 213
    19 213 193
    22 192 214
    22 214 212
    189 193 213
    189 213 215
    187 216 214
    187 214 192
    184 217 216
    184 216 187
    185 189 215
    185 215 218
    0 203 217
    0 217 184
    5 185 218
    5 218 206
    204 206 219
    204 219 26
    206 218 220
    206 220 219
    201 29 221
    201 221 203
    222 217 203
    222 203 221
    205 204 26
    205 26 28
    202 30 29
    202 29 201
    207 205 28
    207 28 223
    208 224 30
    208 30 202
    207 223 24
    207 24 14
    208 16 25
    208 25 224
    24 225 209
    24 209 13
    25 17 210
    25 210 226
    211 209 225
    211 225 227
    212 228 226
    212 226 210
    213 211 227
    213 227 229
    214 230 228
    214 228 212
    213 229 231
    213 231 215
    214 216 232
    214 232 230
    216 217 222
    216 222 232
    218 215 231
    218 231 220
    221 33 36
    221 36 222
    34 219 220
    34 220 233
    36 234 232
    36 232 222
    231 235 233
    231 233 220
    232 234 236
    232 236 230
    237 235 231
    237 231 229
    236 238 228
    236 228 230
    229 227 239
    229 239 237
    228 238 240
    228 240 226
    227 225 38
    227 38 239
    226 240 241
    226 241 25
    225 24 39
    225 39 38
    25 241 242
    25 242 224
    41 39 24
    41 24 223
    243 30 224
    243 224 242
    223 28 244
    223 244 41
    28 27 35
    28 35 244
    30 243 32
    30 32 31
    42 33 32
    42 32 243
    95 35 34
    95 34 96
    95 98 244
    95 244 35
    234 36 37
    234 37 44
    233 245 96
    233 96 34
    245 233 235
    245 235 246
    234 44 247
    234 247 236
    235 237 248
    235 248 246
    238 236 247
    238 247 249
    250 248 237
    250 237 239
    238 249 251
    238 251 240
    38 252 250
    38 250 239
    241 240 251
    241 251 253
    38 40 254
    38 254 252
    253 49 242
    253 242 241
    242 49 48
    242 48 243
    255 41 244
    255 244 98
    41 255 254
    41 254 40
    243 48 43
    243 43 42
    256 247 44
    256 44 45
    247 256 53
    247 53 249
    251 249 53
    251 53 52
    52 56 253
    52 253 251
    59 43 48
    59 48 257
    48 47 64
    48 64 257
    256 45 50
    256 50 258
    258 51 53
    258 53 256
    56 52 55
    56 55 57
    68 259 257
    68 257 64
    66 59 257
    66 257 259
    65 60 59
    65 59 66
    60 63 258
    60 258 50
    63 54 51
    63 51 258
    63 62 260
    63 260 54
    54 260 261
    54 261 55
    57 55 261
    57 261 69
    66 259 68
    66 68 70
    66 70 262
    66 262 263
    66 263 264
    66 264 67
    70 69 265
    70 265 262
    266 265 69
    266 69 261
    267 266 261
    267 261 260
    267 260 62
    267 62 72
    73 61 67
    73 67 264
    84 264 263
    84 263 268
    268 263 262
    268 262 75
    83 73 264
    83 264 84
    82 71 73
    82 73 83
    269 72 71
    269 71 82
    78 267 72
    78 72 269
    78 77 266
    78 266 267
    77 76 265
    77 265 266
    74 86 268
    74 268 75
    85 84 268
    85 268 86
    74 76 77
    74 77 79
    269 270 271
    269 271 78
    78 271 272
    78 272 80
    270 269 82
    270 82 273
    82 81 91
    82 91 273
    87 89 93
    88 87 274
    88 274 275
    93 276 274
    93 274 87
    277 91 88
    277 88 275
    91 277 278
    91 278 273
    279 270 273
    279 273 278
    271 270 279
    271 279 280
    271 280 281
    271 281 272
    272 281 282
    272 282 92
    80 272 92
    80 92 90
    93 92 282
    93 282 276
    283 94 96
    283 96 245
    284 255 98
    284 98 99
    285 254 255
    285 255 284
    283 245 246
    283 246 286
    287 288 97
    287 97 94
    94 283 289
    94 289 287
    99 97 288
    99 288 290
    283 286 291
    283 291 289
    292 286 246
    292 246 248
    101 291 286
    101 286 292
    250 293 292
    250 292 248
    101 292 293
    101 293 102
    252 294 293
    252 293 250
    102 293 294
    102 294 295
    294 252 254
    294 254 285
    104 295 294
    104 294 285
    104 285 284
    104 284 105
    290 105 284
    290 284 99
    111 100 102
    111 102 295
    291 101 296
    291 296 297
    101 100 298
    101 298 296
    289 291 297
    289 297 299
    111 295 104
    111 104 109
    109 104 103
    109 103 300
    299 106 287
    299 287 289
    288 287 106
    288 106 108
    108 116 290
    108 290 288
    290 116 103
    290 103 105
    106 299 122
    106 122 107
    297 301 122
    297 122 299
    297 296 302
    297 302 301
    303 302 296
    303 296 298
    100 111 112
    100 112 298
    298 112 114
    298 114 303
    113 112 111
    113 111 110
    300 103 116
    300 116 117
    110 109 300
    110 300 304
    117 305 304
    117 304 300
    117 118 120
    117 120 305
    108 107 118
    108 118 115
    305 120 306
    305 306 130
    119 307 306
    119 306 120
    129 304 305
    129 305 130
    304 129 125
    304 125 110
    110 125 124
    110 124 113
    303 114 121
    303 121 308
    308 309 302
    308 302 303
    309 310 301
    309 301 302
    119 122 301
    119 301 310
    307 119 310
    307 310 311
    309 128 311
    309 311 310
    309 308 126
    309 126 128
    312 126 308
    312 308 121
    312 121 113
    312 113 124
    124 313 314
    124 314 312
    124 123 132
    124 132 313
    127 126 312
    127 312 314
    315 311 128
    315 128 127
    311 315 316
    311 316 307
    306 307 316
    306 316 317
    318 130 306
    318 306 317
    130 318 132
    130 132 131
    132 318 319
    132 319 320
    318 317 321
    318 321 319
    132 320 322
    132 322 313
    323 314 313
    323 313 322
    324 127 314
    324 314 323
    127 324 325
    127 325 315
    316 315 325
    316 325 326
    321 317 316
    321 316 326
    181 7 2
    181 2 1
    181 4 3
    181 3 7
    199 200 10
    199 10 12
    33 221 29
    33 29 31
    34 27 26
    34 26 219
    43 58 46
    43 46 37
    49 253 56
    49 56 47
    60 65 61
    60 61 63
    69 68 64
    69 64 57
    76 75 262
    76 262 265
    84 85 88
    84 88 81
    90 74 79
    90 79 80
    129 131 123
    129 123 125
    7 6 2
    89 90 93
    327 328 275
    327 275 274
    329 327 274
    329 274 276
    328 330 277
    328 277 275
    330 331 278
    330 278 277
    331 332 279
    331 279 278
    332 333 280
    332 280 279
    333 334 281
    333 281 280
    334 335 282
    334 282 281
    335 329 276
    335 276 282
    336 337 320
    336 320 319
    338 336 319
    338 319 321
    337 339 322
    337 322 320
    339 340 323
    339 323 322
    340 341 324
    340 324 323
    341 342 325
    341 325 324
    342 343 326
    342 326 325
    343 338 321
    343 321 326
    328 327 344
    345 344 327
    345 327 329
    344 346 330
    344 330 328
    331 330 346
    346 347 332
    346 332 331
    333 332 347
    347 348 334
    347 334 333
    335 334 348
    348 345 329
    348 329 335
    349 350 337
    349 337 336
    351 349 336
    351 336 338
    339 337 350
    350 352 340
    350 340 339
    352 353 341
    352 341 340
    342 341 353
    353 351 343
    353 343 342
    338 343 351
    354 355 134
    354 134 133
    355 356 137
    355 137 134
    357 354 133
    357 133 139
    356 358 141
    356 141 137
    359 357 139
    359 139 148
    358 360 151
    358 151 141
    361 359 148
    361 148 155
    360 362 157
    360 157 151
    363 361 155
    363 155 161
    362 364 164
    362 164 157
    365 363 161
    365 161 167
    364 366 169
    364 169 164
    367 365 167
    367 167 173
    366 368 175
    366 175 169
    369 367 173
    369 173 179
    368 369 179
    368 179 175
    355 354 370
    356 355 370
    371 370 354
    371 354 357
    370 372 358
    370 358 356
    357 359 371
    360 358 372
    373 371 359
    373 359 361
    372 374 362
    372 362 360
    361 363 373
    364 362 374
    375 373 363
    375 363 365
    374 376 366
    374 366 364
    365 367 375
    368 366 376
    377 375 367
    377 367 369
    376 377 369
    376 369 368
    378 379 380
    378 380 381
    382 383 379
    382 379 378
    384 385 381
    384 381 380
    386 387 388
    386 388 389
    387 390 391
    387 391 388
    392 391 390
    392 390 393
    386 389 394
    386 394 395
    392 393 396
    392 396 397
    387 386 395
    387 395 396
    393 390 396
    390 387 396
    389 388 397
    389 397 394
    388 391 397
    391 392 397
    394 397 396
    394 396 395
    398 399 400
    398 400 401
    402 403 400
    402 400 399
    404 398 401
    404 401 405
    406 407 403
    406 403 402
    408 404 405
    408 405 409
    410 411 407
    410 407 406
    412 413 408
    412 408 409
    414 411 410
    414 410 415
    416 417 413
    416 413 412
    418 414 415
    418 415 419
    420 421 417
    420 417 416
    422 418 419
    422 419 423
    420 424 425
    420 425 421
    422 423 426
    422 426 427
    424 428 429
    424 429 425
    427 426 429
    427 429 428
    430 431 399
    430 399 398
    432 433 401
    432 401 400
    434 432 400
    434 400 403
    431 435 402
    431 402 399
    436 430 398
    436 398 404
    433 437 405
    433 405 401
    438 434 403
    438 403 407
    435 439 406
    435 406 402
    440 436 404
    440 404 408
    437 441 409
    437 409 405
    442 438 407
    442 407 411
    439 443 410
    439 410 406
    444 440 408
    444 408 413
    441 445 412
    441 412 409
    446 442 411
    446 411 414
    443 447 415
    443 415 410
    448 444 413
    448 413 417
    445 449 416
    445 416 412
    450 446 414
    450 414 418
    447 451 419
    447 419 415
    452 448 417
    452 417 421
    449 453 420
    449 420 416
    454 450 418
    454 418 422
    451 455 423
    451 423 419
    453 456 424
    453 424 420
    457 452 421
    457 421 425
    455 458 426
    455 426 423
    459 454 422
    459 422 427
    456 460 428
    456 428 424
    461 457 425
    461 425 429
    458 461 429
    458 429 426
    460 459 427
    460 427 428
    462 463 464
    462 464 465
    466 462 465
    466 465 467
    468 464 463
    468 463 469
    470 471 472
    470 472 473
    474 470 473
    474 473 475
    476 472 471
    476 471 477
    478 479 480
    478 480 481
    482 483 479
    482 479 478
    484 485 481
    484 481 480
    486 487 488
    486 488 489
    490 491 487
    490 487 486
    492 493 489
    492 489 488
    </Mesh>
    </Frame>
    <Frame>: 3 ZombieGirl_Top
    <TransformMatrix>:
    1.000000 0.000000 0.000000 -0.000000
    0.000000 1.000000 0.000000 0.000000
    0.000000 0.000000 1.000000 -0.000000
    0.000000 0.000000 -0.000000 1.000000
    <Mesh>: 632 ZombieGirl_Top
    <Positions>: 632
    -0.100899 16.641750 -148.351715
    -0.318808 16.450497 -147.668625
    -0.153396 15.989223 -147.745026
    0.064513 16.180492 -148.428131
    0.523261 16.914379 -148.646317
    0.688673 16.453106 -148.722717
    1.188047 17.108639 -148.379868
    1.353459 16.647366 -148.456253
    1.504037 17.110760 -147.708420
    1.669448 16.649487 -147.784805
    1.286128 16.919491 -147.025314
    1.451539 16.458218 -147.101730
    0.661968 16.646877 -146.730728
    0.827379 16.185604 -146.807144
    -0.002818 16.452602 -146.997192
    0.162594 15.991343 -147.073578
    0.718938 15.110271 -138.581039
    0.514452 14.896603 -137.900467
    0.530753 14.422298 -138.044464
    0.735240 14.635967 -138.725067
    2.080584 15.198193 -138.716461
    1.367651 15.235195 -138.919067
    1.383953 14.760890 -139.063065
    2.096885 14.723887 -138.860474
    2.440110 15.020932 -138.091965
    2.456412 14.546643 -138.235962
    2.235624 14.807262 -137.411377
    2.251925 14.332958 -137.555389
    1.586910 14.682339 -137.073364
    1.603212 14.208035 -137.217392
    0.873977 14.719341 -137.275955
    0.890280 14.245052 -137.419968
    -6.729930 10.009377 -158.880569
    -9.416878 11.505731 -157.876541
    -6.780989 13.500055 -156.628983
    8.696899 10.874217 -159.407104
    9.343651 13.787823 -157.532837
    11.956661 10.958996 -158.598526
    -5.010807 9.035562 -159.369705
    -3.809188 13.090480 -155.941574
    7.270238 9.935023 -159.565048
    5.554162 13.406338 -156.616333
    4.243072 14.911221 -154.770981
    7.033607 15.047649 -156.576904
    -4.990862 14.829065 -155.526321
    -2.729530 16.111721 -153.673340
    -13.000829 5.396890 -162.318069
    -9.665894 5.698876 -161.948792
    -9.561062 2.838616 -166.445343
    -12.509961 2.060402 -165.618942
    -12.351906 -0.976021 -168.146835
    -9.736603 0.020164 -168.666946
    9.675020 2.924510 -166.385895
    10.829969 5.231166 -162.325867
    14.343262 4.425915 -162.936050
    12.695127 1.656963 -165.102081
    12.274498 -0.882284 -168.140457
    9.827753 0.041956 -168.656937
    -6.701825 5.573251 -162.943039
    -6.816579 2.604882 -166.305725
    7.805877 5.817500 -161.802917
    7.593899 3.191310 -165.907257
    -7.260812 0.211373 -168.692230
    7.398909 0.280710 -168.672714
    -7.522823 -3.375420 -170.961456
    -9.358932 -3.723305 -170.340576
    9.552702 -3.283850 -170.180542
    7.253800 -2.625632 -170.661423
    -11.484646 -4.848199 -169.417572
    11.783311 -4.135626 -169.336426
    -10.250969 -8.891001 -169.514053
    -8.753219 -7.746881 -170.949631
    10.830917 -7.623664 -169.378021
    8.974139 -6.943687 -170.824875
    -8.541075 -11.953119 -168.813751
    -7.754537 -11.149195 -170.786774
    8.823068 -11.550911 -168.764526
    8.075386 -10.320091 -171.016510
    -7.358990 -6.958673 -172.174805
    -6.903041 -10.794947 -172.287216
    7.189607 -5.923591 -172.057983
    7.018467 -9.682594 -172.536560
    -5.716406 -13.444697 -169.731461
    -4.842797 -12.991541 -171.405319
    6.285367 -13.109704 -170.277924
    5.781909 -12.432276 -172.194031
    -6.483660 -13.703441 -168.015442
    -2.872888 -14.257486 -169.043335
    -3.509813 -14.483789 -166.980392
    6.618108 -13.701409 -168.014557
    3.643834 -14.490869 -166.970245
    3.074892 -14.148600 -169.448715
    -2.682067 -13.565836 -171.070404
    3.197481 -13.366251 -171.326782
    0.151970 -13.539591 -171.127457
    0.107479 -14.386805 -169.071716
    0.066111 -14.639429 -166.866501
    -9.693897 6.911600 -161.489838
    -11.567998 9.519448 -160.310760
    -6.693478 5.564660 -162.949707
    13.971802 7.093136 -159.942215
    11.106360 6.980663 -161.706238
    7.805933 5.817500 -161.802917
    -9.122762 9.741357 -157.622711
    -6.444770 13.424295 -155.311920
    -10.831600 12.030207 -155.063828
    11.010425 12.086315 -155.081497
    6.075869 13.383709 -155.363022
    8.586595 9.739543 -157.814194
    -1.729871 15.653560 -152.923782
    -7.074278 15.354410 -152.762177
    2.815512 15.647822 -153.029587
    6.840154 15.571850 -152.707687
    -13.314562 9.325966 -154.395248
    -13.750813 12.064675 -151.818497
    -15.402209 8.492180 -151.956619
    15.326844 8.334240 -151.902954
    13.784794 11.965771 -151.793289
    13.566322 9.424053 -154.433029
    1.746732 15.646998 -143.925278
    -0.658660 16.143444 -147.114563
    5.377263 16.049557 -145.132721
    1.108708 13.565090 -137.613159
    -4.535264 12.958416 -137.224503
    1.449512 14.130076 -139.457993
    -0.776832 13.486019 -135.369507
    0.222001 14.380031 -138.950562
    6.503451 12.468624 -137.519821
    0.543358 14.225475 -137.311447
    2.826688 13.807369 -134.821579
    -1.307430 14.118099 -133.206833
    0.046069 14.739436 -131.348236
    -3.942259 13.168483 -132.569199
    3.432260 14.174909 -132.743866
    7.293227 13.006985 -131.847687
    3.587232 14.410992 -130.396790
    -14.558769 8.399101 -143.902481
    -13.070835 12.602197 -144.728287
    -11.918098 9.934152 -141.969330
    12.555789 9.775158 -142.001617
    13.246970 12.290891 -145.035889
    14.693881 8.358303 -143.883301
    -0.483065 14.626872 -128.932251
    -0.486788 14.226420 -124.940788
    -4.163016 13.199518 -127.966545
    -12.193628 8.673302 -138.125885
    13.152617 8.485119 -137.906128
    -18.177259 0.663077 -120.224541
    -14.966489 -1.644456 -125.045883
    -15.608251 2.617324 -125.033257
    -16.066788 4.451805 -154.477631
    -18.926006 0.403129 -153.426193
    -16.883568 2.463463 -158.563019
    -18.598289 1.825615 -158.939056
    15.814112 4.140377 -154.271942
    16.848991 2.024625 -158.661835
    17.754528 0.139707 -153.379288
    16.944408 -12.334112 -162.917526
    17.227808 -12.821935 -156.399582
    18.071072 -12.010092 -161.651443
    -18.531885 -13.051859 -156.284851
    -17.594810 -11.433602 -152.197433
    -16.543423 -12.285258 -157.187790
    19.152006 -12.338003 -161.137970
    19.848482 -11.566807 -160.206879
    -20.176058 -12.112407 -155.611969
    20.746151 0.170561 -154.392410
    18.513184 -4.160632 -150.481155
    -16.781309 -0.361276 -148.324310
    -14.722243 -2.132562 -140.041382
    -15.675756 -4.955743 -146.599869
    16.270906 -4.788777 -146.573074
    14.751202 -0.526281 -142.509064
    15.958169 -0.364674 -148.196182
    -18.501247 -3.349130 -150.643158
    -21.650276 0.195076 -153.876694
    -23.430058 -0.225685 -154.398193
    -19.704561 0.365639 -159.043350
    -21.026844 -0.268715 -159.786972
    -19.794889 -2.924691 -162.693863
    -18.448305 -11.956034 -161.615952
    -19.085541 -8.271921 -164.799606
    -19.950329 -11.588877 -159.423950
    -21.206753 -8.978251 -161.894547
    -22.609648 -4.512872 -160.938904
    -22.218382 -9.457285 -160.047638
    -21.494066 0.845772 -156.398499
    -23.182238 -1.278267 -158.932907
    -23.760643 -11.461205 -151.667984
    -22.647594 -8.799799 -149.764038
    -20.667934 -10.534311 -151.828903
    -25.102848 -7.066262 -161.442352
    -24.591852 -10.018685 -159.912048
    -24.801661 0.470375 -157.383209
    -25.572300 -1.649727 -159.380386
    -23.259010 1.670372 -156.898956
    -29.058409 -0.188317 -159.722198
    -26.115961 -11.518762 -156.912857
    -26.832375 -11.188973 -158.779144
    -30.047583 -10.156290 -159.443176
    -30.424574 -11.368860 -155.813049
    -28.413977 -9.348719 -161.156937
    -27.884453 -7.657876 -161.088715
    -30.732534 -6.507853 -161.511780
    -35.008263 -5.910883 -162.387619
    -31.485010 -8.348078 -162.202988
    -24.587797 -12.211496 -155.225128
    -32.510056 -9.505838 -151.289124
    -28.743000 -10.495203 -154.147095
    -35.128128 -10.103952 -159.040451
    -40.221321 -10.014674 -156.143707
    -35.501457 -10.934122 -156.091644
    -33.154362 -0.127786 -155.875549
    -36.505707 0.603659 -155.324707
    -34.346035 -0.703256 -159.202667
    -33.341705 -7.448969 -150.340210
    -38.473854 -4.845621 -150.260300
    -33.416958 -4.676004 -150.062576
    20.581877 -3.035266 -161.911942
    19.764566 1.251569 -158.513290
    19.571001 -0.985767 -162.983658
    20.750771 -13.222218 -157.327682
    21.758089 -10.939869 -160.396622
    22.064240 -11.809405 -156.256058
    17.496492 -11.652531 -153.072052
    26.579128 -11.405091 -151.665497
    28.252951 -8.869064 -149.356232
    30.692543 -11.670228 -152.623108
    36.044662 -3.265549 -150.800491
    38.586666 0.533188 -150.896896
    37.564671 -2.452820 -149.443497
    37.692558 -6.341598 -148.279358
    38.162727 -11.380035 -150.388550
    36.852558 -8.045731 -150.455521
    42.143303 -5.588930 -150.356064
    41.735325 -13.204003 -154.089661
    39.521519 -13.063860 -158.543457
    38.423454 -14.192216 -154.749664
    41.585724 -12.591762 -158.716919
    44.518925 -1.066460 -163.520721
    39.402664 1.041029 -159.145172
    39.736919 -2.354983 -162.000626
    40.609344 -6.183788 -163.903137
    44.911510 -5.732450 -164.061722
    49.664192 0.568423 -155.013763
    48.953865 -1.399309 -152.757584
    46.231735 0.361525 -154.173950
    11.868891 13.095721 -114.171738
    10.598216 13.578883 -108.190475
    8.063258 15.068172 -114.290131
    12.591775 -4.001699 -137.125732
    12.641187 -2.082937 -132.212097
    13.788610 -0.148565 -137.681534
    -4.338070 -10.409003 -122.280785
    1.110372 -14.047155 -117.985367
    -0.479042 -11.130201 -122.396645
    12.440026 -10.186703 -119.756386
    7.847662 -8.920529 -124.737740
    9.256549 -12.904950 -118.480217
    48.021202 -2.149336 -163.585785
    48.035397 -6.074486 -163.896561
    48.554295 -2.811842 -162.427200
    47.340595 -5.752102 -162.882797
    44.560963 -1.724344 -160.389618
    49.805622 -1.597661 -160.568771
    47.137230 -4.951968 -152.336243
    42.452553 -5.985633 -153.838943
    46.181374 -7.817616 -152.360703
    46.152805 -10.117221 -155.006989
    41.618973 -8.351547 -156.651123
    46.263748 -10.444397 -158.277740
    -12.935352 6.371514 -157.211929
    -12.522210 3.618340 -160.121323
    -8.591252 5.117578 -161.508286
    13.123981 6.370114 -157.140915
    8.600341 5.021434 -161.591660
    12.646186 3.620266 -159.904175
    -10.853378 14.582499 -152.580582
    10.944238 14.575741 -152.571198
    -15.382510 8.032097 -147.747299
    -15.391444 3.718513 -148.571457
    -13.905208 13.485299 -148.122452
    15.838147 3.802517 -148.454468
    15.598629 8.081066 -147.734497
    13.778963 13.235440 -148.125793
    -14.884389 4.433510 -142.804367
    14.898090 4.545101 -142.827423
    14.100667 4.674679 -138.049896
    0.179496 16.144421 -148.240005
    -6.866528 16.416378 -149.146606
    -0.306493 15.961650 -148.623306
    5.911014 16.804729 -148.865906
    -0.222784 13.994441 -144.600113
    -6.333391 16.018169 -146.059341
    -10.731175 15.978571 -148.918610
    -10.020411 15.264368 -145.245972
    10.624187 15.756115 -148.893967
    10.198694 14.862240 -145.351440
    0.312770 13.860911 -141.922089
    -4.798030 13.574092 -142.333084
    5.807124 14.518429 -141.481537
    1.818446 16.528652 -141.525650
    -7.708296 11.681085 -141.667465
    -8.065795 11.220606 -137.412491
    9.006025 11.851757 -141.618561
    9.860852 10.809689 -137.470062
    2.437937 14.128566 -127.114395
    6.481779 13.187785 -128.335480
    2.056562 13.977610 -122.639534
    5.952917 12.513934 -124.368881
    -1.022184 14.173510 -121.350090
    -5.267316 12.495210 -123.532738
    -9.712207 10.005120 -125.149261
    -8.012810 10.384179 -128.947906
    -7.946777 11.117685 -132.768829
    10.164348 10.715191 -128.818359
    10.059509 10.802989 -124.600098
    10.889597 11.324688 -132.997040
    -3.330139 14.136950 -115.848137
    -7.539706 12.509500 -118.557419
    2.710657 14.686708 -117.640030
    7.106101 13.663127 -119.460068
    -9.890508 10.384355 -121.567436
    11.296884 12.279696 -119.767250
    4.501305 15.494578 -113.229584
    13.020222 7.369479 -124.492973
    14.237157 9.158840 -119.410271
    14.972432 10.198925 -112.626785
    -12.566185 7.725342 -124.130440
    -11.038110 7.517601 -128.495972
    13.176292 7.425579 -128.112640
    -11.273252 7.988214 -132.986084
    13.030389 7.742169 -132.641052
    -13.926894 3.867027 -132.977493
    -14.093349 3.838921 -137.442551
    13.800173 3.765453 -132.966553
    -14.253294 3.444359 -128.421356
    14.415222 3.317775 -128.207153
    16.187037 3.533374 -123.244736
    17.774042 5.078266 -117.017128
    17.978764 6.612376 -108.181900
    -13.981341 -1.526147 -136.096710
    -13.208909 -2.369241 -131.770538
    -13.273280 -1.814354 -128.412628
    13.386627 -1.740544 -127.276352
    15.957967 -0.679303 -122.382500
    -16.625996 6.696868 -118.594574
    19.167109 -0.425999 -116.631020
    -13.420732 0.418297 -163.788239
    -10.250401 1.603615 -165.478867
    10.412271 1.601893 -165.547150
    13.611799 0.566890 -163.631592
    -16.073130 -1.218621 -163.076569
    17.490704 -0.110477 -163.287186
    -18.337564 -0.330910 -161.809006
    -13.943552 -3.042336 -166.876862
    -11.018214 -2.632958 -168.320206
    -16.565594 -4.038552 -165.593582
    11.136419 -2.633291 -168.288055
    14.163979 -3.092123 -166.833389
    17.938688 -5.114232 -166.026016
    19.092039 -5.457493 -164.160461
    -16.746357 -8.457224 -165.726974
    -14.346886 -7.852961 -167.058029
    14.446585 -7.811270 -166.993149
    17.767317 -8.980871 -165.875046
    18.863018 -8.783026 -164.315750
    -10.886178 -7.126215 -168.909180
    11.005412 -7.124152 -168.893661
    -13.577514 -12.334576 -164.574387
    -9.371974 -11.680002 -167.571106
    13.336022 -11.673193 -164.470718
    9.464650 -11.599571 -167.586243
    -16.628489 -11.946482 -162.565430
    -12.966552 -13.217799 -158.679199
    13.150815 -13.552146 -158.880386
    -8.984805 -14.724360 -159.739426
    8.824725 -13.942498 -160.085327
    -4.387370 -15.214808 -159.961060
    -4.264071 -13.932215 -166.591553
    4.357355 -13.798074 -166.622726
    4.446303 -15.229241 -160.190536
    -13.345904 -13.757518 -152.053833
    13.285179 -13.625678 -151.690094
    -8.592260 -14.702861 -152.455643
    8.619147 -14.685356 -151.598312
    -4.296386 -15.188868 -152.323120
    4.297981 -14.850076 -151.906128
    0.054243 -14.915536 -160.135651
    0.064082 -13.913309 -165.928314
    0.044711 -15.314507 -152.185257
    -3.862736 -14.265162 -145.958206
    -8.917196 -13.325984 -146.384232
    -14.121393 -9.701532 -147.329712
    9.293943 -13.081185 -143.521652
    4.846915 -14.189309 -144.740677
    14.325097 -9.328756 -145.444885
    0.130429 -14.051569 -145.838760
    -20.832245 -6.890313 -149.775604
    17.647280 -8.406559 -149.664688
    -22.389076 -11.952814 -156.261047
    -27.457014 -5.162545 -149.730576
    -26.953882 -1.973366 -152.119583
    -28.058840 0.193992 -155.402863
    27.509626 -3.696015 -150.480164
    27.620758 0.246733 -154.350464
    -11.958249 -7.871745 -141.108688
    -8.040305 -10.339426 -140.612808
    13.333774 -5.774649 -139.663422
    9.761135 -10.827691 -138.657837
    -28.494148 -7.840448 -149.297394
    -3.694027 -10.588663 -140.621414
    5.515717 -11.386941 -139.173126
    0.358280 -10.149988 -140.062790
    -11.924907 -5.299051 -134.594574
    -9.811772 -7.728724 -136.884323
    -6.627872 -9.651178 -135.842865
    -3.473746 -10.481295 -134.919464
    9.258789 -8.412515 -135.919556
    5.515656 -9.635148 -134.173279
    1.337893 -10.236071 -134.153976
    -21.420479 -11.948481 -159.082138
    -24.957005 -4.632439 -161.026764
    -33.264538 -1.582819 -151.921722
    -27.271439 -4.891488 -162.630707
    -30.338158 -4.052133 -161.610184
    -35.723980 -2.797800 -161.450760
    -26.609497 -11.453134 -152.980789
    -27.966057 -9.965174 -151.034042
    -36.802898 -9.537501 -152.166458
    -41.174797 -6.331463 -162.472107
    -40.311790 -9.472468 -159.508392
    -43.891415 -1.662577 -161.102524
    -40.873257 -0.948828 -158.977219
    -39.258671 -0.680613 -153.783768
    -36.222469 -2.022928 -152.061920
    -41.509525 -8.718923 -152.209045
    -41.263599 -4.869878 -149.828781
    -44.375286 -6.888244 -150.625977
    -44.034576 -4.079549 -149.266403
    -43.496426 -0.798539 -152.947220
    -46.025196 -0.761813 -157.686127
    -39.220222 -2.268335 -151.227249
    -42.921982 -1.818726 -150.753082
    -47.912308 1.208053 -151.613403
    -49.572189 0.549475 -153.519409
    20.419649 -5.203587 -164.120605
    19.890388 -8.516728 -163.938171
    21.642168 0.612760 -159.767090
    23.679893 -0.125811 -157.626785
    21.753790 -2.353442 -161.489227
    28.558088 -0.177614 -157.744186
    20.692335 -7.939259 -162.510056
    22.009146 -7.240406 -162.326233
    24.060041 -2.064364 -160.547134
    24.538445 -6.444797 -161.685883
    28.735218 -2.762332 -160.884018
    25.485422 -10.833041 -159.810303
    26.461077 -12.508745 -156.029663
    30.979046 -12.340990 -156.801300
    30.048159 -9.645190 -160.332809
    29.463425 -6.120028 -161.450836
    32.044201 -2.382327 -161.471924
    32.259830 0.138685 -158.606750
    32.359375 0.451705 -154.794220
    32.078495 -6.517383 -162.123016
    32.434185 -9.769656 -161.205643
    33.681160 -12.718615 -157.482147
    33.288063 -12.346421 -153.211624
    33.273834 -8.084915 -150.352402
    32.203144 -3.965683 -150.248215
    35.693893 0.007338 -155.087509
    35.274021 0.037153 -158.897263
    34.444580 -2.770526 -162.059326
    34.800499 -6.542087 -162.089508
    35.443321 -9.801761 -161.068665
    36.513531 -12.152056 -157.139038
    36.725315 -11.844056 -153.975494
    37.420876 1.681411 -154.760651
    36.266777 1.561597 -159.504883
    35.550323 -2.208789 -163.614090
    36.234360 -6.762637 -163.487000
    36.482075 -10.734820 -162.358658
    41.490608 -10.214856 -150.435730
    41.536598 -0.425952 -152.903061
    40.577454 -10.157947 -162.641571
    40.472630 1.409590 -155.665604
    45.611935 -0.096483 -159.948471
    45.102383 -4.165023 -151.343109
    44.740540 -8.934115 -151.055435
    44.345871 -12.947730 -154.454437
    44.641281 -12.800538 -159.406464
    44.302124 -9.914551 -163.540237
    49.855392 -0.282897 -160.765533
    47.827755 -4.431343 -150.610626
    46.315849 -8.452237 -150.578384
    45.806225 -12.094237 -154.080719
    45.901939 -12.140633 -158.756775
    46.169052 -9.830472 -163.059479
    6.796548 13.961345 -106.341087
    19.112650 -6.657681 -114.569984
    14.877460 -5.805570 -121.050850
    11.338830 -5.369489 -125.797333
    9.952448 -5.592017 -131.643738
    2.788347 -9.461151 -128.852173
    6.390538 -8.213042 -130.209198
    -2.922719 -9.338058 -129.122131
    -7.302890 -7.280244 -129.268066
    3.932512 -11.026937 -122.787025
    5.053995 -14.463819 -117.089340
    11.566698 -14.782643 -112.169800
    6.514905 -15.606114 -112.863983
    16.825649 -11.110416 -113.526077
    -20.559252 -0.584543 -112.937317
    -20.173672 3.350325 -113.485153
    46.120529 -8.801653 -161.857925
    48.017155 -2.496388 -153.884048
    48.990189 -1.146380 -155.999374
    45.380718 -1.268242 -157.313782
    43.481770 -3.374038 -162.205276
    44.117386 -2.494419 -154.865768
    41.442097 -6.254981 -161.211258
    -8.381117 -2.452919 -169.717026
    -8.245293 -6.494149 -170.622345
    -6.882877 -11.242685 -169.743683
    8.068665 -5.974463 -170.564896
    8.161217 -2.078711 -169.566605
    7.001786 -10.782967 -170.021210
    -3.172682 -13.186014 -168.831146
    3.291265 -13.048608 -168.976013
    0.017543 -13.217890 -168.527237
    -6.725176 9.896615 -159.161591
    -6.759098 13.381662 -156.915878
    -9.412450 11.393090 -158.157272
    8.696899 10.763072 -159.683838
    11.688334 11.214962 -158.831589
    9.343650 13.676678 -157.809586
    -5.010807 8.924417 -159.646439
    -3.858271 13.041743 -156.282928
    7.270237 9.823878 -159.841797
    5.554162 13.295193 -156.893066
    7.033607 14.936489 -156.853668
    4.243061 14.800060 -155.047745
    -3.379653 16.208797 -154.230499
    -4.991483 14.700800 -155.801590
    -13.040729 5.730187 -162.707520
    -12.509889 2.172280 -165.890900
    -9.556460 2.982567 -166.725525
    -9.664905 5.947778 -162.188934
    -12.350921 -0.975487 -168.424667
    -9.732979 0.059212 -168.944977
    9.675413 3.075831 -166.662613
    12.700801 1.789592 -165.416016
    14.317324 4.635189 -163.225342
    10.847432 5.473522 -162.574890
    9.827553 0.081827 -168.933823
    12.275858 -0.878133 -168.416412
    -6.815348 2.743829 -166.581940
    -6.696229 5.864160 -163.284927
    7.805319 6.120876 -162.123672
    7.593637 3.352931 -166.183945
    -7.259405 0.255760 -168.965057
    7.398972 0.328256 -168.947357
    -9.359173 -3.828957 -170.617325
    -7.528374 -3.483528 -171.188385
    9.552921 -3.372519 -170.457260
    7.263615 -2.714179 -170.880295
    -11.483163 -4.997339 -169.695312
    11.783295 -4.257224 -169.613388
    -10.251012 -9.196421 -169.790924
    -8.754035 -8.008081 -171.226303
    8.974363 -7.173835 -171.101639
    10.829574 -7.880103 -169.655563
    -8.540519 -12.376903 -169.090591
    -7.750309 -11.541895 -171.063416
    8.823417 -11.959145 -169.041275
    8.074487 -10.680748 -171.293274
    -7.360130 -7.190804 -172.426849
    -6.898843 -11.173960 -172.563507
    7.190593 -6.119194 -172.296875
    7.017334 -10.018486 -172.811920
    -5.715970 -13.926143 -170.007996
    -4.841042 -13.455469 -171.681366
    6.285150 -13.578195 -170.554565
    5.779992 -12.874582 -172.470291
    -6.483178 -14.194880 -168.292038
    -2.873727 -14.770350 -169.320694
    -3.473170 -14.925531 -167.327072
    6.618258 -14.192788 -168.291214
    3.074900 -14.657251 -169.725433
    3.597375 -14.915795 -167.338715
    -2.682138 -14.051950 -171.347168
    3.197517 -13.844660 -171.603531
    0.107479 -14.904657 -169.348434
    0.151971 -14.024698 -171.404221
    0.067600 -15.031473 -167.128540
    -9.698472 7.097452 -161.587677
    -11.372971 9.585580 -160.511307
    11.103716 7.342007 -161.723511
    13.953938 7.445446 -160.215790
    7.805941 6.120891 -162.123581
    5.554162 12.642513 -155.321655
    6.705543 9.171184 -158.270386
    4.242968 14.087093 -154.107224
    7.550260 5.162654 -160.582230
    7.145338 14.906124 -153.006668
    9.435920 9.328563 -156.378326
    -4.165385 7.853693 -159.145523
    -3.101042 12.272380 -155.755203
    -2.790640 14.908961 -154.245117
    -6.278109 5.117807 -161.524429
    -5.471854 7.850473 -156.796371
    -5.056099 13.895227 -153.294861
    -5.752153 2.533334 -165.708588
    6.637426 2.931574 -165.018173
    -6.321478 -2.514519 -170.126511
    6.316057 -2.149192 -169.990021
    -6.170264 -9.495386 -172.191071
    6.124825 -8.063393 -172.248535
    -3.660071 -12.532373 -171.339096
    3.976124 -12.329614 -171.787048
    0.155037 -13.180079 -171.243378
    7.536843 5.158641 -160.586456
    7.857292 2.931574 -163.597092
    -6.885121 2.542428 -164.280914
    -7.557265 -2.514519 -168.706528
    7.475103 -2.149191 -168.569305
    -7.379574 -9.495386 -170.771225
    7.247769 -8.063393 -170.828003
    -4.390624 -12.532373 -169.920349
    4.694059 -12.329615 -170.367508
    0.148659 -13.180079 -169.823532
    <Normals>: 632
    -0.448976 0.892782 0.036896
    -0.486744 0.859662 0.155116
    0.170822 -0.974062 -0.148400
    0.208648 -0.940880 -0.266855
    -0.340813 0.940025 -0.014147
    0.316820 -0.893645 -0.317843
    -0.225580 0.973698 0.032018
    0.432022 -0.859994 -0.271602
    -0.170818 0.974066 0.148380
    0.486724 -0.859610 -0.155464
    -0.208582 0.940913 0.266790
    0.448945 -0.892798 -0.036886
    -0.316747 0.893668 0.317851
    0.340741 -0.940051 0.014132
    -0.431988 0.859991 0.271666
    0.225373 -0.973739 -0.032237
    -0.163837 0.969005 0.184895
    -0.199263 0.931966 0.302876
    -0.134468 -0.953525 -0.269646
    -0.098970 -0.916473 -0.387662
    0.072145 0.984249 0.161397
    -0.051464 0.990657 0.126294
    0.013410 -0.894847 -0.446172
    0.137100 -0.901290 -0.410949
    0.134462 0.953526 0.269644
    0.199297 -0.931995 -0.302764
    0.099027 0.916495 0.387595
    0.163792 -0.969024 -0.184838
    -0.013397 0.894839 0.446187
    0.051216 -0.990669 -0.126301
    -0.136963 0.901251 0.411081
    -0.072208 -0.984235 -0.161456
    -0.106217 -0.619100 0.778095
    -0.174859 -0.551063 0.815937
    -0.263194 -0.449166 0.853802
    -0.012514 -0.512652 0.858505
    0.226286 -0.421392 0.878193
    -0.198902 -0.501016 0.842271
    -0.569628 0.572124 -0.590083
    -0.650274 0.675319 -0.347975
    0.851192 -0.015285 0.524632
    0.861395 0.180292 0.474862
    0.571544 0.820426 -0.015447
    0.303599 -0.396191 0.866522
    -0.367899 -0.407746 0.835699
    -0.209409 0.831083 -0.515218
    0.054105 -0.719792 0.692079
    0.120863 -0.720415 0.682931
    0.142240 -0.728426 0.670197
    0.142750 -0.723453 0.675454
    0.288251 -0.454650 0.842737
    0.255614 -0.511383 0.820457
    -0.198366 -0.723239 0.661496
    -0.148642 -0.712275 0.685981
    -0.171221 -0.657656 0.733602
    -0.282139 -0.688640 0.667962
    -0.336452 -0.516167 0.787637
    -0.287205 -0.541074 0.790412
    -0.980195 0.131765 0.147838
    -0.911724 -0.225617 0.343302
    0.830991 -0.328857 0.448673
    0.728277 -0.531557 0.432505
    -0.991324 0.127443 0.032167
    0.991350 0.101874 -0.082741
    -0.186785 -0.396745 0.898724
    0.407374 -0.232431 0.883189
    -0.382777 -0.253233 0.888457
    0.158505 -0.402383 0.901645
    0.368655 -0.144330 0.918293
    -0.338132 -0.171196 0.925396
    0.486413 0.174267 0.856174
    0.614813 0.093642 0.783094
    -0.498323 0.139564 0.855685
    -0.599180 0.053748 0.798808
    0.459645 0.520677 0.719460
    0.648141 0.477291 0.593385
    -0.557917 0.468802 0.684802
    -0.705790 0.358808 0.610833
    -0.616017 -0.280908 0.735944
    -0.521673 0.145046 0.840725
    0.463705 -0.261653 0.846472
    0.394414 0.068576 0.916370
    0.376892 0.851883 0.363658
    -0.200242 -0.134064 0.970531
    -0.460797 0.797046 0.390364
    0.137388 -0.202790 0.969536
    0.239067 0.783147 0.574045
    0.104094 0.966131 0.236125
    0.061740 0.896615 0.438485
    -0.289469 0.800824 0.524298
    -0.083898 0.907312 0.412003
    -0.117549 0.957273 0.264218
    -0.225962 -0.364166 0.903507
    0.387552 -0.378391 0.840609
    0.061472 -0.433936 0.898844
    -0.005174 0.972459 0.233018
    -0.005964 0.930761 0.365579
    -0.135380 -0.682046 0.718669
    -0.222438 -0.590298 0.775931
    -0.800121 0.375763 -0.467556
    -0.225537 -0.574545 0.786785
    -0.102650 -0.589902 0.800923
    0.973821 -0.046681 0.222473
    -0.390650 0.589540 -0.706990
    -0.190058 0.693725 -0.694711
    -0.476852 0.572662 -0.666836
    0.455898 0.576640 -0.677970
    0.343852 0.740317 -0.577664
    0.524834 0.551010 -0.648797
    0.001933 0.966825 -0.255431
    -0.101490 0.913019 -0.395089
    -0.062619 0.969515 -0.236897
    0.117986 0.904177 -0.410540
    -0.665456 0.454204 -0.592340
    -0.812060 0.502629 -0.296517
    -0.956821 0.250956 -0.146678
    0.952052 0.249742 -0.176712
    0.810779 0.520451 -0.267895
    0.685280 0.426181 -0.590560
    0.116160 0.985073 0.127040
    -0.070384 0.991535 0.109109
    0.193269 0.945023 0.263780
    -0.093780 0.981053 0.169530
    -0.335098 0.941308 0.040596
    -0.114409 0.988616 0.097720
    -0.170384 0.980560 -0.097322
    0.241859 0.845126 0.476724
    0.399358 0.910249 0.109364
    0.281981 0.959179 -0.021531
    0.277343 0.950423 -0.140629
    -0.236283 0.966032 -0.104660
    -0.362284 0.931579 -0.030166
    -0.418349 0.908281 -0.003247
    0.282525 0.946941 -0.153238
    0.409527 0.912081 -0.019893
    0.321000 0.944637 0.067967
    -0.937298 0.249127 0.243738
    -0.661259 0.556053 0.503529
    -0.486964 0.742241 0.460374
    0.570561 0.736958 0.362426
    0.697532 0.576784 0.425169
    0.946350 0.231154 0.225808
    -0.357412 0.933941 0.003222
    -0.335762 0.941413 0.031710
    -0.449702 0.893178 -0.001250
    -0.773060 0.606660 0.185317
    0.868276 0.486481 0.097128
    -0.874360 0.286853 -0.391421
    -0.883103 -0.144686 -0.446312
    -0.868600 0.289667 -0.402028
    -0.866494 0.483099 -0.125713
    -0.747475 0.563966 0.351031
    -0.503425 0.743622 -0.439989
    -0.449048 0.824747 -0.343727
    0.913717 0.376510 -0.152842
    0.453008 0.844164 -0.286655
    0.773754 0.533361 0.341805
    0.233436 -0.879729 -0.414227
    0.150434 -0.988494 -0.015821
    0.417907 -0.791836 -0.445365
    -0.111280 -0.993758 0.007816
    -0.390230 -0.805366 0.446213
    -0.212219 -0.976035 -0.048148
    0.552686 -0.743555 -0.376382
    0.463514 -0.807293 -0.365284
    -0.244502 -0.948997 0.199057
    0.053248 0.835322 0.547176
    0.319273 0.371454 0.871830
    -0.933957 0.199009 0.296848
    -0.955092 -0.173560 0.240161
    -0.835388 -0.195788 0.513609
    0.906417 -0.050191 0.419392
    0.964694 -0.070261 0.253829
    0.946216 0.188629 0.262859
    -0.500097 0.301661 0.811729
    -0.204701 0.767703 0.607231
    -0.098811 0.834119 0.542662
    -0.404373 0.865829 -0.294657
    -0.382927 0.712297 -0.588217
    -0.579866 0.316013 -0.750927
    -0.291561 -0.867883 -0.402209
    -0.586669 -0.126103 -0.799948
    -0.404715 -0.845046 -0.349432
    -0.668631 -0.271836 -0.692126
    -0.423162 0.214907 -0.880198
    -0.420596 -0.580090 -0.697564
    0.080085 0.981602 -0.173333
    -0.179797 0.564942 -0.805303
    0.047149 -0.847485 0.528721
    0.059266 -0.294895 0.953690
    0.089468 -0.792455 0.603333
    0.178091 -0.207708 -0.961843
    0.040006 -0.752838 -0.656989
    -0.113244 0.993255 -0.024905
    0.171412 0.539717 -0.824211
    -0.097330 0.966655 -0.236863
    0.002902 0.853363 -0.521309
    -0.101098 -0.993761 -0.047100
    -0.009418 -0.942090 -0.335227
    -0.077207 -0.894909 -0.439518
    -0.055131 -0.997510 0.043982
    0.061786 -0.627334 -0.776295
    0.041768 -0.256068 -0.965756
    0.066334 0.033896 -0.997222
    -0.001158 -0.163460 -0.986549
    -0.052780 -0.577394 -0.814758
    -0.015979 -0.999717 -0.017590
    -0.144423 -0.784009 0.603715
    -0.164298 -0.967838 0.190515
    -0.060812 -0.816597 -0.573995
    -0.180037 -0.959980 0.214533
    -0.111784 -0.990154 0.084256
    -0.005344 0.980919 0.194341
    -0.087253 0.993432 0.074031
    -0.050309 0.870895 -0.488887
    -0.159477 -0.301016 0.940190
    -0.064734 -0.242311 0.968037
    -0.040543 0.373151 0.926884
    0.490580 0.321124 -0.810068
    0.264903 0.963106 -0.047478
    0.601906 0.569620 -0.559681
    0.158025 -0.986771 0.036224
    0.165647 -0.709734 -0.684717
    0.023602 -0.998853 0.041672
    0.223230 -0.870263 0.439102
    -0.039156 -0.852281 0.521617
    0.014797 -0.195285 0.980635
    0.072288 -0.861430 0.502706
    -0.307098 0.472455 0.826122
    0.058026 0.691011 0.720511
    0.082399 0.363980 0.927755
    -0.095157 -0.068076 0.993132
    -0.128298 -0.610268 0.781736
    -0.278980 -0.352969 0.893075
    0.305782 0.146121 0.940822
    0.205226 -0.889545 0.408157
    -0.138908 -0.913152 -0.383222
    -0.236758 -0.938513 0.251275
    0.004555 -0.922657 -0.385594
    -0.000266 0.715199 -0.698921
    0.133575 0.909135 -0.394501
    -0.016310 0.489316 -0.871954
    -0.052464 -0.023809 -0.998339
    -0.005230 -0.045660 -0.998943
    0.321252 0.946988 -0.003195
    0.422757 0.389703 0.818173
    0.066529 0.929382 0.363074
    0.569582 0.804634 -0.167754
    0.218754 0.965434 0.141718
    0.241241 0.967388 -0.077217
    0.872927 -0.385881 0.298488
    0.924423 -0.381337 0.004826
    0.978444 -0.124228 0.164969
    -0.298484 -0.923214 -0.242041
    -0.014770 -0.847877 -0.529987
    -0.102996 -0.933788 -0.342684
    0.557769 -0.650300 -0.515755
    0.428901 -0.805546 -0.408827
    0.306465 -0.833329 -0.460045
    0.193140 0.528288 -0.826806
    0.348289 -0.104067 -0.931592
    0.490077 -0.648032 0.582992
    0.361341 -0.123383 0.924234
    0.053159 -0.855774 0.514611
    0.509799 -0.854189 0.102305
    0.603971 -0.446064 -0.660489
    0.496986 0.253219 -0.829991
    0.828277 0.192222 -0.526316
    0.853235 0.417922 -0.311979
    0.542213 0.839462 -0.036165
    0.782805 0.586036 0.209234
    -0.580283 0.564392 -0.587140
    -0.498771 0.667727 -0.552601
    -0.437912 0.663492 -0.606640
    0.607957 0.535391 -0.586298
    0.527846 0.646046 -0.551365
    0.487223 0.701029 -0.520742
    -0.434263 0.768709 -0.469576
    0.434433 0.785954 -0.439936
    -0.980557 0.168208 0.101066
    -0.960383 0.209926 0.183290
    -0.822208 0.566303 0.057227
    0.985319 0.110034 0.130529
    0.975805 0.203201 0.080713
    0.808144 0.586311 0.056053
    -0.966847 0.159434 0.199466
    0.980352 0.051575 0.190394
    0.988290 0.052537 0.143259
    0.063934 0.989342 0.130823
    -0.028261 0.999579 -0.006525
    -0.073954 0.996791 -0.030648
    0.067556 0.996764 -0.043555
    0.092398 0.932501 0.349148
    -0.008456 0.910618 0.413162
    -0.416627 0.907847 -0.047287
    -0.316060 0.787412 0.529233
    0.416537 0.909077 -0.008677
    0.408584 0.808320 0.423885
    -0.049649 0.984981 0.165370
    -0.143402 0.932973 0.330148
    0.341921 0.838416 0.424439
    0.231378 0.883029 0.408319
    -0.387839 0.818347 0.424134
    -0.514340 0.851471 0.102233
    0.494678 0.777360 0.388594
    0.565106 0.824960 0.009812
    0.328002 0.936828 0.121526
    0.413844 0.902656 0.118092
    0.239674 0.964303 -0.112591
    0.331957 0.939449 -0.085083
    -0.310125 0.947480 -0.078130
    -0.399892 0.912248 -0.088820
    -0.569720 0.804793 -0.166515
    -0.596133 0.802819 -0.010369
    -0.568312 0.818831 0.080851
    0.648896 0.754147 0.100975
    0.578040 0.796475 -0.177477
    0.628815 0.777457 -0.012350
    -0.296306 0.946541 -0.127524
    -0.352504 0.924837 -0.142892
    0.136272 0.962864 -0.233071
    0.251317 0.933434 -0.256008
    -0.469309 0.865677 -0.174217
    0.553072 0.784050 -0.281740
    0.135287 0.990488 -0.025106
    0.792446 0.558963 -0.244109
    0.768792 0.584033 -0.260508
    0.789979 0.594139 -0.151431
    -0.788211 0.523483 -0.323556
    -0.759364 0.645200 -0.084165
    0.867206 0.496942 -0.031677
    -0.760178 0.640494 0.109068
    0.898976 0.437267 0.025309
    -0.969738 0.233790 0.070357
    -0.968476 0.182209 0.169865
    0.999988 -0.003212 0.003556
    -0.947903 0.269172 -0.170371
    0.979113 0.022271 -0.202095
    0.911586 0.203505 -0.357207
    0.866507 0.422268 -0.266188
    0.811959 0.566135 -0.142174
    -0.991553 -0.011739 0.129171
    -0.994196 -0.105772 0.019637
    -0.968350 -0.154108 -0.196341
    0.883685 -0.370590 -0.285943
    0.874560 -0.190429 -0.445962
    -0.857262 0.343563 -0.383493
    0.874418 -0.124453 -0.468940
    -0.483354 0.665590 -0.568646
    -0.468942 0.666490 -0.579555
    0.490859 0.656600 -0.572655
    0.407221 0.707185 -0.577979
    -0.419878 0.652561 -0.630767
    0.367590 0.702307 -0.609625
    -0.376053 0.670822 -0.639205
    -0.510581 0.365600 -0.778231
    -0.499637 0.352384 -0.791320
    -0.507993 0.303613 -0.806078
    0.491659 0.339585 -0.801844
    0.410255 0.378286 -0.829813
    0.440513 0.233689 -0.866798
    0.628771 0.163736 -0.760157
    -0.481662 -0.268264 -0.834287
    -0.461761 -0.250998 -0.850751
    0.363153 -0.286632 -0.886545
    0.387530 -0.392002 -0.834359
    0.648698 -0.380521 -0.659086
    -0.491674 -0.187248 -0.850409
    0.495415 -0.187688 -0.848137
    -0.323929 -0.830598 -0.452965
    -0.356838 -0.767658 -0.532322
    0.230457 -0.844318 -0.483752
    0.376688 -0.768643 -0.517005
    -0.273712 -0.881049 -0.385790
    -0.273968 -0.955994 -0.104958
    0.174811 -0.976479 -0.126211
    -0.213019 -0.965569 -0.149329
    0.215526 -0.964583 -0.152080
    -0.084255 -0.988896 -0.122416
    -0.148854 -0.947331 -0.283562
    0.190934 -0.940835 -0.279952
    0.127883 -0.985806 -0.108781
    -0.393851 -0.887213 0.240280
    0.404115 -0.890699 0.208195
    -0.235052 -0.963890 0.125169
    0.242433 -0.965216 0.097903
    -0.062510 -0.995173 0.075658
    0.081500 -0.994875 0.059842
    0.012271 -0.995770 -0.091057
    0.005841 -0.977969 -0.208670
    0.014750 -0.997954 0.062214
    -0.070152 -0.928323 0.365097
    -0.334966 -0.858636 0.387998
    -0.599749 -0.612074 0.515428
    0.406357 -0.853041 0.327407
    -0.015171 -0.951455 0.307413
    0.726009 -0.565190 0.391754
    -0.044298 -0.936481 0.347908
    -0.221574 0.010299 0.975089
    0.340125 -0.402776 0.849757
    0.003468 -0.994462 -0.105039
    0.003476 0.346250 0.938136
    0.005333 0.682791 0.730594
    -0.032017 0.956382 0.290360
    0.000519 0.468503 0.883462
    -0.014913 0.866760 0.498503
    -0.720206 -0.598308 0.351185
    -0.375196 -0.839868 0.392237
    0.850556 -0.357048 0.386098
    0.538339 -0.716983 0.442862
    -0.078492 -0.239645 0.967682
    -0.047478 -0.935417 0.350343
    -0.019773 -0.917400 0.397474
    -0.060475 -0.944278 0.323546
    -0.699558 -0.674788 0.235117
    -0.651526 -0.715963 0.250821
    -0.410652 -0.886331 0.213968
    -0.124429 -0.982737 0.136911
    0.618166 -0.675846 0.401377
    0.241493 -0.934730 0.260694
    0.031931 -0.990755 0.131849
    -0.454884 -0.799368 -0.392544
    0.314341 0.280348 -0.906970
    0.008684 0.743072 0.669155
    0.127948 0.208647 -0.969585
    0.026778 0.375790 -0.926318
    0.016411 0.502717 -0.864295
    -0.257195 -0.942637 0.212807
    -0.151287 -0.759633 0.632510
    -0.137554 -0.801416 0.582075
    0.008933 -0.106305 -0.994294
    0.024853 -0.650604 -0.759010
    0.008484 0.507084 -0.861855
    -0.034272 0.954566 -0.296022
    -0.034146 0.988893 0.144654
    -0.005862 0.729648 0.683798
    -0.055801 -0.701950 0.710037
    0.042360 -0.468999 0.882182
    0.099099 -0.493960 0.863819
    0.099099 -0.493960 0.863819
    0.095161 0.995460 0.001817
    0.097998 0.988744 -0.113060
    0.075368 0.850356 0.520782
    0.113699 0.877032 0.466785
    0.231549 0.944183 -0.234317
    0.231549 0.944183 -0.234317
    0.821926 0.086100 -0.563050
    0.718046 -0.316767 -0.619732
    0.243241 0.870475 -0.427911
    0.123024 0.958430 -0.257443
    0.173272 0.411598 -0.894742
    -0.054999 0.931405 -0.359806
    0.713942 -0.283899 -0.640069
    0.231280 -0.149380 -0.961351
    0.161090 0.537750 -0.827572
    0.118222 -0.080021 -0.989758
    -0.078888 0.502978 -0.860692
    0.054483 -0.723402 -0.688275
    -0.002583 -0.996088 -0.088327
    -0.070237 -0.972664 -0.221340
    -0.075810 -0.626408 -0.775800
    -0.082473 -0.077319 -0.993590
    -0.150156 0.513921 -0.844594
    -0.070182 0.922807 -0.378817
    0.019339 0.899591 0.436304
    -0.157879 -0.092585 -0.983108
    -0.106379 -0.612534 -0.783253
    -0.009377 -0.951153 -0.308576
    0.085878 -0.838739 0.537719
    0.122292 -0.256117 0.958879
    0.057598 0.442913 0.894713
    -0.349016 0.834145 0.427072
    -0.436953 0.865489 -0.244952
    -0.487976 0.378414 -0.786564
    -0.389665 -0.154993 -0.907821
    -0.296251 -0.717307 -0.630639
    -0.233662 -0.943745 -0.233983
    -0.329057 -0.830421 0.449580
    -0.294314 0.918768 0.263144
    -0.150855 0.887430 -0.435558
    -0.148129 0.441585 -0.884907
    -0.197820 -0.080127 -0.976958
    -0.273292 -0.652874 -0.706447
    0.288246 -0.452070 0.844125
    0.291428 0.742934 0.602593
    -0.047089 -0.574660 -0.817036
    0.180259 0.983074 0.032737
    0.090772 0.980462 -0.174509
    0.031887 0.382759 0.923298
    0.162995 -0.335833 0.927712
    0.226774 -0.918766 0.323177
    0.097338 -0.928951 -0.357178
    -0.006060 -0.523566 -0.851964
    0.357881 0.897016 -0.259390
    0.293093 0.252678 0.922090
    0.416179 -0.250024 0.874233
    0.684593 -0.637942 0.352651
    0.759355 -0.634831 -0.142723
    0.567536 -0.483115 -0.666711
    0.170984 0.971771 0.162557
    0.752705 -0.390669 -0.529918
    0.730002 -0.429025 -0.532010
    0.694776 -0.610593 -0.380084
    0.728974 -0.682727 0.049802
    0.126229 -0.987581 -0.093544
    0.464518 -0.885301 -0.021577
    -0.189607 -0.981576 -0.023596
    -0.430184 -0.897375 0.098283
    0.103183 -0.900997 -0.421375
    0.137393 -0.874589 -0.464991
    0.377403 -0.837169 -0.395873
    0.210638 -0.917165 -0.338291
    0.588862 -0.643670 -0.488805
    -0.909617 0.215303 -0.355306
    -0.909617 0.215303 -0.355306
    0.668030 0.455962 0.588077
    0.500043 -0.686629 -0.527728
    0.494939 -0.867737 -0.045470
    0.059880 -0.995765 -0.069762
    0.197762 -0.095409 0.975596
    0.254159 -0.650543 -0.715679
    0.431637 0.605222 0.668876
    -0.533024 0.348650 -0.770927
    -0.692460 -0.106619 -0.713534
    -0.566685 -0.639537 -0.519481
    0.669172 -0.052916 -0.741222
    0.521281 0.342221 -0.781762
    0.577475 -0.612732 -0.539521
    -0.182819 -0.965466 -0.185616
    0.226374 -0.955202 -0.190638
    0.020397 -0.993081 -0.115649
    0.098856 0.636971 -0.764523
    0.139490 0.554050 -0.820714
    0.075208 0.635966 -0.768044
    -0.000719 0.523742 -0.851877
    0.319035 0.575988 -0.752632
    -0.090191 0.549126 -0.830859
    0.423031 0.515320 -0.745312
    0.480545 0.427122 -0.765926
    -0.630180 0.288642 -0.720804
    -0.724440 0.166409 -0.668950
    -0.253339 0.534448 -0.806340
    -0.868149 -0.088872 -0.488282
    0.480328 0.563337 -0.672262
    0.209979 0.546373 -0.810793
    -0.270350 0.769629 -0.578431
    -0.327797 0.662390 -0.673638
    -0.141757 0.713078 -0.686604
    -0.105093 0.830511 -0.546997
    -0.453431 0.391873 -0.800523
    -0.255364 0.497539 -0.829002
    0.200674 0.709911 -0.675097
    0.422528 0.607817 -0.672331
    0.388498 0.679155 -0.622751
    0.197507 0.809845 -0.552397
    0.284686 0.525327 -0.801864
    0.481627 0.446422 -0.754150
    0.199144 0.695655 -0.690222
    0.318258 0.688938 -0.651211
    -0.459513 0.825424 -0.327906
    -0.253492 0.747645 -0.613815
    0.217244 0.562912 -0.797456
    -0.308633 0.587933 -0.747717
    -0.402283 0.224911 -0.887459
    0.050138 0.338045 -0.939793
    0.376591 0.244986 -0.893399
    -0.013317 0.379162 -0.925235
    -0.545078 0.076037 -0.834930
    0.513677 0.111770 -0.850672
    -0.696451 -0.245703 -0.674230
    -0.611767 -0.089182 -0.785995
    0.595614 -0.050241 -0.801698
    0.696855 -0.209273 -0.686001
    -0.692938 -0.593383 -0.409553
    -0.652609 -0.463319 -0.599531
    0.748754 -0.527984 -0.400751
    0.708402 -0.346864 -0.614696
    -0.043672 0.175681 -0.983478
    -0.345783 -0.291796 -0.891790
    0.125308 0.231497 -0.964732
    0.289853 -0.101555 -0.951668
    -0.387515 -0.844511 -0.369640
    -0.148308 -0.631581 -0.760993
    0.471974 -0.787302 -0.396731
    0.206158 -0.481960 -0.851595
    -0.449654 -0.883880 -0.128715
    -0.104000 -0.968869 -0.224671
    -0.160422 -0.982616 0.093439
    0.459951 -0.873721 -0.158292
    0.119154 -0.959137 -0.256630
    0.165927 -0.985461 0.036540
    -0.071235 -0.734482 -0.674879
    0.059496 -0.740687 -0.669211
    0.006387 -0.976295 -0.216348
    -0.018779 -0.681997 -0.731114
    0.010324 -0.993624 0.112272
    0.030190 0.624055 -0.780797
    0.109662 0.608664 -0.785813
    0.145788 0.476785 -0.866846
    0.414673 0.507103 -0.755575
    -0.568815 0.259876 -0.780329
    -0.557411 -0.635889 0.533796
    -0.785742 -0.483689 0.385559
    -0.497996 -0.744914 0.443963
    -0.985955 -0.166000 -0.018338
    -0.281001 -0.635086 0.719516
    -0.364706 -0.602340 0.710054
    0.926893 -0.370449 0.060310
    0.890797 -0.330267 0.312097
    0.946440 -0.241024 -0.214845
    0.959754 -0.156174 -0.233414
    0.638562 -0.520857 0.566522
    0.607888 -0.513896 0.605296
    0.961310 -0.211885 0.176035
    -0.967251 -0.117043 0.225227
    0.950998 -0.137681 0.276853
    -0.948773 -0.119634 0.292435
    0.965131 0.245782 0.090071
    -0.974095 0.214694 0.071032
    0.483249 0.801232 -0.352843
    -0.623553 0.693437 -0.361008
    -0.053095 0.856279 -0.513777
    -0.955132 -0.136902 0.262641
    -0.853409 -0.316227 0.414359
    0.852150 -0.352136 0.387091
    0.702512 -0.390180 0.595177
    -0.709169 -0.395066 0.583954
    0.772023 0.061774 0.632586
    -0.799420 0.023522 0.600313
    0.472027 0.829670 0.298057
    -0.603867 0.710392 0.361509
    -0.017632 0.998852 0.044528
    <Indices>: 3462
    0 1 2
    0 2 3
    4 0 3
    4 3 5
    6 4 5
    6 5 7
    8 6 7
    8 7 9
    10 8 9
    10 9 11
    12 10 11
    12 11 13
    14 12 13
    14 13 15
    1 14 15
    1 15 2
    7 5 3
    3 2 15
    15 13 11
    11 9 7
    7 3 15
    15 11 7
    8 10 12
    12 14 1
    1 0 4
    4 6 8
    8 12 1
    1 4 8
    16 17 18
    16 18 19
    20 21 22
    20 22 23
    24 20 23
    24 23 25
    26 24 25
    26 25 27
    28 26 27
    28 27 29
    30 28 29
    30 29 31
    17 30 31
    17 31 18
    31 29 27
    27 25 23
    23 22 19
    19 18 31
    31 27 23
    23 19 31
    24 26 28
    28 30 17
    17 16 21
    21 20 24
    24 28 17
    17 21 24
    16 19 22
    16 22 21
    32 33 34
    35 36 37
    38 32 39
    40 41 35
    41 42 43
    39 44 45
    46 47 48
    46 48 49
    50 49 48
    50 48 51
    52 53 54
    52 54 55
    52 55 56
    52 56 57
    47 58 59
    47 59 48
    60 53 52
    60 52 61
    59 62 51
    59 51 48
    61 52 57
    61 57 63
    62 64 65
    62 65 51
    66 67 63
    66 63 57
    51 65 68
    51 68 50
    57 56 69
    57 69 66
    70 68 65
    70 65 71
    66 69 72
    66 72 73
    74 70 71
    74 71 75
    76 77 73
    76 73 72
    71 65 64
    71 64 78
    78 79 75
    78 75 71
    73 80 67
    73 67 66
    80 73 77
    80 77 81
    82 75 79
    82 79 83
    84 85 81
    84 81 77
    75 82 86
    75 86 74
    87 88 86
    87 86 82
    77 76 89
    77 89 84
    84 89 90
    84 90 91
    87 82 83
    87 83 92
    91 93 85
    91 85 84
    87 92 94
    87 94 95
    93 91 95
    93 95 94
    88 87 95
    88 95 96
    90 96 95
    90 95 91
    97 98 33
    97 33 32
    99 97 32
    99 32 38
    35 37 100
    35 100 101
    102 40 35
    102 35 101
    32 34 44
    32 44 39
    35 41 43
    35 43 36
    103 104 105
    106 107 108
    104 109 110
    111 107 112
    113 114 115
    116 117 118
    119 120 121
    122 123 124
    125 123 122
    126 127 128
    128 127 129
    130 131 132
    133 134 135
    136 137 138
    139 140 141
    142 143 144
    138 145 136
    141 146 139
    147 148 149
    150 151 152
    152 151 153
    154 155 156
    157 158 159
    160 161 162
    159 158 163
    163 158 164
    165 161 160
    166 167 156
    168 169 170
    171 172 173
    151 174 175
    175 174 176
    153 151 177
    178 179 177
    180 181 182
    183 184 185
    178 186 187
    188 189 190
    185 191 192
    193 194 195
    193 196 194
    197 192 198
    199 200 198
    201 192 202
    203 204 205
    206 192 197
    200 207 208
    204 209 205
    209 210 211
    212 213 214
    215 216 217
    218 219 220
    164 221 222
    223 222 221
    221 224 223
    225 226 227
    228 229 230
    231 232 233
    230 234 231
    235 236 237
    236 235 238
    239 240 241
    241 242 239
    243 239 242
    244 245 246
    247 248 249
    250 251 252
    253 254 255
    256 257 258
    259 260 261
    262 261 260
    261 263 264
    265 266 267
    268 269 270
    271 103 105
    271 105 113
    103 271 272
    103 272 273
    274 118 106
    274 106 108
    108 275 276
    108 276 274
    105 104 110
    105 110 277
    106 278 112
    106 112 107
    271 113 115
    271 115 150
    272 271 150
    272 150 152
    274 154 116
    274 116 118
    154 274 276
    154 276 155
    150 115 279
    150 279 280
    281 279 115
    281 115 114
    154 282 283
    154 283 116
    284 117 116
    284 116 283
    280 279 136
    280 136 285
    281 137 136
    281 136 279
    282 286 141
    282 141 283
    284 283 141
    284 141 140
    150 280 168
    150 168 151
    169 168 280
    169 280 285
    154 156 173
    154 173 282
    286 282 173
    286 173 172
    141 286 287
    141 287 146
    252 287 286
    252 286 172
    288 289 110
    288 110 109
    290 111 112
    290 112 291
    292 293 289
    292 289 288
    291 121 120
    291 120 290
    277 110 289
    277 289 294
    295 294 289
    295 289 293
    291 112 278
    291 278 296
    121 291 296
    121 296 297
    294 281 114
    294 114 277
    294 295 137
    294 137 281
    296 278 117
    296 117 284
    296 284 140
    296 140 297
    293 292 298
    293 298 299
    121 300 301
    121 301 119
    123 299 298
    123 298 124
    127 126 301
    127 301 300
    302 295 293
    302 293 299
    299 123 303
    299 303 302
    304 300 121
    304 121 297
    300 304 305
    300 305 127
    123 125 130
    123 130 132
    127 134 133
    127 133 129
    144 132 131
    144 131 142
    306 135 134
    306 134 307
    302 138 137
    302 137 295
    297 140 139
    297 139 304
    308 306 307
    308 307 309
    144 143 310
    144 310 311
    311 312 313
    311 313 144
    144 313 314
    144 314 132
    315 316 309
    315 309 307
    317 315 307
    317 307 134
    318 319 311
    318 311 310
    320 308 309
    320 309 321
    319 322 312
    319 312 311
    309 316 323
    309 323 321
    321 249 324
    321 324 320
    249 321 323
    249 323 247
    325 326 323
    325 323 316
    327 247 323
    327 323 326
    328 329 313
    328 313 312
    315 330 325
    315 325 316
    132 314 303
    132 303 123
    134 127 305
    134 305 317
    329 331 314
    329 314 313
    145 303 314
    145 314 331
    330 315 317
    330 317 332
    332 317 305
    332 305 146
    145 331 333
    145 333 334
    136 145 334
    136 334 285
    146 287 335
    146 335 332
    336 333 331
    336 331 329
    330 332 335
    330 335 337
    149 336 329
    149 329 328
    338 325 330
    338 330 337
    339 326 325
    339 325 338
    340 327 326
    340 326 339
    285 334 341
    285 341 169
    342 341 334
    342 334 333
    251 335 287
    251 287 252
    333 336 343
    333 343 342
    335 251 344
    335 344 337
    148 343 336
    148 336 149
    344 345 338
    344 338 337
    328 346 147
    328 147 149
    347 339 338
    347 338 345
    273 272 348
    273 348 349
    275 350 351
    275 351 276
    152 352 348
    152 348 272
    276 351 353
    276 353 155
    352 152 153
    352 153 354
    219 155 353
    219 353 220
    155 219 166
    155 166 156
    349 348 355
    349 355 356
    348 352 357
    348 357 355
    350 358 359
    350 359 351
    360 353 351
    360 351 359
    357 352 354
    357 354 179
    360 361 220
    360 220 353
    355 357 362
    355 362 363
    179 181 362
    179 362 357
    359 364 365
    359 365 360
    365 366 361
    365 361 360
    363 367 356
    363 356 355
    364 359 358
    364 358 368
    369 370 367
    369 367 363
    371 364 368
    371 368 372
    369 363 362
    369 362 373
    371 157 365
    371 365 364
    181 180 373
    181 373 362
    365 157 159
    365 159 366
    369 373 162
    369 162 374
    160 162 373
    160 373 180
    158 157 371
    158 371 375
    370 369 374
    370 374 376
    372 377 375
    372 375 371
    370 376 378
    370 378 379
    372 380 381
    372 381 377
    374 162 161
    374 161 382
    375 383 224
    375 224 158
    384 376 374
    384 374 382
    385 383 375
    385 375 377
    378 376 384
    378 384 386
    377 381 387
    377 387 385
    379 378 388
    379 388 389
    380 389 388
    380 388 381
    388 378 386
    388 386 390
    387 381 388
    387 388 390
    391 386 384
    391 384 392
    393 392 384
    393 384 382
    394 385 387
    394 387 395
    394 396 383
    394 383 385
    386 391 397
    386 397 390
    395 387 390
    395 390 397
    382 161 398
    382 398 393
    396 399 224
    396 224 383
    161 190 189
    161 189 398
    400 190 161
    400 161 165
    156 167 171
    156 171 173
    170 174 151
    170 151 168
    174 170 393
    174 393 398
    174 398 401
    174 401 402
    403 176 174
    403 174 402
    396 171 167
    396 167 399
    226 399 167
    226 167 404
    166 405 404
    166 404 167
    169 406 393
    169 393 170
    393 406 407
    393 407 392
    396 408 172
    396 172 171
    408 396 394
    408 394 409
    398 189 410
    398 410 401
    224 399 226
    224 226 225
    392 407 411
    392 411 391
    395 412 409
    395 409 394
    413 397 391
    413 391 411
    397 413 412
    397 412 395
    169 414 415
    169 415 406
    172 408 250
    172 250 252
    406 415 416
    406 416 407
    417 411 407
    417 407 416
    409 418 250
    409 250 408
    419 418 409
    419 409 412
    420 413 411
    420 411 417
    413 420 419
    413 419 412
    184 183 181
    184 181 179
    179 178 187
    179 187 184
    181 183 421
    181 421 182
    180 182 165
    180 165 160
    400 421 183
    400 183 185
    151 186 178
    151 178 177
    195 186 151
    195 151 175
    184 187 194
    184 194 422
    185 184 422
    185 422 191
    190 400 206
    190 206 188
    193 195 175
    193 175 176
    196 193 176
    196 176 403
    402 401 217
    402 217 423
    423 212 403
    423 403 402
    198 200 208
    198 208 197
    192 201 199
    192 199 198
    194 424 422
    424 191 422
    192 191 424
    192 424 202
    196 425 424
    196 424 194
    424 425 203
    424 203 202
    205 201 202
    205 202 203
    403 212 214
    403 214 196
    196 214 426
    196 426 425
    426 204 203
    426 203 425
    209 199 201
    209 201 205
    206 427 428
    206 428 188
    208 427 206
    208 206 197
    207 428 427
    207 427 208
    428 207 215
    428 215 410
    200 211 429
    200 429 207
    209 204 430
    209 430 431
    432 430 204
    432 204 426
    432 426 214
    432 214 433
    214 213 434
    214 434 433
    213 212 423
    213 423 435
    216 435 423
    216 423 217
    211 210 436
    211 436 429
    216 215 207
    216 207 429
    429 436 437
    429 437 216
    436 438 439
    436 439 437
    433 434 440
    433 440 441
    213 435 442
    213 442 434
    443 440 434
    443 434 442
    441 440 444
    441 444 445
    446 361 366
    446 366 447
    361 446 218
    361 218 220
    166 219 448
    166 448 449
    219 218 450
    219 450 448
    166 449 451
    166 451 405
    450 218 452
    450 452 453
    218 446 447
    218 447 452
    449 448 450
    449 450 454
    453 455 454
    453 454 450
    451 449 454
    451 454 456
    164 222 453
    164 453 452
    457 455 453
    457 453 222
    163 164 452
    163 452 447
    222 223 458
    222 458 457
    224 225 458
    224 458 223
    457 458 459
    457 459 460
    459 458 225
    459 225 227
    455 457 460
    455 460 461
    454 455 461
    454 461 456
    451 456 462
    451 462 463
    405 451 463
    405 463 464
    465 462 456
    465 456 461
    461 460 466
    461 466 465
    467 466 460
    467 460 459
    467 459 227
    467 227 468
    226 469 468
    226 468 227
    404 470 469
    404 469 226
    470 404 405
    470 405 464
    471 464 463
    471 463 472
    470 464 471
    470 471 228
    472 463 462
    472 462 473
    462 465 474
    462 474 473
    475 474 465
    475 465 466
    466 467 476
    466 476 475
    468 477 476
    468 476 467
    468 469 233
    468 233 477
    233 469 470
    233 470 228
    228 471 478
    228 478 229
    478 471 472
    478 472 479
    480 479 472
    480 472 473
    481 480 473
    481 473 474
    482 481 474
    482 474 475
    236 482 475
    236 475 476
    236 476 477
    236 477 237
    237 477 233
    237 233 232
    231 234 483
    231 483 232
    234 230 229
    234 229 484
    237 232 483
    237 483 235
    482 236 238
    482 238 485
    482 485 242
    482 242 481
    480 481 242
    480 242 241
    480 241 240
    480 240 479
    479 240 486
    479 486 478
    478 486 484
    478 484 229
    239 487 486
    239 486 240
    487 246 484
    487 484 486
    234 484 246
    234 246 488
    483 234 488
    483 488 489
    483 489 490
    483 490 235
    491 238 235
    491 235 490
    492 485 238
    492 238 491
    243 242 485
    243 485 492
    493 487 239
    493 239 259
    239 243 260
    239 260 259
    246 487 493
    246 493 244
    246 245 494
    246 494 488
    488 494 495
    488 495 489
    490 489 495
    490 495 496
    491 490 496
    491 496 497
    498 492 491
    498 491 497
    492 498 260
    492 260 243
    324 249 248
    324 248 499
    500 347 345
    500 345 501
    501 345 344
    501 344 502
    502 344 251
    502 251 503
    420 504 505
    420 505 419
    504 420 417
    504 417 506
    503 418 419
    503 419 505
    507 416 415
    507 415 414
    507 506 417
    507 417 416
    507 253 255
    507 255 506
    506 255 508
    506 508 504
    508 257 505
    508 505 504
    503 505 257
    503 257 502
    509 508 255
    509 255 254
    257 508 509
    257 509 258
    257 256 501
    257 501 502
    510 258 509
    510 509 511
    512 256 258
    512 258 510
    501 256 512
    501 512 500
    513 147 346
    513 346 514
    259 261 264
    259 264 493
    498 515 262
    498 262 260
    498 497 270
    498 270 515
    496 268 270
    496 270 497
    495 267 268
    495 268 496
    495 494 265
    495 265 267
    494 245 516
    494 516 265
    244 517 516
    244 516 245
    244 493 264
    244 264 517
    517 264 263
    517 263 518
    262 519 263
    262 263 261
    516 517 518
    516 518 520
    266 265 516
    266 516 520
    269 268 267
    269 267 266
    269 521 515
    269 515 270
    515 521 519
    515 519 262
    113 105 277
    113 277 114
    118 117 278
    118 278 106
    302 303 145
    302 145 138
    304 139 146
    304 146 305
    224 221 164
    224 164 158
    179 354 153
    179 153 177
    194 187 186
    194 186 195
    182 421 400
    182 400 165
    206 400 185
    206 185 192
    188 428 410
    188 410 189
    211 200 199
    211 199 209
    401 410 215
    401 215 217
    447 366 159
    447 159 163
    233 228 230
    233 230 231
    418 503 251
    418 251 250
    104 103 38
    104 38 39
    108 107 41
    108 41 40
    107 111 42
    107 42 41
    109 104 45
    104 39 45
    350 275 60
    350 60 61
    61 63 350
    64 62 522
    523 78 64
    523 64 522
    523 524 79
    523 79 78
    525 526 67
    525 67 80
    525 80 81
    525 81 527
    83 79 524
    81 85 527
    528 92 83
    528 83 524
    529 527 85
    529 85 93
    530 94 92
    530 92 528
    530 529 93
    530 93 94
    103 273 99
    103 99 38
    275 108 40
    275 40 102
    356 522 62
    356 62 349
    367 523 522
    367 522 356
    524 523 367
    524 367 370
    526 525 368
    526 368 358
    368 525 527
    368 527 372
    379 528 524
    379 524 370
    527 529 380
    527 380 372
    389 530 528
    389 528 379
    380 529 530
    380 530 389
    273 349 59
    273 59 58
    62 59 349
    63 67 526
    358 350 63
    358 63 526
    531 532 533
    534 535 536
    537 538 531
    539 534 540
    540 541 542
    538 543 544
    545 546 547
    545 547 548
    549 550 547
    549 547 546
    551 552 553
    551 553 554
    551 555 556
    551 556 552
    548 547 557
    548 557 558
    559 560 551
    559 551 554
    557 547 550
    557 550 561
    560 562 555
    560 555 551
    561 550 563
    561 563 564
    565 555 562
    565 562 566
    550 549 567
    550 567 563
    555 565 568
    555 568 556
    569 570 563
    569 563 567
    565 571 572
    565 572 568
    573 574 570
    573 570 569
    575 572 571
    575 571 576
    570 577 564
    570 564 563
    577 570 574
    577 574 578
    571 565 566
    571 566 579
    579 580 576
    579 576 571
    581 582 578
    581 578 574
    583 576 580
    583 580 584
    574 573 585
    574 585 581
    586 581 585
    586 585 587
    576 583 588
    576 588 575
    583 589 590
    583 590 588
    586 591 582
    586 582 581
    589 583 584
    589 584 592
    586 593 594
    586 594 591
    592 594 593
    592 593 589
    587 595 593
    587 593 586
    590 589 593
    590 593 595
    596 531 533
    596 533 597
    558 537 531
    558 531 596
    534 598 599
    534 599 535
    600 598 534
    600 534 539
    531 538 544
    531 544 532
    534 536 541
    534 541 540
    44 544 45
    544 543 45
    34 532 544
    34 544 44
    33 533 532
    33 532 34
    98 597 533
    98 533 33
    97 596 597
    97 597 98
    99 558 596
    99 596 97
    101 598 600
    101 600 102
    100 599 598
    100 598 101
    37 535 599
    37 599 100
    37 36 536
    37 536 535
    36 43 541
    36 541 536
    43 42 542
    43 542 541
    601 602 539
    601 539 540
    603 601 540
    603 540 542
    602 604 600
    602 600 539
    603 542 42
    603 42 111
    605 606 602
    605 602 601
    601 603 605
    604 602 606
    603 111 605
    55 54 553
    55 553 552
    53 554 553
    53 553 54
    53 60 559
    53 559 554
    49 546 545
    49 545 46
    50 549 546
    50 546 49
    68 567 549
    68 549 50
    70 569 567
    70 567 68
    74 573 569
    74 569 70
    86 585 573
    86 573 74
    88 587 585
    88 585 86
    96 595 587
    96 587 88
    90 590 595
    90 595 96
    90 89 588
    90 588 590
    89 76 575
    89 575 588
    76 72 572
    76 572 575
    72 69 568
    72 568 572
    69 56 556
    69 556 568
    56 55 552
    56 552 556
    58 47 548
    58 548 558
    47 46 545
    47 545 548
    607 608 538
    607 538 537
    608 609 543
    608 543 538
    607 537 558
    607 558 610
    109 45 543
    109 543 609
    611 612 608
    611 608 607
    609 608 612
    607 610 611
    109 609 612
    558 557 613
    560 559 614
    615 613 557
    615 557 561
    614 616 562
    614 562 560
    561 564 615
    566 562 616
    617 615 564
    617 564 577
    577 578 617
    616 618 579
    616 579 566
    580 579 618
    619 617 578
    619 578 582
    618 620 584
    618 584 580
    582 591 619
    592 584 620
    621 619 591
    621 591 594
    620 621 594
    620 594 592
    622 623 614
    622 614 559
    610 558 613
    610 613 624
    625 624 613
    625 613 615
    623 626 616
    623 616 614
    627 625 615
    627 615 617
    626 628 618
    626 618 616
    629 627 617
    629 617 619
    628 630 620
    628 620 618
    631 629 619
    631 619 621
    630 631 621
    630 621 620
    </Mesh>
    </Frame>
</Frame>
