# DX12 UV variant: V already converted to 1-V; do NOT flip V again in the loader/shader.
# Metres; Y up; local part pivot; see assembly.json
mtllib S07_Shared.mtl
usemtl S07_Shared
# Blender 4.2.20 LTS
# www.blender.org
o S07_Body_LOD0.001
v 0.449539 0.059960 -0.475399
v 0.437272 0.052000 -0.469000
v 0.433951 0.060126 -0.481869
v -0.449539 0.059960 -0.475399
v -0.433951 0.060126 -0.481869
v -0.437272 0.052000 -0.469000
v -0.521869 0.060126 -0.393951
v -0.515400 0.059960 -0.409539
v -0.509000 0.052000 -0.397272
v -0.515399 0.059960 0.409539
v -0.521869 0.060126 0.393951
v -0.509000 0.052000 0.397272
v -0.433951 0.060126 0.481869
v -0.449539 0.059960 0.475399
v -0.437272 0.052000 0.469000
v 0.449539 0.059960 0.475399
v 0.433951 0.060126 0.481869
v 0.437272 0.052000 0.469000
v 0.521869 0.060126 0.393951
v 0.515400 0.059960 0.409539
v 0.509000 0.052000 0.397272
v 0.515399 0.059960 -0.409539
v 0.521869 0.060126 -0.393951
v 0.509000 0.052000 -0.397272
v 0.448760 0.115000 -0.508000
v 0.464390 0.115000 -0.501610
v -0.464390 0.115000 -0.501610
v -0.448760 0.115000 -0.508000
v -0.548000 0.115000 -0.408760
v -0.541610 0.115000 -0.424390
v -0.541610 0.115000 0.424390
v -0.548000 0.115000 0.408760
v -0.448760 0.115000 0.508000
v -0.464390 0.115000 0.501610
v 0.464390 0.115000 0.501610
v 0.448760 0.115000 0.508000
v 0.548000 0.115000 0.408760
v 0.541610 0.115000 0.424390
v 0.541610 0.115000 -0.424390
v 0.548000 0.115000 -0.408760
v 0.464389 0.577000 -0.501611
v 0.448752 0.586000 -0.508000
v 0.461483 0.593714 -0.497960
v -0.464389 0.577000 -0.501611
v -0.461483 0.593714 -0.497960
v -0.448752 0.586000 -0.508000
v -0.548000 0.586000 -0.408752
v -0.537960 0.593714 -0.421483
v -0.541611 0.577000 -0.424389
v -0.541611 0.577000 0.424389
v -0.537960 0.593714 0.421483
v -0.548000 0.586000 0.408752
v -0.448752 0.586000 0.508000
v -0.461483 0.593714 0.497960
v -0.464389 0.577000 0.501611
v 0.464389 0.577000 0.501611
v 0.461483 0.593714 0.497960
v 0.448752 0.586000 0.508000
v 0.548000 0.586000 0.408752
v 0.537960 0.593714 0.421483
v 0.541611 0.577000 0.424389
v 0.541611 0.577000 -0.424389
v 0.537960 0.593714 -0.421483
v 0.548000 0.586000 -0.408752
v 0.452268 0.618286 -0.486288
v 0.436790 0.617871 -0.492862
v 0.436084 0.626000 -0.481566
v -0.452268 0.618286 -0.486288
v -0.436084 0.626000 -0.481566
v -0.436790 0.617871 -0.492862
v -0.532861 0.617871 -0.396790
v -0.521566 0.626000 -0.396084
v -0.526288 0.618286 -0.412268
v -0.526288 0.618286 0.412268
v -0.521566 0.626000 0.396084
v -0.532861 0.617871 0.396790
v -0.436790 0.617871 0.492862
v -0.436084 0.626000 0.481566
v -0.452268 0.618286 0.486288
v 0.452268 0.618286 0.486288
v 0.436084 0.626000 0.481566
v 0.436790 0.617871 0.492862
v 0.532861 0.617871 0.396790
v 0.521566 0.626000 0.396084
v 0.526288 0.618286 0.412268
v 0.526288 0.618286 -0.412268
v 0.521566 0.626000 -0.396084
v 0.532861 0.617871 -0.396790
v 0.394000 0.617000 -0.446000
v 0.409364 0.617000 -0.439636
v 0.409916 0.626000 -0.453434
v -0.394000 0.617000 -0.446000
v -0.409916 0.626000 -0.453434
v -0.409364 0.617000 -0.439636
v -0.479636 0.617000 -0.369364
v -0.493434 0.626000 -0.369916
v -0.486000 0.617000 -0.354000
v -0.486000 0.617000 0.354000
v -0.493434 0.626000 0.369916
v -0.479636 0.617000 0.369364
v -0.409364 0.617000 0.439636
v -0.409916 0.626000 0.453434
v -0.394000 0.617000 0.446000
v 0.394000 0.617000 0.446000
v 0.409916 0.626000 0.453434
v 0.409364 0.617000 0.439636
v 0.479636 0.617000 0.369364
v 0.493434 0.626000 0.369916
v 0.486000 0.617000 0.354000
v 0.486000 0.617000 -0.354000
v 0.493434 0.626000 -0.369916
v 0.479636 0.617000 -0.369364
v 0.409364 0.124000 -0.439636
v 0.394000 0.124000 -0.446000
v 0.399272 0.115000 -0.437000
v -0.409364 0.124000 -0.439636
v -0.399272 0.115000 -0.437000
v -0.394000 0.124000 -0.446000
v -0.486000 0.124000 -0.354000
v -0.477000 0.115000 -0.359272
v -0.479636 0.124000 -0.369364
v -0.479636 0.124000 0.369364
v -0.477000 0.115000 0.359272
v -0.486000 0.124000 0.354000
v -0.394000 0.124000 0.446000
v -0.399272 0.115000 0.437000
v -0.409364 0.124000 0.439636
v 0.409364 0.124000 0.439636
v 0.399272 0.115000 0.437000
v 0.394000 0.124000 0.446000
v 0.486000 0.124000 0.354000
v 0.477000 0.115000 0.359272
v 0.479636 0.124000 0.369364
v 0.479636 0.124000 -0.369364
v 0.477000 0.115000 -0.359272
v 0.486000 0.124000 -0.354000
v 0.445000 0.034000 -0.485000
v -0.445000 0.034000 -0.485000
v -0.525000 0.034000 -0.405000
v -0.525000 0.034000 0.405000
v -0.445000 0.034000 0.485000
v 0.445000 0.034000 0.485000
v 0.525000 0.034000 0.405000
v 0.525000 0.034000 -0.405000
v 0.461000 0.074000 -0.511000
v -0.461000 0.074000 -0.511000
v -0.551000 0.074000 -0.421000
v -0.551000 0.074000 0.421000
v -0.461000 0.074000 0.511000
v 0.461000 0.074000 0.511000
v 0.551000 0.074000 0.421000
v 0.551000 0.074000 -0.421000
v 0.461000 0.110000 -0.511000
v -0.461000 0.110000 -0.511000
v -0.551000 0.110000 -0.421000
v -0.551000 0.110000 0.421000
v -0.461000 0.110000 0.511000
v 0.461000 0.110000 0.511000
v 0.551000 0.110000 0.421000
v 0.551000 0.110000 -0.421000
v 0.447000 0.597000 -0.496000
v -0.447000 0.597000 -0.496000
v -0.536000 0.597000 -0.407000
v -0.536000 0.597000 0.407000
v -0.447000 0.597000 0.496000
v 0.447000 0.597000 0.496000
v 0.536000 0.597000 0.407000
v 0.536000 0.597000 -0.407000
v 0.447000 0.634000 -0.496000
v -0.447000 0.634000 -0.496000
v -0.536000 0.634000 -0.407000
v -0.536000 0.634000 0.407000
v -0.447000 0.634000 0.496000
v 0.447000 0.634000 0.496000
v 0.536000 0.634000 0.407000
v 0.536000 0.634000 -0.407000
v 0.407000 0.634000 -0.450000
v -0.407000 0.634000 -0.450000
v -0.490000 0.634000 -0.367000
v -0.490000 0.634000 0.367000
v -0.407000 0.634000 0.450000
v 0.407000 0.634000 0.450000
v 0.490000 0.634000 0.367000
v 0.490000 0.634000 -0.367000
v 0.407000 0.607000 -0.450000
v -0.407000 0.607000 -0.450000
v -0.490000 0.607000 -0.367000
v -0.490000 0.607000 0.367000
v -0.407000 0.607000 0.450000
v 0.407000 0.607000 0.450000
v 0.490000 0.607000 0.367000
v 0.490000 0.607000 -0.367000
v 0.490001 0.000000 -0.450000
v 0.490001 0.025000 -0.475000
v 0.515000 0.025000 -0.450000
v 0.490001 0.049000 -0.475000
v 0.490001 0.074000 -0.450000
v 0.515000 0.049000 -0.450000
v 0.490001 0.000000 -0.330000
v 0.515000 0.025000 -0.330000
v 0.490001 0.025000 -0.305000
v 0.490001 0.074000 -0.330000
v 0.490001 0.049000 -0.305000
v 0.515000 0.049000 -0.330000
v 0.370000 0.000000 -0.450000
v 0.345000 0.025000 -0.450000
v 0.370000 0.025000 -0.475000
v 0.370000 0.074000 -0.450000
v 0.370000 0.049000 -0.475000
v 0.345000 0.049000 -0.450000
v 0.370000 0.000000 -0.330000
v 0.370000 0.025000 -0.305000
v 0.345000 0.025000 -0.330000
v 0.370000 0.074000 -0.330000
v 0.345000 0.049000 -0.330000
v 0.370000 0.049000 -0.305000
v 0.490001 0.000000 0.330000
v 0.490001 0.025000 0.305000
v 0.515000 0.025000 0.330000
v 0.490001 0.049000 0.305000
v 0.490001 0.074000 0.330000
v 0.515000 0.049000 0.330000
v 0.490001 0.000000 0.450000
v 0.515000 0.025000 0.450000
v 0.490001 0.025000 0.475000
v 0.490001 0.074000 0.450000
v 0.490001 0.049000 0.475000
v 0.515000 0.049000 0.450000
v 0.370000 0.000000 0.330000
v 0.345000 0.025000 0.330000
v 0.370000 0.025000 0.305000
v 0.370000 0.074000 0.330000
v 0.370000 0.049000 0.305000
v 0.345000 0.049000 0.330000
v 0.370000 0.000000 0.450000
v 0.370000 0.025000 0.475000
v 0.345000 0.025000 0.450000
v 0.370000 0.074000 0.450000
v 0.345000 0.049000 0.450000
v 0.370000 0.049000 0.475000
v -0.370000 0.000000 -0.450000
v -0.370000 0.025000 -0.475000
v -0.345000 0.025000 -0.450000
v -0.370000 0.049000 -0.475000
v -0.370000 0.074000 -0.450000
v -0.345000 0.049000 -0.450000
v -0.370000 0.000000 -0.330000
v -0.345000 0.025000 -0.330000
v -0.370000 0.025000 -0.305000
v -0.370000 0.074000 -0.330000
v -0.370000 0.049000 -0.305000
v -0.345000 0.049000 -0.330000
v -0.490001 0.000000 -0.450000
v -0.515000 0.025000 -0.450000
v -0.490001 0.025000 -0.475000
v -0.490001 0.074000 -0.450000
v -0.490001 0.049000 -0.475000
v -0.515000 0.049000 -0.450000
v -0.490001 0.000000 -0.330000
v -0.490001 0.025000 -0.305000
v -0.515000 0.025000 -0.330000
v -0.490001 0.074000 -0.330000
v -0.515000 0.049000 -0.330000
v -0.490001 0.049000 -0.305000
v -0.370001 0.000000 0.330000
v -0.370001 0.025000 0.305000
v -0.345001 0.025000 0.330000
v -0.370001 0.049000 0.305000
v -0.370001 0.074000 0.330000
v -0.345001 0.049000 0.330000
v -0.370001 0.000000 0.450000
v -0.345001 0.025000 0.450000
v -0.370001 0.025000 0.475000
v -0.370001 0.074000 0.450000
v -0.370001 0.049000 0.475000
v -0.345001 0.049000 0.450000
v -0.490000 0.000000 0.330000
v -0.514999 0.025000 0.330000
v -0.490000 0.025000 0.305000
v -0.490000 0.074000 0.330000
v -0.490000 0.049000 0.305000
v -0.514999 0.049000 0.330000
v -0.490000 0.000000 0.450000
v -0.490000 0.025000 0.475000
v -0.514999 0.025000 0.450000
v -0.490000 0.074000 0.450000
v -0.514999 0.049000 0.450000
v -0.490000 0.049000 0.475000
v 0.428499 0.122500 -0.513000
v 0.428499 0.135000 -0.525500
v 0.441000 0.135000 -0.513000
v 0.428499 0.543000 -0.525500
v 0.428499 0.555500 -0.513000
v 0.441000 0.543000 -0.513000
v 0.428499 0.122500 -0.513000
v 0.441000 0.135000 -0.513000
v 0.428499 0.135000 -0.500500
v 0.428499 0.555500 -0.513000
v 0.428499 0.543000 -0.500500
v 0.441000 0.543000 -0.513000
v 0.141500 0.122500 -0.513000
v 0.129000 0.135000 -0.513000
v 0.141500 0.135000 -0.525500
v 0.141500 0.555500 -0.513000
v 0.141500 0.543000 -0.525500
v 0.129000 0.543000 -0.513000
v 0.141500 0.122500 -0.513000
v 0.141500 0.135000 -0.500500
v 0.129000 0.135000 -0.513000
v 0.141500 0.555500 -0.513000
v 0.129000 0.543000 -0.513000
v 0.141500 0.543000 -0.500500
v -0.141500 0.122500 -0.513000
v -0.141500 0.135000 -0.525500
v -0.129000 0.135000 -0.513000
v -0.141500 0.543000 -0.525500
v -0.141500 0.555500 -0.513000
v -0.129000 0.543000 -0.513000
v -0.141500 0.122500 -0.513000
v -0.129000 0.135000 -0.513000
v -0.141500 0.135000 -0.500500
v -0.141500 0.555500 -0.513000
v -0.141500 0.543000 -0.500500
v -0.129000 0.543000 -0.513000
v -0.428499 0.122500 -0.513000
v -0.441000 0.135000 -0.513000
v -0.428499 0.135000 -0.525500
v -0.428499 0.555500 -0.513000
v -0.428499 0.543000 -0.525500
v -0.441000 0.543000 -0.513000
v -0.428499 0.122500 -0.513000
v -0.428499 0.135000 -0.500500
v -0.441000 0.135000 -0.513000
v -0.428499 0.555500 -0.513000
v -0.441000 0.543000 -0.513000
v -0.428499 0.543000 -0.500500
v 0.099001 0.125000 -0.522000
v 0.099001 0.141500 -0.538500
v 0.115499 0.141500 -0.522000
v 0.099001 0.582500 -0.538500
v 0.099001 0.599000 -0.522000
v 0.115499 0.582500 -0.522000
v 0.099001 0.125000 -0.522000
v 0.115499 0.141500 -0.522000
v 0.099001 0.141500 -0.505500
v 0.099001 0.599000 -0.522000
v 0.099001 0.582500 -0.505500
v 0.115499 0.582500 -0.522000
v -0.099001 0.125000 -0.522000
v -0.115499 0.141500 -0.522000
v -0.099001 0.141500 -0.538500
v -0.099001 0.599000 -0.522000
v -0.099001 0.582500 -0.538500
v -0.115499 0.582500 -0.522000
v -0.099001 0.125000 -0.522000
v -0.099001 0.141500 -0.505500
v -0.115499 0.141500 -0.522000
v -0.099001 0.599000 -0.522000
v -0.115499 0.582500 -0.522000
v -0.099001 0.582500 -0.505500
v 0.084000 0.114000 -0.541000
v 0.084000 0.127000 -0.554000
v 0.097000 0.127000 -0.541000
v 0.084000 0.561000 -0.554000
v 0.084000 0.574000 -0.541000
v 0.097000 0.561000 -0.541000
v 0.084000 0.114000 -0.541000
v 0.097000 0.127000 -0.541000
v 0.084000 0.127000 -0.528000
v 0.084000 0.574000 -0.541000
v 0.084000 0.561000 -0.528000
v 0.097000 0.561000 -0.541000
v -0.084000 0.114000 -0.541000
v -0.097000 0.127000 -0.541000
v -0.084000 0.127000 -0.554000
v -0.084000 0.574000 -0.541000
v -0.084000 0.561000 -0.554000
v -0.097000 0.561000 -0.541000
v -0.084000 0.114000 -0.541000
v -0.084000 0.127000 -0.528000
v -0.097000 0.127000 -0.541000
v -0.084000 0.574000 -0.541000
v -0.097000 0.561000 -0.541000
v -0.084000 0.561000 -0.528000
v 0.064499 0.118000 -0.575000
v 0.064499 0.170000 -0.575000
v 0.064499 0.118000 -0.551000
v 0.064499 0.170000 -0.551000
v -0.064499 0.118000 -0.575000
v -0.064499 0.170000 -0.575000
v -0.064499 0.118000 -0.551000
v -0.064499 0.170000 -0.551000
v 0.087500 0.565000 -0.586000
v 0.087500 0.577000 -0.598000
v 0.099500 0.577000 -0.586000
v 0.087500 0.601000 -0.598000
v 0.087500 0.613000 -0.586000
v 0.099500 0.601000 -0.586000
v 0.087500 0.565000 -0.530000
v 0.099500 0.577000 -0.530000
v 0.087500 0.577000 -0.518000
v 0.087500 0.613000 -0.530000
v 0.087500 0.601000 -0.518000
v 0.099500 0.601000 -0.530000
v -0.087500 0.565000 -0.586000
v -0.099500 0.577000 -0.586000
v -0.087500 0.577000 -0.598000
v -0.087500 0.613000 -0.586000
v -0.087500 0.601000 -0.598000
v -0.099500 0.601000 -0.586000
v -0.087500 0.565000 -0.530000
v -0.087500 0.577000 -0.518000
v -0.099500 0.577000 -0.530000
v -0.087500 0.613000 -0.530000
v -0.099500 0.601000 -0.530000
v -0.087500 0.601000 -0.518000
v 0.466000 0.071000 -0.539000
v 0.466000 0.201000 -0.539000
v 0.466000 0.071000 -0.513000
v 0.466000 0.201000 -0.513000
v 0.424000 0.071000 -0.539000
v 0.424000 0.201000 -0.539000
v 0.424000 0.071000 -0.513000
v 0.424000 0.201000 -0.513000
v -0.424000 0.071000 -0.539000
v -0.424000 0.201000 -0.539000
v -0.424000 0.071000 -0.513000
v -0.424000 0.201000 -0.513000
v -0.466000 0.071000 -0.539000
v -0.466000 0.201000 -0.539000
v -0.466000 0.071000 -0.513000
v -0.466000 0.201000 -0.513000
v -0.553000 0.122500 -0.428500
v -0.565500 0.135000 -0.428500
v -0.553000 0.135000 -0.441000
v -0.565500 0.543000 -0.428500
v -0.553000 0.555500 -0.428500
v -0.553000 0.543000 -0.441000
v -0.553000 0.122500 -0.428500
v -0.553000 0.135000 -0.441000
v -0.540501 0.135000 -0.428500
v -0.553000 0.555500 -0.428500
v -0.540501 0.543000 -0.428500
v -0.553000 0.543000 -0.441000
v -0.553000 0.122500 -0.141500
v -0.553000 0.135000 -0.129000
v -0.565500 0.135000 -0.141500
v -0.553000 0.555500 -0.141500
v -0.565500 0.543000 -0.141500
v -0.553000 0.543000 -0.129000
v -0.553000 0.122500 -0.141500
v -0.540501 0.135000 -0.141500
v -0.553000 0.135000 -0.129000
v -0.553000 0.555500 -0.141500
v -0.553000 0.543000 -0.129000
v -0.540501 0.543000 -0.141500
v -0.553000 0.122500 0.141500
v -0.565500 0.135000 0.141500
v -0.553000 0.135000 0.129000
v -0.565500 0.543000 0.141500
v -0.553000 0.555500 0.141500
v -0.553000 0.543000 0.129000
v -0.553000 0.122500 0.141500
v -0.553000 0.135000 0.129000
v -0.540501 0.135000 0.141500
v -0.553000 0.555500 0.141500
v -0.540501 0.543000 0.141500
v -0.553000 0.543000 0.129000
v -0.553000 0.122500 0.428500
v -0.553000 0.135000 0.441000
v -0.565500 0.135000 0.428500
v -0.553000 0.555500 0.428500
v -0.565500 0.543000 0.428500
v -0.553000 0.543000 0.441000
v -0.553000 0.122500 0.428500
v -0.540501 0.135000 0.428500
v -0.553000 0.135000 0.441000
v -0.553000 0.555500 0.428500
v -0.553000 0.543000 0.441000
v -0.540501 0.543000 0.428500
v -0.562000 0.125000 -0.099000
v -0.578501 0.141500 -0.099000
v -0.562000 0.141500 -0.115500
v -0.578501 0.582500 -0.099000
v -0.562000 0.599000 -0.099000
v -0.562000 0.582500 -0.115500
v -0.562000 0.125000 -0.099000
v -0.562000 0.141500 -0.115500
v -0.545500 0.141500 -0.099000
v -0.562000 0.599000 -0.099000
v -0.545500 0.582500 -0.099000
v -0.562000 0.582500 -0.115500
v -0.562000 0.125000 0.099000
v -0.562000 0.141500 0.115500
v -0.578501 0.141500 0.099000
v -0.562000 0.599000 0.099000
v -0.578501 0.582500 0.099000
v -0.562000 0.582500 0.115500
v -0.562000 0.125000 0.099000
v -0.545500 0.141500 0.099000
v -0.562000 0.141500 0.115500
v -0.562000 0.599000 0.099000
v -0.562000 0.582500 0.115500
v -0.545500 0.582500 0.099000
v -0.580999 0.114000 -0.084000
v -0.594000 0.127000 -0.084000
v -0.580999 0.127000 -0.097000
v -0.594000 0.561000 -0.084000
v -0.580999 0.574000 -0.084000
v -0.580999 0.561000 -0.097000
v -0.580999 0.114000 -0.084000
v -0.580999 0.127000 -0.097000
v -0.567999 0.127000 -0.084000
v -0.580999 0.574000 -0.084000
v -0.567999 0.561000 -0.084000
v -0.580999 0.561000 -0.097000
v -0.580999 0.114000 0.084000
v -0.580999 0.127000 0.097000
v -0.594000 0.127000 0.084000
v -0.580999 0.574000 0.084000
v -0.594000 0.561000 0.084000
v -0.580999 0.561000 0.097000
v -0.580999 0.114000 0.084000
v -0.567999 0.127000 0.084000
v -0.580999 0.127000 0.097000
v -0.580999 0.574000 0.084000
v -0.580999 0.561000 0.097000
v -0.567999 0.561000 0.084000
v -0.615000 0.118000 -0.064500
v -0.615000 0.170000 -0.064500
v -0.591002 0.118000 -0.064500
v -0.591002 0.170000 -0.064500
v -0.615000 0.118000 0.064500
v -0.615000 0.170000 0.064500
v -0.591002 0.118000 0.064500
v -0.591002 0.170000 0.064500
v -0.625999 0.565000 -0.087500
v -0.638000 0.577000 -0.087500
v -0.625999 0.577000 -0.099500
v -0.638000 0.601000 -0.087500
v -0.625999 0.613000 -0.087500
v -0.625999 0.601000 -0.099500
v -0.570000 0.565000 -0.087500
v -0.570000 0.577000 -0.099500
v -0.557999 0.577000 -0.087500
v -0.570000 0.613000 -0.087500
v -0.557999 0.601000 -0.087500
v -0.570000 0.601000 -0.099500
v -0.625999 0.565000 0.087500
v -0.625999 0.577000 0.099500
v -0.638000 0.577000 0.087500
v -0.625999 0.613000 0.087500
v -0.638000 0.601000 0.087500
v -0.625999 0.601000 0.099500
v -0.570000 0.565000 0.087500
v -0.557999 0.577000 0.087500
v -0.570000 0.577000 0.099500
v -0.570000 0.613000 0.087500
v -0.570000 0.601000 0.099500
v -0.557999 0.601000 0.087500
v -0.579000 0.071000 -0.466000
v -0.579000 0.201000 -0.466000
v -0.552999 0.071000 -0.466000
v -0.552999 0.201000 -0.466000
v -0.579000 0.071000 -0.424000
v -0.579000 0.201000 -0.424000
v -0.552999 0.071000 -0.424000
v -0.552999 0.201000 -0.424000
v -0.579000 0.071000 0.424000
v -0.579000 0.201000 0.424000
v -0.552999 0.071000 0.424000
v -0.552999 0.201000 0.424000
v -0.579000 0.071000 0.466000
v -0.579000 0.201000 0.466000
v -0.552999 0.071000 0.466000
v -0.552999 0.201000 0.466000
v -0.428501 0.122500 0.513000
v -0.428501 0.135000 0.525500
v -0.440998 0.135000 0.513000
v -0.428501 0.543000 0.525500
v -0.428501 0.555500 0.513000
v -0.440998 0.543000 0.513000
v -0.428501 0.122500 0.513000
v -0.440998 0.135000 0.513000
v -0.428501 0.135000 0.500500
v -0.428501 0.555500 0.513000
v -0.428501 0.543000 0.500500
v -0.440998 0.543000 0.513000
v -0.141499 0.122500 0.513000
v -0.129002 0.135000 0.513000
v -0.141499 0.135000 0.525500
v -0.141499 0.555500 0.513000
v -0.141499 0.543000 0.525500
v -0.129002 0.543000 0.513000
v -0.141499 0.122500 0.513000
v -0.141499 0.135000 0.500500
v -0.129002 0.135000 0.513000
v -0.141499 0.555500 0.513000
v -0.129002 0.543000 0.513000
v -0.141499 0.543000 0.500500
v 0.141500 0.122500 0.513000
v 0.141500 0.135000 0.525500
v 0.129000 0.135000 0.513000
v 0.141500 0.543000 0.525500
v 0.141500 0.555500 0.513000
v 0.129000 0.543000 0.513000
v 0.141500 0.122500 0.513000
v 0.129000 0.135000 0.513000
v 0.141500 0.135000 0.500500
v 0.141500 0.555500 0.513000
v 0.141500 0.543000 0.500500
v 0.129000 0.543000 0.513000
v 0.428500 0.122500 0.513000
v 0.441000 0.135000 0.513000
v 0.428500 0.135000 0.525500
v 0.428500 0.555500 0.513000
v 0.428500 0.543000 0.525500
v 0.441000 0.543000 0.513000
v 0.428500 0.122500 0.513000
v 0.428500 0.135000 0.500500
v 0.441000 0.135000 0.513000
v 0.428500 0.555500 0.513000
v 0.441000 0.543000 0.513000
v 0.428500 0.543000 0.500500
v -0.099000 0.125000 0.522000
v -0.099000 0.141500 0.538500
v -0.115500 0.141500 0.522000
v -0.099000 0.582500 0.538500
v -0.099000 0.599000 0.522000
v -0.115500 0.582500 0.522000
v -0.099000 0.125000 0.522000
v -0.115500 0.141500 0.522000
v -0.099000 0.141500 0.505500
v -0.099000 0.599000 0.522000
v -0.099000 0.582500 0.505500
v -0.115500 0.582500 0.522000
v 0.099000 0.125000 0.522000
v 0.115500 0.141500 0.522000
v 0.099000 0.141500 0.538500
v 0.099000 0.599000 0.522000
v 0.099000 0.582500 0.538500
v 0.115500 0.582500 0.522000
v 0.099000 0.125000 0.522000
v 0.099000 0.141500 0.505500
v 0.115500 0.141500 0.522000
v 0.099000 0.599000 0.522000
v 0.115500 0.582500 0.522000
v 0.099000 0.582500 0.505500
v -0.084000 0.114000 0.541000
v -0.084000 0.127000 0.554000
v -0.097000 0.127000 0.541000
v -0.084000 0.561000 0.554000
v -0.084000 0.574000 0.541000
v -0.097000 0.561000 0.541000
v -0.084000 0.114000 0.541000
v -0.097000 0.127000 0.541000
v -0.084000 0.127000 0.528000
v -0.084000 0.574000 0.541000
v -0.084000 0.561000 0.528000
v -0.097000 0.561000 0.541000
v 0.084000 0.114000 0.541000
v 0.097000 0.127000 0.541000
v 0.084000 0.127000 0.554000
v 0.084000 0.574000 0.541000
v 0.084000 0.561000 0.554000
v 0.097000 0.561000 0.541000
v 0.084000 0.114000 0.541000
v 0.084000 0.127000 0.528000
v 0.097000 0.127000 0.541000
v 0.084000 0.574000 0.541000
v 0.097000 0.561000 0.541000
v 0.084000 0.561000 0.528000
v -0.064500 0.118000 0.575000
v -0.064500 0.170000 0.575000
v -0.064500 0.118000 0.551000
v -0.064500 0.170000 0.551000
v 0.064500 0.118000 0.575000
v 0.064500 0.170000 0.575000
v 0.064500 0.118000 0.551000
v 0.064500 0.170000 0.551000
v -0.087500 0.565000 0.586000
v -0.087500 0.577000 0.598000
v -0.099500 0.577000 0.586000
v -0.087500 0.601000 0.598000
v -0.087500 0.613000 0.586000
v -0.099500 0.601000 0.586000
v -0.087500 0.565000 0.530000
v -0.099500 0.577000 0.530000
v -0.087500 0.577000 0.518000
v -0.087500 0.613000 0.530000
v -0.087500 0.601000 0.518000
v -0.099500 0.601000 0.530000
v 0.087500 0.565000 0.586000
v 0.099500 0.577000 0.586000
v 0.087500 0.577000 0.598000
v 0.087500 0.613000 0.586000
v 0.087500 0.601000 0.598000
v 0.099500 0.601000 0.586000
v 0.087500 0.565000 0.530000
v 0.087500 0.577000 0.518000
v 0.099500 0.577000 0.530000
v 0.087500 0.613000 0.530000
v 0.099500 0.601000 0.530000
v 0.087500 0.601000 0.518000
v -0.466000 0.071000 0.539000
v -0.466000 0.201000 0.539000
v -0.466000 0.071000 0.513000
v -0.466000 0.201000 0.513000
v -0.424000 0.071000 0.539000
v -0.424000 0.201000 0.539000
v -0.424000 0.071000 0.513000
v -0.424000 0.201000 0.513000
v 0.424000 0.071000 0.539000
v 0.424000 0.201000 0.539000
v 0.424000 0.071000 0.513000
v 0.424000 0.201000 0.513000
v 0.466000 0.071000 0.539000
v 0.466000 0.201000 0.539000
v 0.466000 0.071000 0.513000
v 0.466000 0.201000 0.513000
v 0.552999 0.122500 0.428500
v 0.565500 0.135000 0.428500
v 0.552999 0.135000 0.441000
v 0.565500 0.543000 0.428500
v 0.552999 0.555500 0.428500
v 0.552999 0.543000 0.441000
v 0.552999 0.122500 0.428500
v 0.552999 0.135000 0.441000
v 0.540499 0.135000 0.428500
v 0.552999 0.555500 0.428500
v 0.540499 0.543000 0.428500
v 0.552999 0.543000 0.441000
v 0.552999 0.122500 0.141500
v 0.552999 0.135000 0.129000
v 0.565500 0.135000 0.141500
v 0.552999 0.555500 0.141500
v 0.565500 0.543000 0.141500
v 0.552999 0.543000 0.129000
v 0.552999 0.122500 0.141500
v 0.540499 0.135000 0.141500
v 0.552999 0.135000 0.129000
v 0.552999 0.555500 0.141500
v 0.552999 0.543000 0.129000
v 0.540499 0.543000 0.141500
v 0.552999 0.122500 -0.141500
v 0.565500 0.135000 -0.141500
v 0.552999 0.135000 -0.129000
v 0.565500 0.543000 -0.141500
v 0.552999 0.555500 -0.141500
v 0.552999 0.543000 -0.129000
v 0.552999 0.122500 -0.141500
v 0.552999 0.135000 -0.129000
v 0.540499 0.135000 -0.141500
v 0.552999 0.555500 -0.141500
v 0.540499 0.543000 -0.141500
v 0.552999 0.543000 -0.129000
v 0.552999 0.122500 -0.428500
v 0.552999 0.135000 -0.441000
v 0.565500 0.135000 -0.428500
v 0.552999 0.555500 -0.428500
v 0.565500 0.543000 -0.428500
v 0.552999 0.543000 -0.441000
v 0.552999 0.122500 -0.428500
v 0.540499 0.135000 -0.428500
v 0.552999 0.135000 -0.441000
v 0.552999 0.555500 -0.428500
v 0.552999 0.543000 -0.441000
v 0.540499 0.543000 -0.428500
v 0.562000 0.125000 0.099000
v 0.578501 0.141500 0.099000
v 0.562000 0.141500 0.115500
v 0.578501 0.582500 0.099000
v 0.562000 0.599000 0.099000
v 0.562000 0.582500 0.115500
v 0.562000 0.125000 0.099000
v 0.562000 0.141500 0.115500
v 0.545500 0.141500 0.099000
v 0.562000 0.599000 0.099000
v 0.545500 0.582500 0.099000
v 0.562000 0.582500 0.115500
v 0.562000 0.125000 -0.099000
v 0.562000 0.141500 -0.115500
v 0.578501 0.141500 -0.099000
v 0.562000 0.599000 -0.099000
v 0.578501 0.582500 -0.099000
v 0.562000 0.582500 -0.115500
v 0.562000 0.125000 -0.099000
v 0.545500 0.141500 -0.099000
v 0.562000 0.141500 -0.115500
v 0.562000 0.599000 -0.099000
v 0.562000 0.582500 -0.115500
v 0.545500 0.582500 -0.099000
v 0.580999 0.114000 0.084000
v 0.594000 0.127000 0.084000
v 0.580999 0.127000 0.097000
v 0.594000 0.561000 0.084000
v 0.580999 0.574000 0.084000
v 0.580999 0.561000 0.097000
v 0.580999 0.114000 0.084000
v 0.580999 0.127000 0.097000
v 0.567999 0.127000 0.084000
v 0.580999 0.574000 0.084000
v 0.567999 0.561000 0.084000
v 0.580999 0.561000 0.097000
v 0.580999 0.114000 -0.084000
v 0.580999 0.127000 -0.097000
v 0.594000 0.127000 -0.084000
v 0.580999 0.574000 -0.084000
v 0.594000 0.561000 -0.084000
v 0.580999 0.561000 -0.097000
v 0.580999 0.114000 -0.084000
v 0.567999 0.127000 -0.084000
v 0.580999 0.127000 -0.097000
v 0.580999 0.574000 -0.084000
v 0.580999 0.561000 -0.097000
v 0.567999 0.561000 -0.084000
v 0.615002 0.118000 0.064500
v 0.615002 0.170000 0.064500
v 0.591000 0.118000 0.064500
v 0.591000 0.170000 0.064500
v 0.615002 0.118000 -0.064500
v 0.615002 0.170000 -0.064500
v 0.591000 0.118000 -0.064500
v 0.591000 0.170000 -0.064500
v 0.626000 0.565000 0.087500
v 0.638000 0.577000 0.087500
v 0.626000 0.577000 0.099500
v 0.638000 0.601000 0.087500
v 0.626000 0.613000 0.087500
v 0.626000 0.601000 0.099500
v 0.570000 0.565000 0.087500
v 0.570000 0.577000 0.099500
v 0.558000 0.577000 0.087500
v 0.570000 0.613000 0.087500
v 0.558000 0.601000 0.087500
v 0.570000 0.601000 0.099500
v 0.626000 0.565000 -0.087500
v 0.626000 0.577000 -0.099500
v 0.638000 0.577000 -0.087500
v 0.626000 0.613000 -0.087500
v 0.638000 0.601000 -0.087500
v 0.626000 0.601000 -0.099500
v 0.570000 0.565000 -0.087500
v 0.558000 0.577000 -0.087500
v 0.570000 0.577000 -0.099500
v 0.570000 0.613000 -0.087500
v 0.570000 0.601000 -0.099500
v 0.558000 0.601000 -0.087500
v 0.579000 0.071000 0.466000
v 0.579000 0.201000 0.466000
v 0.553000 0.071000 0.466000
v 0.553000 0.201000 0.466000
v 0.579000 0.071000 0.424000
v 0.579000 0.201000 0.424000
v 0.553000 0.071000 0.424000
v 0.553000 0.201000 0.424000
v 0.579000 0.071000 -0.424000
v 0.579000 0.201000 -0.424000
v 0.553000 0.071000 -0.424000
v 0.553000 0.201000 -0.424000
v 0.579000 0.071000 -0.466000
v 0.579000 0.201000 -0.466000
v 0.553000 0.071000 -0.466000
v 0.553000 0.201000 -0.466000
v 0.052000 0.260000 -0.573999
v -0.052000 0.260000 -0.573999
v -0.056000 0.264000 -0.573999
v -0.056000 0.276000 -0.573999
v -0.052000 0.280000 -0.573999
v 0.052000 0.280000 -0.573999
v 0.056000 0.276000 -0.573999
v 0.056000 0.264000 -0.573999
v 0.052000 0.260000 -0.556000
v -0.052000 0.260000 -0.556000
v -0.056000 0.264000 -0.556000
v -0.056000 0.276000 -0.556000
v -0.052000 0.280000 -0.556000
v 0.052000 0.280000 -0.556000
v 0.056000 0.276000 -0.556000
v 0.056000 0.264000 -0.556000
v 0.052000 0.297000 -0.573999
v -0.052000 0.297000 -0.573999
v -0.056000 0.301000 -0.573999
v -0.056000 0.313000 -0.573999
v -0.052000 0.317000 -0.573999
v 0.052000 0.317000 -0.573999
v 0.056000 0.313000 -0.573999
v 0.056000 0.301000 -0.573999
v 0.052000 0.297000 -0.556000
v -0.052000 0.297000 -0.556000
v -0.056000 0.301000 -0.556000
v -0.056000 0.313000 -0.556000
v -0.052000 0.317000 -0.556000
v 0.052000 0.317000 -0.556000
v 0.056000 0.313000 -0.556000
v 0.056000 0.301000 -0.556000
v 0.051998 0.334000 -0.573999
v -0.051998 0.334000 -0.573999
v -0.056000 0.338000 -0.573999
v -0.056000 0.350000 -0.573999
v -0.051998 0.354000 -0.573999
v 0.051998 0.354000 -0.573999
v 0.056000 0.350000 -0.573999
v 0.056000 0.338000 -0.573999
v 0.051998 0.334000 -0.556000
v -0.051998 0.334000 -0.556000
v -0.056000 0.338000 -0.556000
v -0.056000 0.350000 -0.556000
v -0.051998 0.354000 -0.556000
v 0.051998 0.354000 -0.556000
v 0.056000 0.350000 -0.556000
v 0.056000 0.338000 -0.556000
v 0.052000 0.371000 -0.573999
v -0.052000 0.371000 -0.573999
v -0.056000 0.375000 -0.573999
v -0.056000 0.387000 -0.573999
v -0.052000 0.391000 -0.573999
v 0.052000 0.391000 -0.573999
v 0.056000 0.387000 -0.573999
v 0.056000 0.375000 -0.573999
v 0.052000 0.371000 -0.556000
v -0.052000 0.371000 -0.556000
v -0.056000 0.375000 -0.556000
v -0.056000 0.387000 -0.556000
v -0.052000 0.391000 -0.556000
v 0.052000 0.391000 -0.556000
v 0.056000 0.387000 -0.556000
v 0.056000 0.375000 -0.556000
v 0.052000 0.408000 -0.573999
v -0.052000 0.408000 -0.573999
v -0.056000 0.412000 -0.573999
v -0.056000 0.424000 -0.573999
v -0.052000 0.428000 -0.573999
v 0.052000 0.428000 -0.573999
v 0.056000 0.424000 -0.573999
v 0.056000 0.412000 -0.573999
v 0.052000 0.408000 -0.556000
v -0.052000 0.408000 -0.556000
v -0.056000 0.412000 -0.556000
v -0.056000 0.424000 -0.556000
v -0.052000 0.428000 -0.556000
v 0.052000 0.428000 -0.556000
v 0.056000 0.424000 -0.556000
v 0.056000 0.412000 -0.556000
v 0.052000 0.445000 -0.573999
v -0.052000 0.445000 -0.573999
v -0.056000 0.449000 -0.573999
v -0.056000 0.461000 -0.573999
v -0.052000 0.465000 -0.573999
v 0.052000 0.465000 -0.573999
v 0.056000 0.461000 -0.573999
v 0.056000 0.449000 -0.573999
v 0.052000 0.445000 -0.556000
v -0.052000 0.445000 -0.556000
v -0.056000 0.449000 -0.556000
v -0.056000 0.461000 -0.556000
v -0.052000 0.465000 -0.556000
v 0.052000 0.465000 -0.556000
v 0.056000 0.461000 -0.556000
v 0.056000 0.449000 -0.556000
v 0.052000 0.482000 -0.573999
v -0.052000 0.482000 -0.573999
v -0.056000 0.486000 -0.573999
v -0.056000 0.498000 -0.573999
v -0.052000 0.502000 -0.573999
v 0.052000 0.502000 -0.573999
v 0.056000 0.498000 -0.573999
v 0.056000 0.486000 -0.573999
v 0.052000 0.482000 -0.556000
v -0.052000 0.482000 -0.556000
v -0.056000 0.486000 -0.556000
v -0.056000 0.498000 -0.556000
v -0.052000 0.502000 -0.556000
v 0.052000 0.502000 -0.556000
v 0.056000 0.498000 -0.556000
v 0.056000 0.486000 -0.556000
v -0.613999 0.260000 -0.052000
v -0.613999 0.260000 0.052000
v -0.613999 0.264000 0.056000
v -0.613999 0.276000 0.056000
v -0.613999 0.280000 0.052000
v -0.613999 0.280000 -0.052000
v -0.613999 0.276000 -0.056000
v -0.613999 0.264000 -0.056000
v -0.596000 0.260000 -0.052000
v -0.596000 0.260000 0.052000
v -0.596000 0.264000 0.056000
v -0.596000 0.276000 0.056000
v -0.596000 0.280000 0.052000
v -0.596000 0.280000 -0.052000
v -0.596000 0.276000 -0.056000
v -0.596000 0.264000 -0.056000
v -0.613999 0.297000 -0.052000
v -0.613999 0.297000 0.052000
v -0.613999 0.301000 0.056000
v -0.613999 0.313000 0.056000
v -0.613999 0.317000 0.052000
v -0.613999 0.317000 -0.052000
v -0.613999 0.313000 -0.056000
v -0.613999 0.301000 -0.056000
v -0.596000 0.297000 -0.052000
v -0.596000 0.297000 0.052000
v -0.596000 0.301000 0.056000
v -0.596000 0.313000 0.056000
v -0.596000 0.317000 0.052000
v -0.596000 0.317000 -0.052000
v -0.596000 0.313000 -0.056000
v -0.596000 0.301000 -0.056000
v -0.614000 0.334000 -0.052000
v -0.614000 0.334000 0.052000
v -0.614000 0.338000 0.056000
v -0.614000 0.350000 0.056000
v -0.614000 0.354000 0.052000
v -0.614000 0.354000 -0.052000
v -0.614000 0.350000 -0.056000
v -0.614000 0.338000 -0.056000
v -0.595999 0.334000 -0.052000
v -0.595999 0.334000 0.052000
v -0.595999 0.338000 0.056000
v -0.595999 0.350000 0.056000
v -0.595999 0.354000 0.052000
v -0.595999 0.354000 -0.052000
v -0.595999 0.350000 -0.056000
v -0.595999 0.338000 -0.056000
v -0.614000 0.371000 -0.052000
v -0.614000 0.371000 0.052000
v -0.614000 0.375000 0.056000
v -0.614000 0.387000 0.056000
v -0.614000 0.391000 0.052000
v -0.614000 0.391000 -0.052000
v -0.614000 0.387000 -0.056000
v -0.614000 0.375000 -0.056000
v -0.595999 0.371000 -0.052000
v -0.595999 0.371000 0.052000
v -0.595999 0.375000 0.056000
v -0.595999 0.387000 0.056000
v -0.595999 0.391000 0.052000
v -0.595999 0.391000 -0.052000
v -0.595999 0.387000 -0.056000
v -0.595999 0.375000 -0.056000
v -0.614000 0.408000 -0.052000
v -0.614000 0.408000 0.052000
v -0.614000 0.412000 0.056000
v -0.614000 0.424000 0.056000
v -0.614000 0.428000 0.052000
v -0.614000 0.428000 -0.052000
v -0.614000 0.424000 -0.056000
v -0.614000 0.412000 -0.056000
v -0.595999 0.408000 -0.052000
v -0.595999 0.408000 0.052000
v -0.595999 0.412000 0.056000
v -0.595999 0.424000 0.056000
v -0.595999 0.428000 0.052000
v -0.595999 0.428000 -0.052000
v -0.595999 0.424000 -0.056000
v -0.595999 0.412000 -0.056000
v -0.614000 0.445000 -0.052000
v -0.614000 0.445000 0.052000
v -0.614000 0.449000 0.056000
v -0.614000 0.461000 0.056000
v -0.614000 0.465000 0.052000
v -0.614000 0.465000 -0.052000
v -0.614000 0.461000 -0.056000
v -0.614000 0.449000 -0.056000
v -0.595999 0.445000 -0.052000
v -0.595999 0.445000 0.052000
v -0.595999 0.449000 0.056000
v -0.595999 0.461000 0.056000
v -0.595999 0.465000 0.052000
v -0.595999 0.465000 -0.052000
v -0.595999 0.461000 -0.056000
v -0.595999 0.449000 -0.056000
v -0.614000 0.482000 -0.052000
v -0.614000 0.482000 0.052000
v -0.614000 0.486000 0.056000
v -0.614000 0.498000 0.056000
v -0.614000 0.502000 0.052000
v -0.614000 0.502000 -0.052000
v -0.614000 0.498000 -0.056000
v -0.614000 0.486000 -0.056000
v -0.595999 0.482000 -0.052000
v -0.595999 0.482000 0.052000
v -0.595999 0.486000 0.056000
v -0.595999 0.498000 0.056000
v -0.595999 0.502000 0.052000
v -0.595999 0.502000 -0.052000
v -0.595999 0.498000 -0.056000
v -0.595999 0.486000 -0.056000
v -0.051998 0.260000 0.573999
v 0.051998 0.260000 0.573999
v 0.056000 0.264000 0.573999
v 0.056000 0.276000 0.573999
v 0.051998 0.280000 0.573999
v -0.051998 0.280000 0.573999
v -0.056000 0.276000 0.573999
v -0.056000 0.264000 0.573999
v -0.051998 0.260000 0.556000
v 0.051998 0.260000 0.556000
v 0.056000 0.264000 0.556000
v 0.056000 0.276000 0.556000
v 0.051998 0.280000 0.556000
v -0.051998 0.280000 0.556000
v -0.056000 0.276000 0.556000
v -0.056000 0.264000 0.556000
v -0.052000 0.297000 0.573999
v 0.052000 0.297000 0.573999
v 0.056000 0.301000 0.573999
v 0.056000 0.313000 0.573999
v 0.052000 0.317000 0.573999
v -0.052000 0.317000 0.573999
v -0.056000 0.313000 0.573999
v -0.056000 0.301000 0.573999
v -0.052000 0.297000 0.556000
v 0.052000 0.297000 0.556000
v 0.056000 0.301000 0.556000
v 0.056000 0.313000 0.556000
v 0.052000 0.317000 0.556000
v -0.052000 0.317000 0.556000
v -0.056000 0.313000 0.556000
v -0.056000 0.301000 0.556000
v -0.052000 0.334000 0.573999
v 0.052000 0.334000 0.573999
v 0.056000 0.338000 0.573999
v 0.056000 0.350000 0.573999
v 0.052000 0.354000 0.573999
v -0.052000 0.354000 0.573999
v -0.056000 0.350000 0.573999
v -0.056000 0.338000 0.573999
v -0.052000 0.334000 0.556000
v 0.052000 0.334000 0.556000
v 0.056000 0.338000 0.556000
v 0.056000 0.350000 0.556000
v 0.052000 0.354000 0.556000
v -0.052000 0.354000 0.556000
v -0.056000 0.350000 0.556000
v -0.056000 0.338000 0.556000
v -0.052000 0.371000 0.573999
v 0.052000 0.371000 0.573999
v 0.056000 0.375000 0.573999
v 0.056000 0.387000 0.573999
v 0.052000 0.391000 0.573999
v -0.052000 0.391000 0.573999
v -0.056000 0.387000 0.573999
v -0.056000 0.375000 0.573999
v -0.052000 0.371000 0.556000
v 0.052000 0.371000 0.556000
v 0.056000 0.375000 0.556000
v 0.056000 0.387000 0.556000
v 0.052000 0.391000 0.556000
v -0.052000 0.391000 0.556000
v -0.056000 0.387000 0.556000
v -0.056000 0.375000 0.556000
v -0.052000 0.408000 0.573999
v 0.052000 0.408000 0.573999
v 0.056000 0.412000 0.573999
v 0.056000 0.424000 0.573999
v 0.052000 0.428000 0.573999
v -0.052000 0.428000 0.573999
v -0.056000 0.424000 0.573999
v -0.056000 0.412000 0.573999
v -0.052000 0.408000 0.556000
v 0.052000 0.408000 0.556000
v 0.056000 0.412000 0.556000
v 0.056000 0.424000 0.556000
v 0.052000 0.428000 0.556000
v -0.052000 0.428000 0.556000
v -0.056000 0.424000 0.556000
v -0.056000 0.412000 0.556000
v -0.052000 0.445000 0.573999
v 0.052000 0.445000 0.573999
v 0.056000 0.449000 0.573999
v 0.056000 0.461000 0.573999
v 0.052000 0.465000 0.573999
v -0.052000 0.465000 0.573999
v -0.056000 0.461000 0.573999
v -0.056000 0.449000 0.573999
v -0.052000 0.445000 0.556000
v 0.052000 0.445000 0.556000
v 0.056000 0.449000 0.556000
v 0.056000 0.461000 0.556000
v 0.052000 0.465000 0.556000
v -0.052000 0.465000 0.556000
v -0.056000 0.461000 0.556000
v -0.056000 0.449000 0.556000
v -0.052000 0.482000 0.573999
v 0.052000 0.482000 0.573999
v 0.056000 0.486000 0.573999
v 0.056000 0.498000 0.573999
v 0.052000 0.502000 0.573999
v -0.052000 0.502000 0.573999
v -0.056000 0.498000 0.573999
v -0.056000 0.486000 0.573999
v -0.052000 0.482000 0.556000
v 0.052000 0.482000 0.556000
v 0.056000 0.486000 0.556000
v 0.056000 0.498000 0.556000
v 0.052000 0.502000 0.556000
v -0.052000 0.502000 0.556000
v -0.056000 0.498000 0.556000
v -0.056000 0.486000 0.556000
v 0.614000 0.260000 0.052000
v 0.614000 0.260000 -0.052000
v 0.614000 0.264000 -0.056000
v 0.614000 0.276000 -0.056000
v 0.614000 0.280000 -0.052000
v 0.614000 0.280000 0.052000
v 0.614000 0.276000 0.056000
v 0.614000 0.264000 0.056000
v 0.595999 0.260000 0.052000
v 0.595999 0.260000 -0.052000
v 0.595999 0.264000 -0.056000
v 0.595999 0.276000 -0.056000
v 0.595999 0.280000 -0.052000
v 0.595999 0.280000 0.052000
v 0.595999 0.276000 0.056000
v 0.595999 0.264000 0.056000
v 0.614000 0.297000 0.052000
v 0.614000 0.297000 -0.052000
v 0.614000 0.301000 -0.056000
v 0.614000 0.313000 -0.056000
v 0.614000 0.317000 -0.052000
v 0.614000 0.317000 0.052000
v 0.614000 0.313000 0.056000
v 0.614000 0.301000 0.056000
v 0.595999 0.297000 0.052000
v 0.595999 0.297000 -0.052000
v 0.595999 0.301000 -0.056000
v 0.595999 0.313000 -0.056000
v 0.595999 0.317000 -0.052000
v 0.595999 0.317000 0.052000
v 0.595999 0.313000 0.056000
v 0.595999 0.301000 0.056000
v 0.614000 0.334000 0.052000
v 0.614000 0.334000 -0.052000
v 0.614000 0.338000 -0.056000
v 0.614000 0.350000 -0.056000
v 0.614000 0.354000 -0.052000
v 0.614000 0.354000 0.052000
v 0.614000 0.350000 0.056000
v 0.614000 0.338000 0.056000
v 0.595999 0.334000 0.052000
v 0.595999 0.334000 -0.052000
v 0.595999 0.338000 -0.056000
v 0.595999 0.350000 -0.056000
v 0.595999 0.354000 -0.052000
v 0.595999 0.354000 0.052000
v 0.595999 0.350000 0.056000
v 0.595999 0.338000 0.056000
v 0.614000 0.371000 0.052000
v 0.614000 0.371000 -0.052000
v 0.614000 0.375000 -0.056000
v 0.614000 0.387000 -0.056000
v 0.614000 0.391000 -0.052000
v 0.614000 0.391000 0.052000
v 0.614000 0.387000 0.056000
v 0.614000 0.375000 0.056000
v 0.595999 0.371000 0.052000
v 0.595999 0.371000 -0.052000
v 0.595999 0.375000 -0.056000
v 0.595999 0.387000 -0.056000
v 0.595999 0.391000 -0.052000
v 0.595999 0.391000 0.052000
v 0.595999 0.387000 0.056000
v 0.595999 0.375000 0.056000
v 0.614000 0.408000 0.052000
v 0.614000 0.408000 -0.052000
v 0.614000 0.412000 -0.056000
v 0.614000 0.424000 -0.056000
v 0.614000 0.428000 -0.052000
v 0.614000 0.428000 0.052000
v 0.614000 0.424000 0.056000
v 0.614000 0.412000 0.056000
v 0.595999 0.408000 0.052000
v 0.595999 0.408000 -0.052000
v 0.595999 0.412000 -0.056000
v 0.595999 0.424000 -0.056000
v 0.595999 0.428000 -0.052000
v 0.595999 0.428000 0.052000
v 0.595999 0.424000 0.056000
v 0.595999 0.412000 0.056000
v 0.613998 0.445000 0.052000
v 0.613998 0.445000 -0.052000
v 0.613998 0.449000 -0.056000
v 0.613998 0.461000 -0.056000
v 0.613998 0.465000 -0.052000
v 0.613998 0.465000 0.052000
v 0.613998 0.461000 0.056000
v 0.613998 0.449000 0.056000
v 0.596001 0.445000 0.052000
v 0.596001 0.445000 -0.052000
v 0.596001 0.449000 -0.056000
v 0.596001 0.461000 -0.056000
v 0.596001 0.465000 -0.052000
v 0.596001 0.465000 0.052000
v 0.596001 0.461000 0.056000
v 0.596001 0.449000 0.056000
v 0.614000 0.482000 0.052000
v 0.614000 0.482000 -0.052000
v 0.614000 0.486000 -0.056000
v 0.614000 0.498000 -0.056000
v 0.614000 0.502000 -0.052000
v 0.614000 0.502000 0.052000
v 0.614000 0.498000 0.056000
v 0.614000 0.486000 0.056000
v 0.596000 0.482000 0.052000
v 0.596000 0.482000 -0.052000
v 0.596000 0.486000 -0.056000
v 0.596000 0.498000 -0.056000
v 0.596000 0.502000 -0.052000
v 0.596000 0.502000 0.052000
v 0.596000 0.498000 0.056000
v 0.596000 0.486000 0.056000
vn 0.0093 -0.7613 -0.6484
vn 0.0055 -0.0477 -0.9988
vn 0.0066 -0.5267 -0.8501
vn -0.4980 -0.5250 -0.6902
vn -0.7419 -0.0521 -0.6685
vn -0.6684 -0.0523 -0.7420
vn -0.6494 -0.7604 -0.0105
vn -0.9988 -0.0477 -0.0062
vn -0.8501 -0.5266 -0.0071
vn -0.5409 -0.6905 0.4802
vn -0.7419 -0.0521 0.6685
vn -0.6200 -0.5514 0.5581
vn -0.0093 -0.7613 0.6484
vn -0.0055 -0.0477 0.9988
vn -0.0066 -0.5267 0.8501
vn 0.4980 -0.5250 0.6902
vn 0.7419 -0.0521 0.6685
vn 0.6684 -0.0523 0.7420
vn 0.6494 -0.7604 0.0105
vn 0.9988 -0.0477 0.0062
vn 0.8501 -0.5266 0.0071
vn -0.1140 0.0223 -0.9932
vn 0.0058 0.0287 -0.9996
vn 0.0001 -1.0000 -0.0063
vn -0.1941 -0.8849 -0.4235
vn 0.1881 -0.9662 0.1765
vn 0.6961 -0.0910 -0.7121
vn 0.7425 0.0089 -0.6698
vn 0.7419 -0.0521 -0.6685
vn -0.9918 0.0254 0.1249
vn -0.9996 0.0286 -0.0064
vn -0.4148 -0.0588 0.9080
vn -0.7425 0.0089 0.6698
vn 0.1140 0.0223 0.9932
vn -0.0058 0.0287 0.9996
vn 0.7425 0.0089 0.6698
vn 0.6693 0.0094 0.7429
vn 0.9918 0.0254 -0.1249
vn 0.9996 0.0286 0.0064
vn 0.0009 0.0391 -0.9992
vn 0.0047 0.5506 -0.8348
vn -0.7425 0.0089 -0.6698
vn -0.6693 0.0094 -0.7429
vn 0.5962 0.3164 -0.7378
vn 0.5519 0.6704 -0.4960
vn 0.6648 0.4309 -0.6102
vn -0.9992 0.0399 -0.0011
vn -0.8348 0.5505 -0.0051
vn -0.5962 0.3164 0.7378
vn -0.5519 0.6704 0.4960
vn -0.6648 0.4309 0.6102
vn -0.0009 0.0391 0.9992
vn -0.0047 0.5506 0.8348
vn 0.5949 0.4572 0.6611
vn 0.5519 0.6704 0.4960
vn 0.4961 0.6703 0.5519
vn 0.9992 0.0399 0.0011
vn 0.8348 0.5505 0.0051
vn 0.0571 0.9557 -0.2888
vn -0.0228 0.9753 0.2199
vn 0.0164 0.9813 -0.1919
vn -0.5949 0.4572 -0.6611
vn -0.5519 0.6704 -0.4960
vn -0.4961 0.6703 -0.5519
vn -0.2177 0.9757 0.0242
vn 0.1912 0.9814 -0.0179
vn -0.2868 0.9563 -0.0564
vn 0.2178 0.9757 0.0249
vn -0.1913 0.9814 -0.0179
vn -0.2090 0.9566 0.2032
vn 0.3112 0.9385 -0.1498
vn -0.0571 0.9557 0.2888
vn 0.1297 0.9797 -0.1528
vn -0.2178 0.9757 -0.0249
vn -0.1529 0.9379 -0.3114
vn 0.2921 0.9546 -0.0576
vn 0.3886 0.0562 0.9197
vn -0.0112 0.0250 0.9996
vn -0.0112 0.0251 0.9996
vn 0.1529 0.9379 0.3114
vn -0.5933 -0.0212 0.8047
vn -0.7467 0.0268 0.6646
vn -0.7464 0.0334 0.6647
vn 0.9258 0.0461 -0.3751
vn 0.9996 0.0255 0.0123
vn 0.9996 0.0251 0.0120
vn 0.5933 -0.0212 -0.8047
vn 0.7467 0.0268 -0.6646
vn 0.7464 0.0334 -0.6647
vn -0.3886 0.0562 -0.9197
vn 0.0112 0.0250 -0.9996
vn 0.0112 0.0251 -0.9996
vn -0.8047 -0.0212 -0.5933
vn -0.6646 0.0268 -0.7467
vn -0.6647 0.0334 -0.7464
vn -0.9258 0.0461 0.3751
vn -0.9996 0.0255 -0.0123
vn -0.9996 0.0251 -0.0120
vn -0.0098 0.9995 -0.0308
vn -0.0028 1.0000 0.0017
vn -0.7924 0.6090 -0.0356
vn 0.8047 -0.0212 0.5933
vn 0.6646 0.0268 0.7467
vn 0.6647 0.0334 0.7464
vn 0.5590 -0.5506 -0.6200
vn -0.6515 -0.7139 -0.2567
vn -0.4522 -0.8011 -0.3920
vn -0.6018 -0.7974 0.0458
vn 0.0451 -0.7952 0.6047
vn 0.6515 -0.7139 0.2567
vn 0.4522 -0.8011 0.3920
vn 0.6200 -0.5514 -0.5581
vn 0.6018 -0.7974 -0.0458
vn 0.5102 0.2619 -0.8192
vn -0.8121 0.3852 -0.4383
vn -0.5102 0.2619 0.8192
vn 0.8121 0.3852 0.4383
vn 0.3091 0.7414 -0.5957
vn -0.2082 0.7385 -0.6413
vn -0.6414 0.7385 0.2078
vn -0.3091 0.7413 0.5957
vn 0.2082 0.7385 0.6413
vn 0.6414 0.7385 -0.2078
vn -0.3780 0.6470 0.6622
vn -0.0868 0.5827 0.8080
vn 0.5037 0.5970 0.6244
vn 0.2463 0.6500 0.7189
vn 0.8158 0.5722 0.0834
vn 0.6622 0.6470 0.3780
vn 0.6321 0.5735 -0.5211
vn 0.7193 0.6499 -0.2455
vn 0.0868 0.5827 -0.8080
vn 0.3780 0.6470 -0.6622
vn -0.2463 0.6500 -0.7189
vn -0.6622 0.6470 -0.3780
vn -0.7193 0.6499 0.2455
vn 0.0012 -0.9996 -0.0272
vn -0.3154 -0.6959 -0.6451
vn 0.3058 -0.9144 0.2652
vn 0.0766 -0.3352 -0.9390
vn 0.0094 -0.9822 -0.1878
vn -0.3098 -0.5688 -0.7619
vn -0.0427 -0.9988 -0.0222
vn -0.9428 -0.0110 -0.3332
vn -0.0766 -0.3351 0.9391
vn -0.7662 -0.5609 0.3136
vn -0.0236 -0.9990 0.0367
vn -0.0094 -0.9822 0.1878
vn 0.3098 -0.5688 0.7619
vn 0.0427 -0.9988 0.0222
vn 0.9428 -0.0110 0.3332
vn 0.7662 -0.5609 -0.3136
vn -0.0061 0.9999 -0.0113
vn 0.4832 0.2135 -0.8491
vn -0.3003 0.2756 -0.9132
vn -0.8643 0.2563 -0.4327
vn -0.9255 0.2575 0.2778
vn -0.4832 0.2135 0.8491
vn 0.3003 0.2756 0.9132
vn 0.8643 0.2563 0.4327
vn -0.0849 -0.0001 -0.9964
vn 0.0576 0.7866 -0.6148
vn 0.0856 -0.0000 -0.9963
vn -0.9956 -0.0000 -0.0936
vn -0.1696 0.4179 -0.8925
vn -0.9957 -0.0001 0.0930
vn -0.5171 0.6877 -0.5096
vn -0.0856 -0.0000 0.9963
vn -0.8897 0.4243 0.1688
vn 0.0849 -0.0001 0.9964
vn -0.5114 0.6911 0.5107
vn 0.9956 -0.0000 0.0936
vn 0.1696 0.4179 0.8925
vn 0.9957 -0.0001 -0.0930
vn 0.5171 0.6877 0.5096
vn 0.8897 0.4243 -0.1688
vn -0.0559 0.8824 0.4672
vn 0.4641 0.8837 0.0607
vn 0.2504 0.6645 0.7041
vn 0.7032 0.6675 -0.2448
vn 0.3190 0.8695 -0.3770
vn -0.4641 0.8837 -0.0607
vn -0.2504 0.6645 -0.7041
vn -0.7032 0.6675 0.2448
vn -0.0997 -0.0000 0.9950
vn 0.0991 0.0002 0.9951
vn 0.9941 -0.0000 0.1084
vn 0.9942 -0.0001 -0.1078
vn 0.0997 -0.0000 -0.9950
vn -0.0991 0.0002 -0.9951
vn -0.9941 -0.0000 -0.1084
vn -0.9942 -0.0001 0.1078
vn -0.1065 0.3936 -0.9131
vn 0.1175 -0.4360 -0.8922
vn -0.1162 -0.4365 -0.8922
vn -0.9131 0.3936 0.1064
vn -0.8922 -0.4360 -0.1175
vn -0.8922 -0.4365 0.1162
vn 0.0616 0.9298 0.3628
vn -0.1524 0.9765 -0.1524
vn -0.1545 0.9759 0.1544
vn 0.9131 0.3936 -0.1064
vn 0.8922 -0.4360 0.1175
vn 0.8922 -0.4365 -0.1162
vn 0.1065 0.3936 0.9131
vn -0.1175 -0.4360 0.8922
vn 0.1162 -0.4365 0.8922
vn 0.1524 -0.9765 -0.1524
vn 0.5165 0.1740 -0.8384
vn 0.4396 0.7105 -0.5496
vn 0.1544 -0.9759 0.1544
vn 0.8384 0.1740 0.5165
vn -0.1544 -0.9759 -0.1544
vn -0.8384 0.1740 -0.5165
vn -0.1524 -0.9765 0.1524
vn -0.5165 0.1740 0.8384
vn -0.4483 -0.1013 -0.8881
vn 0.0375 -0.0254 -0.9990
vn -0.0412 -0.0292 -0.9987
vn 0.4483 -0.1013 0.8881
vn -0.0375 -0.0254 0.9990
vn 0.0412 -0.0292 0.9987
vn -0.0341 0.5243 -0.8509
vn 0.1151 0.8272 -0.5500
vn 0.6498 0.4890 -0.5819
vn 0.4822 0.8760 -0.0085
vn -0.0655 0.9634 -0.2600
vn -0.0474 0.7436 0.6669
vn 0.4811 0.7328 0.4812
vn 0.5263 0.6909 0.4957
vn 0.1863 0.9803 -0.0660
vn 0.0474 0.7436 -0.6669
vn -0.4811 0.7328 -0.4812
vn 0.0087 0.9691 -0.2466
vn -0.1863 0.9803 0.0660
vn 0.0341 0.5243 0.8509
vn -0.1151 0.8272 0.5500
vn 0.1796 0.7276 0.6621
vn 0.0655 0.9634 0.2600
vn -0.6498 0.4890 0.5819
vn -0.1638 0.9783 -0.1271
vn -0.5362 -0.0388 -0.8432
vn 0.0724 -0.0311 -0.9969
vn -0.0754 -0.0345 -0.9966
vn 0.5362 -0.0388 0.8432
vn -0.0724 -0.0311 0.9969
vn 0.0754 -0.0345 0.9966
vn -0.0319 0.5312 -0.8466
vn 0.1163 0.8263 -0.5511
vn 0.6233 0.5002 -0.6011
vn 0.4721 0.8815 -0.0062
vn -0.0635 0.9638 -0.2590
vn -0.0367 0.7456 0.6654
vn 0.4812 0.7327 0.4812
vn 0.5250 0.6989 0.4857
vn 0.1885 0.9799 -0.0653
vn 0.0367 0.7456 -0.6654
vn -0.4812 0.7327 -0.4812
vn 0.0050 0.9684 -0.2493
vn -0.1884 0.9799 0.0654
vn 0.0319 0.5312 0.8466
vn -0.1163 0.8263 0.5511
vn 0.1679 0.7291 0.6635
vn 0.0635 0.9638 0.2590
vn -0.6233 0.5002 0.6011
vn -0.1626 0.9777 -0.1328
vn -0.5579 -0.0341 -0.8292
vn 0.0679 -0.0248 -0.9974
vn -0.0708 -0.0281 -0.9971
vn 0.5579 -0.0341 0.8292
vn -0.0679 -0.0248 0.9974
vn 0.0708 -0.0281 0.9971
vn -0.0322 0.5302 -0.8473
vn 0.1150 0.8272 -0.5499
vn 0.6271 0.5030 -0.5948
vn 0.4736 0.8807 -0.0066
vn -0.0656 0.9634 -0.2600
vn -0.0383 0.7453 0.6656
vn 0.5252 0.6977 0.4871
vn 0.1860 0.9803 -0.0660
vn 0.0383 0.7453 -0.6656
vn 0.0056 0.9685 -0.2489
vn -0.1860 0.9803 0.0660
vn 0.0322 0.5302 0.8473
vn -0.1150 0.8272 0.5499
vn 0.1696 0.7289 0.6633
vn 0.0656 0.9634 0.2600
vn -0.6271 0.5030 0.5948
vn -0.1628 0.9778 -0.1320
vn 0.2161 0.9216 -0.3224
vn 0.1531 -0.4061 0.9009
vn 0.1516 -0.4054 -0.9015
vn 0.2387 0.9254 0.2943
vn -0.1516 -0.4053 0.9015
vn -0.3223 0.2162 0.9216
vn -0.1531 -0.4061 -0.9009
vn -0.2387 0.9254 -0.2943
vn -0.0602 0.2712 -0.9606
vn 0.0502 -0.3095 -0.9496
vn -0.0467 -0.3089 -0.9499
vn -0.9589 0.2161 0.1836
vn -0.9452 -0.2950 -0.1400
vn -0.9452 -0.2949 0.1400
vn 0.0834 0.8135 0.5756
vn -0.0540 0.9846 -0.1665
vn -0.0574 0.9840 0.1687
vn 0.9589 0.2161 -0.1836
vn 0.9452 -0.2950 0.1400
vn 0.9452 -0.2949 -0.1400
vn 0.0602 0.2712 0.9606
vn -0.0502 -0.3095 0.9496
vn 0.0467 -0.3089 0.9499
vn 0.0539 -0.9846 -0.1666
vn 0.6085 0.2630 -0.7487
vn 0.5213 0.6558 -0.5460
vn 0.0574 -0.9840 0.1687
vn 0.7825 0.3149 0.5372
vn -0.0574 -0.9840 -0.1687
vn -0.7825 0.3149 -0.5372
vn -0.0539 -0.9846 0.1666
vn -0.6085 0.2630 0.7487
vn 0.1318 0.7959 -0.5910
vn 0.5170 -0.1610 0.8407
vn 0.5131 -0.1471 -0.8457
vn 0.3848 0.2261 0.8949
vn -0.5130 -0.1471 0.8457
vn -0.5910 0.1318 0.7958
vn -0.5170 -0.1610 -0.8407
vn -0.3848 0.2261 -0.8949
vn -0.8881 -0.1013 0.4483
vn -0.9990 -0.0254 -0.0375
vn -0.9987 -0.0292 0.0412
vn 0.8881 -0.1013 -0.4484
vn 0.9990 -0.0254 0.0375
vn 0.9987 -0.0292 -0.0412
vn -0.8509 0.5243 0.0341
vn -0.5500 0.8272 -0.1151
vn -0.5819 0.4890 -0.6498
vn -0.0085 0.8760 -0.4823
vn -0.2600 0.9634 0.0654
vn 0.6669 0.7436 0.0474
vn 0.4812 0.7328 -0.4811
vn 0.4957 0.6909 -0.5263
vn -0.0659 0.9803 -0.1862
vn -0.6669 0.7436 -0.0474
vn -0.4811 0.7328 0.4811
vn -0.2467 0.9690 -0.0087
vn 0.0659 0.9803 0.1862
vn 0.8509 0.5243 -0.0341
vn 0.5500 0.8272 0.1151
vn 0.6621 0.7276 -0.1796
vn 0.2600 0.9634 -0.0654
vn 0.5819 0.4890 0.6498
vn -0.1271 0.9783 0.1638
vn -0.4812 0.7328 0.4811
vn -0.8432 -0.0387 0.5362
vn -0.9969 -0.0311 -0.0724
vn -0.9966 -0.0345 0.0754
vn 0.8432 -0.0388 -0.5362
vn 0.9969 -0.0311 0.0724
vn 0.9966 -0.0345 -0.0754
vn -0.8466 0.5312 0.0319
vn -0.5511 0.8263 -0.1163
vn -0.6012 0.5002 -0.6232
vn -0.0062 0.8815 -0.4721
vn -0.2590 0.9638 0.0636
vn 0.6654 0.7456 0.0368
vn 0.4812 0.7328 -0.4812
vn 0.4857 0.6989 -0.5250
vn -0.0654 0.9799 -0.1884
vn -0.6654 0.7456 -0.0368
vn -0.4812 0.7328 0.4812
vn -0.2493 0.9684 -0.0051
vn 0.0654 0.9799 0.1884
vn 0.8466 0.5312 -0.0319
vn 0.5511 0.8263 0.1163
vn 0.6635 0.7291 -0.1679
vn 0.2590 0.9638 -0.0636
vn 0.6012 0.5002 0.6232
vn -0.1327 0.9777 0.1626
vn -0.8292 -0.0341 0.5579
vn -0.9974 -0.0248 -0.0679
vn -0.9971 -0.0281 0.0708
vn 0.8292 -0.0341 -0.5579
vn 0.9974 -0.0248 0.0679
vn 0.9971 -0.0281 -0.0708
vn -0.8473 0.5302 0.0322
vn -0.5499 0.8272 -0.1150
vn -0.5948 0.5030 -0.6271
vn -0.0065 0.8807 -0.4736
vn -0.2601 0.9634 0.0656
vn 0.6656 0.7453 0.0383
vn 0.4871 0.6977 -0.5253
vn -0.0660 0.9803 -0.1860
vn -0.6656 0.7453 -0.0383
vn -0.2489 0.9685 -0.0056
vn 0.0660 0.9803 0.1860
vn 0.8473 0.5302 -0.0322
vn 0.5499 0.8272 0.1150
vn 0.6633 0.7289 -0.1696
vn 0.2601 0.9634 -0.0656
vn 0.5948 0.5030 0.6271
vn -0.1319 0.9778 0.1628
vn -0.3224 0.9216 -0.2161
vn 0.9009 -0.4061 -0.1531
vn -0.9015 -0.4054 -0.1516
vn 0.2943 0.9254 -0.2387
vn 0.9015 -0.4053 0.1516
vn 0.9216 0.2162 0.3223
vn -0.9009 -0.4061 0.1531
vn -0.2943 0.9254 0.2387
vn -0.9606 0.2712 0.0602
vn -0.9496 -0.3095 -0.0503
vn -0.9499 -0.3089 0.0468
vn 0.1836 0.2161 0.9589
vn -0.1400 -0.2950 0.9452
vn 0.1400 -0.2949 0.9452
vn 0.5756 0.8135 -0.0834
vn -0.1665 0.9846 0.0540
vn 0.1687 0.9840 0.0574
vn -0.1836 0.2161 -0.9589
vn 0.1400 -0.2950 -0.9452
vn -0.1400 -0.2949 -0.9452
vn 0.9606 0.2712 -0.0602
vn 0.9496 -0.3095 0.0503
vn 0.9499 -0.3089 -0.0468
vn -0.1665 -0.9846 -0.0539
vn -0.7487 0.2630 -0.6085
vn -0.5460 0.6558 -0.5213
vn 0.1687 -0.9840 -0.0574
vn 0.5372 0.3149 -0.7825
vn -0.1687 -0.9840 0.0574
vn -0.5372 0.3149 0.7825
vn 0.1665 -0.9846 0.0539
vn 0.7487 0.2630 0.6085
vn -0.5910 0.7959 -0.1318
vn 0.8407 -0.1610 -0.5170
vn -0.8457 -0.1471 -0.5131
vn 0.8949 0.2261 -0.3848
vn 0.8457 -0.1471 0.5130
vn 0.7958 0.1318 0.5910
vn -0.8407 -0.1610 0.5170
vn -0.8949 0.2261 0.3848
vn 0.4484 -0.1013 0.8881
vn -0.4484 -0.1013 -0.8881
vn 0.0341 0.5242 0.8509
vn -0.1152 0.8271 0.5501
vn -0.6499 0.4890 0.5818
vn -0.4823 0.8760 0.0085
vn 0.0653 0.9634 0.2600
vn -0.4812 0.7328 -0.4811
vn -0.5263 0.6909 -0.4957
vn 0.4812 0.7328 0.4811
vn -0.0087 0.9691 0.2467
vn -0.0341 0.5242 -0.8509
vn 0.1152 0.8271 -0.5501
vn -0.1795 0.7276 -0.6621
vn -0.0653 0.9634 -0.2600
vn 0.6499 0.4890 -0.5818
vn 0.1638 0.9783 0.1271
vn 0.0654 0.9634 0.2600
vn -0.4811 0.7328 -0.4811
vn -0.1862 0.9803 0.0659
vn -0.0088 0.9690 0.2467
vn 0.1862 0.9803 -0.0659
vn -0.1796 0.7276 -0.6621
vn -0.0654 0.9634 -0.2600
vn 0.0319 0.5313 0.8466
vn -0.6232 0.5002 0.6012
vn -0.4721 0.8815 0.0062
vn 0.0636 0.9638 0.2590
vn 0.0368 0.7456 -0.6654
vn -0.4812 0.7328 -0.4812
vn -0.5250 0.6989 -0.4857
vn -0.1884 0.9799 0.0653
vn -0.0368 0.7456 0.6654
vn 0.4812 0.7328 0.4812
vn -0.0051 0.9684 0.2493
vn 0.1884 0.9799 -0.0653
vn -0.0319 0.5313 -0.8466
vn -0.1679 0.7291 -0.6635
vn -0.0636 0.9638 -0.2590
vn 0.6232 0.5002 -0.6012
vn 0.1626 0.9777 0.1328
vn -0.4736 0.8807 0.0066
vn -0.5252 0.6977 -0.4871
vn -0.0056 0.9685 0.2489
vn -0.1696 0.7289 -0.6633
vn -0.0656 0.9634 -0.2601
vn 0.1628 0.9778 0.1320
vn -0.2161 0.9216 0.3224
vn -0.1516 -0.4054 0.9015
vn 0.1516 -0.4053 -0.9015
vn 0.3223 0.2162 -0.9216
vn -0.0834 0.8135 -0.5756
vn 0.0540 0.9846 0.1665
vn 0.0574 0.9840 -0.1687
vn -0.5213 0.6558 0.5460
vn -0.1318 0.7959 0.5910
vn -0.5131 -0.1471 0.8457
vn 0.5130 -0.1471 -0.8457
vn 0.5910 0.1318 -0.7958
vn 0.8881 -0.1013 -0.4483
vn -0.8881 -0.1013 0.4484
vn 0.8509 0.5242 -0.0341
vn 0.0085 0.8760 0.4823
vn -0.4957 0.6909 0.5263
vn 0.2467 0.9691 0.0088
vn -0.8509 0.5242 0.0341
vn -0.6621 0.7276 0.1796
vn 0.1270 0.9783 -0.1638
vn 0.8432 -0.0387 -0.5362
vn -0.8432 -0.0388 0.5362
vn 0.0062 0.8815 0.4721
vn -0.4857 0.6989 0.5250
vn 0.2493 0.9684 0.0051
vn -0.6635 0.7291 0.1679
vn 0.1327 0.9777 -0.1626
vn 0.0065 0.8807 0.4736
vn -0.4871 0.6977 0.5253
vn 0.2489 0.9685 0.0056
vn -0.6633 0.7289 0.1696
vn 0.1319 0.9778 -0.1628
vn 0.3224 0.9216 0.2161
vn 0.9015 -0.4054 0.1516
vn -0.9015 -0.4053 -0.1516
vn -0.9216 0.2162 -0.3223
vn 0.9496 -0.3095 0.0502
vn 0.9499 -0.3089 -0.0467
vn -0.5756 0.8135 0.0834
vn 0.1665 0.9846 -0.0540
vn -0.1687 0.9840 -0.0574
vn -0.9496 -0.3095 -0.0502
vn -0.9499 -0.3089 0.0467
vn 0.1666 -0.9846 0.0539
vn 0.5460 0.6558 0.5213
vn -0.1666 -0.9846 -0.0539
vn 0.5910 0.7959 0.1318
vn 0.8457 -0.1471 0.5131
vn -0.8457 -0.1471 -0.5130
vn -0.7958 0.1318 -0.5910
vn -0.0000 -0.0000 -1.0000
vn -0.0000 -0.0000 1.0000
vn -0.0000 -1.0000 -0.0000
vn -0.7071 -0.7071 -0.0000
vn -1.0000 -0.0000 -0.0000
vn -0.7071 0.7071 -0.0000
vn -0.0000 1.0000 -0.0000
vn 0.7071 0.7071 -0.0000
vn 1.0000 -0.0000 -0.0000
vn 0.7071 -0.7071 -0.0000
vn -0.7070 -0.7073 -0.0000
vn -0.7070 0.7072 -0.0000
vn 0.7070 0.7073 -0.0000
vn 0.7070 -0.7072 -0.0000
vn -0.0000 -0.7071 0.7071
vn -0.0000 0.7071 0.7071
vn -0.0000 0.7071 -0.7071
vn -0.0000 -0.7071 -0.7071
vn 0.7070 -0.7073 -0.0000
vn 0.7070 0.7072 -0.0000
vn -0.7070 0.7073 -0.0000
vn -0.7070 -0.7072 -0.0000
vn 0.4406 0.7821 0.4406
vn -0.4406 0.7821 -0.4406
vn 0.4409 0.7818 0.4409
vn -0.4409 0.7818 -0.4409
vn 0.4406 0.7822 0.4406
vn -0.4406 0.7822 -0.4406
vn 0.4406 0.7821 -0.4406
vn -0.4406 0.7821 0.4406
vn 0.4409 0.7818 -0.4409
vn -0.4409 0.7818 0.4409
vn 0.4406 0.7822 -0.4406
vn -0.4406 0.7822 0.4406
vn -0.4407 0.7821 -0.4406
vn 0.4407 0.7821 0.4406
vt 0.440924 0.297869
vt 0.432332 0.435710
vt 0.440924 0.433398
vt 0.006200 0.305268
vt 0.014745 0.315868
vt 0.014785 0.301705
vt 0.006225 0.440642
vt 0.014742 0.318456
vt 0.006189 0.319932
vt 0.521060 0.308658
vt 0.529609 0.294280
vt 0.521001 0.298373
vt 0.521091 0.446621
vt 0.529683 0.308780
vt 0.521091 0.311092
vt 0.707839 0.459340
vt 0.699162 0.451374
vt 0.699231 0.463433
vt 0.707749 0.323585
vt 0.699157 0.448933
vt 0.707749 0.446621
vt 0.432332 0.295557
vt 0.358784 0.435709
vt 0.008176 0.471477
vt 0.008176 0.608043
vt 0.154650 0.471477
vt 0.699231 0.306773
vt 0.627019 0.318832
vt 0.699162 0.318832
vt 0.014780 0.443704
vt 0.088292 0.318487
vt 0.529678 0.306339
vt 0.601752 0.294280
vt 0.529683 0.448933
vt 0.603232 0.308781
vt 0.529677 0.451374
vt 0.601751 0.463433
vt 0.601820 0.451374
vt 0.699157 0.321272
vt 0.625608 0.448932
vt 0.358784 0.295558
vt 0.353820 0.433841
vt 0.086889 0.315898
vt 0.086929 0.301734
vt 0.624481 0.307343
vt 0.620586 0.320724
vt 0.624413 0.319286
vt 0.088330 0.443733
vt 0.093277 0.319864
vt 0.604427 0.306793
vt 0.608188 0.296673
vt 0.604359 0.294851
vt 0.603232 0.448932
vt 0.608195 0.310649
vt 0.959655 0.505825
vt 0.959655 0.519762
vt 0.962822 0.508645
vt 0.625608 0.321274
vt 0.620645 0.447064
vt 0.183601 0.609313
vt 0.187994 0.477205
vt 0.183601 0.473118
vt 0.089541 0.302206
vt 0.093345 0.317294
vt 0.093384 0.303718
vt 0.201036 0.464163
vt 0.196950 0.459770
vt 0.320652 0.622662
vt 0.201036 0.618269
vt 0.196950 0.622662
vt 0.334001 0.609313
vt 0.316566 0.618269
vt 0.334001 0.473118
vt 0.329608 0.605227
vt 0.316566 0.464163
vt 0.329608 0.477205
vt 0.320652 0.459770
vt 0.183236 0.432301
vt 0.260220 0.309250
vt 0.183236 0.309250
vt 0.187994 0.605227
vt 0.183231 0.306851
vt 0.260152 0.295877
vt 0.183168 0.295877
vt 0.721570 0.311161
vt 0.798554 0.200602
vt 0.721570 0.200602
vt 0.721501 0.324534
vt 0.798548 0.313560
vt 0.721564 0.313560
vt 0.674960 0.991349
vt 0.751944 0.868297
vt 0.674960 0.868297
vt 0.798563 0.450543
vt 0.721538 0.463378
vt 0.798523 0.463433
vt 0.798566 0.339528
vt 0.721582 0.447942
vt 0.798566 0.447997
vt 0.658887 0.489308
vt 0.646749 0.477170
vt 0.534544 0.477170
vt 0.183168 0.445674
vt 0.260215 0.434700
vt 0.183231 0.434700
vt 0.007176 0.609959
vt 0.006166 0.607525
vt 0.007176 0.469562
vt 0.006166 0.471996
vt 0.019895 0.458267
vt 0.017461 0.459277
vt 0.019376 0.460277
vt 0.145365 0.459277
vt 0.142931 0.458267
vt 0.143450 0.460277
vt 0.156660 0.471996
vt 0.155650 0.469562
vt 0.155650 0.609959
vt 0.156660 0.607525
vt 0.154650 0.608043
vt 0.142931 0.621254
vt 0.145365 0.620243
vt 0.143450 0.619244
vt 0.017461 0.620243
vt 0.019895 0.621254
vt 0.019376 0.619244
vt 0.360195 0.438151
vt 0.357588 0.437697
vt 0.360195 0.293116
vt 0.357588 0.293570
vt 0.089501 0.316234
vt 0.086929 0.445935
vt 0.089540 0.445381
vt 0.601821 0.306339
vt 0.604427 0.450920
vt 0.624413 0.450920
vt 0.627019 0.451374
vt 0.182864 0.470591
vt 0.181838 0.473008
vt 0.182864 0.611840
vt 0.181838 0.609423
vt 0.196840 0.624426
vt 0.194423 0.623399
vt 0.323179 0.623399
vt 0.320762 0.624426
vt 0.335765 0.609423
vt 0.334738 0.611840
vt 0.334738 0.470591
vt 0.335765 0.473008
vt 0.320762 0.458006
vt 0.323179 0.459032
vt 0.194423 0.459032
vt 0.196840 0.458006
vt 0.189155 0.479690
vt 0.190149 0.477291
vt 0.189155 0.602741
vt 0.190149 0.605141
vt 0.201122 0.616114
vt 0.203522 0.617108
vt 0.314080 0.617108
vt 0.316480 0.616114
vt 0.327453 0.605141
vt 0.328447 0.602741
vt 0.328447 0.479690
vt 0.327453 0.477291
vt 0.316480 0.466317
vt 0.314080 0.465324
vt 0.203522 0.465324
vt 0.201122 0.466317
vt 0.260215 0.306851
vt 0.261618 0.308427
vt 0.261618 0.433125
vt 0.260220 0.432301
vt 0.799951 0.199779
vt 0.798548 0.198203
vt 0.799951 0.311985
vt 0.798554 0.311161
vt 0.753341 0.867474
vt 0.751938 0.865898
vt 0.751939 0.993748
vt 0.753341 0.992172
vt 0.751944 0.991349
vt 0.720171 0.449021
vt 0.721578 0.450489
vt 0.721578 0.337312
vt 0.720171 0.338936
vt 0.721582 0.339473
vt 0.440956 0.435832
vt 0.440956 0.295435
vt 0.006166 0.317348
vt 0.006204 0.442835
vt 0.521059 0.449055
vt 0.707780 0.449055
vt 0.707780 0.321151
vt 0.432338 0.438151
vt 0.432338 0.293116
vt 0.014785 0.445906
vt 0.627088 0.306773
vt 0.353820 0.297426
vt 0.093314 0.441445
vt 0.608195 0.447064
vt 0.620645 0.323142
vt 0.181838 0.434787
vt 0.181838 0.306765
vt 0.720171 0.313647
vt 0.720171 0.198117
vt 0.673562 0.993834
vt 0.673562 0.865812
vt 0.799976 0.336866
vt 0.799976 0.450212
vt 0.521001 0.613182
vt 0.522406 0.489308
vt 0.521001 0.490131
vt 0.721564 0.198203
vt 0.532968 0.626555
vt 0.522406 0.614005
vt 0.521994 0.615581
vt 0.645926 0.627549
vt 0.534544 0.626143
vt 0.535367 0.627549
vt 0.674955 0.865898
vt 0.659298 0.615581
vt 0.646749 0.626143
vt 0.648325 0.626555
vt 0.674955 0.993748
vt 0.660292 0.490131
vt 0.658887 0.614005
vt 0.660292 0.613182
vt 0.648325 0.476758
vt 0.659298 0.487732
vt 0.798563 0.337366
vt 0.535367 0.475765
vt 0.645926 0.475764
vt 0.521994 0.487732
vt 0.768020 0.558075
vt 0.768020 0.574802
vt 0.773327 0.566885
vt 0.337369 0.792289
vt 0.337369 0.653310
vt 0.185898 0.792289
vt 0.339373 0.290142
vt 0.333104 0.431620
vt 0.339374 0.429121
vt 0.823369 0.681505
vt 0.829645 0.663333
vt 0.823409 0.666831
vt 0.823413 0.805601
vt 0.829599 0.679841
vt 0.198390 0.804782
vt 0.181838 0.794788
vt 0.195892 0.808842
vt 0.315151 0.290142
vt 0.308881 0.431620
vt 0.315151 0.429121
vt 0.198390 0.640818
vt 0.181838 0.650812
vt 0.185898 0.653310
vt 0.079110 0.160387
vt 0.072840 0.289373
vt 0.079110 0.286874
vt 0.324877 0.640818
vt 0.341430 0.650812
vt 0.327375 0.636758
vt 0.333104 0.287644
vt 0.327483 0.431620
vt 0.835267 0.663335
vt 0.829645 0.808840
vt 0.835221 0.679843
vt 0.303340 0.445674
vt 0.308962 0.445674
vt 0.308881 0.287644
vt 0.303260 0.431620
vt 0.308962 0.273589
vt 0.303260 0.287644
vt 0.072840 0.157889
vt 0.067219 0.289373
vt 0.327563 0.445674
vt 0.333185 0.445674
vt 0.165758 0.647640
vt 0.151704 0.633585
vt 0.020220 0.633585
vt 0.870181 0.808839
vt 0.876031 0.669238
vt 0.870253 0.669235
vt 0.333551 0.150601
vt 0.339373 0.134278
vt 0.333596 0.134276
vt 0.333596 0.275310
vt 0.339328 0.150603
vt 0.865134 0.535685
vt 0.859436 0.549583
vt 0.865214 0.549583
vt 0.865134 0.396081
vt 0.859357 0.535685
vt 0.865214 0.382183
vt 0.859357 0.396081
vt 0.894140 0.681731
vt 0.888363 0.808842
vt 0.894140 0.808842
vt 0.875958 0.655340
vt 0.870181 0.655337
vt 0.353761 0.613651
vt 0.360945 0.480293
vt 0.353761 0.474047
vt 0.373906 0.620365
vt 0.360945 0.607404
vt 0.494771 0.627549
vt 0.367659 0.627549
vt 0.508669 0.613651
vt 0.488524 0.620365
vt 0.508669 0.474047
vt 0.501485 0.607404
vt 0.488524 0.467332
vt 0.501485 0.480293
vt 0.367659 0.460149
vt 0.494771 0.460149
vt 0.373906 0.467332
vt 0.890470 0.853762
vt 0.886187 0.980871
vt 0.890403 0.980873
vt 0.882543 0.196954
vt 0.886685 0.183993
vt 0.882469 0.183993
vt 0.882543 0.311573
vt 0.886759 0.196954
vt 0.882469 0.324534
vt 0.886759 0.311573
vt 0.899553 0.549583
vt 0.903769 0.422472
vt 0.899553 0.422472
vt 0.903349 0.309310
vt 0.899091 0.324532
vt 0.903307 0.324534
vt 0.903307 0.196857
vt 0.899133 0.309308
vt 0.886254 0.993832
vt 0.890470 0.993834
vt 0.930384 0.471260
vt 0.934132 0.489999
vt 0.934132 0.471260
vt 0.412356 0.091970
vt 0.419716 0.109232
vt 0.416028 0.091221
vt 0.695267 0.561979
vt 0.676528 0.580718
vt 0.695267 0.580718
vt 0.764897 0.079355
vt 0.768644 0.098094
vt 0.768644 0.079355
vt 0.860687 0.074633
vt 0.864435 0.093372
vt 0.864435 0.074633
vt 0.772571 0.079355
vt 0.768667 0.075451
vt 0.672624 0.561979
vt 0.676528 0.561979
vt 0.676528 0.558075
vt 0.772571 0.098094
vt 0.768667 0.101998
vt 0.699171 0.561979
vt 0.695267 0.558075
vt 0.423678 0.109194
vt 0.420621 0.113727
vt 0.412356 0.111504
vt 0.416949 0.114476
vt 0.416044 0.109981
vt 0.868361 0.093372
vt 0.864457 0.097275
vt 0.695267 0.584622
vt 0.699171 0.580718
vt 0.764919 0.075451
vt 0.764897 0.098094
vt 0.764919 0.101998
vt 0.868361 0.074633
vt 0.860687 0.093372
vt 0.860709 0.097275
vt 0.124454 0.120748
vt 0.105716 0.116844
vt 0.105716 0.120748
vt 0.938058 0.471260
vt 0.938058 0.489999
vt 0.672624 0.580718
vt 0.105716 0.139487
vt 0.124454 0.139487
vt 0.330629 0.061672
vt 0.334376 0.080411
vt 0.334376 0.061672
vt 0.579595 0.093134
vt 0.586955 0.110396
vt 0.583267 0.092385
vt 0.696204 0.830837
vt 0.677465 0.849576
vt 0.696204 0.849576
vt 0.105716 0.081869
vt 0.109463 0.100608
vt 0.109463 0.081869
vt 0.136786 0.073437
vt 0.140534 0.092176
vt 0.140534 0.073437
vt 0.113389 0.081869
vt 0.109486 0.077965
vt 0.673562 0.830837
vt 0.677465 0.830837
vt 0.677465 0.826933
vt 0.113389 0.100608
vt 0.109486 0.104512
vt 0.700108 0.830837
vt 0.696204 0.826933
vt 0.590918 0.110359
vt 0.587861 0.114892
vt 0.579595 0.112669
vt 0.584189 0.115641
vt 0.583283 0.111145
vt 0.144460 0.092176
vt 0.140556 0.096080
vt 0.696204 0.853480
vt 0.700108 0.849576
vt 0.105738 0.077965
vt 0.105716 0.100608
vt 0.105738 0.104512
vt 0.144460 0.073437
vt 0.136786 0.092176
vt 0.136809 0.096080
vt 0.085958 0.126818
vt 0.067219 0.122914
vt 0.067219 0.126818
vt 0.338303 0.061672
vt 0.338303 0.080411
vt 0.673562 0.849576
vt 0.067219 0.145557
vt 0.085958 0.145557
vt 0.555331 0.061325
vt 0.559079 0.080064
vt 0.559079 0.061325
vt 0.383582 0.094543
vt 0.390942 0.111805
vt 0.387254 0.093794
vt 0.734145 0.561979
vt 0.715407 0.580718
vt 0.734145 0.580718
vt 0.720171 0.079355
vt 0.723919 0.098094
vt 0.723919 0.079355
vt 0.651657 0.070242
vt 0.655404 0.088981
vt 0.655404 0.070242
vt 0.727845 0.079355
vt 0.723941 0.075451
vt 0.711503 0.561979
vt 0.715407 0.561979
vt 0.715407 0.558075
vt 0.727845 0.098094
vt 0.723941 0.101998
vt 0.738049 0.561979
vt 0.734145 0.558075
vt 0.394904 0.111768
vt 0.391847 0.116301
vt 0.383582 0.114078
vt 0.388175 0.117050
vt 0.387270 0.112554
vt 0.659330 0.088981
vt 0.655427 0.092885
vt 0.734145 0.584622
vt 0.738049 0.580718
vt 0.720194 0.075451
vt 0.720171 0.098094
vt 0.720194 0.101998
vt 0.659330 0.070242
vt 0.651657 0.088981
vt 0.651679 0.092885
vt 0.639325 0.117553
vt 0.620586 0.113649
vt 0.620586 0.117553
vt 0.563005 0.061325
vt 0.563005 0.080064
vt 0.711503 0.580718
vt 0.620586 0.136292
vt 0.639325 0.136292
vt 0.579595 0.061315
vt 0.583343 0.080053
vt 0.583343 0.061315
vt 0.555331 0.093145
vt 0.562691 0.110407
vt 0.559003 0.092396
vt 0.716344 0.830837
vt 0.735082 0.849576
vt 0.735082 0.830837
vt 0.740177 0.079355
vt 0.743925 0.098094
vt 0.743925 0.079355
vt 0.677735 0.069851
vt 0.681482 0.088590
vt 0.681482 0.069851
vt 0.747851 0.079355
vt 0.743947 0.075451
vt 0.716344 0.853480
vt 0.716344 0.849576
vt 0.712440 0.849576
vt 0.747851 0.098094
vt 0.743947 0.101998
vt 0.716344 0.826933
vt 0.712440 0.830837
vt 0.566653 0.110370
vt 0.563597 0.114903
vt 0.555331 0.112680
vt 0.559924 0.115652
vt 0.559019 0.111156
vt 0.685409 0.088590
vt 0.681505 0.092494
vt 0.738986 0.830837
vt 0.735082 0.826933
vt 0.740199 0.075451
vt 0.740177 0.098094
vt 0.740199 0.101998
vt 0.685409 0.069851
vt 0.677735 0.088590
vt 0.677757 0.092494
vt 0.024905 0.114622
vt 0.006166 0.110718
vt 0.006166 0.114622
vt 0.587269 0.061315
vt 0.587269 0.080053
vt 0.735082 0.853480
vt 0.006166 0.133361
vt 0.024905 0.133361
vt 0.764268 0.652830
vt 0.809085 0.589119
vt 0.764268 0.589119
vt 0.107668 0.295498
vt 0.152484 0.231788
vt 0.107668 0.231788
vt 0.809085 0.587156
vt 0.811037 0.589108
vt 0.535285 0.075040
vt 0.537237 0.075040
vt 0.537237 0.073088
vt 0.107668 0.229824
vt 0.105716 0.231776
vt 0.915681 0.199759
vt 0.917633 0.199759
vt 0.915681 0.197807
vt 0.903180 0.846271
vt 0.902802 0.848216
vt 0.905095 0.848222
vt 0.903180 0.913887
vt 0.905095 0.911933
vt 0.902802 0.911928
vt 0.152484 0.229824
vt 0.154436 0.231776
vt 0.915681 0.244576
vt 0.915681 0.246528
vt 0.917633 0.244576
vt 0.809085 0.652830
vt 0.105716 0.295487
vt 0.152484 0.295498
vt 0.154436 0.295487
vt 0.764268 0.587156
vt 0.535285 0.119857
vt 0.537237 0.119857
vt 0.765673 0.993834
vt 0.810490 0.930123
vt 0.765673 0.930123
vt 0.008118 0.289373
vt 0.052935 0.225662
vt 0.008118 0.225662
vt 0.810490 0.928160
vt 0.812442 0.930112
vt 0.925477 0.126844
vt 0.927428 0.126844
vt 0.927428 0.124892
vt 0.008118 0.223699
vt 0.006166 0.225651
vt 0.916101 0.424808
vt 0.918052 0.424808
vt 0.916101 0.422856
vt 0.906850 0.741227
vt 0.906472 0.743172
vt 0.908765 0.743177
vt 0.906850 0.808842
vt 0.908765 0.806889
vt 0.906472 0.806883
vt 0.052935 0.223699
vt 0.054887 0.225651
vt 0.916101 0.469625
vt 0.916101 0.471577
vt 0.918052 0.469625
vt 0.810490 0.993834
vt 0.006166 0.289361
vt 0.052935 0.289373
vt 0.054887 0.289361
vt 0.765673 0.928160
vt 0.925477 0.171661
vt 0.927428 0.171661
vt 0.823369 0.651001
vt 0.854288 0.582138
vt 0.823369 0.582138
vt 0.813529 0.549583
vt 0.844448 0.480719
vt 0.813529 0.480719
vt 0.737656 0.114330
vt 0.735080 0.116907
vt 0.737656 0.116921
vt 0.935381 0.732095
vt 0.937957 0.732095
vt 0.937957 0.729519
vt 0.749988 0.114330
vt 0.749988 0.116921
vt 0.752565 0.116907
vt 0.931710 0.960338
vt 0.934287 0.960338
vt 0.931710 0.957762
vt 0.163363 0.143475
vt 0.162865 0.146042
vt 0.165891 0.146050
vt 0.163363 0.217492
vt 0.165891 0.214914
vt 0.162865 0.214907
vt 0.844448 0.478128
vt 0.847025 0.480705
vt 0.931710 0.991258
vt 0.931710 0.993834
vt 0.934287 0.991258
vt 0.735080 0.185770
vt 0.749988 0.185785
vt 0.752565 0.185770
vt 0.813529 0.478128
vt 0.844448 0.549583
vt 0.847025 0.549568
vt 0.823369 0.579546
vt 0.854288 0.579546
vt 0.935381 0.763015
vt 0.937957 0.763015
vt 0.677735 0.214297
vt 0.703969 0.146527
vt 0.677735 0.146527
vt 0.523031 0.202001
vt 0.549265 0.134230
vt 0.523031 0.134230
vt 0.703969 0.144485
vt 0.705999 0.146515
vt 0.948903 0.567742
vt 0.950933 0.567742
vt 0.950933 0.565712
vt 0.523031 0.132189
vt 0.521001 0.134219
vt 0.945293 0.521319
vt 0.947323 0.521319
vt 0.945293 0.519289
vt 0.796276 0.113954
vt 0.795883 0.115976
vt 0.798268 0.115982
vt 0.796276 0.185785
vt 0.798268 0.183754
vt 0.795883 0.183748
vt 0.549265 0.132189
vt 0.551295 0.134219
vt 0.945293 0.547553
vt 0.945293 0.549583
vt 0.947323 0.547553
vt 0.703969 0.214297
vt 0.521001 0.201990
vt 0.549265 0.202001
vt 0.551295 0.201990
vt 0.677735 0.144485
vt 0.948903 0.593977
vt 0.950933 0.593977
vt 0.607355 0.830967
vt 0.611103 0.822847
vt 0.607355 0.822847
vt 0.929965 0.246211
vt 0.938085 0.266355
vt 0.938085 0.246211
vt 0.655594 0.830967
vt 0.659271 0.822844
vt 0.655594 0.822847
vt 0.928451 0.565713
vt 0.936571 0.585856
vt 0.936571 0.565713
vt 0.624334 0.040265
vt 0.620586 0.060409
vt 0.624334 0.060409
vt 0.357509 0.039448
vt 0.353761 0.059592
vt 0.357509 0.059592
vt 0.921097 0.657535
vt 0.924845 0.684863
vt 0.924845 0.657535
vt 0.771295 0.837822
vt 0.767541 0.829243
vt 0.767547 0.837822
vt 0.147405 0.110285
vt 0.138660 0.137613
vt 0.147405 0.137613
vt 0.523187 0.822222
vt 0.526935 0.830967
vt 0.526935 0.822222
vt 0.087046 0.081381
vt 0.090794 0.108708
vt 0.090794 0.081381
vt 0.926729 0.684863
vt 0.924855 0.686737
vt 0.136786 0.110285
vt 0.138660 0.110285
vt 0.138660 0.108411
vt 0.092678 0.081381
vt 0.090805 0.079507
vt 0.149279 0.110285
vt 0.147405 0.108411
vt 0.765673 0.828880
vt 0.767546 0.827042
vt 0.773169 0.828880
vt 0.771294 0.827042
vt 0.771288 0.829243
vt 0.092678 0.108708
vt 0.090805 0.110582
vt 0.147405 0.139487
vt 0.149279 0.137613
vt 0.528819 0.822222
vt 0.528819 0.830967
vt 0.921097 0.684863
vt 0.087057 0.079507
vt 0.087046 0.108708
vt 0.087057 0.110582
vt 0.256784 0.096068
vt 0.248039 0.094194
vt 0.248039 0.096068
vt 0.926729 0.657535
vt 0.136786 0.137613
vt 0.248039 0.123395
vt 0.256784 0.123395
vt 0.950390 0.491561
vt 0.954450 0.471260
vt 0.950390 0.471260
vt 0.700685 0.071100
vt 0.707244 0.050800
vt 0.700685 0.050800
vt 0.860687 0.062301
vt 0.864670 0.041998
vt 0.860687 0.042001
vt 0.412356 0.078889
vt 0.418914 0.058589
vt 0.412356 0.058589
vt 0.974345 0.699068
vt 0.970285 0.705627
vt 0.974345 0.705627
vt 0.979214 0.513203
vt 0.975154 0.519762
vt 0.979214 0.519762
vt 0.950417 0.266511
vt 0.954477 0.246211
vt 0.950417 0.246211
vt 0.942735 0.643005
vt 0.949294 0.622705
vt 0.942735 0.622705
vt 0.136786 0.061105
vt 0.140770 0.040802
vt 0.136786 0.040805
vt 0.812283 0.076391
vt 0.818842 0.056091
vt 0.812283 0.056091
vt 0.980107 0.422549
vt 0.976047 0.429107
vt 0.980107 0.429107
vt 0.980710 0.285338
vt 0.976650 0.291897
vt 0.980710 0.291897
vt 0.521001 0.280021
vt 0.564971 0.216278
vt 0.521001 0.216309
vt 0.275901 0.257801
vt 0.320718 0.194090
vt 0.275901 0.194090
vt 0.565348 0.214333
vt 0.567263 0.216284
vt 0.564971 0.279990
vt 0.565348 0.281949
vt 0.567263 0.279995
vt 0.275901 0.192127
vt 0.273949 0.194079
vt 0.923049 0.806890
vt 0.921097 0.806890
vt 0.923049 0.808842
vt 0.914168 0.577331
vt 0.914168 0.579295
vt 0.916119 0.579283
vt 0.353761 0.073875
vt 0.355713 0.073875
vt 0.353761 0.071923
vt 0.917633 0.258860
vt 0.915681 0.260812
vt 0.917633 0.260823
vt 0.923049 0.762073
vt 0.923049 0.760121
vt 0.921097 0.762073
vt 0.273949 0.257790
vt 0.320718 0.192127
vt 0.915681 0.324523
vt 0.917633 0.324534
vt 0.914168 0.643005
vt 0.916119 0.642994
vt 0.930403 0.598188
vt 0.928451 0.643005
vt 0.930403 0.643005
vt 0.353761 0.118692
vt 0.353761 0.278856
vt 0.397731 0.215114
vt 0.353761 0.215145
vt 0.766220 0.730836
vt 0.811037 0.667125
vt 0.766220 0.667125
vt 0.398109 0.213169
vt 0.400024 0.215119
vt 0.397731 0.278825
vt 0.398109 0.280784
vt 0.400024 0.278831
vt 0.766220 0.665162
vt 0.764268 0.667114
vt 0.923049 0.745837
vt 0.921097 0.745837
vt 0.923049 0.747789
vt 0.916101 0.483909
vt 0.916101 0.485872
vt 0.918053 0.485861
vt 0.368045 0.073875
vt 0.369997 0.073875
vt 0.368045 0.071923
vt 0.919379 0.928160
vt 0.917427 0.930112
vt 0.919379 0.930123
vt 0.923049 0.701020
vt 0.923049 0.699068
vt 0.921097 0.701020
vt 0.764268 0.730825
vt 0.811037 0.665162
vt 0.917427 0.993823
vt 0.919379 0.993834
vt 0.916101 0.549583
vt 0.918053 0.549572
vt 0.931917 0.279717
vt 0.929965 0.324534
vt 0.931917 0.324534
vt 0.368045 0.118692
vt 0.812283 0.238183
vt 0.842618 0.169297
vt 0.812283 0.169318
vt 0.824774 0.993834
vt 0.855693 0.924970
vt 0.824774 0.924970
vt 0.843116 0.166729
vt 0.845644 0.169304
vt 0.842618 0.238161
vt 0.843116 0.240747
vt 0.845644 0.238168
vt 0.877546 0.348287
vt 0.877546 0.350878
vt 0.880122 0.350864
vt 0.932542 0.231303
vt 0.929965 0.231303
vt 0.932542 0.233879
vt 0.392328 0.129382
vt 0.392328 0.131973
vt 0.394904 0.131958
vt 0.931710 0.914511
vt 0.934287 0.914511
vt 0.931710 0.911935
vt 0.872757 0.571550
vt 0.870181 0.574127
vt 0.872757 0.574141
vt 0.932542 0.200384
vt 0.932542 0.197807
vt 0.929965 0.200384
vt 0.877546 0.419742
vt 0.880122 0.419727
vt 0.824774 0.922379
vt 0.855693 0.922379
vt 0.870181 0.642991
vt 0.872757 0.643005
vt 0.392328 0.200837
vt 0.394904 0.200822
vt 0.934287 0.868684
vt 0.931710 0.899603
vt 0.934287 0.899603
vt 0.931710 0.945430
vt 0.579595 0.279930
vt 0.605334 0.212140
vt 0.579595 0.212158
vt 0.353761 0.200837
vt 0.379996 0.133066
vt 0.353761 0.133066
vt 0.605726 0.210117
vt 0.607718 0.212146
vt 0.605334 0.279911
vt 0.605726 0.281949
vt 0.607718 0.279917
vt 0.306189 0.109983
vt 0.306189 0.112024
vt 0.308219 0.112013
vt 0.508604 0.105122
vt 0.506574 0.105122
vt 0.508604 0.107152
vt 0.860687 0.109607
vt 0.860687 0.111649
vt 0.862717 0.111637
vt 0.946619 0.967600
vt 0.948649 0.967600
vt 0.946619 0.965570
vt 0.884499 0.101849
vt 0.882469 0.103879
vt 0.884499 0.103890
vt 0.508604 0.078888
vt 0.508604 0.076858
vt 0.506574 0.078888
vt 0.306189 0.179795
vt 0.308219 0.179784
vt 0.353761 0.131024
vt 0.379996 0.131024
vt 0.882469 0.171649
vt 0.884499 0.171661
vt 0.860687 0.179420
vt 0.862717 0.179408
vt 0.474208 0.048758
vt 0.472178 0.074992
vt 0.474208 0.074992
vt 0.946619 0.993834
vt 0.623435 0.830967
vt 0.627182 0.822847
vt 0.623435 0.822847
vt 0.037237 0.069810
vt 0.045357 0.089954
vt 0.045357 0.069810
vt 0.639514 0.830967
vt 0.643262 0.822847
vt 0.639514 0.822847
vt 0.256159 0.081862
vt 0.248039 0.062093
vt 0.248039 0.081856
vt 0.606997 0.038348
vt 0.603249 0.058492
vt 0.606997 0.058492
vt 0.291827 0.057992
vt 0.295575 0.037847
vt 0.291827 0.037847
vt 0.277634 0.112271
vt 0.273867 0.085460
vt 0.273886 0.112271
vt 0.785659 0.564183
vt 0.789407 0.572928
vt 0.789407 0.564183
vt 0.854595 0.367977
vt 0.863340 0.340650
vt 0.854595 0.340650
vt 0.803623 0.564183
vt 0.807371 0.572928
vt 0.807371 0.564183
vt 0.291827 0.070323
vt 0.295575 0.097651
vt 0.295575 0.070323
vt 0.272000 0.085097
vt 0.273872 0.083259
vt 0.277615 0.085460
vt 0.279495 0.085097
vt 0.277620 0.083259
vt 0.809255 0.572928
vt 0.807382 0.574802
vt 0.852721 0.367977
vt 0.854595 0.369851
vt 0.791291 0.572928
vt 0.789417 0.574802
vt 0.865214 0.340650
vt 0.863340 0.338776
vt 0.791291 0.564183
vt 0.789417 0.562309
vt 0.854595 0.338776
vt 0.852721 0.340650
vt 0.809255 0.564183
vt 0.863340 0.369851
vt 0.863340 0.367977
vt 0.803623 0.572928
vt 0.803634 0.574802
vt 0.297459 0.070323
vt 0.297459 0.097651
vt 0.785670 0.562309
vt 0.785659 0.572928
vt 0.785670 0.574802
vt 0.679609 0.104826
vt 0.677735 0.132153
vt 0.679609 0.132153
vt 0.688354 0.104826
vt 0.688354 0.132153
vt 0.087046 0.067175
vt 0.091106 0.046875
vt 0.087046 0.046875
vt 0.831174 0.076391
vt 0.837732 0.056091
vt 0.831174 0.056091
vt 0.950289 0.770276
vt 0.954350 0.749976
vt 0.950289 0.749976
vt 0.162865 0.070090
vt 0.169300 0.049785
vt 0.162865 0.049790
vt 0.963715 0.422549
vt 0.959655 0.429107
vt 0.963715 0.429107
vt 0.960257 0.291897
vt 0.964318 0.285339
vt 0.960257 0.285339
vt 0.950289 0.737644
vt 0.954350 0.717344
vt 0.950289 0.717344
vt 0.453288 0.074992
vt 0.459846 0.054692
vt 0.453288 0.054692
vt 0.950300 0.854775
vt 0.954360 0.834475
vt 0.950300 0.834475
vt 0.944249 0.324534
vt 0.950683 0.304229
vt 0.944249 0.304234
vt 0.964971 0.337666
vt 0.960911 0.344225
vt 0.964971 0.344225
vt 0.961626 0.613184
vt 0.965686 0.606625
vt 0.961626 0.606625
vt 0.765673 0.915828
vt 0.810491 0.852117
vt 0.765673 0.852117
vt 0.105715 0.217492
vt 0.150533 0.153782
vt 0.105715 0.153782
vt 0.810491 0.850154
vt 0.812442 0.852106
vt 0.183789 0.119801
vt 0.181838 0.119801
vt 0.181838 0.121752
vt 0.906850 0.661279
vt 0.906472 0.663224
vt 0.908765 0.663230
vt 0.906850 0.728895
vt 0.908765 0.726941
vt 0.906472 0.726936
vt 0.911193 0.105987
vt 0.911193 0.107950
vt 0.913145 0.107939
vt 0.181838 0.074984
vt 0.183789 0.074984
vt 0.181838 0.073032
vt 0.915405 0.341004
vt 0.913453 0.342956
vt 0.915405 0.342967
vt 0.522953 0.075040
vt 0.522953 0.073088
vt 0.521001 0.075040
vt 0.810491 0.915828
vt 0.105715 0.151819
vt 0.150533 0.151819
vt 0.521001 0.119857
vt 0.522953 0.119857
vt 0.913453 0.406667
vt 0.915405 0.406678
vt 0.911193 0.171661
vt 0.913145 0.171650
vt 0.765673 0.850154
vt 0.183789 0.283545
vt 0.228606 0.219835
vt 0.183789 0.219835
vt 0.764268 0.808842
vt 0.809085 0.745131
vt 0.764268 0.745131
vt 0.228606 0.217872
vt 0.230558 0.219824
vt 0.919379 0.913876
vt 0.917427 0.913876
vt 0.917427 0.915828
vt 0.903180 0.926219
vt 0.902802 0.928164
vt 0.905095 0.928169
vt 0.903180 0.993834
vt 0.905095 0.991881
vt 0.902802 0.991875
vt 0.183789 0.217872
vt 0.181838 0.219824
vt 0.917427 0.869059
vt 0.919379 0.869059
vt 0.917427 0.867107
vt 0.809085 0.743168
vt 0.811037 0.745120
vt 0.929689 0.361861
vt 0.929689 0.359909
vt 0.927737 0.361861
vt 0.228606 0.283545
vt 0.764268 0.743168
vt 0.927737 0.406678
vt 0.929689 0.406678
vt 0.809085 0.808842
vt 0.811037 0.808831
vt 0.181838 0.283534
vt 0.814860 0.324534
vt 0.845779 0.255670
vt 0.814860 0.255670
vt 0.824774 0.910047
vt 0.855693 0.841183
vt 0.824774 0.841183
vt 0.845779 0.253079
vt 0.848355 0.255655
vt 0.932961 0.456352
vt 0.930385 0.456352
vt 0.930385 0.458929
vt 0.564126 0.127984
vt 0.563627 0.130551
vt 0.566653 0.130558
vt 0.564126 0.202001
vt 0.566653 0.199423
vt 0.563627 0.199416
vt 0.814860 0.253079
vt 0.812283 0.255655
vt 0.930385 0.425433
vt 0.932961 0.425433
vt 0.930385 0.422856
vt 0.767473 0.114330
vt 0.764897 0.116907
vt 0.767473 0.116921
vt 0.937967 0.823856
vt 0.937967 0.821280
vt 0.935391 0.823856
vt 0.845779 0.324534
vt 0.824774 0.838592
vt 0.855693 0.838592
vt 0.935391 0.854775
vt 0.937967 0.854775
vt 0.764897 0.185770
vt 0.767473 0.185785
vt 0.812283 0.324519
vt 0.227119 0.205540
vt 0.253353 0.137769
vt 0.227119 0.137769
vt 0.579595 0.197785
vt 0.605829 0.130014
vt 0.579595 0.130014
vt 0.253353 0.135727
vt 0.255383 0.137757
vt 0.947323 0.456899
vt 0.945293 0.456899
vt 0.945293 0.458929
vt 0.885482 0.571174
vt 0.885089 0.573197
vt 0.887474 0.573202
vt 0.885482 0.643005
vt 0.887474 0.640974
vt 0.885089 0.640968
vt 0.227119 0.135727
vt 0.225088 0.137757
vt 0.945293 0.430664
vt 0.947323 0.430664
vt 0.945293 0.428634
vt 0.901836 0.573193
vt 0.899805 0.575223
vt 0.901836 0.575234
vt 0.948649 0.913965
vt 0.948649 0.911934
vt 0.946619 0.913965
vt 0.253353 0.205540
vt 0.579595 0.127973
vt 0.605829 0.127973
vt 0.946619 0.940199
vt 0.948649 0.940199
vt 0.899805 0.642994
vt 0.901836 0.643005
vt 0.225088 0.205528
vt 0.944249 0.291897
vt 0.947926 0.283774
vt 0.944249 0.283777
vt 0.902921 0.069373
vt 0.911041 0.089517
vt 0.911041 0.069373
vt 0.591276 0.830967
vt 0.595023 0.822847
vt 0.591276 0.822847
vt 0.882469 0.069372
vt 0.890589 0.089517
vt 0.890589 0.069372
vt 0.537081 0.060756
vt 0.540828 0.040612
vt 0.537081 0.040612
vt 0.792958 0.060713
vt 0.796706 0.040569
vt 0.792958 0.040569
vt 0.917427 0.825574
vt 0.921174 0.852902
vt 0.921174 0.825574
vt 0.939761 0.130285
vt 0.943508 0.139029
vt 0.943508 0.130285
vt 0.039111 0.131487
vt 0.047855 0.104160
vt 0.039111 0.104160
vt 0.791122 0.837822
vt 0.787368 0.829243
vt 0.787374 0.837822
vt 0.309791 0.070324
vt 0.313539 0.097651
vt 0.313539 0.070324
vt 0.923059 0.852902
vt 0.921185 0.854776
vt 0.049729 0.131487
vt 0.047855 0.131487
vt 0.047855 0.133361
vt 0.785501 0.828880
vt 0.787373 0.827042
vt 0.792996 0.828880
vt 0.791121 0.827042
vt 0.791116 0.829243
vt 0.923059 0.825574
vt 0.921185 0.823700
vt 0.049729 0.104160
vt 0.047855 0.102286
vt 0.945393 0.130285
vt 0.943519 0.128411
vt 0.039111 0.102286
vt 0.037237 0.104160
vt 0.339373 0.094617
vt 0.330629 0.092743
vt 0.330629 0.094617
vt 0.917427 0.852902
vt 0.315424 0.070324
vt 0.315424 0.097651
vt 0.037237 0.131487
vt 0.939771 0.128411
vt 0.945393 0.139029
vt 0.917437 0.823700
vt 0.330629 0.121944
vt 0.776575 0.063119
vt 0.780558 0.042816
vt 0.776575 0.042819
vt 0.939761 0.171661
vt 0.946319 0.151361
vt 0.939761 0.151361
vt 0.105716 0.065633
vt 0.109776 0.045333
vt 0.105716 0.045333
vt 0.272000 0.070927
vt 0.278558 0.050627
vt 0.272000 0.050627
vt 0.977303 0.344225
vt 0.981363 0.337666
vt 0.977303 0.337666
vt 0.978018 0.613184
vt 0.982078 0.606625
vt 0.978018 0.606625
vt 0.953970 0.686737
vt 0.957953 0.666434
vt 0.953970 0.666436
vt 0.942021 0.406678
vt 0.948579 0.386378
vt 0.942021 0.386378
vt 0.488610 0.063745
vt 0.492670 0.043445
vt 0.488610 0.043445
vt 0.943118 0.112560
vt 0.949676 0.092260
vt 0.943118 0.092260
vt 0.225088 0.021439
vt 0.229149 0.014880
vt 0.225088 0.014880
vt 0.248039 0.019940
vt 0.252099 0.013381
vt 0.248039 0.013381
vt 0.006166 0.211367
vt 0.050983 0.147656
vt 0.006166 0.147656
vt 0.754935 0.543816
vt 0.798904 0.480073
vt 0.754935 0.480104
vt 0.168720 0.229824
vt 0.166768 0.231776
vt 0.168720 0.231788
vt 0.700686 0.085384
vt 0.702638 0.085384
vt 0.702638 0.083432
vt 0.812283 0.088723
vt 0.812283 0.090686
vt 0.814235 0.090675
vt 0.196121 0.076936
vt 0.198073 0.076936
vt 0.196121 0.074984
vt 0.826567 0.088723
vt 0.826567 0.090686
vt 0.828519 0.090675
vt 0.702638 0.130201
vt 0.700686 0.130201
vt 0.702638 0.132153
vt 0.799282 0.478128
vt 0.801197 0.480079
vt 0.799282 0.545743
vt 0.801197 0.543790
vt 0.798904 0.543784
vt 0.166768 0.295487
vt 0.812283 0.154397
vt 0.814235 0.154386
vt 0.605201 0.070824
vt 0.603249 0.115641
vt 0.605201 0.115641
vt 0.196121 0.121753
vt 0.826567 0.154397
vt 0.828519 0.154386
vt 0.006166 0.145693
vt 0.050983 0.145693
vt 0.620586 0.214297
vt 0.665403 0.150587
vt 0.620586 0.150587
vt 0.453288 0.268959
vt 0.497258 0.205216
vt 0.453288 0.205248
vt 0.842803 0.088723
vt 0.840851 0.090675
vt 0.842803 0.090686
vt 0.162865 0.084374
vt 0.164817 0.084374
vt 0.164817 0.082422
vt 0.453288 0.087324
vt 0.453288 0.089287
vt 0.455240 0.089276
vt 0.210405 0.076936
vt 0.212357 0.076936
vt 0.210405 0.074984
vt 0.467572 0.087324
vt 0.467572 0.089287
vt 0.469524 0.089276
vt 0.164817 0.129191
vt 0.162865 0.129191
vt 0.164817 0.131143
vt 0.497635 0.203271
vt 0.499551 0.205222
vt 0.497635 0.270887
vt 0.499551 0.268933
vt 0.497258 0.268928
vt 0.840851 0.154386
vt 0.453288 0.152998
vt 0.455240 0.152987
vt 0.437962 0.069659
vt 0.436010 0.114476
vt 0.437962 0.114476
vt 0.210405 0.121753
vt 0.467572 0.152998
vt 0.469524 0.152987
vt 0.620586 0.148623
vt 0.665403 0.148623
vt 0.181838 0.205540
vt 0.212756 0.136676
vt 0.181838 0.136676
vt 0.812308 0.460868
vt 0.842643 0.391982
vt 0.812308 0.392004
vt 0.491187 0.119484
vt 0.488610 0.122061
vt 0.491187 0.122075
vt 0.930384 0.516088
vt 0.932961 0.516088
vt 0.932961 0.513511
vt 0.503518 0.119484
vt 0.503518 0.122075
vt 0.506095 0.122061
vt 0.935381 0.777923
vt 0.937957 0.777923
vt 0.935381 0.775346
vt 0.720171 0.114330
vt 0.720171 0.116921
vt 0.722748 0.116907
vt 0.932961 0.547007
vt 0.930384 0.547007
vt 0.932961 0.549583
vt 0.843141 0.389415
vt 0.845669 0.391990
vt 0.843141 0.463433
vt 0.845669 0.460854
vt 0.842643 0.460847
vt 0.488610 0.190925
vt 0.503518 0.190939
vt 0.506095 0.190925
vt 0.941638 0.655818
vt 0.939061 0.686737
vt 0.941638 0.686737
vt 0.935381 0.808842
vt 0.720171 0.185785
vt 0.722748 0.185770
vt 0.181838 0.134085
vt 0.212756 0.134085
vt 0.412356 0.196620
vt 0.438590 0.128850
vt 0.412356 0.128850
vt 0.412356 0.278765
vt 0.438094 0.210975
vt 0.412356 0.210994
vt 0.898861 0.101849
vt 0.896831 0.103879
vt 0.898861 0.103890
vt 0.944873 0.205615
vt 0.946903 0.205615
vt 0.946903 0.203585
vt 0.899091 0.336866
vt 0.899091 0.338907
vt 0.901121 0.338896
vt 0.946619 0.873368
vt 0.948649 0.873368
vt 0.946619 0.871338
vt 0.291827 0.109983
vt 0.291827 0.112024
vt 0.293857 0.112013
vt 0.946903 0.231849
vt 0.944873 0.231849
vt 0.946903 0.233879
vt 0.438487 0.208952
vt 0.440479 0.210981
vt 0.438487 0.280784
vt 0.440479 0.278752
vt 0.438094 0.278747
vt 0.896831 0.171649
vt 0.899091 0.406678
vt 0.901121 0.406667
vt 0.952320 0.782608
vt 0.950289 0.808842
vt 0.952320 0.808842
vt 0.946619 0.899603
vt 0.291827 0.179795
vt 0.293857 0.179784
vt 0.412356 0.126808
vt 0.438590 0.126808
vt 0.559116 0.830967
vt 0.562864 0.822847
vt 0.559116 0.822847
vt 0.391702 0.081462
vt 0.383582 0.061693
vt 0.383582 0.081456
vt 0.575196 0.830967
vt 0.578944 0.822847
vt 0.575196 0.822847
vt 0.225088 0.063592
vt 0.233208 0.083736
vt 0.233208 0.063592
vt 0.886186 0.841428
vt 0.889934 0.821283
vt 0.886186 0.821283
vt 0.524749 0.040612
vt 0.521001 0.060756
vt 0.524749 0.060756
vt 0.488610 0.077951
vt 0.492358 0.105278
vt 0.492358 0.077951
vt 0.541151 0.822222
vt 0.544899 0.830967
vt 0.544899 0.822222
vt 0.662275 0.107090
vt 0.653531 0.134418
vt 0.662275 0.134418
vt 0.888363 0.658780
vt 0.892110 0.667525
vt 0.892110 0.658780
vt 0.072853 0.110582
vt 0.069086 0.083771
vt 0.069105 0.110582
vt 0.494242 0.105278
vt 0.492368 0.107152
vt 0.651657 0.107090
vt 0.653531 0.107090
vt 0.653531 0.105217
vt 0.893995 0.667525
vt 0.892121 0.669399
vt 0.664149 0.107090
vt 0.662275 0.105217
vt 0.494242 0.077951
vt 0.492368 0.076077
vt 0.651657 0.134418
vt 0.653531 0.136292
vt 0.067219 0.083409
vt 0.069091 0.081571
vt 0.074714 0.083409
vt 0.072839 0.081571
vt 0.072834 0.083771
vt 0.893995 0.658780
vt 0.488610 0.105278
vt 0.888363 0.667525
vt 0.888373 0.669399
vt 0.226962 0.096068
vt 0.225088 0.123395
vt 0.226962 0.123395
vt 0.546784 0.822222
vt 0.546784 0.830967
vt 0.662275 0.136292
vt 0.488621 0.076077
vt 0.235707 0.096068
vt 0.720171 0.063120
vt 0.724231 0.042819
vt 0.720171 0.042819
vt 0.944367 0.071652
vt 0.950802 0.051347
vt 0.944367 0.051352
vt 0.736563 0.063120
vt 0.740623 0.042819
vt 0.736563 0.042819
vt 0.942021 0.374046
vt 0.948579 0.353746
vt 0.942021 0.353746
vt 0.383582 0.019540
vt 0.387642 0.012982
vt 0.383582 0.012982
vt 0.334689 0.012960
vt 0.330629 0.019519
vt 0.334689 0.019519
vt 0.760183 0.063119
vt 0.764243 0.042819
vt 0.760183 0.042819
vt 0.067219 0.069239
vt 0.073653 0.048934
vt 0.067219 0.048938
vt 0.196121 0.062652
vt 0.200182 0.042352
vt 0.196121 0.042352
vt 0.925477 0.071652
vt 0.932035 0.051352
vt 0.925477 0.051352
vt 0.555331 0.019172
vt 0.559391 0.012614
vt 0.555331 0.012614
vt 0.583655 0.012603
vt 0.579595 0.019162
vt 0.583655 0.019162
vt 0.963134 0.071027
vt 0.963758 0.071652
vt 0.965632 0.071652
vt 0.964034 0.406054
vt 0.964034 0.389813
vt 0.960911 0.406054
vt 0.792958 0.028237
vt 0.795769 0.011997
vt 0.792958 0.011997
vt 0.795769 0.011372
vt 0.792958 0.011372
vt 0.091442 0.203209
vt 0.093316 0.205968
vt 0.093316 0.203211
vt 0.982147 0.854776
vt 0.984957 0.854151
vt 0.982147 0.854151
vt 0.984957 0.837911
vt 0.982147 0.837911
vt 0.984957 0.837286
vt 0.982147 0.837286
vt 0.812283 0.011127
vt 0.814157 0.013938
vt 0.814157 0.011127
vt 0.814785 0.013938
vt 0.814785 0.011127
vt 0.963265 0.593352
vt 0.963890 0.593977
vt 0.965764 0.593977
vt 0.251162 0.049136
vt 0.251162 0.032896
vt 0.248039 0.049136
vt 0.309791 0.028170
vt 0.312602 0.011930
vt 0.309791 0.011930
vt 0.312602 0.011305
vt 0.309791 0.011305
vt 0.091442 0.188119
vt 0.093316 0.190878
vt 0.093316 0.188120
vt 0.982237 0.491560
vt 0.985048 0.490936
vt 0.982237 0.490936
vt 0.985048 0.474695
vt 0.982237 0.474695
vt 0.985048 0.474071
vt 0.982237 0.474071
vt 0.827738 0.011127
vt 0.829612 0.013938
vt 0.829612 0.011127
vt 0.830240 0.013938
vt 0.830240 0.011127
vt 0.960911 0.373421
vt 0.961536 0.374046
vt 0.963410 0.374046
vt 0.964104 0.993209
vt 0.964104 0.976969
vt 0.960981 0.993209
vt 0.006166 0.027656
vt 0.008977 0.011417
vt 0.006166 0.011417
vt 0.008977 0.010792
vt 0.006166 0.010792
vt 0.091442 0.173028
vt 0.093316 0.175787
vt 0.093316 0.173029
vt 0.982264 0.266511
vt 0.985075 0.265886
vt 0.982264 0.265886
vt 0.985075 0.249646
vt 0.982264 0.249646
vt 0.985075 0.249022
vt 0.982264 0.249022
vt 0.942735 0.607562
vt 0.944609 0.610373
vt 0.944609 0.607562
vt 0.945237 0.610373
vt 0.945237 0.607562
vt 0.959235 0.233255
vt 0.959860 0.233879
vt 0.961734 0.233879
vt 0.439133 0.056703
vt 0.439133 0.040463
vt 0.436010 0.056703
vt 0.521001 0.028280
vt 0.523811 0.012040
vt 0.521001 0.012040
vt 0.523811 0.011415
vt 0.521001 0.011415
vt 0.091442 0.157937
vt 0.093316 0.160696
vt 0.093316 0.157938
vt 0.087046 0.034543
vt 0.089857 0.033918
vt 0.087046 0.033918
vt 0.089857 0.017678
vt 0.087046 0.017678
vt 0.089857 0.017054
vt 0.087046 0.017054
vt 0.944799 0.336866
vt 0.946673 0.339677
vt 0.946673 0.336866
vt 0.947301 0.339677
vt 0.947301 0.336866
vt 0.958651 0.171036
vt 0.959275 0.171661
vt 0.961149 0.171661
vt 0.040360 0.056853
vt 0.040360 0.040613
vt 0.037237 0.056853
vt 0.136786 0.028470
vt 0.139597 0.012230
vt 0.136786 0.012230
vt 0.139597 0.011605
vt 0.136786 0.011605
vt 0.091442 0.218300
vt 0.093316 0.221059
vt 0.093316 0.218302
vt 0.982137 0.770276
vt 0.984947 0.769651
vt 0.982137 0.769651
vt 0.984947 0.753411
vt 0.982137 0.753411
vt 0.984947 0.752786
vt 0.982137 0.752786
vt 0.453288 0.009728
vt 0.455162 0.012539
vt 0.455162 0.009728
vt 0.455790 0.012539
vt 0.455790 0.009728
vt 0.309791 0.057367
vt 0.310416 0.057992
vt 0.312290 0.057992
vt 0.009289 0.056854
vt 0.009289 0.040613
vt 0.006166 0.056854
vt 0.958651 0.141840
vt 0.961462 0.125599
vt 0.958651 0.125599
vt 0.961462 0.124975
vt 0.958651 0.124975
vt 0.368904 0.009266
vt 0.370778 0.012025
vt 0.370778 0.009267
vt 0.978589 0.041831
vt 0.981399 0.041206
vt 0.978589 0.041206
vt 0.981399 0.024966
vt 0.978589 0.024966
vt 0.981399 0.024341
vt 0.978589 0.024341
vt 0.950215 0.699233
vt 0.952089 0.702044
vt 0.952089 0.699233
vt 0.952717 0.702044
vt 0.952717 0.699233
vt 0.960981 0.898978
vt 0.961606 0.899603
vt 0.963480 0.899603
vt 0.964104 0.928800
vt 0.964104 0.912559
vt 0.960981 0.928800
vt 0.651657 0.028089
vt 0.654468 0.011848
vt 0.651657 0.011848
vt 0.654468 0.011224
vt 0.651657 0.011224
vt 0.914167 0.562240
vt 0.916041 0.564999
vt 0.916041 0.562242
vt 0.488610 0.031113
vt 0.491421 0.030489
vt 0.488610 0.030489
vt 0.491421 0.014248
vt 0.488610 0.014248
vt 0.491421 0.013624
vt 0.488610 0.013624
vt 0.052380 0.009703
vt 0.054254 0.012514
vt 0.054254 0.009703
vt 0.054882 0.012514
vt 0.054882 0.009703
vt 0.978233 0.533037
vt 0.977608 0.532424
vt 0.975734 0.532423
vt 0.967774 0.808217
vt 0.967774 0.791977
vt 0.964651 0.808217
vt 0.990145 0.233879
vt 0.992956 0.217639
vt 0.990145 0.217639
vt 0.639168 0.045266
vt 0.638539 0.042455
vt 0.638539 0.045266
vt 0.636666 0.042455
vt 0.636666 0.045266
vt 0.722982 0.012998
vt 0.720171 0.013623
vt 0.722982 0.013623
vt 0.720171 0.029863
vt 0.722982 0.029863
vt 0.720171 0.030487
vt 0.722982 0.030487
vt 0.842572 0.011127
vt 0.844446 0.013938
vt 0.844446 0.011127
vt 0.845074 0.013938
vt 0.845074 0.011127
vt 0.978233 0.442383
vt 0.977608 0.441770
vt 0.975735 0.441768
vt 0.386705 0.048737
vt 0.386705 0.032496
vt 0.383582 0.048737
vt 0.990145 0.204387
vt 0.992956 0.188147
vt 0.990145 0.188147
vt 0.969194 0.824954
vt 0.968565 0.822143
vt 0.968565 0.824954
vt 0.966691 0.822143
vt 0.966691 0.824954
vt 0.738125 0.012998
vt 0.735314 0.013623
vt 0.738125 0.013623
vt 0.735314 0.029863
vt 0.738125 0.029863
vt 0.735314 0.030487
vt 0.738125 0.030487
vt 0.986677 0.702816
vt 0.988551 0.705627
vt 0.988551 0.702816
vt 0.989179 0.705627
vt 0.989179 0.702816
vt 0.947490 0.022470
vt 0.946865 0.021856
vt 0.944992 0.021855
vt 0.333752 0.048716
vt 0.333752 0.032476
vt 0.330629 0.048716
vt 0.805328 0.837822
vt 0.808139 0.821582
vt 0.805328 0.821582
vt 0.824089 0.566994
vt 0.823461 0.564183
vt 0.823461 0.566994
vt 0.821587 0.564183
vt 0.821587 0.566994
vt 0.979247 0.941756
vt 0.976436 0.942381
vt 0.979247 0.942381
vt 0.976436 0.958621
vt 0.979247 0.958621
vt 0.976436 0.959245
vt 0.979247 0.959245
vt 0.537396 0.643164
vt 0.539270 0.645975
vt 0.539270 0.643164
vt 0.539898 0.645975
vt 0.539898 0.643164
vt 0.928600 0.022474
vt 0.927975 0.021861
vt 0.926101 0.021860
vt 0.558454 0.048369
vt 0.558454 0.032129
vt 0.555331 0.048369
vt 0.037237 0.027656
vt 0.040048 0.011416
vt 0.037237 0.011416
vt 0.837807 0.824393
vt 0.837179 0.821582
vt 0.837179 0.824393
vt 0.835305 0.821582
vt 0.835305 0.824393
vt 0.979247 0.911935
vt 0.976436 0.912559
vt 0.979247 0.912559
vt 0.976436 0.928799
vt 0.979247 0.928799
vt 0.976436 0.929424
vt 0.979247 0.929424
vt 0.552230 0.643164
vt 0.554104 0.645975
vt 0.554104 0.643164
vt 0.554732 0.645975
vt 0.554732 0.643164
vt 0.977229 0.155115
vt 0.976604 0.154502
vt 0.974730 0.154501
vt 0.964104 0.958621
vt 0.964104 0.942381
vt 0.960981 0.958621
vt 0.436010 0.027506
vt 0.438821 0.011266
vt 0.436010 0.011266
vt 0.838923 0.566994
vt 0.838295 0.564183
vt 0.838295 0.566994
vt 0.836421 0.564183
vt 0.836421 0.566994
vt 0.979247 0.882113
vt 0.976436 0.882738
vt 0.979247 0.882738
vt 0.976436 0.898978
vt 0.979247 0.898978
vt 0.976436 0.899603
vt 0.979247 0.899603
vt 0.567064 0.643164
vt 0.568938 0.645975
vt 0.568938 0.643164
vt 0.569566 0.645975
vt 0.569566 0.643164
vt 0.275123 0.021749
vt 0.274498 0.021136
vt 0.272624 0.021135
vt 0.582718 0.048358
vt 0.582718 0.032118
vt 0.579595 0.048358
vt 0.882469 0.027219
vt 0.885280 0.010979
vt 0.882469 0.010979
vt 0.525064 0.645975
vt 0.524436 0.643164
vt 0.524436 0.645975
vt 0.522562 0.643164
vt 0.522562 0.645975
vt 0.979892 0.625516
vt 0.977081 0.626140
vt 0.979892 0.626140
vt 0.977081 0.642381
vt 0.979892 0.642381
vt 0.977081 0.643005
vt 0.979892 0.643005
vt 0.850139 0.821582
vt 0.852013 0.824393
vt 0.852013 0.821582
vt 0.852641 0.824393
vt 0.852641 0.821582
vt 0.703808 0.021922
vt 0.703184 0.021309
vt 0.701310 0.021308
vt 0.962778 0.548959
vt 0.962778 0.532718
vt 0.959655 0.548959
vt 0.902921 0.027219
vt 0.905732 0.010979
vt 0.902921 0.010979
vt 0.853757 0.566994
vt 0.853129 0.564183
vt 0.853129 0.566994
vt 0.851255 0.564183
vt 0.851255 0.566994
vt 0.165676 0.019964
vt 0.162865 0.020588
vt 0.165676 0.020588
vt 0.162865 0.036829
vt 0.165676 0.036829
vt 0.162865 0.037453
vt 0.165676 0.037453
vt 0.868025 0.821225
vt 0.869899 0.824036
vt 0.869899 0.821225
vt 0.870527 0.824036
vt 0.870527 0.821225
vt 0.961626 0.642381
vt 0.962250 0.643005
vt 0.964124 0.643005
vt 0.969805 0.769651
vt 0.969805 0.753411
vt 0.966681 0.769651
vt 0.024120 0.011417
vt 0.021309 0.027656
vt 0.024120 0.027656
vt 0.054882 0.027656
vt 0.054254 0.024846
vt 0.054254 0.027656
vt 0.052380 0.024846
vt 0.052380 0.027656
vt 0.755766 0.012998
vt 0.752955 0.013623
vt 0.755766 0.013623
vt 0.752955 0.029863
vt 0.755766 0.029863
vt 0.752955 0.030487
vt 0.755766 0.030487
vt 0.093316 0.236150
vt 0.091442 0.233391
vt 0.091442 0.236149
vt 0.024120 0.010792
vt 0.021309 0.011417
vt 0.959235 0.203433
vt 0.959860 0.204058
vt 0.961734 0.204058
vt 0.885592 0.056416
vt 0.885592 0.040176
vt 0.882469 0.056416
vt 0.539891 0.012040
vt 0.537081 0.028280
vt 0.539891 0.028280
vt 0.984028 0.824954
vt 0.983399 0.822143
vt 0.983399 0.824954
vt 0.981525 0.822143
vt 0.981525 0.824954
vt 0.108526 0.015512
vt 0.105716 0.016137
vt 0.108526 0.016137
vt 0.105716 0.032377
vt 0.108526 0.032377
vt 0.105716 0.033001
vt 0.108526 0.033001
vt 0.993420 0.519762
vt 0.991546 0.517003
vt 0.991546 0.519760
vt 0.539891 0.011415
vt 0.537081 0.012040
vt 0.021621 0.056854
vt 0.022246 0.057478
vt 0.024119 0.057478
vt 0.906044 0.056416
vt 0.906044 0.040176
vt 0.902921 0.056416
vt 0.988551 0.670496
vt 0.985740 0.686737
vt 0.988551 0.686737
vt 0.965636 0.012338
vt 0.965007 0.009528
vt 0.965007 0.012338
vt 0.963134 0.009528
vt 0.963134 0.012338
vt 0.984947 0.720154
vt 0.982136 0.720779
vt 0.984947 0.720779
vt 0.982136 0.737019
vt 0.984947 0.737019
vt 0.982136 0.737644
vt 0.984947 0.737644
vt 0.054566 0.057478
vt 0.052692 0.054719
vt 0.052692 0.057477
vt 0.988551 0.669872
vt 0.985740 0.670496
vt 0.651657 0.057285
vt 0.652281 0.057910
vt 0.654155 0.057910
vt 0.680858 0.056895
vt 0.680858 0.040654
vt 0.677735 0.056895
vt 0.863498 0.013426
vt 0.860687 0.029666
vt 0.863498 0.029666
vt 0.414858 0.016435
vt 0.414230 0.013625
vt 0.414230 0.016435
vt 0.412356 0.013625
vt 0.412356 0.016435
vt 0.981531 0.576487
vt 0.978720 0.577112
vt 0.981531 0.577112
vt 0.978720 0.593352
vt 0.981531 0.593352
vt 0.978720 0.593977
vt 0.981531 0.593977
vt 0.946747 0.191253
vt 0.944873 0.188494
vt 0.944873 0.191252
vt 0.863498 0.012801
vt 0.860687 0.013426
vt 0.959655 0.458304
vt 0.960279 0.458929
vt 0.962153 0.458929
vt 0.969805 0.737019
vt 0.969805 0.720779
vt 0.966681 0.737019
vt 0.623397 0.011693
vt 0.620586 0.027933
vt 0.623397 0.027933
vt 0.981091 0.012009
vt 0.980462 0.009198
vt 0.980462 0.012009
vt 0.978589 0.009198
vt 0.978589 0.012009
vt 0.779385 0.012995
vt 0.776575 0.013620
vt 0.779385 0.013620
vt 0.776575 0.029860
vt 0.779385 0.029860
vt 0.776575 0.030485
vt 0.779385 0.030485
vt 0.947167 0.506957
vt 0.945293 0.504198
vt 0.945293 0.506955
vt 0.623397 0.011068
vt 0.620586 0.011693
vt 0.453288 0.041736
vt 0.453913 0.042360
vt 0.455786 0.042360
vt 0.965131 0.111936
vt 0.965131 0.095695
vt 0.962008 0.111936
vt 0.638539 0.011693
vt 0.635729 0.027933
vt 0.638539 0.027933
vt 0.993067 0.458929
vt 0.992439 0.456118
vt 0.992439 0.458929
vt 0.990565 0.456118
vt 0.990565 0.458929
vt 0.124128 0.012847
vt 0.121317 0.013472
vt 0.124128 0.013472
vt 0.121317 0.029712
vt 0.124128 0.029712
vt 0.121317 0.030336
vt 0.124128 0.030336
vt 0.093316 0.251242
vt 0.091442 0.248483
vt 0.091442 0.251240
vt 0.638539 0.011068
vt 0.635729 0.011693
vt 0.963015 0.323909
vt 0.963640 0.324534
vt 0.965514 0.324534
vt 0.228212 0.050635
vt 0.228212 0.034395
vt 0.225088 0.050635
vt 0.680545 0.011458
vt 0.677735 0.027698
vt 0.680545 0.027698
vt 0.927979 0.009528
vt 0.927350 0.006717
vt 0.927350 0.009528
vt 0.925477 0.006717
vt 0.925477 0.009528
vt 0.507813 0.012791
vt 0.505002 0.013416
vt 0.507813 0.013416
vt 0.505002 0.029656
vt 0.507813 0.029656
vt 0.505002 0.030280
vt 0.507813 0.030280
vt 0.370778 0.027115
vt 0.368904 0.024357
vt 0.368904 0.027114
vt 0.680545 0.010833
vt 0.677735 0.011458
vt 0.966691 0.854151
vt 0.967316 0.854776
vt 0.969190 0.854776
vt 0.974690 0.187510
vt 0.974690 0.203443
vt 0.977814 0.187512
vt 0.356572 0.010876
vt 0.353761 0.027116
vt 0.356572 0.027116
vt 0.658570 0.645975
vt 0.657942 0.643164
vt 0.657942 0.645975
vt 0.656068 0.643164
vt 0.656068 0.645975
vt 0.977463 0.112560
vt 0.980274 0.111936
vt 0.977463 0.111936
vt 0.980274 0.095695
vt 0.977463 0.095695
vt 0.980274 0.095071
vt 0.977463 0.095071
vt 0.581898 0.643164
vt 0.583772 0.645975
vt 0.583772 0.643164
vt 0.584400 0.645975
vt 0.584400 0.643164
vt 0.966782 0.490936
vt 0.967407 0.491561
vt 0.969281 0.491561
vt 0.974106 0.125621
vt 0.974106 0.141554
vt 0.977229 0.125623
vt 0.183790 0.010792
vt 0.180979 0.027033
vt 0.183790 0.027033
vt 0.822973 0.824393
vt 0.822345 0.821582
vt 0.822345 0.824393
vt 0.820471 0.821582
vt 0.820471 0.824393
vt 0.067219 0.036602
vt 0.070030 0.035977
vt 0.067219 0.035977
vt 0.070030 0.019737
vt 0.067219 0.019737
vt 0.070030 0.019112
vt 0.067219 0.019112
vt 0.596732 0.643164
vt 0.598606 0.645975
vt 0.598606 0.643164
vt 0.599234 0.645975
vt 0.599234 0.643164
vt 0.966809 0.265887
vt 0.967433 0.266511
vt 0.969307 0.266511
vt 0.976366 0.390130
vt 0.976366 0.406064
vt 0.979489 0.390133
vt 0.606060 0.009776
vt 0.603249 0.026016
vt 0.606060 0.026016
vt 0.614068 0.645975
vt 0.613440 0.643164
vt 0.613440 0.645975
vt 0.611566 0.643164
vt 0.611566 0.645975
vt 0.472178 0.036426
vt 0.474989 0.035801
vt 0.472178 0.035801
vt 0.474989 0.019561
vt 0.472178 0.019561
vt 0.474989 0.018936
vt 0.472178 0.018936
vt 0.902267 0.821283
vt 0.904140 0.824094
vt 0.904140 0.821283
vt 0.904769 0.824094
vt 0.904769 0.821283
vt 0.412356 0.045632
vt 0.412981 0.046257
vt 0.414854 0.046257
vt 0.976366 0.360309
vt 0.976366 0.376243
vt 0.979489 0.360311
vt 0.294638 0.009275
vt 0.291827 0.025515
vt 0.294638 0.025515
vt 0.628902 0.645975
vt 0.628274 0.643164
vt 0.628274 0.645975
vt 0.626400 0.643164
vt 0.626400 0.645975
vt 0.978470 0.324534
vt 0.981281 0.323909
vt 0.978470 0.323909
vt 0.981281 0.307669
vt 0.978470 0.307669
vt 0.981281 0.307044
vt 0.978470 0.307044
vt 0.929965 0.336866
vt 0.931839 0.339677
vt 0.931839 0.336866
vt 0.932467 0.339677
vt 0.932467 0.336866
vt 0.970285 0.686112
vt 0.970910 0.686736
vt 0.972784 0.686736
vt 0.976436 0.977286
vt 0.976436 0.993220
vt 0.979559 0.977289
vt 0.992372 0.155421
vt 0.989561 0.171661
vt 0.992372 0.171661
vt 0.643736 0.645975
vt 0.643108 0.643164
vt 0.643108 0.645975
vt 0.641234 0.643164
vt 0.641234 0.645975
vt 0.978589 0.071652
vt 0.981400 0.071027
vt 0.978589 0.071027
vt 0.981400 0.054787
vt 0.978589 0.054787
vt 0.981400 0.054163
vt 0.978589 0.054163
vt 0.935381 0.714376
vt 0.937255 0.717187
vt 0.937255 0.714376
vt 0.937883 0.717187
vt 0.937883 0.714376
vt 0.812283 0.043135
vt 0.812908 0.043759
vt 0.814782 0.043759
vt 0.974690 0.217331
vt 0.974690 0.233265
vt 0.977814 0.217334
vt 0.993375 0.533343
vt 0.990565 0.549583
vt 0.993375 0.549583
vt 0.946869 0.009523
vt 0.946241 0.006713
vt 0.946241 0.009523
vt 0.944367 0.006713
vt 0.944367 0.009523
vt 0.196121 0.030020
vt 0.198932 0.029395
vt 0.196121 0.029395
vt 0.198932 0.013155
vt 0.196121 0.013155
vt 0.198932 0.012530
vt 0.196121 0.012530
vt 0.700685 0.006166
vt 0.702559 0.008976
vt 0.702559 0.006166
vt 0.703187 0.008976
vt 0.703187 0.006166
vt 0.831174 0.043135
vt 0.831798 0.043759
vt 0.833672 0.043759
vt 0.963134 0.025283
vt 0.963134 0.041216
vt 0.966257 0.025285
vt 0.992372 0.125929
vt 0.989561 0.142169
vt 0.992372 0.142169
vt 0.937883 0.702044
vt 0.937255 0.699233
vt 0.937255 0.702044
vt 0.935381 0.699233
vt 0.935381 0.702044
vt 0.980106 0.808842
vt 0.982917 0.808217
vt 0.980106 0.808217
vt 0.982917 0.791977
vt 0.980106 0.791977
vt 0.982917 0.791352
vt 0.980106 0.791352
vt 0.636666 0.057598
vt 0.638540 0.060409
vt 0.638540 0.057598
vt 0.639168 0.060409
vt 0.639168 0.057598
vt 0.755688 0.558075
vt 0.750381 0.566885
vt 0.755688 0.574802
vt 0.353761 0.436258
vt 0.353828 0.447817
vt 0.608254 0.308232
vt 0.604359 0.462862
vt 0.608188 0.461040
vt 0.798485 0.324534
vt 0.260152 0.445674
vt 0.353761 0.295009
vt 0.093384 0.443618
vt 0.608254 0.449481
vt 0.620586 0.449481
vt 0.532968 0.476758
vt 0.707839 0.310866
vt 0.324877 0.804782
vt 0.195892 0.636758
vt 0.327483 0.287644
vt 0.835267 0.808842
vt 0.303340 0.273589
vt 0.067219 0.157889
vt 0.006166 0.647640
vt 0.006166 0.791616
vt 0.020220 0.805670
vt 0.151704 0.805670
vt 0.165758 0.791616
vt 0.875958 0.808842
vt 0.339373 0.275312
vt 0.859436 0.382183
vt 0.888363 0.681731
vt 0.886254 0.853759
vt 0.886685 0.324534
vt 0.903769 0.549583
vt 0.899091 0.196856
vt 0.930384 0.489999
vt 0.124454 0.116844
vt 0.676528 0.584622
vt 0.330629 0.080411
vt 0.085958 0.122914
vt 0.677465 0.853480
vt 0.555331 0.080064
vt 0.639325 0.113649
vt 0.715407 0.584622
vt 0.579595 0.080053
vt 0.024905 0.110718
vt 0.738986 0.849576
vt 0.811037 0.652819
vt 0.812442 0.993823
vt 0.854288 0.651001
vt 0.737656 0.185785
vt 0.705999 0.214286
vt 0.611103 0.830967
vt 0.929965 0.266355
vt 0.659271 0.830965
vt 0.928451 0.585856
vt 0.620586 0.040265
vt 0.353761 0.039448
vt 0.523187 0.830967
vt 0.921108 0.686737
vt 0.256784 0.094194
vt 0.138660 0.139487
vt 0.954450 0.491561
vt 0.707244 0.071100
vt 0.864670 0.062298
vt 0.418914 0.078889
vt 0.970285 0.699068
vt 0.975154 0.513203
vt 0.954477 0.266511
vt 0.949294 0.643005
vt 0.140770 0.061102
vt 0.818842 0.076391
vt 0.976047 0.422549
vt 0.976650 0.285338
vt 0.320718 0.257801
vt 0.928451 0.598188
vt 0.355713 0.118692
vt 0.811037 0.730836
vt 0.929965 0.279717
vt 0.369997 0.118692
vt 0.855693 0.993834
vt 0.931710 0.868684
vt 0.934287 0.945430
vt 0.379996 0.200837
vt 0.472178 0.048758
vt 0.948649 0.993834
vt 0.627182 0.830967
vt 0.037237 0.089954
vt 0.643262 0.830967
vt 0.256159 0.062099
vt 0.603249 0.038348
vt 0.295575 0.057992
vt 0.291827 0.097651
vt 0.677735 0.104826
vt 0.865214 0.367977
vt 0.091106 0.067175
vt 0.837732 0.076391
vt 0.954350 0.770276
vt 0.169300 0.070086
vt 0.959655 0.422549
vt 0.964318 0.291897
vt 0.954350 0.737644
vt 0.459846 0.074992
vt 0.954360 0.854775
vt 0.950683 0.324529
vt 0.960911 0.337666
vt 0.965686 0.613184
vt 0.150533 0.217492
vt 0.812442 0.915817
vt 0.230558 0.283534
vt 0.855693 0.910047
vt 0.848355 0.324519
vt 0.605829 0.197785
vt 0.255383 0.205528
vt 0.947926 0.291895
vt 0.902921 0.089517
vt 0.595023 0.830967
vt 0.882469 0.089517
vt 0.540828 0.060756
vt 0.796706 0.060713
vt 0.939761 0.139029
vt 0.309791 0.097651
vt 0.339373 0.092743
vt 0.917437 0.854776
vt 0.039111 0.133361
vt 0.339373 0.121944
vt 0.780558 0.063117
vt 0.946319 0.171661
vt 0.109776 0.065633
vt 0.278558 0.070927
vt 0.981363 0.344225
vt 0.982078 0.613184
vt 0.957953 0.686734
vt 0.948579 0.406678
vt 0.492670 0.063745
vt 0.949676 0.112560
vt 0.229149 0.021439
vt 0.252099 0.019940
vt 0.050983 0.211367
vt 0.168720 0.295498
vt 0.603249 0.070824
vt 0.198073 0.121753
vt 0.665403 0.214297
vt 0.842803 0.154397
vt 0.436010 0.069659
vt 0.212357 0.121753
vt 0.212756 0.205540
vt 0.491187 0.190939
vt 0.939061 0.655818
vt 0.937957 0.808842
vt 0.438590 0.196620
vt 0.898861 0.171661
vt 0.950289 0.782608
vt 0.948649 0.899603
vt 0.562864 0.830967
vt 0.391702 0.061699
vt 0.578944 0.830967
vt 0.225088 0.083736
vt 0.889934 0.841428
vt 0.521001 0.040612
vt 0.541151 0.830967
vt 0.488621 0.107152
vt 0.225088 0.096068
vt 0.664149 0.134418
vt 0.235707 0.123395
vt 0.724231 0.063120
vt 0.950802 0.071648
vt 0.740623 0.063120
vt 0.948579 0.374046
vt 0.387642 0.019540
vt 0.330629 0.012960
vt 0.764243 0.063119
vt 0.073653 0.069234
vt 0.200182 0.062652
vt 0.932035 0.071652
vt 0.559391 0.019172
vt 0.579595 0.012603
vt 0.966257 0.071027
vt 0.966257 0.054787
vt 0.965632 0.054162
vt 0.963758 0.054162
vt 0.963134 0.054787
vt 0.963410 0.389189
vt 0.961536 0.389189
vt 0.960911 0.389813
vt 0.961536 0.406678
vt 0.963410 0.406678
vt 0.795769 0.028237
vt 0.091442 0.205967
vt 0.984957 0.854776
vt 0.812283 0.013938
vt 0.966388 0.593352
vt 0.966388 0.577112
vt 0.965764 0.576487
vt 0.963890 0.576487
vt 0.963265 0.577112
vt 0.250538 0.032272
vt 0.248664 0.032272
vt 0.248039 0.032896
vt 0.248664 0.049761
vt 0.250538 0.049761
vt 0.312602 0.028170
vt 0.091442 0.190876
vt 0.985048 0.491560
vt 0.827738 0.013938
vt 0.964034 0.373421
vt 0.964034 0.357182
vt 0.963410 0.356557
vt 0.961536 0.356557
vt 0.960911 0.357182
vt 0.963479 0.976344
vt 0.961606 0.976344
vt 0.960981 0.976969
vt 0.961606 0.993834
vt 0.963479 0.993834
vt 0.008977 0.027656
vt 0.091442 0.175786
vt 0.985075 0.266511
vt 0.942735 0.610373
vt 0.962358 0.233255
vt 0.962358 0.217014
vt 0.961734 0.216390
vt 0.959860 0.216390
vt 0.959235 0.217014
vt 0.438509 0.039838
vt 0.436635 0.039838
vt 0.436010 0.040463
vt 0.436635 0.057327
vt 0.438509 0.057327
vt 0.523811 0.028280
vt 0.091442 0.160694
vt 0.089857 0.034543
vt 0.944799 0.339677
vt 0.961774 0.171036
vt 0.961774 0.154796
vt 0.961149 0.154172
vt 0.959275 0.154172
vt 0.958651 0.154796
vt 0.039735 0.039988
vt 0.037861 0.039988
vt 0.037237 0.040613
vt 0.037861 0.057478
vt 0.039735 0.057478
vt 0.139597 0.028470
vt 0.091442 0.221058
vt 0.984947 0.770276
vt 0.453288 0.012539
vt 0.312914 0.057367
vt 0.312914 0.041127
vt 0.312290 0.040502
vt 0.310416 0.040502
vt 0.309791 0.041127
vt 0.008664 0.039989
vt 0.006791 0.039989
vt 0.006166 0.040613
vt 0.006791 0.057478
vt 0.008664 0.057478
vt 0.961462 0.141840
vt 0.368904 0.012024
vt 0.981399 0.041831
vt 0.950215 0.702044
vt 0.964104 0.898978
vt 0.964104 0.882738
vt 0.963480 0.882113
vt 0.961606 0.882113
vt 0.960981 0.882738
vt 0.963480 0.911935
vt 0.961606 0.911935
vt 0.960981 0.912559
vt 0.961606 0.929424
vt 0.963480 0.929424
vt 0.654468 0.028089
vt 0.914167 0.564998
vt 0.491421 0.031113
vt 0.052380 0.012514
vt 0.975110 0.533035
vt 0.975110 0.548968
vt 0.975734 0.549582
vt 0.977608 0.549583
vt 0.978233 0.548971
vt 0.967150 0.791353
vt 0.965276 0.791353
vt 0.964651 0.791977
vt 0.965276 0.808842
vt 0.967150 0.808842
vt 0.992956 0.233879
vt 0.639168 0.042455
vt 0.720171 0.012998
vt 0.842572 0.013938
vt 0.975110 0.442381
vt 0.975110 0.458314
vt 0.975735 0.458927
vt 0.977608 0.458929
vt 0.978233 0.458316
vt 0.386081 0.031872
vt 0.384207 0.031872
vt 0.383582 0.032496
vt 0.384207 0.049361
vt 0.386081 0.049361
vt 0.992956 0.204387
vt 0.969194 0.822143
vt 0.735314 0.012998
vt 0.986677 0.705627
vt 0.944367 0.022467
vt 0.944367 0.038401
vt 0.944992 0.039014
vt 0.946865 0.039015
vt 0.947490 0.038403
vt 0.333127 0.031851
vt 0.331253 0.031851
vt 0.330629 0.032476
vt 0.331253 0.049340
vt 0.333127 0.049340
vt 0.808139 0.837822
vt 0.824089 0.564183
vt 0.976436 0.941756
vt 0.537396 0.645975
vt 0.925476 0.022472
vt 0.925476 0.038405
vt 0.926101 0.039019
vt 0.927975 0.039020
vt 0.928600 0.038407
vt 0.557830 0.031504
vt 0.555956 0.031504
vt 0.555331 0.032129
vt 0.555956 0.048994
vt 0.557830 0.048994
vt 0.040048 0.027656
vt 0.837807 0.821582
vt 0.976436 0.911935
vt 0.552230 0.645975
vt 0.974106 0.155113
vt 0.974106 0.171046
vt 0.974730 0.171659
vt 0.976604 0.171661
vt 0.977229 0.171048
vt 0.963480 0.941756
vt 0.961606 0.941756
vt 0.960981 0.942381
vt 0.961606 0.959246
vt 0.963480 0.959246
vt 0.438821 0.027506
vt 0.838923 0.564183
vt 0.976436 0.882113
vt 0.567064 0.645975
vt 0.272000 0.021747
vt 0.272000 0.037680
vt 0.272624 0.038293
vt 0.274498 0.038295
vt 0.275123 0.037683
vt 0.582094 0.031493
vt 0.580220 0.031493
vt 0.579595 0.032118
vt 0.580220 0.048983
vt 0.582094 0.048983
vt 0.885280 0.027219
vt 0.525064 0.643164
vt 0.977081 0.625516
vt 0.850139 0.824393
vt 0.700685 0.021920
vt 0.700685 0.037853
vt 0.701310 0.038467
vt 0.703184 0.038468
vt 0.703808 0.037856
vt 0.962153 0.532094
vt 0.960279 0.532094
vt 0.959655 0.532718
vt 0.960279 0.549583
vt 0.962153 0.549583
vt 0.905732 0.027219
vt 0.853757 0.564183
vt 0.162865 0.019964
vt 0.868025 0.824036
vt 0.964749 0.642381
vt 0.964749 0.626141
vt 0.964124 0.625516
vt 0.962250 0.625516
vt 0.961626 0.626141
vt 0.969180 0.752786
vt 0.967306 0.752786
vt 0.966681 0.753411
vt 0.967306 0.770276
vt 0.969180 0.770276
vt 0.054882 0.024846
vt 0.752955 0.012998
vt 0.093316 0.233392
vt 0.021309 0.010792
vt 0.962358 0.203433
vt 0.962358 0.187193
vt 0.961734 0.186568
vt 0.959860 0.186568
vt 0.959235 0.187193
vt 0.884967 0.039551
vt 0.883093 0.039551
vt 0.882469 0.040176
vt 0.883093 0.057041
vt 0.884967 0.057041
vt 0.984028 0.822143
vt 0.105716 0.015512
vt 0.993420 0.517004
vt 0.537081 0.011415
vt 0.024744 0.056854
vt 0.024744 0.040613
vt 0.024119 0.039989
vt 0.022246 0.039989
vt 0.021621 0.040613
vt 0.905419 0.039551
vt 0.903545 0.039551
vt 0.902921 0.040176
vt 0.903545 0.057041
vt 0.905419 0.057041
vt 0.965636 0.009528
vt 0.982136 0.720154
vt 0.054566 0.054720
vt 0.985740 0.669872
vt 0.654780 0.057285
vt 0.654780 0.041045
vt 0.654155 0.040420
vt 0.652281 0.040420
vt 0.651657 0.041045
vt 0.680233 0.040030
vt 0.678359 0.040030
vt 0.677735 0.040654
vt 0.678359 0.057519
vt 0.680233 0.057519
vt 0.414858 0.013625
vt 0.978720 0.576487
vt 0.946747 0.188495
vt 0.860687 0.012801
vt 0.962778 0.458304
vt 0.962778 0.442064
vt 0.962153 0.441439
vt 0.960279 0.441439
vt 0.959655 0.442064
vt 0.969180 0.720154
vt 0.967306 0.720154
vt 0.966681 0.720779
vt 0.967306 0.737644
vt 0.969180 0.737644
vt 0.981091 0.009198
vt 0.776575 0.012995
vt 0.947167 0.504199
vt 0.620586 0.011068
vt 0.456411 0.041736
vt 0.456411 0.025495
vt 0.455786 0.024871
vt 0.453913 0.024871
vt 0.453288 0.025495
vt 0.964507 0.095071
vt 0.962633 0.095071
vt 0.962008 0.095695
vt 0.962633 0.112560
vt 0.964507 0.112560
vt 0.993067 0.456118
vt 0.121317 0.012847
vt 0.093316 0.248484
vt 0.635729 0.011068
vt 0.966138 0.323909
vt 0.966138 0.307669
vt 0.965514 0.307044
vt 0.963640 0.307044
vt 0.963015 0.307669
vt 0.227587 0.033771
vt 0.225713 0.033771
vt 0.225088 0.034395
vt 0.225713 0.051260
vt 0.227587 0.051260
vt 0.927979 0.006717
vt 0.505002 0.012791
vt 0.370778 0.024358
vt 0.677735 0.010833
vt 0.969815 0.854151
vt 0.969815 0.837911
vt 0.969190 0.837286
vt 0.967316 0.837286
vt 0.966691 0.837911
vt 0.975315 0.204057
vt 0.977189 0.204058
vt 0.977814 0.203445
vt 0.977189 0.186899
vt 0.975315 0.186898
vt 0.353761 0.010876
vt 0.658570 0.643164
vt 0.980274 0.112560
vt 0.581898 0.645975
vt 0.969905 0.490936
vt 0.969905 0.474696
vt 0.969281 0.474071
vt 0.967407 0.474071
vt 0.966782 0.474696
vt 0.974730 0.142167
vt 0.976604 0.142169
vt 0.977229 0.141557
vt 0.976604 0.125010
vt 0.974730 0.125009
vt 0.180979 0.010792
vt 0.822973 0.821582
vt 0.070030 0.036602
vt 0.596732 0.645975
vt 0.969932 0.265887
vt 0.969932 0.249646
vt 0.969307 0.249022
vt 0.967433 0.249022
vt 0.966809 0.249646
vt 0.976991 0.406677
vt 0.978865 0.406678
vt 0.979489 0.406066
vt 0.978865 0.389520
vt 0.976991 0.389518
vt 0.603249 0.009776
vt 0.614068 0.643164
vt 0.474989 0.036426
vt 0.902267 0.824094
vt 0.415479 0.045632
vt 0.415479 0.029392
vt 0.414854 0.028767
vt 0.412981 0.028767
vt 0.412356 0.029392
vt 0.976991 0.376856
vt 0.978865 0.376857
vt 0.979489 0.376245
vt 0.978865 0.359698
vt 0.976991 0.359697
vt 0.291827 0.009275
vt 0.628902 0.643164
vt 0.981281 0.324534
vt 0.929965 0.339677
vt 0.973408 0.686112
vt 0.973408 0.669872
vt 0.972784 0.669247
vt 0.970910 0.669247
vt 0.970285 0.669872
vt 0.977061 0.993833
vt 0.978934 0.993834
vt 0.979559 0.993222
vt 0.978934 0.976675
vt 0.977061 0.976674
vt 0.989561 0.155421
vt 0.643736 0.643164
vt 0.981400 0.071652
vt 0.935381 0.717187
vt 0.815406 0.043135
vt 0.815406 0.026894
vt 0.814782 0.026270
vt 0.812908 0.026270
vt 0.812283 0.026894
vt 0.975315 0.233878
vt 0.977189 0.233879
vt 0.977814 0.233267
vt 0.977189 0.216721
vt 0.975315 0.216719
vt 0.990565 0.533343
vt 0.946869 0.006713
vt 0.198932 0.030020
vt 0.700685 0.008976
vt 0.834297 0.043135
vt 0.834297 0.026894
vt 0.833672 0.026270
vt 0.831798 0.026270
vt 0.831174 0.026894
vt 0.963758 0.041829
vt 0.965632 0.041831
vt 0.966257 0.041218
vt 0.965632 0.024672
vt 0.963758 0.024670
vt 0.989561 0.125929
vt 0.937883 0.699233
vt 0.982917 0.808842
vt 0.636666 0.060409
s 1
f 5/1/1 25/2/2 3/3/3
f 4/4/4 30/5/5 27/6/6
f 11/7/7 29/8/8 7/9/9
f 14/10/10 31/11/11 10/12/12
f 17/13/13 33/14/14 13/15/15
f 16/16/16 38/17/17 35/18/18
f 23/19/19 37/20/20 19/21/21
f 28/22/22 42/23/23 25/2/2
f 6/24/24 2/25/25 15/26/26
f 26/27/27 62/28/28 39/29/29
f 32/30/30 47/31/31 29/8/8
f 34/32/32 50/33/33 31/11/11
f 36/34/34 53/35/35 33/14/14
f 35/36/18 61/37/36 56/38/37
f 40/39/38 59/40/39 37/20/20
f 46/41/40 66/42/41 42/23/23
f 27/6/6 49/43/42 44/44/43
f 43/45/44 86/46/45 63/47/46
f 52/48/47 71/49/48 47/31/31
f 54/50/49 74/51/50 51/52/51
f 58/53/52 77/54/53 53/35/35
f 57/55/54 85/56/55 80/57/56
f 64/58/57 83/59/58 59/40/39
f 69/60/59 91/61/60 67/62/61
f 45/63/62 73/64/63 68/65/64
f 67/62/61 111/66/65 87/67/66
f 75/68/67 96/69/68 72/70/69
f 78/71/70 99/72/71 75/68/67
f 81/73/72 102/74/73 78/71/70
f 81/73/72 108/75/74 105/76/75
f 87/67/66 108/75/74 84/77/76
f 92/78/77 114/79/78 89/80/79
f 69/60/59 96/69/68 93/81/80
f 90/82/81 134/83/82 112/84/83
f 98/85/84 119/86/85 97/87/86
f 101/88/87 122/89/88 100/90/89
f 104/91/90 125/92/91 103/93/92
f 107/94/93 128/95/94 106/96/95
f 110/97/96 131/98/97 109/99/98
f 129/100/99 132/101/100 135/102/101
f 95/103/102 116/104/103 94/105/104
f 1/106/105 2/25/25 3/107/3
f 4/108/4 5/109/1 6/24/24
f 7/110/9 8/111/106 9/112/107
f 10/113/12 11/114/7 12/115/108
f 13/116/15 14/117/10 15/26/26
f 16/118/16 17/119/13 18/120/109
f 19/121/21 20/122/110 21/123/111
f 22/124/112 23/125/19 24/126/113
f 41/127/114 42/23/23 43/128/44
f 44/129/43 45/130/62 46/41/40
f 47/31/31 48/131/115 49/43/42
f 50/132/33 51/133/51 52/48/47
f 53/35/35 54/50/49 55/134/116
f 56/38/37 57/135/54 58/53/52
f 59/40/39 60/136/117 61/137/36
f 62/28/28 63/47/46 64/58/57
f 65/138/118 66/139/41 67/62/61
f 68/140/64 69/60/59 70/141/119
f 71/142/48 72/70/69 73/143/63
f 74/144/50 75/68/67 76/145/120
f 77/146/53 78/71/70 79/147/121
f 80/148/56 81/73/72 82/149/122
f 83/150/58 84/77/76 85/151/55
f 86/152/45 87/67/66 88/153/123
f 89/154/79 90/155/81 91/61/60
f 92/156/77 93/81/80 94/157/104
f 95/158/102 96/69/68 97/159/86
f 98/160/84 99/72/71 100/161/89
f 101/162/87 102/74/73 103/163/92
f 104/164/90 105/76/75 106/165/95
f 107/166/93 108/75/74 109/167/98
f 110/168/96 111/66/65 112/169/83
f 113/170/124 114/79/78 115/171/125
f 116/104/103 117/172/126 118/173/127
f 119/86/85 120/174/128 121/175/129
f 122/89/88 123/176/130 124/177/131
f 125/92/91 126/178/132 127/179/133
f 128/180/94 129/181/99 130/182/134
f 131/98/97 132/183/100 133/184/135
f 134/185/82 135/186/101 136/187/136
f 22/124/112 2/25/25 1/106/105
f 24/126/113 19/121/21 21/123/111
f 21/123/111 16/118/16 18/120/109
f 18/120/109 13/116/15 15/26/26
f 15/26/26 10/113/12 12/115/108
f 12/115/108 7/110/9 9/112/107
f 9/112/107 4/108/4 6/24/24
f 6/24/24 3/107/3 2/25/25
f 25/2/2 1/188/105 3/3/3
f 4/189/4 28/22/22 5/1/1
f 29/8/8 8/190/106 7/9/9
f 10/191/12 32/30/30 11/7/7
f 33/14/14 14/10/10 13/15/15
f 16/192/16 36/34/34 17/13/13
f 37/20/20 20/193/110 19/21/21
f 22/194/112 40/39/38 23/19/19
f 25/2/2 41/127/114 26/195/27
f 44/129/43 28/22/22 27/196/6
f 29/8/8 49/43/42 30/5/5
f 49/43/42 45/63/62 44/44/43
f 50/132/33 32/30/30 31/197/11
f 33/14/14 55/134/116 34/32/32
f 50/33/33 54/50/49 51/52/51
f 56/38/37 36/34/34 35/36/18
f 37/20/20 61/137/36 38/17/17
f 61/37/36 57/135/54 56/38/37
f 62/28/28 40/39/38 39/29/29
f 43/45/44 62/28/28 41/198/114
f 66/42/41 43/128/44 42/23/23
f 45/130/62 70/199/119 46/41/40
f 70/141/119 67/62/61 66/139/41
f 71/49/48 48/131/115 47/31/31
f 73/143/63 69/60/59 68/140/64
f 51/133/51 76/200/120 52/48/47
f 76/145/120 72/70/69 71/142/48
f 77/54/53 54/50/49 53/35/35
f 74/144/50 78/71/70 75/68/67
f 57/135/54 82/201/122 58/53/52
f 82/149/122 78/71/70 77/146/53
f 83/59/58 60/136/117 59/40/39
f 85/151/55 81/73/72 80/148/56
f 63/47/46 88/202/123 64/58/57
f 88/153/123 84/77/76 83/150/58
f 67/62/61 86/152/45 65/138/118
f 93/203/80 89/80/79 91/204/60
f 96/69/68 94/157/104 93/81/80
f 99/205/71 97/87/86 96/206/68
f 102/74/73 100/161/89 99/72/71
f 105/207/75 103/93/92 102/208/73
f 108/75/74 106/165/95 105/76/75
f 111/209/65 109/99/98 108/210/74
f 112/169/83 91/61/60 90/155/81
f 114/79/78 90/82/81 89/80/79
f 116/104/103 92/78/77 94/105/104
f 118/211/127 115/212/125 114/213/78
f 119/86/85 95/214/102 97/87/86
f 121/215/129 117/216/126 116/217/103
f 122/89/88 98/85/84 100/90/89
f 124/218/131 120/219/128 119/220/85
f 125/92/91 101/221/87 103/93/92
f 127/222/133 123/223/130 122/224/88
f 128/180/94 104/91/90 106/225/95
f 130/226/134 126/227/132 125/228/91
f 131/98/97 107/94/93 109/99/98
f 133/229/135 129/100/99 128/230/94
f 134/185/82 110/97/96 112/231/83
f 136/232/136 132/101/100 131/233/97
f 135/102/101 113/234/124 115/212/125
f 1/235/105 39/236/29 22/237/112
f 138/238/137 137/239/138 141/240/139
f 138/241/137 145/242/140 137/243/138
f 139/244/141 146/245/142 138/246/137
f 140/247/143 147/248/144 139/244/141
f 140/249/143 149/250/145 148/251/146
f 142/252/147 149/253/145 141/254/139
f 143/255/148 150/256/149 142/257/147
f 144/258/150 151/259/151 143/260/148
f 144/261/150 145/262/140 152/263/152
f 146/264/142 153/265/153 145/242/140
f 147/248/144 154/266/154 146/245/142
f 148/267/146 155/268/155 147/248/144
f 149/253/145 156/269/156 148/270/146
f 150/271/149 157/272/157 149/253/145
f 151/273/151 158/274/158 150/271/149
f 152/275/152 159/276/159 151/259/151
f 145/242/140 160/277/160 152/278/152
f 158/279/158 159/280/159 160/281/160
f 162/282/161 169/283/162 161/284/163
f 163/285/164 170/286/165 162/287/161
f 164/288/166 171/289/167 163/285/164
f 165/290/168 172/291/169 164/292/166
f 166/293/170 173/294/171 165/290/168
f 167/295/172 174/296/173 166/293/170
f 168/297/174 175/298/175 167/299/172
f 161/284/163 176/300/176 168/301/174
f 170/302/165 177/303/177 169/304/162
f 170/302/165 179/305/178 178/306/179
f 172/307/169 179/305/178 171/308/167
f 173/309/171 180/310/180 172/307/169
f 174/311/173 181/312/181 173/309/171
f 174/311/173 183/313/182 182/314/183
f 176/315/176 183/313/182 175/316/175
f 169/304/162 184/317/184 176/315/176
f 178/318/179 185/319/185 177/320/177
f 179/321/178 186/322/186 178/323/179
f 180/324/180 187/325/187 179/321/178
f 181/326/181 188/327/188 180/324/180
f 182/328/183 189/329/189 181/330/181
f 183/331/182 190/332/190 182/333/183
f 184/334/184 191/335/191 183/331/182
f 177/320/177 192/336/192 184/337/184
f 209/338/193 194/339/194 207/340/195
f 215/341/196 206/342/197 213/343/198
f 202/344/199 208/345/200 214/346/201
f 198/347/202 200/348/203 195/349/204
f 203/350/205 212/351/206 201/352/207
f 193/353/208 194/354/194 195/349/204
f 196/355/209 197/356/210 198/357/202
f 199/358/211 200/348/203 201/359/207
f 202/344/199 203/360/205 204/361/212
f 205/362/213 206/342/197 207/363/195
f 208/364/200 209/365/193 210/366/214
f 211/367/215 212/351/206 213/368/198
f 214/346/201 215/369/196 216/370/216
f 193/353/208 200/348/203 199/358/211
f 196/371/209 195/349/204 194/354/194
f 202/344/199 198/357/202 197/356/210
f 201/359/207 204/372/212 203/373/205
f 199/374/211 212/351/206 211/367/215
f 214/346/201 203/360/205 202/344/199
f 213/368/198 216/375/216 215/376/196
f 211/377/215 206/378/197 205/379/213
f 208/345/200 215/369/196 214/346/201
f 207/363/195 210/366/214 209/365/193
f 205/380/213 194/339/194 193/381/208
f 197/356/210 209/382/193 208/345/200
f 211/377/215 193/383/208 199/384/211
f 233/385/193 218/386/194 231/387/195
f 239/388/196 230/389/197 237/390/198
f 226/391/199 232/392/200 238/393/201
f 222/394/202 224/395/203 219/396/204
f 227/397/205 236/398/206 225/399/207
f 217/400/208 218/401/194 219/396/204
f 220/402/209 221/403/210 222/404/202
f 223/405/211 224/395/203 225/406/207
f 226/391/199 227/407/205 228/408/212
f 229/409/213 230/389/197 231/410/195
f 232/411/200 233/412/193 234/413/214
f 235/414/215 236/398/206 237/415/198
f 238/393/201 239/416/196 240/417/216
f 217/400/208 224/395/203 223/405/211
f 220/418/209 219/396/204 218/401/194
f 226/391/199 222/404/202 221/403/210
f 225/406/207 228/419/212 227/420/205
f 223/421/211 236/398/206 235/414/215
f 238/393/201 227/407/205 226/391/199
f 237/415/198 240/422/216 239/423/196
f 235/424/215 230/425/197 229/426/213
f 232/392/200 239/416/196 238/393/201
f 231/410/195 234/413/214 233/412/193
f 229/427/213 218/386/194 217/428/208
f 221/403/210 233/429/193 232/392/200
f 235/424/215 217/430/208 223/431/211
f 257/432/193 242/433/194 255/434/195
f 263/435/196 254/436/197 261/437/198
f 250/438/199 256/439/200 262/440/201
f 246/441/202 248/442/203 243/443/204
f 251/444/205 260/445/206 249/446/207
f 241/447/208 242/448/194 243/443/204
f 244/449/209 245/450/210 246/451/202
f 247/452/211 248/442/203 249/453/207
f 250/438/199 251/454/205 252/455/212
f 253/456/213 254/436/197 255/457/195
f 256/458/200 257/459/193 258/460/214
f 259/461/215 260/445/206 261/462/198
f 262/440/201 263/463/196 264/464/216
f 241/447/208 248/442/203 247/452/211
f 244/465/209 243/443/204 242/448/194
f 250/438/199 246/451/202 245/450/210
f 249/453/207 252/466/212 251/467/205
f 247/468/211 260/445/206 259/461/215
f 262/440/201 251/454/205 250/438/199
f 261/462/198 264/469/216 263/470/196
f 259/471/215 254/472/197 253/473/213
f 256/439/200 263/463/196 262/440/201
f 255/457/195 258/460/214 257/459/193
f 253/474/213 242/433/194 241/475/208
f 245/450/210 257/476/193 256/439/200
f 259/471/215 241/477/208 247/478/211
f 281/479/193 266/480/194 279/481/195
f 287/482/196 278/483/197 285/484/198
f 274/485/199 280/486/200 286/487/201
f 270/488/202 272/489/203 267/490/204
f 275/491/205 284/492/206 273/493/207
f 265/494/208 266/495/194 267/490/204
f 268/496/209 269/497/210 270/498/202
f 271/499/211 272/489/203 273/500/207
f 274/485/199 275/501/205 276/502/212
f 277/503/213 278/483/197 279/504/195
f 280/505/200 281/506/193 282/507/214
f 283/508/215 284/492/206 285/509/198
f 286/487/201 287/510/196 288/511/216
f 265/494/208 272/489/203 271/499/211
f 268/512/209 267/490/204 266/495/194
f 274/485/199 270/498/202 269/497/210
f 273/500/207 276/513/212 275/514/205
f 271/515/211 284/492/206 283/508/215
f 286/487/201 275/501/205 274/485/199
f 285/509/198 288/516/216 287/517/196
f 283/518/215 278/519/197 277/520/213
f 280/486/200 287/510/196 286/487/201
f 279/504/195 282/507/214 281/506/193
f 277/521/213 266/480/194 265/522/208
f 269/497/210 281/523/193 280/486/200
f 283/518/215 265/524/208 271/525/211
f 305/526/217 290/527/218 303/528/219
f 299/529/220 308/530/221 297/531/222
f 289/532/223 290/527/218 291/533/224
f 292/534/225 293/535/226 294/536/227
f 295/537/228 296/538/229 297/531/222
f 298/539/230 299/540/220 300/541/231
f 301/542/232 302/543/233 303/544/219
f 304/545/234 305/546/217 306/547/235
f 307/548/236 308/530/221 309/549/237
f 310/550/238 311/551/239 312/552/240
f 292/553/225 291/533/224 290/527/218
f 297/531/222 300/554/231 299/529/220
f 295/537/228 308/530/221 307/548/236
f 310/550/238 299/540/220 298/539/230
f 309/549/237 312/555/240 311/556/239
f 303/544/219 306/547/235 305/546/217
f 301/557/232 290/527/218 289/532/223
f 293/535/226 305/558/217 304/559/241
f 329/560/217 314/561/218 327/562/219
f 323/563/220 332/564/221 321/565/222
f 313/566/223 314/561/218 315/567/224
f 316/568/225 317/569/226 318/570/227
f 319/571/228 320/572/229 321/565/222
f 322/573/230 323/574/220 324/575/231
f 325/576/232 326/577/233 327/578/219
f 328/579/234 329/580/217 330/581/235
f 331/582/236 332/564/221 333/583/237
f 334/584/238 335/585/239 336/586/240
f 316/587/225 315/567/224 314/561/218
f 321/565/222 324/588/231 323/563/220
f 319/571/228 332/564/221 331/582/236
f 334/584/238 323/574/220 322/573/230
f 333/583/237 336/589/240 335/590/239
f 327/578/219 330/581/235 329/580/217
f 325/591/232 314/561/218 313/566/223
f 317/569/226 329/592/217 328/593/241
f 353/594/242 338/595/243 351/596/244
f 347/597/245 356/598/246 345/599/247
f 337/600/248 338/601/243 339/602/249
f 340/603/250 341/604/251 342/605/252
f 343/606/253 344/607/254 345/608/247
f 346/609/255 347/610/245 348/611/256
f 349/612/257 350/613/258 351/614/244
f 352/615/259 353/616/242 354/617/260
f 355/618/261 356/598/246 357/619/262
f 358/620/263 359/621/264 360/622/265
f 340/623/250 339/602/249 338/601/243
f 345/608/247 348/624/256 347/625/245
f 343/626/253 356/598/246 355/618/261
f 358/620/263 347/610/245 346/609/255
f 357/619/262 360/627/265 359/628/264
f 351/614/244 354/617/260 353/616/242
f 349/629/257 338/595/243 337/630/248
f 341/604/251 353/631/242 352/632/266
f 377/633/267 362/634/268 375/635/269
f 371/636/270 380/637/271 369/638/272
f 361/639/273 362/634/268 363/640/274
f 364/641/275 365/642/276 366/643/277
f 367/644/278 368/645/229 369/638/272
f 370/646/279 371/647/270 372/648/280
f 373/649/281 374/650/233 375/651/269
f 376/652/282 377/653/267 378/654/283
f 379/655/284 380/637/271 381/656/285
f 382/657/286 383/658/287 384/659/288
f 364/660/275 363/640/274 362/634/268
f 369/638/272 372/661/280 371/636/270
f 367/644/278 380/637/271 379/655/284
f 382/657/286 371/647/270 370/646/279
f 381/656/285 384/662/288 383/663/287
f 375/651/269 378/654/283 377/653/267
f 373/664/281 362/634/268 361/639/273
f 365/642/276 377/665/267 376/666/289
f 386/667/290 387/668/291 385/669/292
f 388/670/293 391/671/294 387/672/291
f 392/673/295 389/674/296 391/675/294
f 390/676/297 385/677/292 389/678/296
f 391/679/294 385/680/292 387/681/291
f 388/682/293 390/683/297 392/684/295
f 409/685/298 394/686/299 407/687/300
f 415/688/301 406/689/302 413/690/303
f 402/691/304 408/692/305 414/693/306
f 398/694/307 400/695/308 395/696/309
f 403/697/310 412/698/311 401/699/312
f 393/700/313 394/686/299 395/701/309
f 396/702/314 397/703/315 398/704/307
f 399/705/316 400/706/308 401/699/312
f 402/691/304 403/707/310 404/708/317
f 405/709/318 406/689/302 407/710/300
f 408/711/305 409/712/298 410/713/319
f 411/714/320 412/698/311 413/715/303
f 414/693/306 415/716/301 416/717/321
f 393/718/313 400/695/308 399/719/316
f 396/720/314 395/701/309 394/686/299
f 402/691/304 398/704/307 397/703/315
f 401/699/312 404/721/317 403/697/310
f 399/705/316 412/698/311 411/714/320
f 414/693/306 403/707/310 402/691/304
f 413/715/303 416/722/321 415/723/301
f 411/724/320 406/725/302 405/726/318
f 408/692/305 415/716/301 414/693/306
f 407/710/300 410/713/319 409/712/298
f 405/727/318 394/686/299 393/700/313
f 397/703/315 409/728/298 408/692/305
f 411/724/320 393/729/313 399/730/316
f 418/731/322 419/732/323 417/733/324
f 420/734/325 423/735/326 419/736/323
f 424/737/327 421/738/328 423/739/326
f 422/740/329 417/741/324 421/742/328
f 423/743/326 417/744/324 419/745/323
f 420/746/325 422/747/329 424/748/327
f 426/749/322 427/750/323 425/751/324
f 428/752/325 431/753/326 427/754/323
f 432/755/327 429/756/328 431/757/326
f 430/758/329 425/759/324 429/760/328
f 431/761/326 425/762/324 427/763/323
f 428/764/325 430/765/329 432/766/327
f 449/767/330 434/768/331 447/769/332
f 443/770/333 452/771/334 441/772/335
f 433/773/336 434/768/331 435/774/337
f 436/775/338 437/776/339 438/777/340
f 439/778/341 440/779/342 441/772/335
f 442/780/343 443/781/333 444/782/344
f 445/783/345 446/784/346 447/785/332
f 448/786/347 449/787/330 450/788/348
f 451/789/349 452/790/334 453/791/350
f 454/792/351 455/793/352 456/794/353
f 436/775/338 435/774/337 434/768/331
f 441/772/335 444/795/344 443/770/333
f 439/778/341 452/771/334 451/796/349
f 454/792/351 443/781/333 442/780/343
f 453/791/350 456/797/353 455/798/352
f 447/785/332 450/799/348 449/800/330
f 445/801/345 434/802/331 433/803/336
f 437/804/339 449/787/330 448/786/354
f 473/805/330 458/806/331 471/807/332
f 467/808/333 476/809/334 465/810/335
f 457/811/336 458/806/331 459/812/337
f 460/813/338 461/814/339 462/815/340
f 463/816/341 464/817/342 465/810/335
f 466/818/343 467/819/333 468/820/344
f 469/821/345 470/822/355 471/823/332
f 472/824/347 473/825/330 474/826/348
f 475/827/349 476/828/334 477/829/350
f 478/830/351 479/831/352 480/832/353
f 460/813/338 459/812/337 458/806/331
f 465/810/335 468/833/344 467/808/333
f 463/816/341 476/809/334 475/834/349
f 478/830/351 467/819/333 466/818/343
f 477/829/350 480/835/353 479/836/352
f 471/823/332 474/837/348 473/838/330
f 469/839/345 458/840/331 457/841/336
f 461/842/339 473/825/330 472/824/354
f 497/843/356 482/844/357 495/845/358
f 491/846/359 500/847/360 489/848/361
f 481/849/362 482/844/357 483/850/363
f 484/851/364 485/852/365 486/853/366
f 487/854/367 488/855/368 489/856/361
f 490/857/369 491/858/359 492/859/370
f 493/860/371 494/861/372 495/862/358
f 496/863/373 497/864/356 498/865/374
f 499/866/375 500/867/360 501/868/376
f 502/869/377 503/870/378 504/871/379
f 484/851/364 483/850/363 482/844/357
f 489/856/361 492/872/370 491/873/359
f 487/874/367 500/847/360 499/875/375
f 502/869/377 491/858/359 490/857/369
f 501/868/376 504/876/379 503/877/378
f 495/862/358 498/878/374 497/879/356
f 493/880/371 482/881/357 481/882/362
f 485/883/365 497/864/356 496/863/380
f 521/884/381 506/885/382 519/886/383
f 515/887/384 524/888/385 513/889/386
f 505/890/387 506/885/382 507/891/388
f 508/892/389 509/893/390 510/894/391
f 511/895/392 512/896/342 513/897/386
f 514/898/393 515/899/384 516/900/394
f 517/901/395 518/902/355 519/903/383
f 520/904/396 521/905/381 522/906/397
f 523/907/398 524/908/385 525/909/399
f 526/910/400 527/911/401 528/912/402
f 508/892/389 507/891/388 506/885/382
f 513/897/386 516/913/394 515/914/384
f 511/915/392 524/888/385 523/916/398
f 526/910/400 515/899/384 514/898/393
f 525/909/399 528/917/402 527/918/401
f 519/903/383 522/919/397 521/920/381
f 517/921/395 506/922/382 505/923/387
f 509/924/390 521/905/381 520/904/403
f 530/925/404 531/926/405 529/927/406
f 532/928/407 535/929/408 531/930/405
f 536/931/409 533/932/410 535/933/408
f 534/934/411 529/935/406 533/936/410
f 535/937/408 529/938/406 531/939/405
f 532/940/407 534/941/411 536/942/409
f 553/943/412 538/944/413 551/945/414
f 559/946/415 550/947/416 557/948/417
f 546/949/418 552/950/419 558/951/420
f 542/952/421 544/953/422 539/954/423
f 547/955/424 556/956/425 545/957/426
f 537/958/427 538/944/413 539/959/423
f 540/960/428 541/961/429 542/962/421
f 543/963/430 544/953/422 545/964/426
f 546/949/418 547/965/424 548/966/431
f 549/967/432 550/947/416 551/968/414
f 552/950/419 553/969/412 554/970/433
f 555/971/434 556/972/425 557/948/417
f 558/951/420 559/973/415 560/974/435
f 537/975/427 544/953/422 543/963/430
f 540/960/428 539/959/423 538/944/413
f 546/949/418 542/976/421 541/977/429
f 545/964/426 548/978/431 547/979/424
f 543/980/430 556/956/425 555/981/434
f 558/951/420 547/965/424 546/949/418
f 557/948/417 560/982/435 559/946/415
f 555/971/434 550/947/416 549/967/432
f 552/950/419 559/973/415 558/951/420
f 551/968/414 554/983/433 553/984/412
f 549/985/432 538/986/413 537/987/427
f 541/977/429 553/969/412 552/950/419
f 555/988/434 537/987/427 543/989/430
f 562/990/436 563/991/437 561/992/438
f 564/993/439 567/994/440 563/995/437
f 568/996/441 565/997/442 567/998/440
f 566/999/443 561/1000/438 565/1001/442
f 567/1002/440 561/1003/438 563/1004/437
f 564/1005/439 566/1006/443 568/1007/441
f 570/1008/436 571/1009/437 569/1010/438
f 572/1011/439 575/1012/440 571/1013/437
f 576/1014/441 573/1015/442 575/1016/440
f 574/1017/443 569/1018/438 573/1019/442
f 575/1020/440 569/1021/438 571/1022/437
f 572/1023/439 574/1024/443 576/1025/441
f 593/1026/444 578/1027/221 591/1028/222
f 587/1029/445 596/1030/218 585/1031/219
f 577/1032/446 578/1027/221 579/1033/447
f 580/1034/448 581/1035/449 582/1036/450
f 583/1037/232 584/1038/451 585/1039/219
f 586/1040/452 587/1041/445 588/1042/235
f 589/1043/228 590/1044/453 591/1045/222
f 592/1046/454 593/1047/444 594/1048/231
f 595/1049/455 596/1050/218 597/1051/456
f 598/1052/457 599/1053/458 600/1054/459
f 580/1055/448 579/1033/447 578/1027/221
f 585/1039/219 588/1042/235 587/1041/445
f 583/1056/232 596/1030/218 595/1057/455
f 598/1052/457 587/1058/445 586/1059/452
f 597/1051/456 600/1060/459 599/1061/458
f 591/1045/222 594/1062/231 593/1063/444
f 589/1064/228 578/1027/221 577/1032/446
f 581/1035/449 593/1047/444 592/1046/460
f 617/1065/220 602/1066/221 615/1067/222
f 611/1068/445 620/1069/218 609/1070/219
f 601/1071/236 602/1066/221 603/1072/237
f 604/1073/240 605/1074/449 606/1075/461
f 607/1076/232 608/1077/462 609/1078/219
f 610/1079/452 611/1080/445 612/1081/463
f 613/1082/228 614/1083/229 615/1067/222
f 616/1084/464 617/1085/220 618/1086/465
f 619/1087/223 620/1069/218 621/1088/224
f 622/1089/466 623/1090/467 624/1091/225
f 604/1092/240 603/1072/237 602/1066/221
f 609/1078/219 612/1081/463 611/1080/445
f 607/1093/232 620/1069/218 619/1087/223
f 622/1089/466 611/1094/445 610/1095/452
f 621/1088/224 624/1096/225 623/1097/467
f 615/1067/222 618/1098/465 617/1065/220
f 613/1082/228 602/1066/221 601/1071/236
f 605/1074/449 617/1085/220 616/1084/460
f 641/1099/245 626/1100/246 639/1101/247
f 635/1102/242 644/1103/243 633/1104/244
f 625/1105/468 626/1100/246 627/1106/262
f 628/1107/469 629/1108/470 630/1109/471
f 631/1110/472 632/1111/473 633/1112/244
f 634/1113/474 635/1114/242 636/1115/475
f 637/1116/476 638/1117/477 639/1101/247
f 640/1118/478 641/1119/245 642/1120/479
f 643/1121/480 644/1122/243 645/1123/249
f 646/1124/481 647/1125/482 648/1126/483
f 628/1127/469 627/1106/262 626/1100/246
f 633/1112/244 636/1115/475 635/1114/242
f 631/1128/472 644/1103/243 643/1129/480
f 646/1124/481 635/1130/242 634/1131/474
f 645/1123/249 648/1132/483 647/1133/482
f 639/1101/247 642/1134/479 641/1099/245
f 637/1116/476 626/1100/246 625/1105/468
f 629/1108/470 641/1119/245 640/1118/484
f 665/1135/270 650/1136/271 663/1137/272
f 659/1138/267 668/1139/268 657/1140/269
f 649/1141/284 650/1136/271 651/1142/285
f 652/1143/288 653/1144/485 654/1145/239
f 655/1146/281 656/1147/233 657/1148/269
f 658/1149/486 659/1150/267 660/1151/283
f 661/1152/278 662/1153/229 663/1137/272
f 664/1154/487 665/1155/270 666/1156/280
f 667/1157/273 668/1158/268 669/1159/274
f 670/1160/488 671/1161/489 672/1162/275
f 652/1163/288 651/1142/285 650/1136/271
f 657/1148/269 660/1151/283 659/1150/267
f 655/1164/281 668/1139/268 667/1165/273
f 670/1160/488 659/1166/267 658/1167/486
f 669/1159/274 672/1168/275 671/1169/489
f 663/1137/272 666/1170/280 665/1135/270
f 661/1152/278 650/1136/271 649/1141/284
f 653/1144/485 665/1155/270 664/1154/490
f 674/1171/491 675/1172/296 673/1173/492
f 676/1174/297 679/1175/493 675/1176/296
f 680/1177/494 677/1178/291 679/1179/493
f 678/1180/293 673/1181/492 677/1182/291
f 679/1183/493 673/1184/492 675/1185/296
f 676/1186/297 678/1187/293 680/1188/494
f 697/1189/310 682/1190/311 695/1191/312
f 703/1192/307 694/1193/308 701/1194/309
f 690/1195/495 696/1196/496 702/1197/497
f 686/1198/301 688/1199/302 683/1200/303
f 691/1201/298 700/1202/299 689/1203/300
f 681/1204/320 682/1190/311 683/1205/303
f 684/1206/321 685/1207/498 686/1208/301
f 687/1209/318 688/1199/302 689/1210/300
f 690/1211/495 691/1212/298 692/1213/319
f 693/1214/316 694/1215/308 695/1191/312
f 696/1196/496 697/1216/310 698/1217/317
f 699/1218/313 700/1219/299 701/1194/309
f 702/1197/497 703/1220/307 704/1221/314
f 681/1222/320 688/1223/302 687/1224/318
f 684/1225/321 683/1205/303 682/1190/311
f 690/1195/495 686/1208/301 685/1207/498
f 689/1210/300 692/1213/319 691/1212/298
f 687/1226/318 700/1202/299 699/1227/313
f 702/1197/497 691/1228/298 690/1195/495
f 701/1194/309 704/1229/314 703/1192/307
f 699/1218/313 694/1193/308 693/1230/316
f 696/1196/496 703/1220/307 702/1197/497
f 695/1191/312 698/1231/317 697/1189/310
f 693/1214/316 682/1190/311 681/1204/320
f 685/1207/498 697/1216/310 696/1196/496
f 699/1232/313 681/1222/320 687/1224/318
f 706/1233/499 707/1234/328 705/1235/500
f 708/1236/329 711/1237/501 707/1238/328
f 712/1239/502 709/1240/323 711/1241/501
f 710/1242/325 705/1243/500 709/1244/323
f 711/1245/501 705/1246/500 707/1247/328
f 708/1248/329 710/1249/325 712/1250/502
f 714/1251/499 715/1252/328 713/1253/500
f 716/1254/329 719/1255/501 715/1256/328
f 720/1257/502 717/1258/323 719/1259/501
f 718/1260/325 713/1261/500 717/1262/323
f 719/1263/501 713/1264/500 715/1265/328
f 716/1266/329 718/1267/325 720/1268/502
f 737/1269/503 722/1270/334 735/1271/335
f 731/1272/504 740/1273/331 729/1274/332
f 721/1275/505 722/1276/334 723/1277/350
f 724/1278/353 725/1279/506 726/1280/352
f 727/1281/345 728/1282/372 729/1283/332
f 730/1284/507 731/1285/504 732/1286/348
f 733/1287/341 734/1288/368 735/1289/335
f 736/1290/508 737/1291/503 738/1292/344
f 739/1293/509 740/1273/331 741/1294/337
f 742/1295/510 743/1296/340 744/1297/338
f 724/1298/353 723/1277/350 722/1276/334
f 729/1283/332 732/1299/348 731/1300/504
f 727/1301/345 740/1302/331 739/1303/509
f 742/1304/510 731/1285/504 730/1284/507
f 741/1294/337 744/1297/338 743/1296/340
f 735/1289/335 738/1305/344 737/1306/503
f 733/1307/341 722/1270/334 721/1308/505
f 725/1279/506 737/1291/503 736/1290/511
f 761/1309/503 746/1310/334 759/1311/335
f 755/1312/504 764/1313/331 753/1314/332
f 745/1315/505 746/1316/334 747/1317/350
f 748/1318/353 749/1319/506 750/1320/352
f 751/1321/345 752/1322/372 753/1323/332
f 754/1324/507 755/1325/504 756/1326/348
f 757/1327/341 758/1328/368 759/1329/335
f 760/1330/508 761/1331/503 762/1332/344
f 763/1333/509 764/1313/331 765/1334/337
f 766/1335/510 767/1336/340 768/1337/338
f 748/1338/353 747/1317/350 746/1316/334
f 753/1323/332 756/1339/348 755/1340/504
f 751/1341/345 764/1342/331 763/1343/509
f 766/1344/510 755/1325/504 754/1324/507
f 765/1334/337 768/1337/338 767/1336/340
f 759/1329/335 762/1345/344 761/1346/503
f 757/1347/341 746/1310/334 745/1348/505
f 749/1319/506 761/1331/503 760/1330/511
f 785/1349/512 770/1350/360 783/1351/361
f 779/1352/513 788/1353/357 777/1354/358
f 769/1355/375 770/1356/360 771/1357/376
f 772/1358/379 773/1359/514 774/1360/378
f 775/1361/371 776/1362/372 777/1363/358
f 778/1364/515 779/1365/513 780/1366/374
f 781/1367/367 782/1368/368 783/1369/361
f 784/1370/516 785/1371/512 786/1372/370
f 787/1373/362 788/1353/357 789/1374/363
f 790/1375/517 791/1376/366 792/1377/364
f 772/1378/379 771/1357/376 770/1356/360
f 777/1363/358 780/1379/374 779/1380/513
f 775/1381/371 788/1382/357 787/1383/362
f 790/1384/517 779/1365/513 778/1364/515
f 789/1374/363 792/1377/364 791/1376/366
f 783/1369/361 786/1385/370 785/1386/512
f 781/1387/367 770/1350/360 769/1388/375
f 773/1359/514 785/1371/512 784/1370/518
f 809/1389/384 794/1390/385 807/1391/386
f 803/1392/381 812/1393/382 801/1394/383
f 793/1395/398 794/1396/385 795/1397/399
f 796/1398/402 797/1399/519 798/1400/401
f 799/1401/395 800/1402/355 801/1403/383
f 802/1404/520 803/1405/381 804/1406/397
f 805/1407/392 806/1408/342 807/1409/386
f 808/1410/521 809/1411/384 810/1412/394
f 811/1413/387 812/1393/382 813/1414/388
f 814/1415/522 815/1416/391 816/1417/389
f 796/1418/402 795/1397/399 794/1396/385
f 801/1403/383 804/1419/397 803/1420/381
f 799/1421/395 812/1422/382 811/1423/387
f 814/1424/522 803/1405/381 802/1404/520
f 813/1414/388 816/1417/389 815/1416/391
f 807/1409/386 810/1425/394 809/1426/384
f 805/1427/392 794/1390/385 793/1428/398
f 797/1399/519 809/1411/384 808/1410/523
f 818/1429/524 819/1430/410 817/1431/525
f 820/1432/411 823/1433/526 819/1434/410
f 824/1435/527 821/1436/405 823/1437/526
f 822/1438/407 817/1439/525 821/1440/405
f 823/1441/526 817/1442/525 819/1443/410
f 820/1444/411 822/1445/407 824/1446/527
f 841/1447/424 826/1448/528 839/1449/529
f 847/1450/421 838/1451/422 845/1452/423
f 834/1453/530 840/1454/531 846/1455/532
f 830/1456/415 832/1457/416 827/1458/417
f 835/1459/412 844/1460/533 833/1461/534
f 825/1462/535 826/1448/528 827/1463/417
f 828/1464/435 829/1465/536 830/1466/415
f 831/1467/432 832/1457/416 833/1468/534
f 834/1453/530 835/1469/412 836/1470/433
f 837/1471/430 838/1472/422 839/1449/529
f 840/1454/531 841/1473/424 842/1474/431
f 843/1475/537 844/1460/533 845/1476/423
f 846/1477/532 847/1478/421 848/1479/428
f 825/1480/535 832/1457/416 831/1467/432
f 828/1481/435 827/1463/417 826/1448/528
f 834/1453/530 830/1466/415 829/1465/536
f 833/1468/534 836/1482/433 835/1483/412
f 831/1484/432 844/1485/533 843/1486/537
f 846/1455/532 835/1469/412 834/1453/530
f 845/1476/423 848/1479/428 847/1478/421
f 843/1487/537 838/1451/422 837/1488/430
f 840/1454/531 847/1489/421 846/1455/532
f 839/1449/529 842/1490/431 841/1447/424
f 837/1471/430 826/1448/528 825/1462/535
f 829/1465/536 841/1473/424 840/1454/531
f 843/1486/537 825/1491/535 831/1484/432
f 850/1492/538 851/1493/442 849/1494/539
f 852/1495/443 855/1496/540 851/1497/442
f 856/1498/541 853/1499/437 855/1500/540
f 854/1501/439 849/1502/539 853/1503/437
f 855/1504/540 849/1505/539 851/1506/442
f 852/1507/443 854/1508/439 856/1509/541
f 858/1510/538 859/1511/442 857/1512/539
f 860/1513/443 863/1514/540 859/1515/442
f 864/1516/541 861/1517/437 863/1518/540
f 862/1519/439 857/1520/539 861/1521/437
f 863/1522/540 857/1523/539 859/1524/442
f 860/1525/443 862/1526/439 864/1527/541
s 0
f 870/1528/542 871/1529/542 872/1530/542
f 874/1531/543 873/1532/543 877/1533/543
f 865/1534/544 874/1535/544 866/1536/544
f 866/1536/545 875/1537/545 867/1538/545
f 867/1539/546 876/1540/546 868/1541/546
f 868/1542/547 877/1543/547 869/1544/547
f 869/1544/548 878/1545/548 870/1546/548
f 870/1546/549 879/1547/549 871/1548/549
f 871/1549/550 880/1550/550 872/1551/550
f 872/1551/551 873/1552/551 865/1553/551
f 886/1554/542 887/1555/542 888/1556/542
f 890/1557/543 889/1558/543 893/1559/543
f 881/1560/544 890/1561/544 882/1562/544
f 882/1562/545 891/1563/545 883/1564/545
f 883/1565/546 892/1566/546 884/1567/546
f 884/1568/547 893/1569/547 885/1570/547
f 885/1570/548 894/1571/548 886/1572/548
f 886/1572/549 895/1573/549 887/1574/549
f 887/1575/550 896/1576/550 888/1577/550
f 888/1577/551 889/1578/551 881/1579/551
f 902/1580/542 903/1581/542 904/1582/542
f 906/1583/543 905/1584/543 909/1585/543
f 897/1586/544 906/1587/544 898/1588/544
f 898/1588/552 907/1589/552 899/1590/552
f 899/1591/546 908/1592/546 900/1593/546
f 900/1594/553 909/1595/553 901/1596/553
f 901/1596/548 910/1597/548 902/1598/548
f 902/1598/554 911/1599/554 903/1600/554
f 903/1601/550 912/1602/550 904/1603/550
f 904/1603/555 905/1604/555 897/1605/555
f 918/1606/542 919/1607/542 920/1608/542
f 922/1609/543 921/1610/543 925/1611/543
f 913/1612/544 922/1613/544 914/1614/544
f 914/1614/545 923/1615/545 915/1616/545
f 915/1617/546 924/1618/546 916/1619/546
f 916/1620/547 925/1621/547 917/1622/547
f 917/1622/548 926/1623/548 918/1624/548
f 918/1624/549 927/1625/549 919/1626/549
f 919/1627/550 928/1628/550 920/1629/550
f 920/1629/551 921/1630/551 913/1631/551
f 934/1632/542 935/1633/542 936/1634/542
f 938/1635/543 937/1636/543 941/1637/543
f 929/1638/544 938/1639/544 930/1640/544
f 930/1640/545 939/1641/545 931/1642/545
f 931/1643/546 940/1644/546 932/1645/546
f 932/1646/547 941/1647/547 933/1648/547
f 933/1648/548 942/1649/548 934/1650/548
f 934/1650/549 943/1651/549 935/1652/549
f 935/1653/550 944/1654/550 936/1655/550
f 936/1655/551 937/1656/551 929/1657/551
f 950/1658/542 951/1659/542 952/1660/542
f 954/1661/543 953/1662/543 957/1663/543
f 945/1664/544 954/1665/544 946/1666/544
f 946/1666/545 955/1667/545 947/1668/545
f 947/1669/546 956/1670/546 948/1671/546
f 948/1672/547 957/1673/547 949/1674/547
f 949/1674/548 958/1675/548 950/1676/548
f 950/1676/549 959/1677/549 951/1678/549
f 951/1679/550 960/1680/550 952/1681/550
f 952/1681/551 953/1682/551 945/1683/551
f 966/1684/542 967/1685/542 968/1686/542
f 970/1687/543 969/1688/543 973/1689/543
f 961/1690/544 970/1691/544 962/1692/544
f 962/1692/545 971/1693/545 963/1694/545
f 963/1695/546 972/1696/546 964/1697/546
f 964/1698/547 973/1699/547 965/1700/547
f 965/1700/548 974/1701/548 966/1702/548
f 966/1702/549 975/1703/549 967/1704/549
f 967/1705/550 976/1706/550 968/1707/550
f 968/1707/551 969/1708/551 961/1709/551
f 982/1710/546 983/1711/546 984/1712/546
f 986/1713/550 985/1714/550 989/1715/550
f 977/1716/544 986/1717/544 978/1718/544
f 978/1719/556 987/1720/556 979/1721/556
f 979/1721/543 988/1722/543 980/1723/543
f 980/1724/557 989/1725/557 981/1726/557
f 981/1726/548 990/1727/548 982/1728/548
f 982/1728/558 991/1729/558 983/1730/558
f 983/1731/542 992/1732/542 984/1733/542
f 984/1733/559 985/1734/559 977/1735/559
f 998/1736/546 999/1737/546 1000/1738/546
f 1002/1739/550 1001/1740/550 1005/1741/550
f 993/1742/544 1002/1743/544 994/1744/544
f 994/1745/556 1003/1746/556 995/1747/556
f 995/1747/543 1004/1748/543 996/1749/543
f 996/1750/557 1005/1751/557 997/1752/557
f 997/1752/548 1006/1753/548 998/1754/548
f 998/1754/558 1007/1755/558 999/1756/558
f 999/1757/542 1008/1758/542 1000/1759/542
f 1000/1759/559 1001/1760/559 993/1761/559
f 1014/1762/546 1015/1763/546 1016/1764/546
f 1018/1765/550 1017/1766/550 1021/1767/550
f 1009/1768/544 1018/1769/544 1010/1770/544
f 1010/1771/556 1019/1772/556 1011/1773/556
f 1011/1773/543 1020/1774/543 1012/1775/543
f 1012/1776/557 1021/1777/557 1013/1778/557
f 1013/1778/548 1022/1779/548 1014/1780/548
f 1014/1780/558 1023/1781/558 1015/1782/558
f 1015/1783/542 1024/1784/542 1016/1785/542
f 1016/1785/559 1017/1786/559 1009/1787/559
f 1030/1788/546 1031/1789/546 1032/1790/546
f 1034/1791/550 1033/1792/550 1037/1793/550
f 1025/1794/544 1034/1795/544 1026/1796/544
f 1026/1797/556 1035/1798/556 1027/1799/556
f 1027/1799/543 1036/1800/543 1028/1801/543
f 1028/1802/557 1037/1803/557 1029/1804/557
f 1029/1804/548 1038/1805/548 1030/1806/548
f 1030/1806/558 1039/1807/558 1031/1808/558
f 1031/1809/542 1040/1810/542 1032/1811/542
f 1032/1811/559 1033/1812/559 1025/1813/559
f 1046/1814/546 1047/1815/546 1048/1816/546
f 1050/1817/550 1049/1818/550 1053/1819/550
f 1041/1820/544 1050/1821/544 1042/1822/544
f 1042/1823/556 1051/1824/556 1043/1825/556
f 1043/1825/543 1052/1826/543 1044/1827/543
f 1044/1828/557 1053/1829/557 1045/1830/557
f 1045/1830/548 1054/1831/548 1046/1832/548
f 1046/1832/558 1055/1833/558 1047/1834/558
f 1047/1835/542 1056/1836/542 1048/1837/542
f 1048/1837/559 1049/1838/559 1041/1839/559
f 1062/1840/546 1063/1841/546 1064/1842/546
f 1066/1843/550 1065/1844/550 1069/1845/550
f 1057/1846/544 1066/1847/544 1058/1848/544
f 1058/1849/556 1067/1850/556 1059/1851/556
f 1059/1851/543 1068/1852/543 1060/1853/543
f 1060/1854/557 1069/1855/557 1061/1856/557
f 1061/1856/548 1070/1857/548 1062/1858/548
f 1062/1858/558 1071/1859/558 1063/1860/558
f 1063/1861/542 1072/1862/542 1064/1863/542
f 1064/1863/559 1065/1864/559 1057/1865/559
f 1078/1866/546 1079/1867/546 1080/1868/546
f 1082/1869/550 1081/1870/550 1085/1871/550
f 1073/1872/544 1082/1873/544 1074/1874/544
f 1074/1875/556 1083/1876/556 1075/1877/556
f 1075/1877/543 1084/1878/543 1076/1879/543
f 1076/1880/557 1085/1881/557 1077/1882/557
f 1077/1882/548 1086/1883/548 1078/1884/548
f 1078/1884/558 1087/1885/558 1079/1886/558
f 1079/1887/542 1088/1888/542 1080/1889/542
f 1080/1889/559 1081/1890/559 1073/1891/559
f 1094/1892/543 1095/1893/543 1096/1894/543
f 1098/1895/542 1097/1896/542 1101/1897/542
f 1089/1898/544 1098/1899/544 1090/1900/544
f 1090/1901/560 1099/1902/560 1091/1903/560
f 1091/1903/550 1100/1904/550 1092/1905/550
f 1092/1906/561 1101/1907/561 1093/1908/561
f 1093/1908/548 1102/1909/548 1094/1910/548
f 1094/1910/562 1103/1911/562 1095/1912/562
f 1095/1913/546 1104/1914/546 1096/1915/546
f 1096/1916/563 1097/1917/563 1089/1898/563
f 1110/1918/543 1111/1919/543 1112/1920/543
f 1114/1921/542 1113/1922/542 1117/1923/542
f 1105/1924/544 1114/1925/544 1106/1926/544
f 1106/1927/551 1115/1928/551 1107/1929/551
f 1107/1929/550 1116/1930/550 1108/1931/550
f 1108/1932/549 1117/1933/549 1109/1934/549
f 1109/1934/548 1118/1935/548 1110/1936/548
f 1110/1936/547 1119/1937/547 1111/1938/547
f 1111/1939/546 1120/1940/546 1112/1941/546
f 1112/1942/545 1113/1943/545 1105/1924/545
f 1126/1944/543 1127/1945/543 1128/1946/543
f 1130/1947/542 1129/1948/542 1133/1949/542
f 1121/1950/544 1130/1951/544 1122/1952/544
f 1122/1953/551 1131/1954/551 1123/1955/551
f 1123/1955/550 1132/1956/550 1124/1957/550
f 1124/1958/549 1133/1959/549 1125/1960/549
f 1125/1960/548 1134/1961/548 1126/1962/548
f 1126/1962/547 1135/1963/547 1127/1964/547
f 1127/1965/546 1136/1966/546 1128/1967/546
f 1128/1968/545 1129/1969/545 1121/1950/545
f 1142/1970/543 1143/1971/543 1144/1972/543
f 1146/1973/542 1145/1974/542 1149/1975/542
f 1137/1976/544 1146/1977/544 1138/1978/544
f 1138/1979/551 1147/1980/551 1139/1981/551
f 1139/1981/550 1148/1982/550 1140/1983/550
f 1140/1984/549 1149/1985/549 1141/1986/549
f 1141/1986/548 1150/1987/548 1142/1988/548
f 1142/1988/547 1151/1989/547 1143/1990/547
f 1143/1991/546 1152/1992/546 1144/1993/546
f 1144/1994/545 1145/1995/545 1137/1976/545
f 1158/1996/543 1159/1997/543 1160/1998/543
f 1162/1999/542 1161/2000/542 1165/2001/542
f 1153/2002/544 1162/2003/544 1154/2004/544
f 1154/2005/551 1163/2006/551 1155/2007/551
f 1155/2007/550 1164/2008/550 1156/2009/550
f 1156/2010/549 1165/2011/549 1157/2012/549
f 1157/2012/548 1166/2013/548 1158/2014/548
f 1158/2014/547 1167/2015/547 1159/2016/547
f 1159/2017/546 1168/2018/546 1160/2019/546
f 1160/2020/545 1161/2021/545 1153/2002/545
f 1174/2022/543 1175/2023/543 1176/2024/543
f 1178/2025/542 1177/2026/542 1181/2027/542
f 1169/2028/544 1178/2029/544 1170/2030/544
f 1170/2031/551 1179/2032/551 1171/2033/551
f 1171/2033/550 1180/2034/550 1172/2035/550
f 1172/2036/549 1181/2037/549 1173/2038/549
f 1173/2038/548 1182/2039/548 1174/2040/548
f 1174/2040/547 1183/2041/547 1175/2042/547
f 1175/2043/546 1184/2044/546 1176/2045/546
f 1176/2046/545 1177/2047/545 1169/2028/545
f 1190/2048/543 1191/2049/543 1192/2050/543
f 1194/2051/542 1193/2052/542 1197/2053/542
f 1185/2054/544 1194/2055/544 1186/2056/544
f 1186/2057/551 1195/2058/551 1187/2059/551
f 1187/2059/550 1196/2060/550 1188/2061/550
f 1188/2062/549 1197/2063/549 1189/2064/549
f 1189/2064/548 1198/2065/548 1190/2066/548
f 1190/2066/547 1199/2067/547 1191/2068/547
f 1191/2069/546 1200/2070/546 1192/2071/546
f 1192/2072/545 1193/2073/545 1185/2054/545
f 1206/2074/550 1207/2075/550 1208/2076/550
f 1210/2077/546 1209/2078/546 1213/2079/546
f 1201/2080/544 1210/2081/544 1202/2082/544
f 1202/2083/559 1211/2084/559 1203/2085/559
f 1203/2085/542 1212/2086/542 1204/2087/542
f 1204/2088/558 1213/2089/558 1205/2090/558
f 1205/2090/548 1214/2091/548 1206/2092/548
f 1206/2092/557 1215/2093/557 1207/2094/557
f 1207/2095/543 1216/2096/543 1208/2097/543
f 1208/2097/556 1209/2098/556 1201/2099/556
f 1222/2100/550 1223/2101/550 1224/2102/550
f 1226/2103/546 1225/2104/546 1229/2105/546
f 1217/2106/544 1226/2107/544 1218/2108/544
f 1218/2109/559 1227/2110/559 1219/2111/559
f 1219/2111/542 1228/2112/542 1220/2113/542
f 1220/2114/558 1229/2115/558 1221/2116/558
f 1221/2116/548 1230/2117/548 1222/2118/548
f 1222/2118/557 1231/2119/557 1223/2120/557
f 1223/2121/543 1232/2122/543 1224/2123/543
f 1224/2123/556 1225/2124/556 1217/2125/556
f 1238/2126/550 1239/2127/550 1240/2128/550
f 1242/2129/546 1241/2130/546 1245/2131/546
f 1233/2132/544 1242/2133/544 1234/2134/544
f 1234/2135/559 1243/2136/559 1235/2137/559
f 1235/2137/542 1244/2138/542 1236/2139/542
f 1236/2140/558 1245/2141/558 1237/2142/558
f 1237/2142/548 1246/2143/548 1238/2144/548
f 1238/2144/557 1247/2145/557 1239/2146/557
f 1239/2147/543 1248/2148/543 1240/2149/543
f 1240/2149/556 1241/2150/556 1233/2151/556
f 1254/2152/550 1255/2153/550 1256/2154/550
f 1258/2155/546 1257/2156/546 1261/2157/546
f 1249/2158/544 1258/2159/544 1250/2160/544
f 1250/2161/559 1259/2162/559 1251/2163/559
f 1251/2163/542 1260/2164/542 1252/2165/542
f 1252/2166/558 1261/2167/558 1253/2168/558
f 1253/2168/548 1262/2169/548 1254/2170/548
f 1254/2170/557 1263/2171/557 1255/2172/557
f 1255/2173/543 1264/2174/543 1256/2175/543
f 1256/2175/556 1257/2176/556 1249/2177/556
f 1270/2178/550 1271/2179/550 1272/2180/550
f 1274/2181/546 1273/2182/546 1277/2183/546
f 1265/2184/544 1274/2185/544 1266/2186/544
f 1266/2187/559 1275/2188/559 1267/2189/559
f 1267/2189/542 1276/2190/542 1268/2191/542
f 1268/2192/558 1277/2193/558 1269/2194/558
f 1269/2194/548 1278/2195/548 1270/2196/548
f 1270/2196/557 1279/2197/557 1271/2198/557
f 1271/2199/543 1280/2200/543 1272/2201/543
f 1272/2201/556 1273/2202/556 1265/2203/556
f 1286/2204/550 1287/2205/550 1288/2206/550
f 1290/2207/546 1289/2208/546 1293/2209/546
f 1281/2210/544 1290/2211/544 1282/2212/544
f 1282/2213/559 1291/2214/559 1283/2215/559
f 1283/2215/542 1292/2216/542 1284/2217/542
f 1284/2218/558 1293/2219/558 1285/2220/558
f 1285/2220/548 1294/2221/548 1286/2222/548
f 1286/2222/557 1295/2223/557 1287/2224/557
f 1287/2225/543 1296/2226/543 1288/2227/543
f 1288/2227/556 1289/2228/556 1281/2229/556
f 1302/2230/550 1303/2231/550 1304/2232/550
f 1306/2233/546 1305/2234/546 1309/2235/546
f 1297/2236/544 1306/2237/544 1298/2238/544
f 1298/2239/559 1307/2240/559 1299/2241/559
f 1299/2241/542 1308/2242/542 1300/2243/542
f 1300/2244/558 1309/2245/558 1301/2246/558
f 1301/2246/548 1310/2247/548 1302/2248/548
f 1302/2248/557 1311/2249/557 1303/2250/557
f 1303/2251/543 1312/2252/543 1304/2253/543
f 1304/2253/556 1305/2254/556 1297/2255/556
s 1
f 5/1/1 28/22/22 25/2/2
f 4/4/4 8/190/106 30/5/5
f 11/7/7 32/30/30 29/8/8
f 14/10/10 34/32/32 31/11/11
f 17/13/13 36/34/34 33/14/14
f 16/2256/16 20/2257/110 38/2258/17
f 23/19/19 40/39/38 37/20/20
f 28/22/22 46/41/40 42/23/23
f 2/25/25 24/126/113 21/123/111
f 21/123/111 18/120/109 2/25/25
f 18/120/109 15/26/26 2/25/25
f 15/26/26 12/115/108 9/112/107
f 9/112/107 6/24/24 15/26/26
f 26/27/27 41/198/114 62/28/28
f 32/30/30 52/48/47 47/31/31
f 34/32/32 55/134/116 50/33/33
f 36/34/34 58/53/52 53/35/35
f 35/18/18 38/17/17 61/137/36
f 40/39/38 64/58/57 59/40/39
f 46/41/40 70/199/119 66/42/41
f 27/6/6 30/5/5 49/43/42
f 43/128/44 65/2259/118 86/2260/45
f 52/48/47 76/200/120 71/49/48
f 54/50/49 79/2261/121 74/51/50
f 58/53/52 82/201/122 77/54/53
f 57/135/54 60/2262/117 85/2263/55
f 64/58/57 88/202/123 83/59/58
f 69/60/59 93/81/80 91/61/60
f 45/63/62 48/131/115 73/64/63
f 67/62/61 91/61/60 111/66/65
f 75/68/67 99/72/71 96/69/68
f 78/71/70 102/74/73 99/72/71
f 81/73/72 105/76/75 102/74/73
f 81/73/72 84/77/76 108/75/74
f 87/67/66 111/66/65 108/75/74
f 92/78/77 118/173/127 114/79/78
f 69/60/59 72/70/69 96/69/68
f 90/82/81 113/170/124 134/83/82
f 98/85/84 124/177/131 119/86/85
f 101/88/87 127/2264/133 122/89/88
f 104/91/90 130/182/134 125/92/91
f 107/94/93 133/184/135 128/95/94
f 110/97/96 136/187/136 131/98/97
f 135/102/101 115/212/125 129/100/99
f 115/212/125 117/216/126 129/100/99
f 117/216/126 120/219/128 123/223/130
f 123/223/130 126/227/132 117/216/126
f 126/227/132 129/100/99 117/216/126
f 95/103/102 121/2265/129 116/104/103
f 22/124/112 24/126/113 2/25/25
f 24/126/113 23/125/19 19/121/21
f 21/123/111 20/122/110 16/118/16
f 18/120/109 17/119/13 13/116/15
f 15/26/26 14/117/10 10/113/12
f 12/115/108 11/114/7 7/110/9
f 9/112/107 8/111/106 4/108/4
f 6/24/24 5/109/1 3/107/3
f 25/2/2 26/195/27 1/188/105
f 4/189/4 27/196/6 28/22/22
f 29/8/8 30/5/5 8/190/106
f 10/191/12 31/197/11 32/30/30
f 33/14/14 34/32/32 14/10/10
f 16/192/16 35/36/18 36/34/34
f 37/20/20 38/17/17 20/193/110
f 22/194/112 39/29/29 40/39/38
f 25/2/2 42/23/23 41/127/114
f 44/129/43 46/41/40 28/22/22
f 29/8/8 47/31/31 49/43/42
f 49/43/42 48/131/115 45/63/62
f 50/132/33 52/48/47 32/30/30
f 33/14/14 53/35/35 55/134/116
f 50/33/33 55/134/116 54/50/49
f 56/38/37 58/53/52 36/34/34
f 37/20/20 59/40/39 61/137/36
f 61/37/36 60/2262/117 57/135/54
f 62/28/28 64/58/57 40/39/38
f 43/45/44 63/47/46 62/28/28
f 66/42/41 65/2259/118 43/128/44
f 45/130/62 68/2266/64 70/199/119
f 70/141/119 69/60/59 67/62/61
f 71/49/48 73/64/63 48/131/115
f 73/143/63 72/70/69 69/60/59
f 51/133/51 74/2267/50 76/200/120
f 76/145/120 75/68/67 72/70/69
f 77/54/53 79/2261/121 54/50/49
f 74/144/50 79/147/121 78/71/70
f 57/135/54 80/2268/56 82/201/122
f 82/149/122 81/73/72 78/71/70
f 83/59/58 85/2269/55 60/136/117
f 85/151/55 84/77/76 81/73/72
f 63/47/46 86/46/45 88/202/123
f 88/153/123 87/67/66 84/77/76
f 67/62/61 87/67/66 86/152/45
f 93/203/80 92/78/77 89/80/79
f 96/69/68 95/158/102 94/157/104
f 99/205/71 98/85/84 97/87/86
f 102/74/73 101/162/87 100/161/89
f 105/207/75 104/91/90 103/93/92
f 108/75/74 107/166/93 106/165/95
f 111/209/65 110/97/96 109/99/98
f 112/169/83 111/66/65 91/61/60
f 114/79/78 113/170/124 90/82/81
f 116/104/103 118/173/127 92/78/77
f 118/211/127 117/216/126 115/212/125
f 119/86/85 121/175/129 95/214/102
f 121/215/129 120/219/128 117/216/126
f 122/89/88 124/177/131 98/85/84
f 124/218/131 123/223/130 120/219/128
f 125/92/91 127/179/133 101/221/87
f 127/222/133 126/227/132 123/223/130
f 128/180/94 130/182/134 104/91/90
f 130/226/134 129/100/99 126/227/132
f 131/98/97 133/184/135 107/94/93
f 133/229/135 132/101/100 129/100/99
f 134/185/82 136/187/136 110/97/96
f 136/232/136 135/102/101 132/101/100
f 135/102/101 134/2270/82 113/234/124
f 1/2271/105 26/27/27 39/29/29
f 137/239/138 144/261/150 143/255/148
f 143/255/148 142/257/147 137/239/138
f 142/257/147 141/240/139 137/239/138
f 141/240/139 140/249/143 139/2272/141
f 139/2272/141 138/238/137 141/240/139
f 138/241/137 146/264/142 145/242/140
f 139/244/141 147/248/144 146/245/142
f 140/247/143 148/267/146 147/248/144
f 140/249/143 141/240/139 149/250/145
f 142/252/147 150/271/149 149/253/145
f 143/255/148 151/2273/151 150/256/149
f 144/258/150 152/275/152 151/259/151
f 144/261/150 137/239/138 145/262/140
f 146/264/142 154/2274/154 153/265/153
f 147/248/144 155/268/155 154/266/154
f 148/267/146 156/2275/156 155/268/155
f 149/253/145 157/272/157 156/269/156
f 150/271/149 158/274/158 157/272/157
f 151/273/151 159/2276/159 158/274/158
f 152/275/152 160/2277/160 159/276/159
f 145/242/140 153/265/153 160/277/160
f 160/281/160 153/2278/153 158/279/158
f 153/2278/153 154/2279/154 158/279/158
f 154/2279/154 155/2280/155 156/2281/156
f 156/2281/156 157/2282/157 154/2279/154
f 157/2282/157 158/279/158 154/2279/154
f 162/282/161 170/2283/165 169/283/162
f 163/285/164 171/289/167 170/286/165
f 164/288/166 172/2284/169 171/289/167
f 165/290/168 173/294/171 172/291/169
f 166/293/170 174/296/173 173/294/171
f 167/295/172 175/2285/175 174/296/173
f 168/297/174 176/2286/176 175/298/175
f 161/284/163 169/283/162 176/300/176
f 170/302/165 178/306/179 177/303/177
f 170/302/165 171/308/167 179/305/178
f 172/307/169 180/310/180 179/305/178
f 173/309/171 181/312/181 180/310/180
f 174/311/173 182/314/183 181/312/181
f 174/311/173 175/316/175 183/313/182
f 176/315/176 184/317/184 183/313/182
f 169/304/162 177/303/177 184/317/184
f 178/318/179 186/2287/186 185/319/185
f 179/321/178 187/325/187 186/322/186
f 180/324/180 188/327/188 187/325/187
f 181/326/181 189/2288/189 188/327/188
f 182/328/183 190/2289/190 189/329/189
f 183/331/182 191/335/191 190/332/190
f 184/334/184 192/2290/192 191/335/191
f 177/320/177 185/319/185 192/336/192
f 209/338/193 196/2291/209 194/339/194
f 215/341/196 210/366/214 206/342/197
f 202/344/199 197/356/210 208/345/200
f 198/347/202 204/372/212 200/348/203
f 203/350/205 216/375/216 212/351/206
f 193/353/208 195/349/204 200/348/203
f 196/371/209 198/347/202 195/349/204
f 202/344/199 204/361/212 198/357/202
f 201/359/207 200/348/203 204/372/212
f 199/374/211 201/352/207 212/351/206
f 214/346/201 216/370/216 203/360/205
f 213/368/198 212/351/206 216/375/216
f 211/377/215 213/2292/198 206/378/197
f 208/345/200 210/2293/214 215/369/196
f 207/363/195 206/342/197 210/366/214
f 205/380/213 207/340/195 194/339/194
f 197/356/210 196/355/209 209/382/193
f 211/377/215 205/379/213 193/383/208
f 233/385/193 220/2294/209 218/386/194
f 239/388/196 234/413/214 230/389/197
f 226/391/199 221/403/210 232/392/200
f 222/394/202 228/419/212 224/395/203
f 227/397/205 240/422/216 236/398/206
f 217/400/208 219/396/204 224/395/203
f 220/418/209 222/394/202 219/396/204
f 226/391/199 228/408/212 222/404/202
f 225/406/207 224/395/203 228/419/212
f 223/421/211 225/399/207 236/398/206
f 238/393/201 240/417/216 227/407/205
f 237/415/198 236/398/206 240/422/216
f 235/424/215 237/2295/198 230/425/197
f 232/392/200 234/2296/214 239/416/196
f 231/410/195 230/389/197 234/413/214
f 229/427/213 231/387/195 218/386/194
f 221/403/210 220/402/209 233/429/193
f 235/424/215 229/426/213 217/430/208
f 257/432/193 244/2297/209 242/433/194
f 263/435/196 258/460/214 254/436/197
f 250/438/199 245/450/210 256/439/200
f 246/441/202 252/466/212 248/442/203
f 251/444/205 264/469/216 260/445/206
f 241/447/208 243/443/204 248/442/203
f 244/465/209 246/441/202 243/443/204
f 250/438/199 252/455/212 246/451/202
f 249/453/207 248/442/203 252/466/212
f 247/468/211 249/446/207 260/445/206
f 262/440/201 264/464/216 251/454/205
f 261/462/198 260/445/206 264/469/216
f 259/471/215 261/2298/198 254/472/197
f 256/439/200 258/2299/214 263/463/196
f 255/457/195 254/436/197 258/460/214
f 253/474/213 255/434/195 242/433/194
f 245/450/210 244/449/209 257/476/193
f 259/471/215 253/473/213 241/477/208
f 281/479/193 268/2300/209 266/480/194
f 287/482/196 282/507/214 278/483/197
f 274/485/199 269/497/210 280/486/200
f 270/488/202 276/513/212 272/489/203
f 275/491/205 288/516/216 284/492/206
f 265/494/208 267/490/204 272/489/203
f 268/512/209 270/488/202 267/490/204
f 274/485/199 276/502/212 270/498/202
f 273/500/207 272/489/203 276/513/212
f 271/515/211 273/493/207 284/492/206
f 286/487/201 288/511/216 275/501/205
f 285/509/198 284/492/206 288/516/216
f 283/518/215 285/2301/198 278/519/197
f 280/486/200 282/2302/214 287/510/196
f 279/504/195 278/483/197 282/507/214
f 277/521/213 279/481/195 266/480/194
f 269/497/210 268/496/209 281/523/193
f 283/518/215 277/520/213 265/524/208
f 305/526/217 292/553/225 290/527/218
f 299/529/220 312/555/240 308/530/221
f 292/553/225 294/2303/227 291/533/224
f 297/531/222 296/538/564 300/554/231
f 295/537/228 297/531/222 308/530/221
f 310/550/238 312/552/240 299/540/220
f 309/549/237 308/530/221 312/555/240
f 303/544/219 302/543/565 306/547/235
f 301/557/232 303/528/219 290/527/218
f 293/535/226 292/534/225 305/558/217
f 329/560/217 316/587/225 314/561/218
f 323/563/220 336/589/240 332/564/221
f 316/587/225 318/2304/227 315/567/224
f 321/565/222 320/572/564 324/588/231
f 319/571/228 321/565/222 332/564/221
f 334/584/238 336/586/240 323/574/220
f 333/583/237 332/564/221 336/589/240
f 327/578/219 326/577/565 330/581/235
f 325/591/232 327/562/219 314/561/218
f 317/569/226 316/568/225 329/592/217
f 353/594/242 340/2305/250 338/595/243
f 347/597/245 360/627/265 356/598/246
f 340/623/250 342/2306/252 339/602/249
f 345/608/247 344/607/566 348/624/256
f 343/626/253 345/599/247 356/598/246
f 358/620/263 360/622/265 347/610/245
f 357/619/262 356/598/246 360/627/265
f 351/614/244 350/613/567 354/617/260
f 349/629/257 351/596/244 338/595/243
f 341/604/251 340/603/250 353/631/242
f 377/633/267 364/660/275 362/634/268
f 371/636/270 384/662/288 380/637/271
f 364/660/275 366/2307/277 363/640/274
f 369/638/272 368/645/568 372/661/280
f 367/644/278 369/638/272 380/637/271
f 382/657/286 384/659/288 371/647/270
f 381/656/285 380/637/271 384/662/288
f 375/651/269 374/650/569 378/654/283
f 373/664/281 375/635/269 362/634/268
f 365/642/276 364/641/275 377/665/267
f 386/667/290 388/2308/293 387/668/291
f 388/670/293 392/2309/295 391/671/294
f 392/673/295 390/2310/297 389/674/296
f 390/676/297 386/2311/290 385/677/292
f 391/679/294 389/2312/296 385/680/292
f 388/682/293 386/2313/290 390/683/297
f 409/685/298 396/720/314 394/686/299
f 415/688/301 410/713/319 406/689/302
f 402/691/304 397/703/315 408/692/305
f 398/694/307 404/2314/317 400/695/308
f 403/697/310 416/722/321 412/698/311
f 393/718/313 395/696/309 400/695/308
f 396/720/314 398/2315/307 395/701/309
f 402/691/304 404/708/317 398/704/307
f 401/699/312 400/706/308 404/721/317
f 399/705/316 401/699/312 412/698/311
f 414/693/306 416/717/321 403/707/310
f 413/715/303 412/698/311 416/722/321
f 411/724/320 413/2316/303 406/725/302
f 408/692/305 410/2317/319 415/716/301
f 407/710/300 406/689/302 410/713/319
f 405/727/318 407/687/300 394/686/299
f 397/703/315 396/702/314 409/728/298
f 411/724/320 405/726/318 393/729/313
f 418/731/322 420/2318/325 419/732/323
f 420/734/325 424/2319/327 423/735/326
f 424/737/327 422/2320/329 421/738/328
f 422/740/329 418/2321/322 417/741/324
f 423/743/326 421/2322/328 417/744/324
f 420/746/325 418/2323/322 422/747/329
f 426/749/322 428/2324/325 427/750/323
f 428/752/325 432/2325/327 431/753/326
f 432/755/327 430/2326/329 429/756/328
f 430/758/329 426/2327/322 425/759/324
f 431/761/326 429/2328/328 425/762/324
f 428/764/325 426/2329/322 430/765/329
f 449/767/330 436/775/338 434/768/331
f 443/770/333 456/2330/353 452/771/334
f 436/775/338 438/777/340 435/774/337
f 441/772/335 440/779/570 444/795/344
f 439/778/341 441/772/335 452/771/334
f 454/792/351 456/794/353 443/781/333
f 453/791/350 452/790/334 456/797/353
f 447/785/332 446/784/571 450/799/348
f 445/801/345 447/2331/332 434/802/331
f 437/804/339 436/2332/338 449/787/330
f 473/805/330 460/813/338 458/806/331
f 467/808/333 480/2333/353 476/809/334
f 460/813/338 462/815/340 459/812/337
f 465/810/335 464/817/570 468/833/344
f 463/816/341 465/810/335 476/809/334
f 478/830/351 480/832/353 467/819/333
f 477/829/350 476/828/334 480/835/353
f 471/823/332 470/822/571 474/837/348
f 469/839/345 471/2334/332 458/840/331
f 461/842/339 460/2335/338 473/825/330
f 497/843/356 484/851/364 482/844/357
f 491/846/359 504/2336/379 500/847/360
f 484/851/364 486/853/366 483/850/363
f 489/856/361 488/855/572 492/872/370
f 487/874/367 489/848/361 500/847/360
f 502/869/377 504/871/379 491/858/359
f 501/868/376 500/867/360 504/876/379
f 495/862/358 494/861/573 498/878/374
f 493/880/371 495/2337/358 482/881/357
f 485/883/365 484/2338/364 497/864/356
f 521/884/381 508/892/389 506/885/382
f 515/887/384 528/2339/402 524/888/385
f 508/892/389 510/894/391 507/891/388
f 513/897/386 512/896/574 516/913/394
f 511/915/392 513/889/386 524/888/385
f 526/910/400 528/912/402 515/899/384
f 525/909/399 524/908/385 528/917/402
f 519/903/383 518/902/575 522/919/397
f 517/921/395 519/2340/383 506/922/382
f 509/924/390 508/2341/389 521/905/381
f 530/925/404 532/2342/407 531/926/405
f 532/928/407 536/2343/409 535/929/408
f 536/931/409 534/2344/411 533/932/410
f 534/934/411 530/2345/404 529/935/406
f 535/937/408 533/2346/410 529/938/406
f 532/940/407 530/2347/404 534/941/411
f 553/943/412 540/960/428 538/944/413
f 559/946/415 554/983/433 550/947/416
f 546/949/418 541/977/429 552/950/419
f 542/952/421 548/978/431 544/953/422
f 547/955/424 560/2348/435 556/956/425
f 537/975/427 539/954/423 544/953/422
f 540/960/428 542/962/421 539/959/423
f 546/949/418 548/966/431 542/976/421
f 545/964/426 544/953/422 548/978/431
f 543/980/430 545/957/426 556/956/425
f 558/951/420 560/974/435 547/965/424
f 557/948/417 556/972/425 560/982/435
f 555/971/434 557/948/417 550/947/416
f 552/950/419 554/970/433 559/973/415
f 551/968/414 550/947/416 554/983/433
f 549/985/432 551/2349/414 538/986/413
f 541/977/429 540/2350/428 553/969/412
f 555/988/434 549/985/432 537/987/427
f 562/990/436 564/2351/439 563/991/437
f 564/993/439 568/2352/441 567/994/440
f 568/996/441 566/2353/443 565/997/442
f 566/999/443 562/2354/436 561/1000/438
f 567/1002/440 565/2355/442 561/1003/438
f 564/1005/439 562/2356/436 566/1006/443
f 570/1008/436 572/2357/439 571/1009/437
f 572/1011/439 576/2358/441 575/1012/440
f 576/1014/441 574/2359/443 573/1015/442
f 574/1017/443 570/2360/436 569/1018/438
f 575/1020/440 573/2361/442 569/1021/438
f 572/1023/439 570/2362/436 574/1024/443
f 593/1026/444 580/1055/448 578/1027/221
f 587/1029/445 600/2363/459 596/1030/218
f 580/1055/448 582/2364/450 579/1033/447
f 585/1039/219 584/1038/576 588/1042/235
f 583/1056/232 585/1031/219 596/1030/218
f 598/1052/457 600/1054/459 587/1058/445
f 597/1051/456 596/1050/218 600/1060/459
f 591/1045/222 590/1044/577 594/1062/231
f 589/1064/228 591/1028/222 578/1027/221
f 581/1035/449 580/1034/448 593/1047/444
f 617/1065/220 604/1092/240 602/1066/221
f 611/1068/445 624/1096/225 620/1069/218
f 604/1092/240 606/2365/461 603/1072/237
f 609/1078/219 608/1077/569 612/1081/463
f 607/1093/232 609/1070/219 620/1069/218
f 622/1089/466 624/1091/225 611/1094/445
f 621/1088/224 620/1069/218 624/1096/225
f 615/1067/222 614/1083/564 618/1098/465
f 613/1082/228 615/1067/222 602/1066/221
f 605/1074/449 604/1073/240 617/1085/220
f 641/1099/245 628/1127/469 626/1100/246
f 635/1102/242 648/2366/483 644/1103/243
f 628/1127/469 630/2367/471 627/1106/262
f 633/1112/244 632/1111/567 636/1115/475
f 631/1128/472 633/1104/244 644/1103/243
f 646/1124/481 648/1126/483 635/1130/242
f 645/1123/249 644/1122/243 648/1132/483
f 639/1101/247 638/1117/566 642/1134/479
f 637/1116/476 639/1101/247 626/1100/246
f 629/1108/470 628/1107/469 641/1119/245
f 665/1135/270 652/1163/288 650/1136/271
f 659/1138/267 672/2368/275 668/1139/268
f 652/1163/288 654/2369/239 651/1142/285
f 657/1148/269 656/1147/569 660/1151/283
f 655/1164/281 657/1140/269 668/1139/268
f 670/1160/488 672/1162/275 659/1166/267
f 669/1159/274 668/1158/268 672/1168/275
f 663/1137/272 662/1153/568 666/1170/280
f 661/1152/278 663/1137/272 650/1136/271
f 653/1144/485 652/1143/288 665/1155/270
f 674/1171/491 676/2370/297 675/1172/296
f 676/1174/297 680/2371/494 679/1175/493
f 680/1177/494 678/2372/293 677/1178/291
f 678/1180/293 674/2373/491 673/1181/492
f 679/1183/493 677/2374/291 673/1184/492
f 676/1186/297 674/2375/491 678/1187/293
f 697/1189/310 684/1225/321 682/1190/311
f 703/1192/307 698/2376/317 694/1193/308
f 690/1195/495 685/1207/498 696/1196/496
f 686/1198/301 692/1213/319 688/1199/302
f 691/1201/298 704/2377/314 700/1202/299
f 681/1222/320 683/2378/303 688/1223/302
f 684/1225/321 686/2379/301 683/1205/303
f 690/1195/495 692/2380/319 686/1208/301
f 689/1210/300 688/1199/302 692/1213/319
f 687/1226/318 689/1203/300 700/1202/299
f 702/1197/497 704/1221/314 691/1228/298
f 701/1194/309 700/1219/299 704/1229/314
f 699/1218/313 701/1194/309 694/1193/308
f 696/1196/496 698/1217/317 703/1220/307
f 695/1191/312 694/1215/308 698/1231/317
f 693/1214/316 695/1191/312 682/1190/311
f 685/1207/498 684/1206/321 697/1216/310
f 699/1232/313 693/2381/316 681/1222/320
f 706/1233/499 708/2382/329 707/1234/328
f 708/1236/329 712/2383/502 711/1237/501
f 712/1239/502 710/2384/325 709/1240/323
f 710/1242/325 706/2385/499 705/1243/500
f 711/1245/501 709/2386/323 705/1246/500
f 708/1248/329 706/2387/499 710/1249/325
f 714/1251/499 716/2388/329 715/1252/328
f 716/1254/329 720/2389/502 719/1255/501
f 720/1257/502 718/2390/325 717/1258/323
f 718/1260/325 714/2391/499 713/1261/500
f 719/1263/501 717/2392/323 713/1264/500
f 716/1266/329 714/2393/499 718/1267/325
f 737/1269/503 724/2394/353 722/1270/334
f 731/1272/504 744/1297/338 740/1273/331
f 724/1298/353 726/2395/352 723/1277/350
f 729/1283/332 728/1282/571 732/1299/348
f 727/1301/345 729/2396/332 740/1302/331
f 742/1304/510 744/2397/338 731/1285/504
f 741/1294/337 740/1273/331 744/1297/338
f 735/1289/335 734/1288/570 738/1305/344
f 733/1307/341 735/1271/335 722/1270/334
f 725/1279/506 724/1278/353 737/1291/503
f 761/1309/503 748/2398/353 746/1310/334
f 755/1312/504 768/1337/338 764/1313/331
f 748/1338/353 750/2399/352 747/1317/350
f 753/1323/332 752/1322/571 756/1339/348
f 751/1341/345 753/2400/332 764/1342/331
f 766/1344/510 768/2401/338 755/1325/504
f 765/1334/337 764/1313/331 768/1337/338
f 759/1329/335 758/1328/570 762/1345/344
f 757/1347/341 759/1311/335 746/1310/334
f 749/1319/506 748/1318/353 761/1331/503
f 785/1349/512 772/2402/379 770/1350/360
f 779/1352/513 792/1377/364 788/1353/357
f 772/1378/379 774/2403/378 771/1357/376
f 777/1363/358 776/1362/573 780/1379/374
f 775/1381/371 777/2404/358 788/1382/357
f 790/1384/517 792/2405/364 779/1365/513
f 789/1374/363 788/1353/357 792/1377/364
f 783/1369/361 782/1368/572 786/1385/370
f 781/1387/367 783/1351/361 770/1350/360
f 773/1359/514 772/1358/379 785/1371/512
f 809/1389/384 796/2406/402 794/1390/385
f 803/1392/381 816/1417/389 812/1393/382
f 796/1418/402 798/2407/401 795/1397/399
f 801/1403/383 800/1402/575 804/1419/397
f 799/1421/395 801/2408/383 812/1422/382
f 814/1424/522 816/2409/389 803/1405/381
f 813/1414/388 812/1393/382 816/1417/389
f 807/1409/386 806/1408/574 810/1425/394
f 805/1427/392 807/1391/386 794/1390/385
f 797/1399/519 796/1398/402 809/1411/384
f 818/1429/524 820/2410/411 819/1430/410
f 820/1432/411 824/2411/527 823/1433/526
f 824/1435/527 822/2412/407 821/1436/405
f 822/1438/407 818/2413/524 817/1439/525
f 823/1441/526 821/2414/405 817/1442/525
f 820/1444/411 818/2415/524 822/1445/407
f 841/1447/424 828/1481/435 826/1448/528
f 847/1450/421 842/2416/431 838/1451/422
f 834/1453/530 829/1465/536 840/1454/531
f 830/1456/415 836/1482/433 832/1457/416
f 835/1459/412 848/1479/428 844/1460/533
f 825/1480/535 827/1458/417 832/1457/416
f 828/1481/435 830/2417/415 827/1463/417
f 834/1453/530 836/1470/433 830/1466/415
f 833/1468/534 832/1457/416 836/1482/433
f 831/1484/432 833/2418/534 844/1485/533
f 846/1455/532 848/2419/428 835/1469/412
f 845/1476/423 844/1460/533 848/1479/428
f 843/1487/537 845/1452/423 838/1451/422
f 840/1454/531 842/1474/431 847/1489/421
f 839/1449/529 838/1472/422 842/1490/431
f 837/1471/430 839/1449/529 826/1448/528
f 829/1465/536 828/1464/435 841/1473/424
f 843/1486/537 837/2420/430 825/1491/535
f 850/1492/538 852/2421/443 851/1493/442
f 852/1495/443 856/2422/541 855/1496/540
f 856/1498/541 854/2423/439 853/1499/437
f 854/1501/439 850/2424/538 849/1502/539
f 855/1504/540 853/2425/437 849/1505/539
f 852/1507/443 850/2426/538 854/1508/439
f 858/1510/538 860/2427/443 859/1511/442
f 860/1513/443 864/2428/541 863/1514/540
f 864/1516/541 862/2429/439 861/1517/437
f 862/1519/439 858/2430/538 857/1520/539
f 863/1522/540 861/2431/437 857/1523/539
f 860/1525/443 858/2432/538 862/1526/439
s 0
f 872/1530/542 865/2433/542 870/1528/542
f 865/2433/542 866/2434/542 870/1528/542
f 866/2434/542 867/2435/542 868/2436/542
f 868/2436/542 869/2437/542 866/2434/542
f 869/2437/542 870/1528/542 866/2434/542
f 873/1532/543 880/2438/543 879/2439/543
f 879/2439/543 878/2440/543 873/1532/543
f 878/2440/543 877/1533/543 873/1532/543
f 877/1533/543 876/2441/543 875/2442/543
f 875/2442/543 874/1531/543 877/1533/543
f 865/1534/544 873/2443/544 874/1535/544
f 866/1536/545 874/1535/545 875/1537/545
f 867/1539/546 875/2444/546 876/1540/546
f 868/1542/547 876/2445/547 877/1543/547
f 869/1544/548 877/1543/548 878/1545/548
f 870/1546/549 878/1545/549 879/1547/549
f 871/1549/550 879/2446/550 880/1550/550
f 872/1551/551 880/1550/551 873/1552/551
f 888/1556/542 881/2447/542 886/1554/542
f 881/2447/542 882/2448/542 886/1554/542
f 882/2448/542 883/2449/542 884/2450/542
f 884/2450/542 885/2451/542 882/2448/542
f 885/2451/542 886/1554/542 882/2448/542
f 889/1558/543 896/2452/543 895/2453/543
f 895/2453/543 894/2454/543 889/1558/543
f 894/2454/543 893/1559/543 889/1558/543
f 893/1559/543 892/2455/543 891/2456/543
f 891/2456/543 890/1557/543 893/1559/543
f 881/1560/544 889/2457/544 890/1561/544
f 882/1562/545 890/1561/545 891/1563/545
f 883/1565/546 891/2458/546 892/1566/546
f 884/1568/547 892/2459/547 893/1569/547
f 885/1570/548 893/1569/548 894/1571/548
f 886/1572/549 894/1571/549 895/1573/549
f 887/1575/550 895/2460/550 896/1576/550
f 888/1577/551 896/1576/551 889/1578/551
f 904/1582/542 897/2461/542 902/1580/542
f 897/2461/542 898/2462/542 902/1580/542
f 898/2462/542 899/2463/542 900/2464/542
f 900/2464/542 901/2465/542 898/2462/542
f 901/2465/542 902/1580/542 898/2462/542
f 905/1584/543 912/2466/543 911/2467/543
f 911/2467/543 910/2468/543 905/1584/543
f 910/2468/543 909/1585/543 905/1584/543
f 909/1585/543 908/2469/543 907/2470/543
f 907/2470/543 906/1583/543 909/1585/543
f 897/1586/544 905/2471/544 906/1587/544
f 898/1588/563 906/1587/563 907/1589/563
f 899/1591/546 907/2472/546 908/1592/546
f 900/1594/562 908/2473/562 909/1595/562
f 901/1596/548 909/1595/548 910/1597/548
f 902/1598/561 910/1597/561 911/1599/561
f 903/1601/550 911/2474/550 912/1602/550
f 904/1603/560 912/1602/560 905/1604/560
f 920/1608/542 913/2475/542 918/1606/542
f 913/2475/542 914/2476/542 918/1606/542
f 914/2476/542 915/2477/542 916/2478/542
f 916/2478/542 917/2479/542 914/2476/542
f 917/2479/542 918/1606/542 914/2476/542
f 921/1610/543 928/2480/543 927/2481/543
f 927/2481/543 926/2482/543 921/1610/543
f 926/2482/543 925/1611/543 921/1610/543
f 925/1611/543 924/2483/543 923/2484/543
f 923/2484/543 922/1609/543 925/1611/543
f 913/1612/544 921/2485/544 922/1613/544
f 914/1614/545 922/1613/545 923/1615/545
f 915/1617/546 923/2486/546 924/1618/546
f 916/1620/547 924/2487/547 925/1621/547
f 917/1622/548 925/1621/548 926/1623/548
f 918/1624/549 926/1623/549 927/1625/549
f 919/1627/550 927/2488/550 928/1628/550
f 920/1629/551 928/1628/551 921/1630/551
f 936/1634/542 929/2489/542 934/1632/542
f 929/2489/542 930/2490/542 934/1632/542
f 930/2490/542 931/2491/542 932/2492/542
f 932/2492/542 933/2493/542 930/2490/542
f 933/2493/542 934/1632/542 930/2490/542
f 937/1636/543 944/2494/543 943/2495/543
f 943/2495/543 942/2496/543 937/1636/543
f 942/2496/543 941/1637/543 937/1636/543
f 941/1637/543 940/2497/543 939/2498/543
f 939/2498/543 938/1635/543 941/1637/543
f 929/1638/544 937/2499/544 938/1639/544
f 930/1640/545 938/1639/545 939/1641/545
f 931/1643/546 939/2500/546 940/1644/546
f 932/1646/547 940/2501/547 941/1647/547
f 933/1648/548 941/1647/548 942/1649/548
f 934/1650/549 942/1649/549 943/1651/549
f 935/1653/550 943/2502/550 944/1654/550
f 936/1655/551 944/1654/551 937/1656/551
f 952/1660/542 945/2503/542 950/1658/542
f 945/2503/542 946/2504/542 950/1658/542
f 946/2504/542 947/2505/542 948/2506/542
f 948/2506/542 949/2507/542 946/2504/542
f 949/2507/542 950/1658/542 946/2504/542
f 953/1662/543 960/2508/543 959/2509/543
f 959/2509/543 958/2510/543 953/1662/543
f 958/2510/543 957/1663/543 953/1662/543
f 957/1663/543 956/2511/543 955/2512/543
f 955/2512/543 954/1661/543 957/1663/543
f 945/1664/544 953/2513/544 954/1665/544
f 946/1666/545 954/1665/545 955/1667/545
f 947/1669/546 955/2514/546 956/1670/546
f 948/1672/547 956/2515/547 957/1673/547
f 949/1674/548 957/1673/548 958/1675/548
f 950/1676/549 958/1675/549 959/1677/549
f 951/1679/550 959/2516/550 960/1680/550
f 952/1681/551 960/1680/551 953/1682/551
f 968/1686/542 961/2517/542 966/1684/542
f 961/2517/542 962/2518/542 966/1684/542
f 962/2518/542 963/2519/542 964/2520/542
f 964/2520/542 965/2521/542 962/2518/542
f 965/2521/542 966/1684/542 962/2518/542
f 969/1688/543 976/2522/543 975/2523/543
f 975/2523/543 974/2524/543 969/1688/543
f 974/2524/543 973/1689/543 969/1688/543
f 973/1689/543 972/2525/543 971/2526/543
f 971/2526/543 970/1687/543 973/1689/543
f 961/1690/544 969/2527/544 970/1691/544
f 962/1692/545 970/1691/545 971/1693/545
f 963/1695/546 971/2528/546 972/1696/546
f 964/1698/547 972/2529/547 973/1699/547
f 965/1700/548 973/1699/548 974/1701/548
f 966/1702/549 974/1701/549 975/1703/549
f 967/1705/550 975/2530/550 976/1706/550
f 968/1707/551 976/1706/551 969/1708/551
f 984/1712/546 977/2531/546 982/1710/546
f 977/2531/546 978/2532/546 982/1710/546
f 978/2532/546 979/2533/546 980/2534/546
f 980/2534/546 981/2535/546 978/2532/546
f 981/2535/546 982/1710/546 978/2532/546
f 985/1714/550 992/2536/550 991/2537/550
f 991/2537/550 990/2538/550 985/1714/550
f 990/2538/550 989/1715/550 985/1714/550
f 989/1715/550 988/2539/550 987/2540/550
f 987/2540/550 986/1713/550 989/1715/550
f 977/1716/544 985/2541/544 986/1717/544
f 978/1719/556 986/2542/556 987/1720/556
f 979/1721/543 987/1720/543 988/1722/543
f 980/1724/557 988/2543/557 989/1725/557
f 981/1726/548 989/1725/548 990/1727/548
f 982/1728/558 990/1727/558 991/1729/558
f 983/1731/542 991/2544/542 992/1732/542
f 984/1733/559 992/1732/559 985/1734/559
f 1000/1738/546 993/2545/546 998/1736/546
f 993/2545/546 994/2546/546 998/1736/546
f 994/2546/546 995/2547/546 996/2548/546
f 996/2548/546 997/2549/546 994/2546/546
f 997/2549/546 998/1736/546 994/2546/546
f 1001/1740/550 1008/2550/550 1007/2551/550
f 1007/2551/550 1006/2552/550 1001/1740/550
f 1006/2552/550 1005/1741/550 1001/1740/550
f 1005/1741/550 1004/2553/550 1003/2554/550
f 1003/2554/550 1002/1739/550 1005/1741/550
f 993/1742/544 1001/2555/544 1002/1743/544
f 994/1745/556 1002/2556/556 1003/1746/556
f 995/1747/543 1003/1746/543 1004/1748/543
f 996/1750/557 1004/2557/557 1005/1751/557
f 997/1752/548 1005/1751/548 1006/1753/548
f 998/1754/558 1006/1753/558 1007/1755/558
f 999/1757/542 1007/2558/542 1008/1758/542
f 1000/1759/559 1008/1758/559 1001/1760/559
f 1016/1764/546 1009/2559/546 1014/1762/546
f 1009/2559/546 1010/2560/546 1014/1762/546
f 1010/2560/546 1011/2561/546 1012/2562/546
f 1012/2562/546 1013/2563/546 1010/2560/546
f 1013/2563/546 1014/1762/546 1010/2560/546
f 1017/1766/550 1024/2564/550 1023/2565/550
f 1023/2565/550 1022/2566/550 1017/1766/550
f 1022/2566/550 1021/1767/550 1017/1766/550
f 1021/1767/550 1020/2567/550 1019/2568/550
f 1019/2568/550 1018/1765/550 1021/1767/550
f 1009/1768/544 1017/2569/544 1018/1769/544
f 1010/1771/556 1018/2570/556 1019/1772/556
f 1011/1773/543 1019/1772/543 1020/1774/543
f 1012/1776/557 1020/2571/557 1021/1777/557
f 1013/1778/548 1021/1777/548 1022/1779/548
f 1014/1780/558 1022/1779/558 1023/1781/558
f 1015/1783/542 1023/2572/542 1024/1784/542
f 1016/1785/559 1024/1784/559 1017/1786/559
f 1032/1790/546 1025/2573/546 1030/1788/546
f 1025/2573/546 1026/2574/546 1030/1788/546
f 1026/2574/546 1027/2575/546 1028/2576/546
f 1028/2576/546 1029/2577/546 1026/2574/546
f 1029/2577/546 1030/1788/546 1026/2574/546
f 1033/1792/550 1040/2578/550 1039/2579/550
f 1039/2579/550 1038/2580/550 1033/1792/550
f 1038/2580/550 1037/1793/550 1033/1792/550
f 1037/1793/550 1036/2581/550 1035/2582/550
f 1035/2582/550 1034/1791/550 1037/1793/550
f 1025/1794/544 1033/2583/544 1034/1795/544
f 1026/1797/556 1034/2584/556 1035/1798/556
f 1027/1799/543 1035/1798/543 1036/1800/543
f 1028/1802/557 1036/2585/557 1037/1803/557
f 1029/1804/548 1037/1803/548 1038/1805/548
f 1030/1806/558 1038/1805/558 1039/1807/558
f 1031/1809/542 1039/2586/542 1040/1810/542
f 1032/1811/559 1040/1810/559 1033/1812/559
f 1048/1816/546 1041/2587/546 1046/1814/546
f 1041/2587/546 1042/2588/546 1046/1814/546
f 1042/2588/546 1043/2589/546 1044/2590/546
f 1044/2590/546 1045/2591/546 1042/2588/546
f 1045/2591/546 1046/1814/546 1042/2588/546
f 1049/1818/550 1056/2592/550 1055/2593/550
f 1055/2593/550 1054/2594/550 1049/1818/550
f 1054/2594/550 1053/1819/550 1049/1818/550
f 1053/1819/550 1052/2595/550 1051/2596/550
f 1051/2596/550 1050/1817/550 1053/1819/550
f 1041/1820/544 1049/2597/544 1050/1821/544
f 1042/1823/556 1050/2598/556 1051/1824/556
f 1043/1825/543 1051/1824/543 1052/1826/543
f 1044/1828/557 1052/2599/557 1053/1829/557
f 1045/1830/548 1053/1829/548 1054/1831/548
f 1046/1832/558 1054/1831/558 1055/1833/558
f 1047/1835/542 1055/2600/542 1056/1836/542
f 1048/1837/559 1056/1836/559 1049/1838/559
f 1064/1842/546 1057/2601/546 1062/1840/546
f 1057/2601/546 1058/2602/546 1062/1840/546
f 1058/2602/546 1059/2603/546 1060/2604/546
f 1060/2604/546 1061/2605/546 1058/2602/546
f 1061/2605/546 1062/1840/546 1058/2602/546
f 1065/1844/550 1072/2606/550 1071/2607/550
f 1071/2607/550 1070/2608/550 1065/1844/550
f 1070/2608/550 1069/1845/550 1065/1844/550
f 1069/1845/550 1068/2609/550 1067/2610/550
f 1067/2610/550 1066/1843/550 1069/1845/550
f 1057/1846/544 1065/2611/544 1066/1847/544
f 1058/1849/556 1066/2612/556 1067/1850/556
f 1059/1851/543 1067/1850/543 1068/1852/543
f 1060/1854/557 1068/2613/557 1069/1855/557
f 1061/1856/548 1069/1855/548 1070/1857/548
f 1062/1858/558 1070/1857/558 1071/1859/558
f 1063/1861/542 1071/2614/542 1072/1862/542
f 1064/1863/559 1072/1862/559 1065/1864/559
f 1080/1868/546 1073/2615/546 1078/1866/546
f 1073/2615/546 1074/2616/546 1078/1866/546
f 1074/2616/546 1075/2617/546 1076/2618/546
f 1076/2618/546 1077/2619/546 1074/2616/546
f 1077/2619/546 1078/1866/546 1074/2616/546
f 1081/1870/550 1088/2620/550 1087/2621/550
f 1087/2621/550 1086/2622/550 1081/1870/550
f 1086/2622/550 1085/1871/550 1081/1870/550
f 1085/1871/550 1084/2623/550 1083/2624/550
f 1083/2624/550 1082/1869/550 1085/1871/550
f 1073/1872/544 1081/2625/544 1082/1873/544
f 1074/1875/556 1082/2626/556 1083/1876/556
f 1075/1877/543 1083/1876/543 1084/1878/543
f 1076/1880/557 1084/2627/557 1085/1881/557
f 1077/1882/548 1085/1881/548 1086/1883/548
f 1078/1884/558 1086/1883/558 1087/1885/558
f 1079/1887/542 1087/2628/542 1088/1888/542
f 1080/1889/559 1088/1888/559 1081/1890/559
f 1096/1894/543 1089/2629/543 1094/1892/543
f 1089/2629/543 1090/2630/543 1094/1892/543
f 1090/2630/543 1091/2631/543 1092/2632/543
f 1092/2632/543 1093/2633/543 1090/2630/543
f 1093/2633/543 1094/1892/543 1090/2630/543
f 1097/1896/542 1104/2634/542 1103/2635/542
f 1103/2635/542 1102/2636/542 1097/1896/542
f 1102/2636/542 1101/1897/542 1097/1896/542
f 1101/1897/542 1100/2637/542 1099/2638/542
f 1099/2638/542 1098/1895/542 1101/1897/542
f 1089/1898/544 1097/1917/544 1098/1899/544
f 1090/1901/555 1098/2639/555 1099/1902/555
f 1091/1903/550 1099/1902/550 1100/1904/550
f 1092/1906/554 1100/2640/554 1101/1907/554
f 1093/1908/548 1101/1907/548 1102/1909/548
f 1094/1910/553 1102/1909/553 1103/1911/553
f 1095/1913/546 1103/2641/546 1104/1914/546
f 1096/1916/552 1104/2642/552 1097/1917/552
f 1112/1920/543 1105/2643/543 1110/1918/543
f 1105/2643/543 1106/2644/543 1110/1918/543
f 1106/2644/543 1107/2645/543 1108/2646/543
f 1108/2646/543 1109/2647/543 1106/2644/543
f 1109/2647/543 1110/1918/543 1106/2644/543
f 1113/1922/542 1120/2648/542 1119/2649/542
f 1119/2649/542 1118/2650/542 1113/1922/542
f 1118/2650/542 1117/1923/542 1113/1922/542
f 1117/1923/542 1116/2651/542 1115/2652/542
f 1115/2652/542 1114/1921/542 1117/1923/542
f 1105/1924/544 1113/1943/544 1114/1925/544
f 1106/1927/551 1114/2653/551 1115/1928/551
f 1107/1929/550 1115/1928/550 1116/1930/550
f 1108/1932/549 1116/2654/549 1117/1933/549
f 1109/1934/548 1117/1933/548 1118/1935/548
f 1110/1936/547 1118/1935/547 1119/1937/547
f 1111/1939/546 1119/2655/546 1120/1940/546
f 1112/1942/545 1120/2656/545 1113/1943/545
f 1128/1946/543 1121/2657/543 1126/1944/543
f 1121/2657/543 1122/2658/543 1126/1944/543
f 1122/2658/543 1123/2659/543 1124/2660/543
f 1124/2660/543 1125/2661/543 1122/2658/543
f 1125/2661/543 1126/1944/543 1122/2658/543
f 1129/1948/542 1136/2662/542 1135/2663/542
f 1135/2663/542 1134/2664/542 1129/1948/542
f 1134/2664/542 1133/1949/542 1129/1948/542
f 1133/1949/542 1132/2665/542 1131/2666/542
f 1131/2666/542 1130/1947/542 1133/1949/542
f 1121/1950/544 1129/1969/544 1130/1951/544
f 1122/1953/551 1130/2667/551 1131/1954/551
f 1123/1955/550 1131/1954/550 1132/1956/550
f 1124/1958/549 1132/2668/549 1133/1959/549
f 1125/1960/548 1133/1959/548 1134/1961/548
f 1126/1962/547 1134/1961/547 1135/1963/547
f 1127/1965/546 1135/2669/546 1136/1966/546
f 1128/1968/545 1136/2670/545 1129/1969/545
f 1144/1972/543 1137/2671/543 1142/1970/543
f 1137/2671/543 1138/2672/543 1142/1970/543
f 1138/2672/543 1139/2673/543 1140/2674/543
f 1140/2674/543 1141/2675/543 1138/2672/543
f 1141/2675/543 1142/1970/543 1138/2672/543
f 1145/1974/542 1152/2676/542 1151/2677/542
f 1151/2677/542 1150/2678/542 1145/1974/542
f 1150/2678/542 1149/1975/542 1145/1974/542
f 1149/1975/542 1148/2679/542 1147/2680/542
f 1147/2680/542 1146/1973/542 1149/1975/542
f 1137/1976/544 1145/1995/544 1146/1977/544
f 1138/1979/551 1146/2681/551 1147/1980/551
f 1139/1981/550 1147/1980/550 1148/1982/550
f 1140/1984/549 1148/2682/549 1149/1985/549
f 1141/1986/548 1149/1985/548 1150/1987/548
f 1142/1988/547 1150/1987/547 1151/1989/547
f 1143/1991/546 1151/2683/546 1152/1992/546
f 1144/1994/545 1152/2684/545 1145/1995/545
f 1160/1998/543 1153/2685/543 1158/1996/543
f 1153/2685/543 1154/2686/543 1158/1996/543
f 1154/2686/543 1155/2687/543 1156/2688/543
f 1156/2688/543 1157/2689/543 1154/2686/543
f 1157/2689/543 1158/1996/543 1154/2686/543
f 1161/2000/542 1168/2690/542 1167/2691/542
f 1167/2691/542 1166/2692/542 1161/2000/542
f 1166/2692/542 1165/2001/542 1161/2000/542
f 1165/2001/542 1164/2693/542 1163/2694/542
f 1163/2694/542 1162/1999/542 1165/2001/542
f 1153/2002/544 1161/2021/544 1162/2003/544
f 1154/2005/551 1162/2695/551 1163/2006/551
f 1155/2007/550 1163/2006/550 1164/2008/550
f 1156/2010/549 1164/2696/549 1165/2011/549
f 1157/2012/548 1165/2011/548 1166/2013/548
f 1158/2014/547 1166/2013/547 1167/2015/547
f 1159/2017/546 1167/2697/546 1168/2018/546
f 1160/2020/545 1168/2698/545 1161/2021/545
f 1176/2024/543 1169/2699/543 1174/2022/543
f 1169/2699/543 1170/2700/543 1174/2022/543
f 1170/2700/543 1171/2701/543 1172/2702/543
f 1172/2702/543 1173/2703/543 1170/2700/543
f 1173/2703/543 1174/2022/543 1170/2700/543
f 1177/2026/542 1184/2704/542 1183/2705/542
f 1183/2705/542 1182/2706/542 1177/2026/542
f 1182/2706/542 1181/2027/542 1177/2026/542
f 1181/2027/542 1180/2707/542 1179/2708/542
f 1179/2708/542 1178/2025/542 1181/2027/542
f 1169/2028/544 1177/2047/544 1178/2029/544
f 1170/2031/551 1178/2709/551 1179/2032/551
f 1171/2033/550 1179/2032/550 1180/2034/550
f 1172/2036/549 1180/2710/549 1181/2037/549
f 1173/2038/548 1181/2037/548 1182/2039/548
f 1174/2040/547 1182/2039/547 1183/2041/547
f 1175/2043/546 1183/2711/546 1184/2044/546
f 1176/2046/545 1184/2712/545 1177/2047/545
f 1192/2050/543 1185/2713/543 1190/2048/543
f 1185/2713/543 1186/2714/543 1190/2048/543
f 1186/2714/543 1187/2715/543 1188/2716/543
f 1188/2716/543 1189/2717/543 1186/2714/543
f 1189/2717/543 1190/2048/543 1186/2714/543
f 1193/2052/542 1200/2718/542 1199/2719/542
f 1199/2719/542 1198/2720/542 1193/2052/542
f 1198/2720/542 1197/2053/542 1193/2052/542
f 1197/2053/542 1196/2721/542 1195/2722/542
f 1195/2722/542 1194/2051/542 1197/2053/542
f 1185/2054/544 1193/2073/544 1194/2055/544
f 1186/2057/551 1194/2723/551 1195/2058/551
f 1187/2059/550 1195/2058/550 1196/2060/550
f 1188/2062/549 1196/2724/549 1197/2063/549
f 1189/2064/548 1197/2063/548 1198/2065/548
f 1190/2066/547 1198/2065/547 1199/2067/547
f 1191/2069/546 1199/2725/546 1200/2070/546
f 1192/2072/545 1200/2726/545 1193/2073/545
f 1208/2076/550 1201/2727/550 1206/2074/550
f 1201/2727/550 1202/2728/550 1206/2074/550
f 1202/2728/550 1203/2729/550 1204/2730/550
f 1204/2730/550 1205/2731/550 1202/2728/550
f 1205/2731/550 1206/2074/550 1202/2728/550
f 1209/2078/546 1216/2732/546 1215/2733/546
f 1215/2733/546 1214/2734/546 1209/2078/546
f 1214/2734/546 1213/2079/546 1209/2078/546
f 1213/2079/546 1212/2735/546 1211/2736/546
f 1211/2736/546 1210/2077/546 1213/2079/546
f 1201/2080/544 1209/2737/544 1210/2081/544
f 1202/2083/559 1210/2738/559 1211/2084/559
f 1203/2085/542 1211/2084/542 1212/2086/542
f 1204/2088/558 1212/2739/558 1213/2089/558
f 1205/2090/548 1213/2089/548 1214/2091/548
f 1206/2092/557 1214/2091/557 1215/2093/557
f 1207/2095/543 1215/2740/543 1216/2096/543
f 1208/2097/556 1216/2096/556 1209/2098/556
f 1224/2102/550 1217/2741/550 1222/2100/550
f 1217/2741/550 1218/2742/550 1222/2100/550
f 1218/2742/550 1219/2743/550 1220/2744/550
f 1220/2744/550 1221/2745/550 1218/2742/550
f 1221/2745/550 1222/2100/550 1218/2742/550
f 1225/2104/546 1232/2746/546 1231/2747/546
f 1231/2747/546 1230/2748/546 1225/2104/546
f 1230/2748/546 1229/2105/546 1225/2104/546
f 1229/2105/546 1228/2749/546 1227/2750/546
f 1227/2750/546 1226/2103/546 1229/2105/546
f 1217/2106/544 1225/2751/544 1226/2107/544
f 1218/2109/559 1226/2752/559 1227/2110/559
f 1219/2111/542 1227/2110/542 1228/2112/542
f 1220/2114/558 1228/2753/558 1229/2115/558
f 1221/2116/548 1229/2115/548 1230/2117/548
f 1222/2118/557 1230/2117/557 1231/2119/557
f 1223/2121/543 1231/2754/543 1232/2122/543
f 1224/2123/556 1232/2122/556 1225/2124/556
f 1240/2128/550 1233/2755/550 1238/2126/550
f 1233/2755/550 1234/2756/550 1238/2126/550
f 1234/2756/550 1235/2757/550 1236/2758/550
f 1236/2758/550 1237/2759/550 1234/2756/550
f 1237/2759/550 1238/2126/550 1234/2756/550
f 1241/2130/546 1248/2760/546 1247/2761/546
f 1247/2761/546 1246/2762/546 1241/2130/546
f 1246/2762/546 1245/2131/546 1241/2130/546
f 1245/2131/546 1244/2763/546 1243/2764/546
f 1243/2764/546 1242/2129/546 1245/2131/546
f 1233/2132/544 1241/2765/544 1242/2133/544
f 1234/2135/559 1242/2766/559 1243/2136/559
f 1235/2137/542 1243/2136/542 1244/2138/542
f 1236/2140/558 1244/2767/558 1245/2141/558
f 1237/2142/548 1245/2141/548 1246/2143/548
f 1238/2144/557 1246/2143/557 1247/2145/557
f 1239/2147/543 1247/2768/543 1248/2148/543
f 1240/2149/556 1248/2148/556 1241/2150/556
f 1256/2154/550 1249/2769/550 1254/2152/550
f 1249/2769/550 1250/2770/550 1254/2152/550
f 1250/2770/550 1251/2771/550 1252/2772/550
f 1252/2772/550 1253/2773/550 1250/2770/550
f 1253/2773/550 1254/2152/550 1250/2770/550
f 1257/2156/546 1264/2774/546 1263/2775/546
f 1263/2775/546 1262/2776/546 1257/2156/546
f 1262/2776/546 1261/2157/546 1257/2156/546
f 1261/2157/546 1260/2777/546 1259/2778/546
f 1259/2778/546 1258/2155/546 1261/2157/546
f 1249/2158/544 1257/2779/544 1258/2159/544
f 1250/2161/559 1258/2780/559 1259/2162/559
f 1251/2163/542 1259/2162/542 1260/2164/542
f 1252/2166/558 1260/2781/558 1261/2167/558
f 1253/2168/548 1261/2167/548 1262/2169/548
f 1254/2170/557 1262/2169/557 1263/2171/557
f 1255/2173/543 1263/2782/543 1264/2174/543
f 1256/2175/556 1264/2174/556 1257/2176/556
f 1272/2180/550 1265/2783/550 1270/2178/550
f 1265/2783/550 1266/2784/550 1270/2178/550
f 1266/2784/550 1267/2785/550 1268/2786/550
f 1268/2786/550 1269/2787/550 1266/2784/550
f 1269/2787/550 1270/2178/550 1266/2784/550
f 1273/2182/546 1280/2788/546 1279/2789/546
f 1279/2789/546 1278/2790/546 1273/2182/546
f 1278/2790/546 1277/2183/546 1273/2182/546
f 1277/2183/546 1276/2791/546 1275/2792/546
f 1275/2792/546 1274/2181/546 1277/2183/546
f 1265/2184/544 1273/2793/544 1274/2185/544
f 1266/2187/559 1274/2794/559 1275/2188/559
f 1267/2189/542 1275/2188/542 1276/2190/542
f 1268/2192/558 1276/2795/558 1277/2193/558
f 1269/2194/548 1277/2193/548 1278/2195/548
f 1270/2196/557 1278/2195/557 1279/2197/557
f 1271/2199/543 1279/2796/543 1280/2200/543
f 1272/2201/556 1280/2200/556 1273/2202/556
f 1288/2206/550 1281/2797/550 1286/2204/550
f 1281/2797/550 1282/2798/550 1286/2204/550
f 1282/2798/550 1283/2799/550 1284/2800/550
f 1284/2800/550 1285/2801/550 1282/2798/550
f 1285/2801/550 1286/2204/550 1282/2798/550
f 1289/2208/546 1296/2802/546 1295/2803/546
f 1295/2803/546 1294/2804/546 1289/2208/546
f 1294/2804/546 1293/2209/546 1289/2208/546
f 1293/2209/546 1292/2805/546 1291/2806/546
f 1291/2806/546 1290/2207/546 1293/2209/546
f 1281/2210/544 1289/2807/544 1290/2211/544
f 1282/2213/559 1290/2808/559 1291/2214/559
f 1283/2215/542 1291/2214/542 1292/2216/542
f 1284/2218/558 1292/2809/558 1293/2219/558
f 1285/2220/548 1293/2219/548 1294/2221/548
f 1286/2222/557 1294/2221/557 1295/2223/557
f 1287/2225/543 1295/2810/543 1296/2226/543
f 1288/2227/556 1296/2226/556 1289/2228/556
f 1304/2232/550 1297/2811/550 1302/2230/550
f 1297/2811/550 1298/2812/550 1302/2230/550
f 1298/2812/550 1299/2813/550 1300/2814/550
f 1300/2814/550 1301/2815/550 1298/2812/550
f 1301/2815/550 1302/2230/550 1298/2812/550
f 1305/2234/546 1312/2816/546 1311/2817/546
f 1311/2817/546 1310/2818/546 1305/2234/546
f 1310/2818/546 1309/2235/546 1305/2234/546
f 1309/2235/546 1308/2819/546 1307/2820/546
f 1307/2820/546 1306/2233/546 1309/2235/546
f 1297/2236/544 1305/2821/544 1306/2237/544
f 1298/2239/559 1306/2822/559 1307/2240/559
f 1299/2241/542 1307/2240/542 1308/2242/542
f 1300/2244/558 1308/2823/558 1309/2245/558
f 1301/2246/548 1309/2245/548 1310/2247/548
f 1302/2248/557 1310/2247/557 1311/2249/557
f 1303/2251/543 1311/2824/543 1312/2252/543
f 1304/2253/556 1312/2252/556 1305/2254/556
