# DX12 UV variant: V already converted to 1-V; do NOT flip V again in the loader/shader.
# Metres; Y up; local part pivot; see assembly.json
mtllib S07_Shared.mtl
usemtl S07_Shared
# Blender 4.2.20 LTS
# www.blender.org
o S07_Body_LOD1.001
v 0.441909 0.054178 -0.474578
v -0.440863 0.055602 -0.476834
v -0.515785 0.055127 -0.400435
v -0.517849 0.056571 0.399767
v -0.441909 0.054178 0.474578
v 0.440863 0.055602 0.476834
v 0.515785 0.055127 0.400435
v 0.517849 0.056571 -0.399767
v 0.457452 0.114946 -0.506187
v -0.457409 0.116043 -0.506475
v -0.545960 0.113857 -0.417105
v -0.546308 0.114862 0.417090
v -0.457452 0.114946 0.506187
v 0.457409 0.116043 0.506475
v 0.545960 0.113857 0.417105
v 0.546308 0.114862 -0.417090
v 0.455901 0.586293 -0.506144
v -0.455908 0.587245 -0.505794
v -0.546389 0.584561 -0.416422
v -0.546166 0.585593 0.416304
v -0.455901 0.586293 0.506144
v 0.455908 0.587245 0.505794
v 0.546389 0.584561 0.416422
v 0.546166 0.585593 -0.416304
v 0.440390 0.623519 -0.487468
v -0.441487 0.624104 -0.486083
v -0.527881 0.622583 -0.402851
v -0.526210 0.623502 0.403761
v -0.440390 0.623519 0.487468
v 0.441487 0.624104 0.486083
v 0.527881 0.622583 0.402851
v 0.526210 0.623502 -0.403761
v 0.402622 0.616679 -0.444257
v 0.409916 0.626000 -0.453434
v -0.401533 0.616593 -0.444619
v -0.409916 0.626000 -0.453434
v -0.484257 0.616679 -0.362622
v -0.493434 0.626000 -0.369916
v -0.484619 0.616593 0.361533
v -0.493434 0.626000 0.369916
v -0.402622 0.616679 0.444257
v -0.409916 0.626000 0.453434
v 0.401533 0.616593 0.444619
v 0.409916 0.626000 0.453434
v 0.484257 0.616679 0.362622
v 0.493434 0.626000 0.369916
v 0.484619 0.616593 -0.361533
v 0.493434 0.626000 -0.369916
v 0.401477 0.123195 -0.444387
v 0.399272 0.115000 -0.437000
v -0.402936 0.123195 -0.443782
v -0.399272 0.115000 -0.437000
v -0.483538 0.120487 -0.360587
v -0.483782 0.123195 0.362936
v -0.477000 0.115000 0.359272
v -0.401477 0.123195 0.444387
v -0.399272 0.115000 0.437000
v 0.402936 0.123195 0.443782
v 0.399272 0.115000 0.437000
v 0.483538 0.120487 0.360587
v 0.483782 0.123195 -0.362936
v 0.477000 0.115000 -0.359272
v 0.445000 0.034000 -0.485000
v -0.445000 0.034000 -0.485000
v -0.525000 0.034000 -0.405000
v -0.525000 0.034000 0.405000
v -0.445000 0.034000 0.485000
v 0.445000 0.034000 0.485000
v 0.525000 0.034000 0.405000
v 0.525000 0.034000 -0.405000
v 0.461000 0.074000 -0.511000
v -0.461000 0.074000 -0.511000
v -0.551000 0.074000 -0.421000
v -0.551000 0.074000 0.421000
v -0.461000 0.074000 0.511000
v 0.461000 0.074000 0.511000
v 0.551000 0.074000 0.421000
v 0.551000 0.074000 -0.421000
v 0.461000 0.110000 -0.511000
v -0.461000 0.110000 -0.511000
v -0.551000 0.110000 -0.421000
v -0.551000 0.110000 0.421000
v -0.461000 0.110000 0.511000
v 0.461000 0.110000 0.511000
v 0.551000 0.110000 0.421000
v 0.551000 0.110000 -0.421000
v 0.447000 0.597000 -0.496000
v -0.447000 0.597000 -0.496000
v -0.536000 0.597000 -0.407000
v -0.536000 0.597000 0.407000
v -0.447000 0.597000 0.496000
v 0.447000 0.597000 0.496000
v 0.536000 0.597000 0.407000
v 0.536000 0.597000 -0.407000
v 0.447000 0.634000 -0.496000
v -0.447000 0.634000 -0.496000
v -0.536000 0.634000 -0.407000
v -0.536000 0.634000 0.407000
v -0.447000 0.634000 0.496000
v 0.447000 0.634000 0.496000
v 0.536000 0.634000 0.407000
v 0.536000 0.634000 -0.407000
v 0.407000 0.634000 -0.450000
v -0.407000 0.634000 -0.450000
v -0.490000 0.634000 -0.367000
v -0.490000 0.634000 0.367000
v -0.407000 0.634000 0.450000
v 0.407000 0.634000 0.450000
v 0.490000 0.634000 0.367000
v 0.490000 0.634000 -0.367000
v 0.407000 0.607000 -0.450000
v -0.407000 0.607000 -0.450000
v -0.490000 0.607000 -0.367000
v -0.490000 0.607000 0.367000
v -0.407000 0.607000 0.450000
v 0.407000 0.607000 0.450000
v 0.490000 0.607000 0.367000
v 0.490000 0.607000 -0.367000
v 0.515000 0.074000 -0.475000
v 0.515000 0.074000 -0.305000
v 0.515000 0.000000 -0.305000
v 0.515000 0.000000 -0.475000
v 0.345000 0.000000 -0.475000
v 0.345000 0.000000 -0.305000
v 0.345000 0.074000 -0.305000
v 0.345000 0.074000 -0.475000
v 0.515000 0.000000 -0.475000
v 0.345000 0.000000 -0.475000
v 0.345000 0.074000 -0.475000
v 0.515000 0.074000 -0.475000
v 0.515000 0.074000 -0.305000
v 0.345000 0.074000 -0.305000
v 0.345000 0.000000 -0.305000
v 0.515000 0.000000 -0.305000
v 0.515000 0.000000 -0.305000
v 0.345000 0.000000 -0.305000
v 0.345000 0.000000 -0.475000
v 0.515000 0.000000 -0.475000
v 0.515000 0.074000 -0.475000
v 0.345000 0.074000 -0.475000
v 0.345000 0.074000 -0.305000
v 0.515000 0.074000 -0.305000
v 0.515000 0.074000 0.305000
v 0.515000 0.074000 0.475000
v 0.515000 0.000000 0.475000
v 0.515000 0.000000 0.305000
v 0.345000 0.000000 0.305000
v 0.345000 0.000000 0.475000
v 0.345000 0.074000 0.475000
v 0.345000 0.074000 0.305000
v 0.515000 0.000000 0.305000
v 0.345000 0.000000 0.305000
v 0.345000 0.074000 0.305000
v 0.515000 0.074000 0.305000
v 0.515000 0.074000 0.475000
v 0.345000 0.074000 0.475000
v 0.345000 0.000000 0.475000
v 0.515000 0.000000 0.475000
v 0.515000 0.000000 0.475000
v 0.345000 0.000000 0.475000
v 0.345000 0.000000 0.305000
v 0.515000 0.000000 0.305000
v 0.515000 0.074000 0.305000
v 0.345000 0.074000 0.305000
v 0.345000 0.074000 0.475000
v 0.515000 0.074000 0.475000
v -0.345000 0.074000 -0.475000
v -0.345000 0.074000 -0.305000
v -0.345000 0.000000 -0.305000
v -0.345000 0.000000 -0.475000
v -0.515000 0.000000 -0.475000
v -0.515000 0.000000 -0.305000
v -0.515000 0.074000 -0.305000
v -0.515000 0.074000 -0.475000
v -0.345000 0.000000 -0.475000
v -0.515000 0.000000 -0.475000
v -0.515000 0.074000 -0.475000
v -0.345000 0.074000 -0.475000
v -0.345000 0.074000 -0.305000
v -0.515000 0.074000 -0.305000
v -0.515000 0.000000 -0.305000
v -0.345000 0.000000 -0.305000
v -0.345000 0.000000 -0.305000
v -0.515000 0.000000 -0.305000
v -0.515000 0.000000 -0.475000
v -0.345000 0.000000 -0.475000
v -0.345000 0.074000 -0.475000
v -0.515000 0.074000 -0.475000
v -0.515000 0.074000 -0.305000
v -0.345000 0.074000 -0.305000
v -0.345001 0.074000 0.305000
v -0.345001 0.074000 0.475000
v -0.345001 0.000000 0.475000
v -0.345001 0.000000 0.305000
v -0.514999 0.000000 0.305000
v -0.514999 0.000000 0.475000
v -0.514999 0.074000 0.475000
v -0.514999 0.074000 0.305000
v -0.345001 0.000000 0.305000
v -0.514999 0.000000 0.305000
v -0.514999 0.074000 0.305000
v -0.345001 0.074000 0.305000
v -0.345001 0.074000 0.475000
v -0.514999 0.074000 0.475000
v -0.514999 0.000000 0.475000
v -0.345001 0.000000 0.475000
v -0.345001 0.000000 0.475000
v -0.514999 0.000000 0.475000
v -0.514999 0.000000 0.305000
v -0.345001 0.000000 0.305000
v -0.345001 0.074000 0.305000
v -0.514999 0.074000 0.305000
v -0.514999 0.074000 0.475000
v -0.345001 0.074000 0.475000
v 0.441000 0.555500 -0.525500
v 0.441000 0.555500 -0.500500
v 0.441000 0.122500 -0.500500
v 0.441000 0.122500 -0.525500
v 0.129000 0.122500 -0.525500
v 0.129000 0.122500 -0.500500
v 0.129000 0.555500 -0.500500
v 0.129000 0.555500 -0.525500
v 0.441000 0.122500 -0.525500
v 0.129000 0.122500 -0.525500
v 0.129000 0.555500 -0.525500
v 0.441000 0.555500 -0.525500
v 0.441000 0.555500 -0.500500
v 0.129000 0.555500 -0.500500
v 0.129000 0.122500 -0.500500
v 0.441000 0.122500 -0.500500
v 0.441000 0.122500 -0.500500
v 0.129000 0.122500 -0.500500
v 0.129000 0.122500 -0.525500
v 0.441000 0.122500 -0.525500
v 0.441000 0.555500 -0.525500
v 0.129000 0.555500 -0.525500
v 0.129000 0.555500 -0.500500
v 0.441000 0.555500 -0.500500
v -0.129000 0.555500 -0.525500
v -0.129000 0.555500 -0.500500
v -0.129000 0.122500 -0.500500
v -0.129000 0.122500 -0.525500
v -0.441000 0.122500 -0.525500
v -0.441000 0.122500 -0.500500
v -0.441000 0.555500 -0.500500
v -0.441000 0.555500 -0.525500
v -0.129000 0.122500 -0.525500
v -0.441000 0.122500 -0.525500
v -0.441000 0.555500 -0.525500
v -0.129000 0.555500 -0.525500
v -0.129000 0.555500 -0.500500
v -0.441000 0.555500 -0.500500
v -0.441000 0.122500 -0.500500
v -0.129000 0.122500 -0.500500
v -0.129000 0.122500 -0.500500
v -0.441000 0.122500 -0.500500
v -0.441000 0.122500 -0.525500
v -0.129000 0.122500 -0.525500
v -0.129000 0.555500 -0.525500
v -0.441000 0.555500 -0.525500
v -0.441000 0.555500 -0.500500
v -0.129000 0.555500 -0.500500
v 0.115499 0.599000 -0.538500
v 0.115499 0.599000 -0.505500
v 0.115499 0.125000 -0.505500
v 0.115499 0.125000 -0.538500
v -0.115499 0.125000 -0.538500
v -0.115499 0.125000 -0.505500
v -0.115499 0.599000 -0.505500
v -0.115499 0.599000 -0.538500
v 0.115499 0.125000 -0.538500
v -0.115499 0.125000 -0.538500
v -0.115499 0.599000 -0.538500
v 0.115499 0.599000 -0.538500
v 0.115499 0.599000 -0.505500
v -0.115499 0.599000 -0.505500
v -0.115499 0.125000 -0.505500
v 0.115499 0.125000 -0.505500
v 0.115499 0.125000 -0.505500
v -0.115499 0.125000 -0.505500
v -0.115499 0.125000 -0.538500
v 0.115499 0.125000 -0.538500
v 0.115499 0.599000 -0.538500
v -0.115499 0.599000 -0.538500
v -0.115499 0.599000 -0.505500
v 0.115499 0.599000 -0.505500
v 0.097000 0.574000 -0.554000
v 0.097000 0.574000 -0.528000
v 0.097000 0.114000 -0.528000
v 0.097000 0.114000 -0.554000
v -0.097000 0.114000 -0.554000
v -0.097000 0.114000 -0.528000
v -0.097000 0.574000 -0.528000
v -0.097000 0.574000 -0.554000
v 0.097000 0.114000 -0.554000
v -0.097000 0.114000 -0.554000
v -0.097000 0.574000 -0.554000
v 0.097000 0.574000 -0.554000
v 0.097000 0.574000 -0.528000
v -0.097000 0.574000 -0.528000
v -0.097000 0.114000 -0.528000
v 0.097000 0.114000 -0.528000
v 0.097000 0.114000 -0.528000
v -0.097000 0.114000 -0.528000
v -0.097000 0.114000 -0.554000
v 0.097000 0.114000 -0.554000
v 0.097000 0.574000 -0.554000
v -0.097000 0.574000 -0.554000
v -0.097000 0.574000 -0.528000
v 0.097000 0.574000 -0.528000
v 0.064499 0.170000 -0.575000
v 0.064499 0.170000 -0.551000
v 0.064499 0.118000 -0.551000
v 0.064499 0.118000 -0.575000
v -0.064499 0.118000 -0.575000
v -0.064499 0.118000 -0.551000
v -0.064499 0.170000 -0.551000
v -0.064499 0.170000 -0.575000
v 0.064499 0.118000 -0.575000
v -0.064499 0.118000 -0.575000
v -0.064499 0.170000 -0.575000
v 0.064499 0.170000 -0.575000
v 0.064499 0.170000 -0.551000
v -0.064499 0.170000 -0.551000
v -0.064499 0.118000 -0.551000
v 0.064499 0.118000 -0.551000
v 0.064499 0.118000 -0.551000
v -0.064499 0.118000 -0.551000
v -0.064499 0.118000 -0.575000
v 0.064499 0.118000 -0.575000
v 0.064499 0.170000 -0.575000
v -0.064499 0.170000 -0.575000
v -0.064499 0.170000 -0.551000
v 0.064499 0.170000 -0.551000
v 0.087500 0.565000 -0.586000
v 0.087500 0.577000 -0.598000
v 0.099500 0.577000 -0.586000
v 0.087500 0.601000 -0.598000
v 0.087500 0.613000 -0.586000
v 0.099500 0.601000 -0.586000
v 0.087500 0.565000 -0.530000
v 0.099500 0.577000 -0.530000
v 0.087500 0.577000 -0.518000
v 0.087500 0.613000 -0.530000
v 0.087500 0.601000 -0.518000
v 0.099500 0.601000 -0.530000
v -0.087500 0.565000 -0.586000
v -0.099500 0.577000 -0.586000
v -0.087500 0.577000 -0.598000
v -0.087500 0.613000 -0.586000
v -0.087500 0.601000 -0.598000
v -0.099500 0.601000 -0.586000
v -0.087500 0.565000 -0.530000
v -0.087500 0.577000 -0.518000
v -0.099500 0.577000 -0.530000
v -0.087500 0.613000 -0.530000
v -0.099500 0.601000 -0.530000
v -0.087500 0.601000 -0.518000
v 0.466000 0.071000 -0.539000
v 0.466000 0.201000 -0.539000
v 0.466000 0.071000 -0.513000
v 0.466000 0.201000 -0.513000
v 0.424000 0.071000 -0.539000
v 0.424000 0.201000 -0.539000
v 0.424000 0.071000 -0.513000
v 0.424000 0.201000 -0.513000
v -0.424000 0.071000 -0.539000
v -0.424000 0.201000 -0.539000
v -0.424000 0.071000 -0.513000
v -0.424000 0.201000 -0.513000
v -0.466000 0.071000 -0.539000
v -0.466000 0.201000 -0.539000
v -0.466000 0.071000 -0.513000
v -0.466000 0.201000 -0.513000
v -0.540501 0.555500 -0.441000
v -0.540501 0.555500 -0.129000
v -0.540501 0.122500 -0.129000
v -0.540501 0.122500 -0.441000
v -0.565500 0.122500 -0.441000
v -0.565500 0.122500 -0.129000
v -0.565500 0.555500 -0.129000
v -0.565500 0.555500 -0.441000
v -0.540501 0.122500 -0.441000
v -0.565500 0.122500 -0.441000
v -0.565500 0.555500 -0.441000
v -0.540501 0.555500 -0.441000
v -0.540501 0.555500 -0.129000
v -0.565500 0.555500 -0.129000
v -0.565500 0.122500 -0.129000
v -0.540501 0.122500 -0.129000
v -0.540501 0.122500 -0.129000
v -0.565500 0.122500 -0.129000
v -0.565500 0.122500 -0.441000
v -0.540501 0.122500 -0.441000
v -0.540501 0.555500 -0.441000
v -0.565500 0.555500 -0.441000
v -0.565500 0.555500 -0.129000
v -0.540501 0.555500 -0.129000
v -0.540501 0.555500 0.129000
v -0.540501 0.555500 0.441000
v -0.540501 0.122500 0.441000
v -0.540501 0.122500 0.129000
v -0.565500 0.122500 0.129000
v -0.565500 0.122500 0.441000
v -0.565500 0.555500 0.441000
v -0.565500 0.555500 0.129000
v -0.540501 0.122500 0.129000
v -0.565500 0.122500 0.129000
v -0.565500 0.555500 0.129000
v -0.540501 0.555500 0.129000
v -0.540501 0.555500 0.441000
v -0.565500 0.555500 0.441000
v -0.565500 0.122500 0.441000
v -0.540501 0.122500 0.441000
v -0.540501 0.122500 0.441000
v -0.565500 0.122500 0.441000
v -0.565500 0.122500 0.129000
v -0.540501 0.122500 0.129000
v -0.540501 0.555500 0.129000
v -0.565500 0.555500 0.129000
v -0.565500 0.555500 0.441000
v -0.540501 0.555500 0.441000
v -0.545500 0.599000 -0.115500
v -0.545500 0.599000 0.115500
v -0.545500 0.125000 0.115500
v -0.545500 0.125000 -0.115500
v -0.578501 0.125000 -0.115500
v -0.578501 0.125000 0.115500
v -0.578501 0.599000 0.115500
v -0.578501 0.599000 -0.115500
v -0.545500 0.125000 -0.115500
v -0.578501 0.125000 -0.115500
v -0.578501 0.599000 -0.115500
v -0.545500 0.599000 -0.115500
v -0.545500 0.599000 0.115500
v -0.578501 0.599000 0.115500
v -0.578501 0.125000 0.115500
v -0.545500 0.125000 0.115500
v -0.545500 0.125000 0.115500
v -0.578501 0.125000 0.115500
v -0.578501 0.125000 -0.115500
v -0.545500 0.125000 -0.115500
v -0.545500 0.599000 -0.115500
v -0.578501 0.599000 -0.115500
v -0.578501 0.599000 0.115500
v -0.545500 0.599000 0.115500
v -0.567999 0.574000 -0.097000
v -0.567999 0.574000 0.097000
v -0.567999 0.114000 0.097000
v -0.567999 0.114000 -0.097000
v -0.594000 0.114000 -0.097000
v -0.594000 0.114000 0.097000
v -0.594000 0.574000 0.097000
v -0.594000 0.574000 -0.097000
v -0.567999 0.114000 -0.097000
v -0.594000 0.114000 -0.097000
v -0.594000 0.574000 -0.097000
v -0.567999 0.574000 -0.097000
v -0.567999 0.574000 0.097000
v -0.594000 0.574000 0.097000
v -0.594000 0.114000 0.097000
v -0.567999 0.114000 0.097000
v -0.567999 0.114000 0.097000
v -0.594000 0.114000 0.097000
v -0.594000 0.114000 -0.097000
v -0.567999 0.114000 -0.097000
v -0.567999 0.574000 -0.097000
v -0.594000 0.574000 -0.097000
v -0.594000 0.574000 0.097000
v -0.567999 0.574000 0.097000
v -0.591002 0.170000 -0.064500
v -0.591002 0.170000 0.064500
v -0.591002 0.118000 0.064500
v -0.591002 0.118000 -0.064500
v -0.615000 0.118000 -0.064500
v -0.615000 0.118000 0.064500
v -0.615000 0.170000 0.064500
v -0.615000 0.170000 -0.064500
v -0.591002 0.118000 -0.064500
v -0.615000 0.118000 -0.064500
v -0.615000 0.170000 -0.064500
v -0.591002 0.170000 -0.064500
v -0.591002 0.170000 0.064500
v -0.615000 0.170000 0.064500
v -0.615000 0.118000 0.064500
v -0.591002 0.118000 0.064500
v -0.591002 0.118000 0.064500
v -0.615000 0.118000 0.064500
v -0.615000 0.118000 -0.064500
v -0.591002 0.118000 -0.064500
v -0.591002 0.170000 -0.064500
v -0.615000 0.170000 -0.064500
v -0.615000 0.170000 0.064500
v -0.591002 0.170000 0.064500
v -0.625999 0.565000 -0.087500
v -0.638000 0.577000 -0.087500
v -0.625999 0.577000 -0.099500
v -0.638000 0.601000 -0.087500
v -0.625999 0.613000 -0.087500
v -0.625999 0.601000 -0.099500
v -0.570000 0.565000 -0.087500
v -0.570000 0.577000 -0.099500
v -0.557999 0.577000 -0.087500
v -0.570000 0.613000 -0.087500
v -0.557999 0.601000 -0.087500
v -0.570000 0.601000 -0.099500
v -0.625999 0.565000 0.087500
v -0.625999 0.577000 0.099500
v -0.638000 0.577000 0.087500
v -0.625999 0.613000 0.087500
v -0.638000 0.601000 0.087500
v -0.625999 0.601000 0.099500
v -0.570000 0.565000 0.087500
v -0.557999 0.577000 0.087500
v -0.570000 0.577000 0.099500
v -0.570000 0.613000 0.087500
v -0.570000 0.601000 0.099500
v -0.557999 0.601000 0.087500
v -0.579000 0.071000 -0.466000
v -0.579000 0.201000 -0.466000
v -0.552999 0.071000 -0.466000
v -0.552999 0.201000 -0.466000
v -0.579000 0.071000 -0.424000
v -0.579000 0.201000 -0.424000
v -0.552999 0.071000 -0.424000
v -0.552999 0.201000 -0.424000
v -0.579000 0.071000 0.424000
v -0.579000 0.201000 0.424000
v -0.552999 0.071000 0.424000
v -0.552999 0.201000 0.424000
v -0.579000 0.071000 0.466000
v -0.579000 0.201000 0.466000
v -0.552999 0.071000 0.466000
v -0.552999 0.201000 0.466000
v -0.129002 0.555500 0.500500
v -0.129002 0.555500 0.525500
v -0.129002 0.122500 0.525500
v -0.129002 0.122500 0.500500
v -0.440998 0.122500 0.500500
v -0.440998 0.122500 0.525500
v -0.440998 0.555500 0.525500
v -0.440998 0.555500 0.500500
v -0.129002 0.122500 0.500500
v -0.440998 0.122500 0.500500
v -0.440998 0.555500 0.500500
v -0.129002 0.555500 0.500500
v -0.129002 0.555500 0.525500
v -0.440998 0.555500 0.525500
v -0.440998 0.122500 0.525500
v -0.129002 0.122500 0.525500
v -0.129002 0.122500 0.525500
v -0.440998 0.122500 0.525500
v -0.440998 0.122500 0.500500
v -0.129002 0.122500 0.500500
v -0.129002 0.555500 0.500500
v -0.440998 0.555500 0.500500
v -0.440998 0.555500 0.525500
v -0.129002 0.555500 0.525500
v 0.441000 0.555500 0.500500
v 0.441000 0.555500 0.525500
v 0.441000 0.122500 0.525500
v 0.441000 0.122500 0.500500
v 0.129000 0.122500 0.500500
v 0.129000 0.122500 0.525500
v 0.129000 0.555500 0.525500
v 0.129000 0.555500 0.500500
v 0.441000 0.122500 0.500500
v 0.129000 0.122500 0.500500
v 0.129000 0.555500 0.500500
v 0.441000 0.555500 0.500500
v 0.441000 0.555500 0.525500
v 0.129000 0.555500 0.525500
v 0.129000 0.122500 0.525500
v 0.441000 0.122500 0.525500
v 0.441000 0.122500 0.525500
v 0.129000 0.122500 0.525500
v 0.129000 0.122500 0.500500
v 0.441000 0.122500 0.500500
v 0.441000 0.555500 0.500500
v 0.129000 0.555500 0.500500
v 0.129000 0.555500 0.525500
v 0.441000 0.555500 0.525500
v 0.115500 0.599000 0.505500
v 0.115500 0.599000 0.538500
v 0.115500 0.125000 0.538500
v 0.115500 0.125000 0.505500
v -0.115500 0.125000 0.505500
v -0.115500 0.125000 0.538500
v -0.115500 0.599000 0.538500
v -0.115500 0.599000 0.505500
v 0.115500 0.125000 0.505500
v -0.115500 0.125000 0.505500
v -0.115500 0.599000 0.505500
v 0.115500 0.599000 0.505500
v 0.115500 0.599000 0.538500
v -0.115500 0.599000 0.538500
v -0.115500 0.125000 0.538500
v 0.115500 0.125000 0.538500
v 0.115500 0.125000 0.538500
v -0.115500 0.125000 0.538500
v -0.115500 0.125000 0.505500
v 0.115500 0.125000 0.505500
v 0.115500 0.599000 0.505500
v -0.115500 0.599000 0.505500
v -0.115500 0.599000 0.538500
v 0.115500 0.599000 0.538500
v 0.097000 0.574000 0.528000
v 0.097000 0.574000 0.554000
v 0.097000 0.114000 0.554000
v 0.097000 0.114000 0.528000
v -0.097000 0.114000 0.528000
v -0.097000 0.114000 0.554000
v -0.097000 0.574000 0.554000
v -0.097000 0.574000 0.528000
v 0.097000 0.114000 0.528000
v -0.097000 0.114000 0.528000
v -0.097000 0.574000 0.528000
v 0.097000 0.574000 0.528000
v 0.097000 0.574000 0.554000
v -0.097000 0.574000 0.554000
v -0.097000 0.114000 0.554000
v 0.097000 0.114000 0.554000
v 0.097000 0.114000 0.554000
v -0.097000 0.114000 0.554000
v -0.097000 0.114000 0.528000
v 0.097000 0.114000 0.528000
v 0.097000 0.574000 0.528000
v -0.097000 0.574000 0.528000
v -0.097000 0.574000 0.554000
v 0.097000 0.574000 0.554000
v 0.064500 0.170000 0.551000
v 0.064500 0.170000 0.575000
v 0.064500 0.118000 0.575000
v 0.064500 0.118000 0.551000
v -0.064500 0.118000 0.551000
v -0.064500 0.118000 0.575000
v -0.064500 0.170000 0.575000
v -0.064500 0.170000 0.551000
v 0.064500 0.118000 0.551000
v -0.064500 0.118000 0.551000
v -0.064500 0.170000 0.551000
v 0.064500 0.170000 0.551000
v 0.064500 0.170000 0.575000
v -0.064500 0.170000 0.575000
v -0.064500 0.118000 0.575000
v 0.064500 0.118000 0.575000
v 0.064500 0.118000 0.575000
v -0.064500 0.118000 0.575000
v -0.064500 0.118000 0.551000
v 0.064500 0.118000 0.551000
v 0.064500 0.170000 0.551000
v -0.064500 0.170000 0.551000
v -0.064500 0.170000 0.575000
v 0.064500 0.170000 0.575000
v -0.087500 0.565000 0.586000
v -0.087500 0.577000 0.598000
v -0.099500 0.577000 0.586000
v -0.087500 0.601000 0.598000
v -0.087500 0.613000 0.586000
v -0.099500 0.601000 0.586000
v -0.087500 0.565000 0.530000
v -0.099500 0.577000 0.530000
v -0.087500 0.577000 0.518000
v -0.087500 0.613000 0.530000
v -0.087500 0.601000 0.518000
v -0.099500 0.601000 0.530000
v 0.087500 0.565000 0.586000
v 0.099500 0.577000 0.586000
v 0.087500 0.577000 0.598000
v 0.087500 0.613000 0.586000
v 0.087500 0.601000 0.598000
v 0.099500 0.601000 0.586000
v 0.087500 0.565000 0.530000
v 0.087500 0.577000 0.518000
v 0.099500 0.577000 0.530000
v 0.087500 0.613000 0.530000
v 0.099500 0.601000 0.530000
v 0.087500 0.601000 0.518000
v -0.466000 0.071000 0.539000
v -0.466000 0.201000 0.539000
v -0.466000 0.071000 0.513000
v -0.466000 0.201000 0.513000
v -0.424000 0.071000 0.539000
v -0.424000 0.201000 0.539000
v -0.424000 0.071000 0.513000
v -0.424000 0.201000 0.513000
v 0.424000 0.071000 0.539000
v 0.424000 0.201000 0.539000
v 0.424000 0.071000 0.513000
v 0.424000 0.201000 0.513000
v 0.466000 0.071000 0.539000
v 0.466000 0.201000 0.539000
v 0.466000 0.071000 0.513000
v 0.466000 0.201000 0.513000
v 0.565500 0.555500 0.129000
v 0.565500 0.555500 0.441000
v 0.565500 0.122500 0.441000
v 0.565500 0.122500 0.129000
v 0.540499 0.122500 0.129000
v 0.540499 0.122500 0.441000
v 0.540499 0.555500 0.441000
v 0.540499 0.555500 0.129000
v 0.565500 0.122500 0.129000
v 0.540499 0.122500 0.129000
v 0.540499 0.555500 0.129000
v 0.565500 0.555500 0.129000
v 0.565500 0.555500 0.441000
v 0.540499 0.555500 0.441000
v 0.540499 0.122500 0.441000
v 0.565500 0.122500 0.441000
v 0.565500 0.122500 0.441000
v 0.540499 0.122500 0.441000
v 0.540499 0.122500 0.129000
v 0.565500 0.122500 0.129000
v 0.565500 0.555500 0.129000
v 0.540499 0.555500 0.129000
v 0.540499 0.555500 0.441000
v 0.565500 0.555500 0.441000
v 0.565500 0.555500 -0.441000
v 0.565500 0.555500 -0.129000
v 0.565500 0.122500 -0.129000
v 0.565500 0.122500 -0.441000
v 0.540499 0.122500 -0.441000
v 0.540499 0.122500 -0.129000
v 0.540499 0.555500 -0.129000
v 0.540499 0.555500 -0.441000
v 0.565500 0.122500 -0.441000
v 0.540499 0.122500 -0.441000
v 0.540499 0.555500 -0.441000
v 0.565500 0.555500 -0.441000
v 0.565500 0.555500 -0.129000
v 0.540499 0.555500 -0.129000
v 0.540499 0.122500 -0.129000
v 0.565500 0.122500 -0.129000
v 0.565500 0.122500 -0.129000
v 0.540499 0.122500 -0.129000
v 0.540499 0.122500 -0.441000
v 0.565500 0.122500 -0.441000
v 0.565500 0.555500 -0.441000
v 0.540499 0.555500 -0.441000
v 0.540499 0.555500 -0.129000
v 0.565500 0.555500 -0.129000
v 0.578501 0.599000 -0.115500
v 0.578501 0.599000 0.115500
v 0.578501 0.125000 0.115500
v 0.578501 0.125000 -0.115500
v 0.545500 0.125000 -0.115500
v 0.545500 0.125000 0.115500
v 0.545500 0.599000 0.115500
v 0.545500 0.599000 -0.115500
v 0.578501 0.125000 -0.115500
v 0.545500 0.125000 -0.115500
v 0.545500 0.599000 -0.115500
v 0.578501 0.599000 -0.115500
v 0.578501 0.599000 0.115500
v 0.545500 0.599000 0.115500
v 0.545500 0.125000 0.115500
v 0.578501 0.125000 0.115500
v 0.578501 0.125000 0.115500
v 0.545500 0.125000 0.115500
v 0.545500 0.125000 -0.115500
v 0.578501 0.125000 -0.115500
v 0.578501 0.599000 -0.115500
v 0.545500 0.599000 -0.115500
v 0.545500 0.599000 0.115500
v 0.578501 0.599000 0.115500
v 0.594000 0.574000 -0.097000
v 0.594000 0.574000 0.097000
v 0.594000 0.114000 0.097000
v 0.594000 0.114000 -0.097000
v 0.567999 0.114000 -0.097000
v 0.567999 0.114000 0.097000
v 0.567999 0.574000 0.097000
v 0.567999 0.574000 -0.097000
v 0.594000 0.114000 -0.097000
v 0.567999 0.114000 -0.097000
v 0.567999 0.574000 -0.097000
v 0.594000 0.574000 -0.097000
v 0.594000 0.574000 0.097000
v 0.567999 0.574000 0.097000
v 0.567999 0.114000 0.097000
v 0.594000 0.114000 0.097000
v 0.594000 0.114000 0.097000
v 0.567999 0.114000 0.097000
v 0.567999 0.114000 -0.097000
v 0.594000 0.114000 -0.097000
v 0.594000 0.574000 -0.097000
v 0.567999 0.574000 -0.097000
v 0.567999 0.574000 0.097000
v 0.594000 0.574000 0.097000
v 0.615002 0.170000 -0.064500
v 0.615002 0.170000 0.064500
v 0.615002 0.118000 0.064500
v 0.615002 0.118000 -0.064500
v 0.591000 0.118000 -0.064500
v 0.591000 0.118000 0.064500
v 0.591000 0.170000 0.064500
v 0.591000 0.170000 -0.064500
v 0.615002 0.118000 -0.064500
v 0.591000 0.118000 -0.064500
v 0.591000 0.170000 -0.064500
v 0.615002 0.170000 -0.064500
v 0.615002 0.170000 0.064500
v 0.591000 0.170000 0.064500
v 0.591000 0.118000 0.064500
v 0.615002 0.118000 0.064500
v 0.615002 0.118000 0.064500
v 0.591000 0.118000 0.064500
v 0.591000 0.118000 -0.064500
v 0.615002 0.118000 -0.064500
v 0.615002 0.170000 -0.064500
v 0.591000 0.170000 -0.064500
v 0.591000 0.170000 0.064500
v 0.615002 0.170000 0.064500
v 0.626000 0.565000 0.087500
v 0.638000 0.577000 0.087500
v 0.626000 0.577000 0.099500
v 0.638000 0.601000 0.087500
v 0.626000 0.613000 0.087500
v 0.626000 0.601000 0.099500
v 0.570000 0.565000 0.087500
v 0.570000 0.577000 0.099500
v 0.558000 0.577000 0.087500
v 0.570000 0.613000 0.087500
v 0.558000 0.601000 0.087500
v 0.570000 0.601000 0.099500
v 0.626000 0.565000 -0.087500
v 0.626000 0.577000 -0.099500
v 0.638000 0.577000 -0.087500
v 0.626000 0.613000 -0.087500
v 0.638000 0.601000 -0.087500
v 0.626000 0.601000 -0.099500
v 0.570000 0.565000 -0.087500
v 0.558000 0.577000 -0.087500
v 0.570000 0.577000 -0.099500
v 0.570000 0.613000 -0.087500
v 0.570000 0.601000 -0.099500
v 0.558000 0.601000 -0.087500
v 0.579000 0.071000 0.466000
v 0.579000 0.201000 0.466000
v 0.553000 0.071000 0.466000
v 0.553000 0.201000 0.466000
v 0.579000 0.071000 0.424000
v 0.579000 0.201000 0.424000
v 0.553000 0.071000 0.424000
v 0.553000 0.201000 0.424000
v 0.579000 0.071000 -0.424000
v 0.579000 0.201000 -0.424000
v 0.553000 0.071000 -0.424000
v 0.553000 0.201000 -0.424000
v 0.579000 0.071000 -0.466000
v 0.579000 0.201000 -0.466000
v 0.553000 0.071000 -0.466000
v 0.553000 0.201000 -0.466000
v 0.056000 0.280000 -0.573999
v 0.056000 0.280000 -0.556000
v 0.056000 0.260000 -0.556000
v 0.056000 0.260000 -0.573999
v -0.056000 0.260000 -0.573999
v -0.056000 0.260000 -0.556000
v -0.056000 0.280000 -0.556000
v -0.056000 0.280000 -0.573999
v 0.056000 0.260000 -0.573999
v -0.056000 0.260000 -0.573999
v -0.056000 0.280000 -0.573999
v 0.056000 0.280000 -0.573999
v 0.056000 0.280000 -0.556000
v -0.056000 0.280000 -0.556000
v -0.056000 0.260000 -0.556000
v 0.056000 0.260000 -0.556000
v 0.056000 0.260000 -0.556000
v -0.056000 0.260000 -0.556000
v -0.056000 0.260000 -0.573999
v 0.056000 0.260000 -0.573999
v 0.056000 0.280000 -0.573999
v -0.056000 0.280000 -0.573999
v -0.056000 0.280000 -0.556000
v 0.056000 0.280000 -0.556000
v 0.056000 0.317000 -0.573999
v 0.056000 0.317000 -0.556000
v 0.056000 0.297000 -0.556000
v 0.056000 0.297000 -0.573999
v -0.056000 0.297000 -0.573999
v -0.056000 0.297000 -0.556000
v -0.056000 0.317000 -0.556000
v -0.056000 0.317000 -0.573999
v 0.056000 0.297000 -0.573999
v -0.056000 0.297000 -0.573999
v -0.056000 0.317000 -0.573999
v 0.056000 0.317000 -0.573999
v 0.056000 0.317000 -0.556000
v -0.056000 0.317000 -0.556000
v -0.056000 0.297000 -0.556000
v 0.056000 0.297000 -0.556000
v 0.056000 0.297000 -0.556000
v -0.056000 0.297000 -0.556000
v -0.056000 0.297000 -0.573999
v 0.056000 0.297000 -0.573999
v 0.056000 0.317000 -0.573999
v -0.056000 0.317000 -0.573999
v -0.056000 0.317000 -0.556000
v 0.056000 0.317000 -0.556000
v 0.056000 0.354000 -0.573999
v 0.056000 0.354000 -0.556000
v 0.056000 0.334000 -0.556000
v 0.056000 0.334000 -0.573999
v -0.056000 0.334000 -0.573999
v -0.056000 0.334000 -0.556000
v -0.056000 0.354000 -0.556000
v -0.056000 0.354000 -0.573999
v 0.056000 0.334000 -0.573999
v -0.056000 0.334000 -0.573999
v -0.056000 0.354000 -0.573999
v 0.056000 0.354000 -0.573999
v 0.056000 0.354000 -0.556000
v -0.056000 0.354000 -0.556000
v -0.056000 0.334000 -0.556000
v 0.056000 0.334000 -0.556000
v 0.056000 0.334000 -0.556000
v -0.056000 0.334000 -0.556000
v -0.056000 0.334000 -0.573999
v 0.056000 0.334000 -0.573999
v 0.056000 0.354000 -0.573999
v -0.056000 0.354000 -0.573999
v -0.056000 0.354000 -0.556000
v 0.056000 0.354000 -0.556000
v 0.056000 0.391000 -0.573999
v 0.056000 0.391000 -0.556000
v 0.056000 0.371000 -0.556000
v 0.056000 0.371000 -0.573999
v -0.056000 0.371000 -0.573999
v -0.056000 0.371000 -0.556000
v -0.056000 0.391000 -0.556000
v -0.056000 0.391000 -0.573999
v 0.056000 0.371000 -0.573999
v -0.056000 0.371000 -0.573999
v -0.056000 0.391000 -0.573999
v 0.056000 0.391000 -0.573999
v 0.056000 0.391000 -0.556000
v -0.056000 0.391000 -0.556000
v -0.056000 0.371000 -0.556000
v 0.056000 0.371000 -0.556000
v 0.056000 0.371000 -0.556000
v -0.056000 0.371000 -0.556000
v -0.056000 0.371000 -0.573999
v 0.056000 0.371000 -0.573999
v 0.056000 0.391000 -0.573999
v -0.056000 0.391000 -0.573999
v -0.056000 0.391000 -0.556000
v 0.056000 0.391000 -0.556000
v 0.056000 0.428000 -0.573999
v 0.056000 0.428000 -0.556000
v 0.056000 0.408000 -0.556000
v 0.056000 0.408000 -0.573999
v -0.056000 0.408000 -0.573999
v -0.056000 0.408000 -0.556000
v -0.056000 0.428000 -0.556000
v -0.056000 0.428000 -0.573999
v 0.056000 0.408000 -0.573999
v -0.056000 0.408000 -0.573999
v -0.056000 0.428000 -0.573999
v 0.056000 0.428000 -0.573999
v 0.056000 0.428000 -0.556000
v -0.056000 0.428000 -0.556000
v -0.056000 0.408000 -0.556000
v 0.056000 0.408000 -0.556000
v 0.056000 0.408000 -0.556000
v -0.056000 0.408000 -0.556000
v -0.056000 0.408000 -0.573999
v 0.056000 0.408000 -0.573999
v 0.056000 0.428000 -0.573999
v -0.056000 0.428000 -0.573999
v -0.056000 0.428000 -0.556000
v 0.056000 0.428000 -0.556000
v 0.056000 0.465000 -0.573999
v 0.056000 0.465000 -0.556000
v 0.056000 0.445000 -0.556000
v 0.056000 0.445000 -0.573999
v -0.056000 0.445000 -0.573999
v -0.056000 0.445000 -0.556000
v -0.056000 0.465000 -0.556000
v -0.056000 0.465000 -0.573999
v 0.056000 0.445000 -0.573999
v -0.056000 0.445000 -0.573999
v -0.056000 0.465000 -0.573999
v 0.056000 0.465000 -0.573999
v 0.056000 0.465000 -0.556000
v -0.056000 0.465000 -0.556000
v -0.056000 0.445000 -0.556000
v 0.056000 0.445000 -0.556000
v 0.056000 0.445000 -0.556000
v -0.056000 0.445000 -0.556000
v -0.056000 0.445000 -0.573999
v 0.056000 0.445000 -0.573999
v 0.056000 0.465000 -0.573999
v -0.056000 0.465000 -0.573999
v -0.056000 0.465000 -0.556000
v 0.056000 0.465000 -0.556000
v 0.056000 0.502000 -0.573999
v 0.056000 0.502000 -0.556000
v 0.056000 0.482000 -0.556000
v 0.056000 0.482000 -0.573999
v -0.056000 0.482000 -0.573999
v -0.056000 0.482000 -0.556000
v -0.056000 0.502000 -0.556000
v -0.056000 0.502000 -0.573999
v 0.056000 0.482000 -0.573999
v -0.056000 0.482000 -0.573999
v -0.056000 0.502000 -0.573999
v 0.056000 0.502000 -0.573999
v 0.056000 0.502000 -0.556000
v -0.056000 0.502000 -0.556000
v -0.056000 0.482000 -0.556000
v 0.056000 0.482000 -0.556000
v 0.056000 0.482000 -0.556000
v -0.056000 0.482000 -0.556000
v -0.056000 0.482000 -0.573999
v 0.056000 0.482000 -0.573999
v 0.056000 0.502000 -0.573999
v -0.056000 0.502000 -0.573999
v -0.056000 0.502000 -0.556000
v 0.056000 0.502000 -0.556000
v -0.596000 0.280000 -0.056000
v -0.596000 0.280000 0.056000
v -0.596000 0.260000 0.056000
v -0.596000 0.260000 -0.056000
v -0.613999 0.260000 -0.056000
v -0.613999 0.260000 0.056000
v -0.613999 0.280000 0.056000
v -0.613999 0.280000 -0.056000
v -0.596000 0.260000 -0.056000
v -0.613999 0.260000 -0.056000
v -0.613999 0.280000 -0.056000
v -0.596000 0.280000 -0.056000
v -0.596000 0.280000 0.056000
v -0.613999 0.280000 0.056000
v -0.613999 0.260000 0.056000
v -0.596000 0.260000 0.056000
v -0.596000 0.260000 0.056000
v -0.613999 0.260000 0.056000
v -0.613999 0.260000 -0.056000
v -0.596000 0.260000 -0.056000
v -0.596000 0.280000 -0.056000
v -0.613999 0.280000 -0.056000
v -0.613999 0.280000 0.056000
v -0.596000 0.280000 0.056000
v -0.596000 0.317000 -0.056000
v -0.596000 0.317000 0.056000
v -0.596000 0.297000 0.056000
v -0.596000 0.297000 -0.056000
v -0.613999 0.297000 -0.056000
v -0.613999 0.297000 0.056000
v -0.613999 0.317000 0.056000
v -0.613999 0.317000 -0.056000
v -0.596000 0.297000 -0.056000
v -0.613999 0.297000 -0.056000
v -0.613999 0.317000 -0.056000
v -0.596000 0.317000 -0.056000
v -0.596000 0.317000 0.056000
v -0.613999 0.317000 0.056000
v -0.613999 0.297000 0.056000
v -0.596000 0.297000 0.056000
v -0.596000 0.297000 0.056000
v -0.613999 0.297000 0.056000
v -0.613999 0.297000 -0.056000
v -0.596000 0.297000 -0.056000
v -0.596000 0.317000 -0.056000
v -0.613999 0.317000 -0.056000
v -0.613999 0.317000 0.056000
v -0.596000 0.317000 0.056000
v -0.595999 0.354000 -0.056000
v -0.595999 0.354000 0.056000
v -0.595999 0.334000 0.056000
v -0.595999 0.334000 -0.056000
v -0.614000 0.334000 -0.056000
v -0.614000 0.334000 0.056000
v -0.614000 0.354000 0.056000
v -0.614000 0.354000 -0.056000
v -0.595999 0.334000 -0.056000
v -0.614000 0.334000 -0.056000
v -0.614000 0.354000 -0.056000
v -0.595999 0.354000 -0.056000
v -0.595999 0.354000 0.056000
v -0.614000 0.354000 0.056000
v -0.614000 0.334000 0.056000
v -0.595999 0.334000 0.056000
v -0.595999 0.334000 0.056000
v -0.614000 0.334000 0.056000
v -0.614000 0.334000 -0.056000
v -0.595999 0.334000 -0.056000
v -0.595999 0.354000 -0.056000
v -0.614000 0.354000 -0.056000
v -0.614000 0.354000 0.056000
v -0.595999 0.354000 0.056000
v -0.595999 0.391000 -0.056000
v -0.595999 0.391000 0.056000
v -0.595999 0.371000 0.056000
v -0.595999 0.371000 -0.056000
v -0.614000 0.371000 -0.056000
v -0.614000 0.371000 0.056000
v -0.614000 0.391000 0.056000
v -0.614000 0.391000 -0.056000
v -0.595999 0.371000 -0.056000
v -0.614000 0.371000 -0.056000
v -0.614000 0.391000 -0.056000
v -0.595999 0.391000 -0.056000
v -0.595999 0.391000 0.056000
v -0.614000 0.391000 0.056000
v -0.614000 0.371000 0.056000
v -0.595999 0.371000 0.056000
v -0.595999 0.371000 0.056000
v -0.614000 0.371000 0.056000
v -0.614000 0.371000 -0.056000
v -0.595999 0.371000 -0.056000
v -0.595999 0.391000 -0.056000
v -0.614000 0.391000 -0.056000
v -0.614000 0.391000 0.056000
v -0.595999 0.391000 0.056000
v -0.595999 0.428000 -0.056000
v -0.595999 0.428000 0.056000
v -0.595999 0.408000 0.056000
v -0.595999 0.408000 -0.056000
v -0.614000 0.408000 -0.056000
v -0.614000 0.408000 0.056000
v -0.614000 0.428000 0.056000
v -0.614000 0.428000 -0.056000
v -0.595999 0.408000 -0.056000
v -0.614000 0.408000 -0.056000
v -0.614000 0.428000 -0.056000
v -0.595999 0.428000 -0.056000
v -0.595999 0.428000 0.056000
v -0.614000 0.428000 0.056000
v -0.614000 0.408000 0.056000
v -0.595999 0.408000 0.056000
v -0.595999 0.408000 0.056000
v -0.614000 0.408000 0.056000
v -0.614000 0.408000 -0.056000
v -0.595999 0.408000 -0.056000
v -0.595999 0.428000 -0.056000
v -0.614000 0.428000 -0.056000
v -0.614000 0.428000 0.056000
v -0.595999 0.428000 0.056000
v -0.595999 0.465000 -0.056000
v -0.595999 0.465000 0.056000
v -0.595999 0.445000 0.056000
v -0.595999 0.445000 -0.056000
v -0.614000 0.445000 -0.056000
v -0.614000 0.445000 0.056000
v -0.614000 0.465000 0.056000
v -0.614000 0.465000 -0.056000
v -0.595999 0.445000 -0.056000
v -0.614000 0.445000 -0.056000
v -0.614000 0.465000 -0.056000
v -0.595999 0.465000 -0.056000
v -0.595999 0.465000 0.056000
v -0.614000 0.465000 0.056000
v -0.614000 0.445000 0.056000
v -0.595999 0.445000 0.056000
v -0.595999 0.445000 0.056000
v -0.614000 0.445000 0.056000
v -0.614000 0.445000 -0.056000
v -0.595999 0.445000 -0.056000
v -0.595999 0.465000 -0.056000
v -0.614000 0.465000 -0.056000
v -0.614000 0.465000 0.056000
v -0.595999 0.465000 0.056000
v -0.595999 0.502000 -0.056000
v -0.595999 0.502000 0.056000
v -0.595999 0.482000 0.056000
v -0.595999 0.482000 -0.056000
v -0.614000 0.482000 -0.056000
v -0.614000 0.482000 0.056000
v -0.614000 0.502000 0.056000
v -0.614000 0.502000 -0.056000
v -0.595999 0.482000 -0.056000
v -0.614000 0.482000 -0.056000
v -0.614000 0.502000 -0.056000
v -0.595999 0.502000 -0.056000
v -0.595999 0.502000 0.056000
v -0.614000 0.502000 0.056000
v -0.614000 0.482000 0.056000
v -0.595999 0.482000 0.056000
v -0.595999 0.482000 0.056000
v -0.614000 0.482000 0.056000
v -0.614000 0.482000 -0.056000
v -0.595999 0.482000 -0.056000
v -0.595999 0.502000 -0.056000
v -0.614000 0.502000 -0.056000
v -0.614000 0.502000 0.056000
v -0.595999 0.502000 0.056000
v 0.056000 0.280000 0.556000
v 0.056000 0.280000 0.573999
v 0.056000 0.260000 0.573999
v 0.056000 0.260000 0.556000
v -0.056000 0.260000 0.556000
v -0.056000 0.260000 0.573999
v -0.056000 0.280000 0.573999
v -0.056000 0.280000 0.556000
v 0.056000 0.260000 0.556000
v -0.056000 0.260000 0.556000
v -0.056000 0.280000 0.556000
v 0.056000 0.280000 0.556000
v 0.056000 0.280000 0.573999
v -0.056000 0.280000 0.573999
v -0.056000 0.260000 0.573999
v 0.056000 0.260000 0.573999
v 0.056000 0.260000 0.573999
v -0.056000 0.260000 0.573999
v -0.056000 0.260000 0.556000
v 0.056000 0.260000 0.556000
v 0.056000 0.280000 0.556000
v -0.056000 0.280000 0.556000
v -0.056000 0.280000 0.573999
v 0.056000 0.280000 0.573999
v 0.056000 0.317000 0.556000
v 0.056000 0.317000 0.573999
v 0.056000 0.297000 0.573999
v 0.056000 0.297000 0.556000
v -0.056000 0.297000 0.556000
v -0.056000 0.297000 0.573999
v -0.056000 0.317000 0.573999
v -0.056000 0.317000 0.556000
v 0.056000 0.297000 0.556000
v -0.056000 0.297000 0.556000
v -0.056000 0.317000 0.556000
v 0.056000 0.317000 0.556000
v 0.056000 0.317000 0.573999
v -0.056000 0.317000 0.573999
v -0.056000 0.297000 0.573999
v 0.056000 0.297000 0.573999
v 0.056000 0.297000 0.573999
v -0.056000 0.297000 0.573999
v -0.056000 0.297000 0.556000
v 0.056000 0.297000 0.556000
v 0.056000 0.317000 0.556000
v -0.056000 0.317000 0.556000
v -0.056000 0.317000 0.573999
v 0.056000 0.317000 0.573999
v 0.056000 0.354000 0.556000
v 0.056000 0.354000 0.573999
v 0.056000 0.334000 0.573999
v 0.056000 0.334000 0.556000
v -0.056000 0.334000 0.556000
v -0.056000 0.334000 0.573999
v -0.056000 0.354000 0.573999
v -0.056000 0.354000 0.556000
v 0.056000 0.334000 0.556000
v -0.056000 0.334000 0.556000
v -0.056000 0.354000 0.556000
v 0.056000 0.354000 0.556000
v 0.056000 0.354000 0.573999
v -0.056000 0.354000 0.573999
v -0.056000 0.334000 0.573999
v 0.056000 0.334000 0.573999
v 0.056000 0.334000 0.573999
v -0.056000 0.334000 0.573999
v -0.056000 0.334000 0.556000
v 0.056000 0.334000 0.556000
v 0.056000 0.354000 0.556000
v -0.056000 0.354000 0.556000
v -0.056000 0.354000 0.573999
v 0.056000 0.354000 0.573999
v 0.056000 0.391000 0.556000
v 0.056000 0.391000 0.573999
v 0.056000 0.371000 0.573999
v 0.056000 0.371000 0.556000
v -0.056000 0.371000 0.556000
v -0.056000 0.371000 0.573999
v -0.056000 0.391000 0.573999
v -0.056000 0.391000 0.556000
v 0.056000 0.371000 0.556000
v -0.056000 0.371000 0.556000
v -0.056000 0.391000 0.556000
v 0.056000 0.391000 0.556000
v 0.056000 0.391000 0.573999
v -0.056000 0.391000 0.573999
v -0.056000 0.371000 0.573999
v 0.056000 0.371000 0.573999
v 0.056000 0.371000 0.573999
v -0.056000 0.371000 0.573999
v -0.056000 0.371000 0.556000
v 0.056000 0.371000 0.556000
v 0.056000 0.391000 0.556000
v -0.056000 0.391000 0.556000
v -0.056000 0.391000 0.573999
v 0.056000 0.391000 0.573999
v 0.056000 0.428000 0.556000
v 0.056000 0.428000 0.573999
v 0.056000 0.408000 0.573999
v 0.056000 0.408000 0.556000
v -0.056000 0.408000 0.556000
v -0.056000 0.408000 0.573999
v -0.056000 0.428000 0.573999
v -0.056000 0.428000 0.556000
v 0.056000 0.408000 0.556000
v -0.056000 0.408000 0.556000
v -0.056000 0.428000 0.556000
v 0.056000 0.428000 0.556000
v 0.056000 0.428000 0.573999
v -0.056000 0.428000 0.573999
v -0.056000 0.408000 0.573999
v 0.056000 0.408000 0.573999
v 0.056000 0.408000 0.573999
v -0.056000 0.408000 0.573999
v -0.056000 0.408000 0.556000
v 0.056000 0.408000 0.556000
v 0.056000 0.428000 0.556000
v -0.056000 0.428000 0.556000
v -0.056000 0.428000 0.573999
v 0.056000 0.428000 0.573999
v 0.056000 0.465000 0.556000
v 0.056000 0.465000 0.573999
v 0.056000 0.445000 0.573999
v 0.056000 0.445000 0.556000
v -0.056000 0.445000 0.556000
v -0.056000 0.445000 0.573999
v -0.056000 0.465000 0.573999
v -0.056000 0.465000 0.556000
v 0.056000 0.445000 0.556000
v -0.056000 0.445000 0.556000
v -0.056000 0.465000 0.556000
v 0.056000 0.465000 0.556000
v 0.056000 0.465000 0.573999
v -0.056000 0.465000 0.573999
v -0.056000 0.445000 0.573999
v 0.056000 0.445000 0.573999
v 0.056000 0.445000 0.573999
v -0.056000 0.445000 0.573999
v -0.056000 0.445000 0.556000
v 0.056000 0.445000 0.556000
v 0.056000 0.465000 0.556000
v -0.056000 0.465000 0.556000
v -0.056000 0.465000 0.573999
v 0.056000 0.465000 0.573999
v 0.056000 0.502000 0.556000
v 0.056000 0.502000 0.573999
v 0.056000 0.482000 0.573999
v 0.056000 0.482000 0.556000
v -0.056000 0.482000 0.556000
v -0.056000 0.482000 0.573999
v -0.056000 0.502000 0.573999
v -0.056000 0.502000 0.556000
v 0.056000 0.482000 0.556000
v -0.056000 0.482000 0.556000
v -0.056000 0.502000 0.556000
v 0.056000 0.502000 0.556000
v 0.056000 0.502000 0.573999
v -0.056000 0.502000 0.573999
v -0.056000 0.482000 0.573999
v 0.056000 0.482000 0.573999
v 0.056000 0.482000 0.573999
v -0.056000 0.482000 0.573999
v -0.056000 0.482000 0.556000
v 0.056000 0.482000 0.556000
v 0.056000 0.502000 0.556000
v -0.056000 0.502000 0.556000
v -0.056000 0.502000 0.573999
v 0.056000 0.502000 0.573999
v 0.614000 0.280000 -0.056000
v 0.614000 0.280000 0.056000
v 0.614000 0.260000 0.056000
v 0.614000 0.260000 -0.056000
v 0.595999 0.260000 -0.056000
v 0.595999 0.260000 0.056000
v 0.595999 0.280000 0.056000
v 0.595999 0.280000 -0.056000
v 0.614000 0.260000 -0.056000
v 0.595999 0.260000 -0.056000
v 0.595999 0.280000 -0.056000
v 0.614000 0.280000 -0.056000
v 0.614000 0.280000 0.056000
v 0.595999 0.280000 0.056000
v 0.595999 0.260000 0.056000
v 0.614000 0.260000 0.056000
v 0.614000 0.260000 0.056000
v 0.595999 0.260000 0.056000
v 0.595999 0.260000 -0.056000
v 0.614000 0.260000 -0.056000
v 0.614000 0.280000 -0.056000
v 0.595999 0.280000 -0.056000
v 0.595999 0.280000 0.056000
v 0.614000 0.280000 0.056000
v 0.614000 0.317000 -0.056000
v 0.614000 0.317000 0.056000
v 0.614000 0.297000 0.056000
v 0.614000 0.297000 -0.056000
v 0.595999 0.297000 -0.056000
v 0.595999 0.297000 0.056000
v 0.595999 0.317000 0.056000
v 0.595999 0.317000 -0.056000
v 0.614000 0.297000 -0.056000
v 0.595999 0.297000 -0.056000
v 0.595999 0.317000 -0.056000
v 0.614000 0.317000 -0.056000
v 0.614000 0.317000 0.056000
v 0.595999 0.317000 0.056000
v 0.595999 0.297000 0.056000
v 0.614000 0.297000 0.056000
v 0.614000 0.297000 0.056000
v 0.595999 0.297000 0.056000
v 0.595999 0.297000 -0.056000
v 0.614000 0.297000 -0.056000
v 0.614000 0.317000 -0.056000
v 0.595999 0.317000 -0.056000
v 0.595999 0.317000 0.056000
v 0.614000 0.317000 0.056000
v 0.614000 0.354000 -0.056000
v 0.614000 0.354000 0.056000
v 0.614000 0.334000 0.056000
v 0.614000 0.334000 -0.056000
v 0.595999 0.334000 -0.056000
v 0.595999 0.334000 0.056000
v 0.595999 0.354000 0.056000
v 0.595999 0.354000 -0.056000
v 0.614000 0.334000 -0.056000
v 0.595999 0.334000 -0.056000
v 0.595999 0.354000 -0.056000
v 0.614000 0.354000 -0.056000
v 0.614000 0.354000 0.056000
v 0.595999 0.354000 0.056000
v 0.595999 0.334000 0.056000
v 0.614000 0.334000 0.056000
v 0.614000 0.334000 0.056000
v 0.595999 0.334000 0.056000
v 0.595999 0.334000 -0.056000
v 0.614000 0.334000 -0.056000
v 0.614000 0.354000 -0.056000
v 0.595999 0.354000 -0.056000
v 0.595999 0.354000 0.056000
v 0.614000 0.354000 0.056000
v 0.614000 0.391000 -0.056000
v 0.614000 0.391000 0.056000
v 0.614000 0.371000 0.056000
v 0.614000 0.371000 -0.056000
v 0.595999 0.371000 -0.056000
v 0.595999 0.371000 0.056000
v 0.595999 0.391000 0.056000
v 0.595999 0.391000 -0.056000
v 0.614000 0.371000 -0.056000
v 0.595999 0.371000 -0.056000
v 0.595999 0.391000 -0.056000
v 0.614000 0.391000 -0.056000
v 0.614000 0.391000 0.056000
v 0.595999 0.391000 0.056000
v 0.595999 0.371000 0.056000
v 0.614000 0.371000 0.056000
v 0.614000 0.371000 0.056000
v 0.595999 0.371000 0.056000
v 0.595999 0.371000 -0.056000
v 0.614000 0.371000 -0.056000
v 0.614000 0.391000 -0.056000
v 0.595999 0.391000 -0.056000
v 0.595999 0.391000 0.056000
v 0.614000 0.391000 0.056000
v 0.614000 0.428000 -0.056000
v 0.614000 0.428000 0.056000
v 0.614000 0.408000 0.056000
v 0.614000 0.408000 -0.056000
v 0.595999 0.408000 -0.056000
v 0.595999 0.408000 0.056000
v 0.595999 0.428000 0.056000
v 0.595999 0.428000 -0.056000
v 0.614000 0.408000 -0.056000
v 0.595999 0.408000 -0.056000
v 0.595999 0.428000 -0.056000
v 0.614000 0.428000 -0.056000
v 0.614000 0.428000 0.056000
v 0.595999 0.428000 0.056000
v 0.595999 0.408000 0.056000
v 0.614000 0.408000 0.056000
v 0.614000 0.408000 0.056000
v 0.595999 0.408000 0.056000
v 0.595999 0.408000 -0.056000
v 0.614000 0.408000 -0.056000
v 0.614000 0.428000 -0.056000
v 0.595999 0.428000 -0.056000
v 0.595999 0.428000 0.056000
v 0.614000 0.428000 0.056000
v 0.613998 0.465000 -0.056000
v 0.613998 0.465000 0.056000
v 0.613998 0.445000 0.056000
v 0.613998 0.445000 -0.056000
v 0.596001 0.445000 -0.056000
v 0.596001 0.445000 0.056000
v 0.596001 0.465000 0.056000
v 0.596001 0.465000 -0.056000
v 0.613998 0.445000 -0.056000
v 0.596001 0.445000 -0.056000
v 0.596001 0.465000 -0.056000
v 0.613998 0.465000 -0.056000
v 0.613998 0.465000 0.056000
v 0.596001 0.465000 0.056000
v 0.596001 0.445000 0.056000
v 0.613998 0.445000 0.056000
v 0.613998 0.445000 0.056000
v 0.596001 0.445000 0.056000
v 0.596001 0.445000 -0.056000
v 0.613998 0.445000 -0.056000
v 0.613998 0.465000 -0.056000
v 0.596001 0.465000 -0.056000
v 0.596001 0.465000 0.056000
v 0.613998 0.465000 0.056000
v 0.614000 0.502000 -0.056000
v 0.614000 0.502000 0.056000
v 0.614000 0.482000 0.056000
v 0.614000 0.482000 -0.056000
v 0.596000 0.482000 -0.056000
v 0.596000 0.482000 0.056000
v 0.596000 0.502000 0.056000
v 0.596000 0.502000 -0.056000
v 0.614000 0.482000 -0.056000
v 0.596000 0.482000 -0.056000
v 0.596000 0.502000 -0.056000
v 0.614000 0.502000 -0.056000
v 0.614000 0.502000 0.056000
v 0.596000 0.502000 0.056000
v 0.596000 0.482000 0.056000
v 0.614000 0.482000 0.056000
v 0.614000 0.482000 0.056000
v 0.596000 0.482000 0.056000
v 0.596000 0.482000 -0.056000
v 0.614000 0.482000 -0.056000
v 0.614000 0.502000 -0.056000
v 0.596000 0.502000 -0.056000
v 0.596000 0.502000 0.056000
v 0.614000 0.502000 0.056000
vn -0.1848 -0.8422 -0.5065
vn 0.3904 -0.0755 -0.9176
vn 0.1250 -0.7808 -0.6122
vn -0.9307 -0.0580 -0.3612
vn -0.4152 -0.0162 -0.9096
vn -0.6535 -0.7362 0.1759
vn -0.6490 -0.7192 -0.2480
vn -0.1226 -0.8949 0.4292
vn -0.9109 -0.0135 0.4125
vn 0.1873 -0.7166 0.6718
vn -0.2217 -0.0546 0.9736
vn 0.9307 -0.0580 0.3612
vn 0.4152 -0.0162 0.9096
vn 0.6535 -0.7362 -0.1759
vn 0.6490 -0.7192 0.2480
vn 0.2561 0.1492 -0.9551
vn 0.9424 0.1127 -0.3150
vn 0.9109 -0.0135 -0.4125
vn -0.9533 0.0699 -0.2939
vn -0.9424 0.1127 0.3150
vn -0.2561 0.1493 0.9551
vn 0.9533 0.0699 0.2939
vn 0.3015 0.1658 0.9390
vn -0.3014 0.1658 -0.9390
vn 0.0830 0.8495 -0.5210
vn 0.4248 0.8660 -0.2639
vn -0.5564 0.8040 -0.2096
vn -0.4695 0.8529 0.2284
vn -0.1774 0.8331 0.5239
vn 0.5886 0.7880 0.1805
vn 0.1591 0.8796 0.4484
vn -0.1591 0.8796 -0.4484
vn -0.0228 0.9753 0.2199
vn -0.2177 0.9757 0.0243
vn 0.2178 0.9757 0.0250
vn 0.3112 0.9385 -0.1498
vn 0.1297 0.9797 -0.1529
vn -0.2178 0.9757 -0.0250
vn -0.1529 0.9379 -0.3113
vn 0.5096 0.1131 0.8529
vn -0.1927 0.3333 0.9229
vn -0.3141 0.0839 0.9457
vn 0.1529 0.9379 0.3113
vn -0.7918 0.3332 0.5120
vn -0.8596 0.1115 0.4986
vn 0.8577 0.1077 -0.5027
vn 0.9164 0.3716 0.1488
vn 0.9454 0.0839 0.3148
vn 0.3239 0.0844 -0.9423
vn 0.7918 0.3332 -0.5120
vn -0.5096 0.1131 -0.8529
vn 0.1927 0.3333 -0.9229
vn -0.9455 0.0839 -0.3148
vn -0.5121 0.3335 -0.7915
vn -0.8123 0.5645 -0.1465
vn -0.0099 0.9995 -0.0308
vn -0.7923 0.6090 -0.0356
vn 0.5121 0.3335 0.7915
vn -0.0868 0.5827 0.8080
vn 0.5037 0.5970 0.6244
vn 0.6321 0.5735 -0.5211
vn 0.0868 0.5828 -0.8080
vn 0.0012 -0.9996 -0.0272
vn -0.3154 -0.6959 -0.6451
vn 0.3058 -0.9144 0.2652
vn 0.0766 -0.3352 -0.9390
vn 0.0094 -0.9822 -0.1878
vn -0.3098 -0.5688 -0.7619
vn -0.0427 -0.9988 -0.0222
vn -0.9428 -0.0110 -0.3332
vn -0.0766 -0.3351 0.9391
vn -0.7662 -0.5609 0.3136
vn -0.0236 -0.9990 0.0367
vn -0.0094 -0.9822 0.1878
vn 0.3098 -0.5688 0.7619
vn 0.0427 -0.9988 0.0222
vn 0.9428 -0.0110 0.3332
vn 0.7662 -0.5609 -0.3136
vn -0.0061 0.9999 -0.0113
vn 0.4832 0.2135 -0.8491
vn -0.3003 0.2756 -0.9132
vn -0.8643 0.2563 -0.4327
vn -0.9255 0.2575 0.2778
vn -0.4832 0.2135 0.8491
vn 0.3003 0.2756 0.9132
vn 0.8643 0.2563 0.4327
vn -0.0849 -0.0001 -0.9964
vn 0.0576 0.7866 -0.6148
vn 0.0856 -0.0000 -0.9963
vn -0.9956 -0.0000 -0.0936
vn -0.1696 0.4179 -0.8925
vn -0.9957 -0.0001 0.0930
vn -0.5171 0.6877 -0.5096
vn -0.0856 -0.0000 0.9963
vn -0.8897 0.4243 0.1688
vn 0.0849 -0.0001 0.9964
vn -0.5114 0.6911 0.5107
vn 0.9956 -0.0000 0.0936
vn 0.1696 0.4179 0.8925
vn 0.9957 -0.0001 -0.0930
vn 0.5171 0.6877 0.5096
vn 0.8897 0.4243 -0.1688
vn -0.0559 0.8824 0.4672
vn 0.4641 0.8837 0.0607
vn 0.2504 0.6645 0.7041
vn 0.7032 0.6675 -0.2448
vn 0.3190 0.8695 -0.3770
vn -0.4641 0.8837 -0.0607
vn -0.2504 0.6645 -0.7041
vn -0.7032 0.6675 0.2448
vn -0.0997 -0.0000 0.9950
vn 0.0991 0.0002 0.9951
vn 0.9941 -0.0000 0.1084
vn 0.9942 -0.0001 -0.1078
vn 0.0997 -0.0000 -0.9950
vn -0.0991 0.0002 -0.9951
vn -0.9941 -0.0000 -0.1084
vn -0.9942 -0.0001 0.1078
vn 1.0000 -0.0000 -0.0000
vn -1.0000 -0.0000 -0.0000
vn -0.0000 -0.0000 -1.0000
vn -0.0000 -0.0000 1.0000
vn -0.0000 -1.0000 -0.0000
vn -0.0000 1.0000 -0.0000
vn -0.0602 0.2712 -0.9606
vn 0.0502 -0.3095 -0.9496
vn -0.0467 -0.3089 -0.9499
vn -0.9589 0.2161 0.1836
vn -0.9452 -0.2950 -0.1400
vn -0.9452 -0.2949 0.1400
vn 0.0834 0.8135 0.5756
vn -0.0540 0.9846 -0.1665
vn -0.0574 0.9840 0.1687
vn 0.9589 0.2161 -0.1836
vn 0.9452 -0.2950 0.1400
vn 0.9452 -0.2949 -0.1400
vn 0.0602 0.2712 0.9606
vn -0.0502 -0.3095 0.9496
vn 0.0467 -0.3089 0.9499
vn 0.0539 -0.9846 -0.1666
vn 0.6085 0.2630 -0.7487
vn 0.5213 0.6558 -0.5460
vn 0.0574 -0.9840 0.1687
vn 0.7825 0.3149 0.5372
vn -0.0574 -0.9840 -0.1687
vn -0.7825 0.3149 -0.5372
vn -0.0539 -0.9846 0.1666
vn -0.6085 0.2630 0.7487
vn 0.1318 0.7959 -0.5910
vn 0.5170 -0.1610 0.8407
vn 0.5131 -0.1471 -0.8457
vn 0.3848 0.2261 0.8949
vn -0.5130 -0.1471 0.8457
vn -0.5910 0.1318 0.7958
vn -0.5170 -0.1610 -0.8407
vn -0.3848 0.2261 -0.8949
vn -0.9606 0.2712 0.0602
vn -0.9496 -0.3095 -0.0503
vn -0.9499 -0.3089 0.0468
vn 0.1836 0.2161 0.9589
vn -0.1400 -0.2950 0.9452
vn 0.1400 -0.2949 0.9452
vn 0.5756 0.8135 -0.0834
vn -0.1665 0.9846 0.0540
vn 0.1687 0.9840 0.0574
vn -0.1836 0.2161 -0.9589
vn 0.1400 -0.2950 -0.9452
vn -0.1400 -0.2949 -0.9452
vn 0.9606 0.2712 -0.0602
vn 0.9496 -0.3095 0.0503
vn 0.9499 -0.3089 -0.0468
vn -0.1665 -0.9846 -0.0539
vn -0.7487 0.2630 -0.6085
vn -0.5460 0.6558 -0.5213
vn 0.1687 -0.9840 -0.0574
vn 0.5372 0.3149 -0.7825
vn -0.1687 -0.9840 0.0574
vn -0.5372 0.3149 0.7825
vn 0.1665 -0.9846 0.0539
vn 0.7487 0.2630 0.6085
vn -0.5910 0.7959 -0.1318
vn 0.8407 -0.1610 -0.5170
vn -0.8457 -0.1471 -0.5131
vn 0.8949 0.2261 -0.3848
vn 0.8457 -0.1471 0.5130
vn 0.7958 0.1318 0.5910
vn -0.8407 -0.1610 0.5170
vn -0.8949 0.2261 0.3848
vn -0.0834 0.8135 -0.5756
vn 0.0540 0.9846 0.1665
vn 0.0574 0.9840 -0.1687
vn -0.5213 0.6558 0.5460
vn -0.1318 0.7959 0.5910
vn -0.5131 -0.1471 0.8457
vn 0.5130 -0.1471 -0.8457
vn 0.5910 0.1318 -0.7958
vn 0.9496 -0.3095 0.0502
vn 0.9499 -0.3089 -0.0467
vn -0.5756 0.8135 0.0834
vn 0.1665 0.9846 -0.0540
vn -0.1687 0.9840 -0.0574
vn -0.9496 -0.3095 -0.0502
vn -0.9499 -0.3089 0.0467
vn 0.1666 -0.9846 0.0539
vn 0.5460 0.6558 0.5213
vn -0.1666 -0.9846 -0.0539
vn 0.5910 0.7959 0.1318
vn 0.8457 -0.1471 0.5131
vn -0.8457 -0.1471 -0.5130
vn -0.7958 0.1318 -0.5910
vt 0.440941 0.296606
vt 0.432335 0.436972
vt 0.440942 0.434767
vt 0.006200 0.305268
vt 0.014744 0.317154
vt 0.014785 0.301705
vt 0.006216 0.441623
vt 0.006178 0.318680
vt 0.521073 0.309723
vt 0.529609 0.294280
vt 0.521001 0.298373
vt 0.521074 0.447884
vt 0.529680 0.307517
vt 0.707839 0.459340
vt 0.699160 0.450161
vt 0.699231 0.463433
vt 0.707763 0.322496
vt 0.707764 0.447800
vt 0.432335 0.294316
vt 0.358771 0.436840
vt 0.007233 0.471005
vt 0.007427 0.608485
vt 0.155399 0.471035
vt 0.699231 0.306773
vt 0.625721 0.320083
vt 0.699159 0.320065
vt 0.014782 0.444793
vt 0.088183 0.317174
vt 0.602951 0.294543
vt 0.529680 0.450174
vt 0.603245 0.307650
vt 0.602951 0.463170
vt 0.603245 0.450092
vt 0.625723 0.450137
vt 0.358770 0.294398
vt 0.353796 0.434838
vt 0.088368 0.301994
vt 0.625652 0.307087
vt 0.620612 0.321804
vt 0.088223 0.444771
vt 0.093312 0.318560
vt 0.608188 0.296673
vt 0.608219 0.309652
vt 0.959655 0.505825
vt 0.959655 0.519762
vt 0.962822 0.508645
vt 0.620615 0.448291
vt 0.182955 0.609929
vt 0.187994 0.477205
vt 0.182904 0.472543
vt 0.093384 0.303718
vt 0.201036 0.464163
vt 0.196068 0.459042
vt 0.321534 0.623390
vt 0.201036 0.618269
vt 0.196092 0.623459
vt 0.334698 0.609889
vt 0.316566 0.618269
vt 0.334648 0.472502
vt 0.329608 0.605227
vt 0.316566 0.464163
vt 0.329608 0.477205
vt 0.321510 0.458973
vt 0.183234 0.433382
vt 0.260218 0.308164
vt 0.183233 0.308004
vt 0.187994 0.605227
vt 0.260152 0.295877
vt 0.183168 0.295877
vt 0.721567 0.312242
vt 0.798551 0.199517
vt 0.721567 0.199357
vt 0.721501 0.324534
vt 0.798551 0.312475
vt 0.674958 0.992429
vt 0.751942 0.867212
vt 0.674957 0.867052
vt 0.798565 0.449319
vt 0.721538 0.463378
vt 0.798523 0.463433
vt 0.798565 0.338555
vt 0.721580 0.449094
vt 0.658887 0.489308
vt 0.646124 0.476102
vt 0.534544 0.477170
vt 0.183168 0.445674
vt 0.260217 0.433615
vt 0.181838 0.434787
vt 0.181838 0.306765
vt 0.189603 0.603822
vt 0.720171 0.313647
vt 0.720171 0.198117
vt 0.315161 0.616660
vt 0.673562 0.993834
vt 0.673562 0.865812
vt 0.327999 0.478610
vt 0.799976 0.336866
vt 0.799976 0.450212
vt 0.202441 0.465771
vt 0.189671 0.478445
vt 0.521001 0.613182
vt 0.522406 0.489308
vt 0.521001 0.490131
vt 0.535169 0.627211
vt 0.522406 0.614005
vt 0.521994 0.615581
vt 0.659298 0.615581
vt 0.646749 0.626143
vt 0.648325 0.626555
vt 0.660292 0.490131
vt 0.658887 0.614005
vt 0.660292 0.613182
vt 0.659298 0.487732
vt 0.521994 0.487732
vt 0.768020 0.558075
vt 0.768020 0.574802
vt 0.773327 0.566885
vt 0.755688 0.558075
vt 0.750381 0.566885
vt 0.755688 0.574802
vt 0.018956 0.620394
vt 0.143844 0.620151
vt 0.155594 0.608516
vt 0.143870 0.459127
vt 0.018982 0.459369
vt 0.353793 0.296308
vt 0.353828 0.447817
vt 0.093353 0.442647
vt 0.608222 0.448182
vt 0.608188 0.461040
vt 0.798485 0.324534
vt 0.751941 0.992662
vt 0.721580 0.338290
vt 0.260152 0.445674
vt 0.202276 0.616592
vt 0.327931 0.603987
vt 0.315326 0.465840
vt 0.645926 0.627549
vt 0.535367 0.475765
vt 0.532968 0.476758
vt 0.707839 0.310866
vt 0.337369 0.792289
vt 0.337369 0.653310
vt 0.185898 0.792289
vt 0.339373 0.290142
vt 0.333104 0.431620
vt 0.339374 0.429121
vt 0.823369 0.681505
vt 0.829645 0.663333
vt 0.823409 0.666831
vt 0.823413 0.805601
vt 0.829599 0.679841
vt 0.198390 0.804782
vt 0.181838 0.794788
vt 0.195892 0.808842
vt 0.315151 0.290142
vt 0.308881 0.431620
vt 0.315151 0.429121
vt 0.198390 0.640818
vt 0.181838 0.650812
vt 0.185898 0.653310
vt 0.079110 0.160387
vt 0.072840 0.289373
vt 0.079110 0.286874
vt 0.324877 0.640818
vt 0.341430 0.650812
vt 0.327375 0.636758
vt 0.333104 0.287644
vt 0.327483 0.431620
vt 0.835267 0.663335
vt 0.829645 0.808840
vt 0.835221 0.679843
vt 0.303340 0.445674
vt 0.308962 0.445674
vt 0.308881 0.287644
vt 0.303260 0.431620
vt 0.308962 0.273589
vt 0.303260 0.287644
vt 0.072840 0.157889
vt 0.067219 0.289373
vt 0.327563 0.445674
vt 0.333185 0.445674
vt 0.165758 0.647640
vt 0.151704 0.633585
vt 0.020220 0.633585
vt 0.324877 0.804782
vt 0.195892 0.636758
vt 0.327483 0.287644
vt 0.835267 0.808842
vt 0.303340 0.273589
vt 0.067219 0.157889
vt 0.006166 0.647640
vt 0.006166 0.791616
vt 0.020220 0.805670
vt 0.151704 0.805670
vt 0.165758 0.791616
vt 0.870181 0.808839
vt 0.876031 0.669238
vt 0.870253 0.669235
vt 0.333551 0.150601
vt 0.339373 0.134278
vt 0.333596 0.134276
vt 0.333596 0.275310
vt 0.339328 0.150603
vt 0.865134 0.535685
vt 0.859436 0.549583
vt 0.865214 0.549583
vt 0.865134 0.396081
vt 0.859357 0.535685
vt 0.865214 0.382183
vt 0.859357 0.396081
vt 0.894140 0.681731
vt 0.888363 0.808842
vt 0.894140 0.808842
vt 0.875958 0.655340
vt 0.870181 0.655337
vt 0.353761 0.613651
vt 0.360945 0.480293
vt 0.353761 0.474047
vt 0.373906 0.620365
vt 0.360945 0.607404
vt 0.494771 0.627549
vt 0.367659 0.627549
vt 0.508669 0.613651
vt 0.488524 0.620365
vt 0.508669 0.474047
vt 0.501485 0.607404
vt 0.488524 0.467332
vt 0.501485 0.480293
vt 0.367659 0.460149
vt 0.494771 0.460149
vt 0.373906 0.467332
vt 0.890470 0.853762
vt 0.886187 0.980871
vt 0.890403 0.980873
vt 0.882543 0.196954
vt 0.886685 0.183993
vt 0.882469 0.183993
vt 0.882543 0.311573
vt 0.886759 0.196954
vt 0.882469 0.324534
vt 0.886759 0.311573
vt 0.899553 0.549583
vt 0.903769 0.422472
vt 0.899553 0.422472
vt 0.903349 0.309310
vt 0.899091 0.324532
vt 0.903307 0.324534
vt 0.903307 0.196857
vt 0.899133 0.309308
vt 0.886254 0.993832
vt 0.890470 0.993834
vt 0.875958 0.808842
vt 0.339373 0.275312
vt 0.859436 0.382183
vt 0.888363 0.681731
vt 0.886254 0.853759
vt 0.886685 0.324534
vt 0.903769 0.549583
vt 0.899091 0.196856
vt 0.764897 0.079355
vt 0.764897 0.098094
vt 0.768644 0.098094
vt 0.768644 0.079355
vt 0.419716 0.109232
vt 0.416028 0.091221
vt 0.412356 0.091970
vt 0.416044 0.109981
vt 0.934132 0.489999
vt 0.934132 0.471260
vt 0.930384 0.471260
vt 0.930384 0.489999
vt 0.860687 0.074633
vt 0.860687 0.093371
vt 0.864435 0.093372
vt 0.864435 0.074633
vt 0.124454 0.139487
vt 0.124454 0.120748
vt 0.105716 0.120748
vt 0.105716 0.139487
vt 0.676528 0.561979
vt 0.676528 0.580718
vt 0.695267 0.580718
vt 0.695267 0.561979
vt 0.105716 0.081869
vt 0.105716 0.100608
vt 0.109463 0.100608
vt 0.109463 0.081869
vt 0.586955 0.110396
vt 0.583267 0.092385
vt 0.579595 0.093134
vt 0.583283 0.111145
vt 0.334376 0.080411
vt 0.334376 0.061672
vt 0.330629 0.061672
vt 0.330629 0.080411
vt 0.136786 0.073437
vt 0.136786 0.092176
vt 0.140534 0.092176
vt 0.140534 0.073437
vt 0.085958 0.145557
vt 0.085958 0.126818
vt 0.067219 0.126818
vt 0.067219 0.145557
vt 0.677465 0.830837
vt 0.677465 0.849576
vt 0.696204 0.849576
vt 0.696204 0.830837
vt 0.720171 0.079355
vt 0.720171 0.098094
vt 0.723919 0.098094
vt 0.723919 0.079355
vt 0.390942 0.111805
vt 0.387254 0.093794
vt 0.383582 0.094543
vt 0.387270 0.112554
vt 0.559079 0.080064
vt 0.559079 0.061325
vt 0.555331 0.061325
vt 0.555331 0.080064
vt 0.651657 0.070242
vt 0.651657 0.088981
vt 0.655404 0.088981
vt 0.655404 0.070242
vt 0.639325 0.136292
vt 0.639325 0.117553
vt 0.620586 0.117553
vt 0.620586 0.136292
vt 0.715407 0.561979
vt 0.715407 0.580718
vt 0.734145 0.580718
vt 0.734145 0.561979
vt 0.740177 0.079355
vt 0.740177 0.098094
vt 0.743925 0.098094
vt 0.743925 0.079355
vt 0.562691 0.110407
vt 0.559003 0.092396
vt 0.555331 0.093145
vt 0.559019 0.111156
vt 0.583343 0.080053
vt 0.583343 0.061315
vt 0.579595 0.061315
vt 0.579595 0.080053
vt 0.677735 0.069851
vt 0.677735 0.088590
vt 0.681482 0.088590
vt 0.681482 0.069851
vt 0.024905 0.133361
vt 0.024905 0.114622
vt 0.006166 0.114622
vt 0.006166 0.133361
vt 0.716344 0.849576
vt 0.735082 0.849576
vt 0.735082 0.830837
vt 0.716344 0.830837
vt 0.809735 0.610353
vt 0.153786 0.274254
vt 0.809085 0.589119
vt 0.764268 0.589119
vt 0.764268 0.652830
vt 0.809085 0.652830
vt 0.107668 0.295498
vt 0.152484 0.295498
vt 0.152484 0.231788
vt 0.107668 0.231788
vt 0.137545 0.230479
vt 0.000000 1.000000
vt 0.811141 0.951356
vt 0.054236 0.268128
vt 0.810490 0.930123
vt 0.765673 0.930123
vt 0.765673 0.993834
vt 0.810490 0.993834
vt 0.008118 0.289373
vt 0.052935 0.289373
vt 0.052935 0.225662
vt 0.008118 0.225662
vt 0.037996 0.224353
vt 0.735939 0.139866
vt 0.846166 0.526619
vt 0.854288 0.582138
vt 0.823369 0.582138
vt 0.823369 0.651001
vt 0.854288 0.651001
vt 0.813529 0.549583
vt 0.844448 0.549583
vt 0.844448 0.480719
vt 0.813529 0.480719
vt 0.834142 0.478992
vt 0.704646 0.169113
vt 0.550618 0.179403
vt 0.703969 0.146527
vt 0.677735 0.146527
vt 0.677735 0.214297
vt 0.703969 0.214297
vt 0.523031 0.202001
vt 0.549265 0.202001
vt 0.549265 0.134230
vt 0.523031 0.134230
vt 0.540520 0.132869
vt 0.607355 0.830967
vt 0.611103 0.830967
vt 0.611103 0.822847
vt 0.607355 0.822847
vt 0.659271 0.822844
vt 0.655594 0.822847
vt 0.655594 0.830967
vt 0.659271 0.830964
vt 0.936571 0.585856
vt 0.936571 0.565713
vt 0.928451 0.565713
vt 0.928451 0.585856
vt 0.929965 0.246211
vt 0.929965 0.266355
vt 0.938085 0.266355
vt 0.938085 0.246211
vt 0.624334 0.060409
vt 0.624334 0.040265
vt 0.620586 0.040265
vt 0.620586 0.060409
vt 0.353761 0.039448
vt 0.353761 0.059592
vt 0.357509 0.059592
vt 0.357509 0.039448
vt 0.921097 0.657535
vt 0.924845 0.684863
vt 0.924845 0.657535
vt 0.771295 0.837822
vt 0.767541 0.829243
vt 0.767547 0.837822
vt 0.147405 0.110285
vt 0.138660 0.137613
vt 0.147405 0.137613
vt 0.523187 0.822222
vt 0.526935 0.830967
vt 0.526935 0.822222
vt 0.087046 0.081381
vt 0.090794 0.108708
vt 0.090794 0.081381
vt 0.926729 0.684863
vt 0.924855 0.686737
vt 0.136786 0.110285
vt 0.138660 0.110285
vt 0.138660 0.108411
vt 0.092678 0.081381
vt 0.090805 0.079507
vt 0.149279 0.110285
vt 0.147405 0.108411
vt 0.765673 0.828880
vt 0.767546 0.827042
vt 0.773169 0.828880
vt 0.771294 0.827042
vt 0.771288 0.829243
vt 0.092678 0.108708
vt 0.090805 0.110582
vt 0.147405 0.139487
vt 0.149279 0.137613
vt 0.528819 0.822222
vt 0.528819 0.830967
vt 0.921097 0.684863
vt 0.087057 0.079507
vt 0.087046 0.108708
vt 0.087057 0.110582
vt 0.256784 0.096068
vt 0.248039 0.094194
vt 0.248039 0.096068
vt 0.926729 0.657535
vt 0.136786 0.137613
vt 0.248039 0.123395
vt 0.256784 0.123395
vt 0.523187 0.830967
vt 0.921108 0.686737
vt 0.256784 0.094194
vt 0.138660 0.139487
vt 0.950390 0.491561
vt 0.954450 0.471260
vt 0.950390 0.471260
vt 0.700685 0.071100
vt 0.707244 0.050800
vt 0.700685 0.050800
vt 0.860687 0.062301
vt 0.864670 0.041998
vt 0.860687 0.042001
vt 0.412356 0.078889
vt 0.418914 0.058589
vt 0.412356 0.058589
vt 0.974345 0.699068
vt 0.970285 0.705627
vt 0.974345 0.705627
vt 0.979214 0.513203
vt 0.975154 0.519762
vt 0.979214 0.519762
vt 0.954450 0.491561
vt 0.707244 0.071100
vt 0.864670 0.062298
vt 0.418914 0.078889
vt 0.970285 0.699068
vt 0.975154 0.513203
vt 0.950417 0.266511
vt 0.954477 0.246211
vt 0.950417 0.246211
vt 0.942735 0.643005
vt 0.949294 0.622705
vt 0.942735 0.622705
vt 0.136786 0.061105
vt 0.140770 0.040802
vt 0.136786 0.040805
vt 0.812283 0.076391
vt 0.818842 0.056091
vt 0.812283 0.056091
vt 0.980107 0.422549
vt 0.976047 0.429107
vt 0.980107 0.429107
vt 0.980710 0.285338
vt 0.976650 0.291897
vt 0.980710 0.291897
vt 0.954477 0.266511
vt 0.949294 0.643005
vt 0.140770 0.061102
vt 0.818842 0.076391
vt 0.976047 0.422549
vt 0.976650 0.285338
vt 0.275901 0.257801
vt 0.320718 0.257801
vt 0.320718 0.194090
vt 0.275901 0.194090
vt 0.564971 0.216278
vt 0.521001 0.216309
vt 0.521001 0.280021
vt 0.564971 0.279990
vt 0.565735 0.237517
vt 0.916982 0.303293
vt 0.305779 0.192782
vt 0.766220 0.730836
vt 0.811037 0.730836
vt 0.811037 0.667125
vt 0.766220 0.667125
vt 0.397731 0.215114
vt 0.353761 0.215145
vt 0.353761 0.278856
vt 0.397731 0.278825
vt 0.398496 0.236353
vt 0.918728 0.972593
vt 0.796098 0.665817
vt 0.824774 0.993834
vt 0.855693 0.993834
vt 0.855693 0.924970
vt 0.824774 0.924970
vt 0.842618 0.169297
vt 0.812283 0.169318
vt 0.812283 0.238183
vt 0.842618 0.238161
vt 0.843627 0.192254
vt 0.871899 0.620046
vt 0.845387 0.923243
vt 0.353761 0.200837
vt 0.379996 0.200837
vt 0.379996 0.133066
vt 0.353761 0.133066
vt 0.605334 0.212140
vt 0.579595 0.212158
vt 0.579595 0.279930
vt 0.605334 0.279911
vt 0.606128 0.234732
vt 0.883822 0.149067
vt 0.371251 0.131705
vt 0.037237 0.069810
vt 0.037237 0.089954
vt 0.045357 0.089954
vt 0.045357 0.069810
vt 0.248039 0.062093
vt 0.248039 0.081856
vt 0.256159 0.081862
vt 0.256159 0.062099
vt 0.627182 0.822847
vt 0.623435 0.822847
vt 0.623435 0.830967
vt 0.627182 0.830967
vt 0.639514 0.830967
vt 0.643262 0.830967
vt 0.643262 0.822847
vt 0.639514 0.822847
vt 0.606997 0.038348
vt 0.603249 0.038348
vt 0.603249 0.058492
vt 0.606997 0.058492
vt 0.291827 0.057992
vt 0.295575 0.057992
vt 0.295575 0.037848
vt 0.291827 0.037848
vt 0.277634 0.112271
vt 0.273867 0.085460
vt 0.273886 0.112271
vt 0.785659 0.564183
vt 0.789407 0.572928
vt 0.789407 0.564183
vt 0.854595 0.367977
vt 0.863340 0.340650
vt 0.854595 0.340650
vt 0.803623 0.564183
vt 0.807371 0.572928
vt 0.807371 0.564183
vt 0.291827 0.070323
vt 0.295575 0.097651
vt 0.295575 0.070323
vt 0.272000 0.085097
vt 0.273872 0.083259
vt 0.277615 0.085460
vt 0.279495 0.085097
vt 0.277620 0.083259
vt 0.809255 0.572928
vt 0.807382 0.574802
vt 0.852721 0.367977
vt 0.854595 0.369851
vt 0.791291 0.572928
vt 0.789417 0.574802
vt 0.865214 0.340650
vt 0.863340 0.338776
vt 0.791291 0.564183
vt 0.789417 0.562309
vt 0.854595 0.338776
vt 0.852721 0.340650
vt 0.809255 0.564183
vt 0.863340 0.369851
vt 0.863340 0.367977
vt 0.803623 0.572928
vt 0.803634 0.574802
vt 0.297459 0.070323
vt 0.297459 0.097651
vt 0.785670 0.562309
vt 0.785659 0.572928
vt 0.785670 0.574802
vt 0.679609 0.104826
vt 0.677735 0.132153
vt 0.679609 0.132153
vt 0.688354 0.104826
vt 0.688354 0.132153
vt 0.291827 0.097651
vt 0.677735 0.104826
vt 0.865214 0.367977
vt 0.087046 0.067175
vt 0.091106 0.046875
vt 0.087046 0.046875
vt 0.831174 0.076391
vt 0.837732 0.056091
vt 0.831174 0.056091
vt 0.950289 0.770276
vt 0.954350 0.749976
vt 0.950289 0.749976
vt 0.162865 0.070090
vt 0.169300 0.049785
vt 0.162865 0.049790
vt 0.963715 0.422549
vt 0.959655 0.429107
vt 0.963715 0.429107
vt 0.960257 0.291897
vt 0.964318 0.285339
vt 0.960257 0.285339
vt 0.091106 0.067175
vt 0.837732 0.076391
vt 0.954350 0.770276
vt 0.169300 0.070086
vt 0.959655 0.422549
vt 0.964318 0.291897
vt 0.950289 0.737644
vt 0.954350 0.717344
vt 0.950289 0.717344
vt 0.453288 0.074992
vt 0.459846 0.054692
vt 0.453288 0.054692
vt 0.950300 0.854775
vt 0.954360 0.834475
vt 0.950300 0.834475
vt 0.944249 0.324534
vt 0.950683 0.304229
vt 0.944249 0.304234
vt 0.964971 0.337666
vt 0.960911 0.344225
vt 0.964971 0.344225
vt 0.961626 0.613184
vt 0.965686 0.606625
vt 0.961626 0.606625
vt 0.954350 0.737644
vt 0.459846 0.074992
vt 0.954360 0.854775
vt 0.950683 0.324529
vt 0.960911 0.337666
vt 0.965686 0.613184
vt 0.914754 0.385438
vt 0.811141 0.873351
vt 0.150533 0.153782
vt 0.105715 0.153782
vt 0.105715 0.217492
vt 0.150533 0.217492
vt 0.765673 0.915828
vt 0.810491 0.915828
vt 0.810491 0.852117
vt 0.765673 0.852117
vt 0.135594 0.152473
vt 0.810386 0.787598
vt 0.229257 0.241068
vt 0.809085 0.745131
vt 0.764268 0.745131
vt 0.764268 0.808842
vt 0.809085 0.808842
vt 0.183789 0.283545
vt 0.228606 0.283545
vt 0.228606 0.219835
vt 0.183789 0.219835
vt 0.794146 0.743822
vt 0.766614 0.162826
vt 0.846638 0.278620
vt 0.855693 0.841183
vt 0.824774 0.841183
vt 0.824774 0.910047
vt 0.855693 0.910047
vt 0.814860 0.324534
vt 0.845779 0.324534
vt 0.845779 0.255670
vt 0.814860 0.255670
vt 0.845387 0.839456
vt 0.901159 0.620411
vt 0.254030 0.160355
vt 0.605829 0.130014
vt 0.579595 0.130014
vt 0.579595 0.197785
vt 0.605829 0.197785
vt 0.227119 0.205540
vt 0.253353 0.205540
vt 0.253353 0.137769
vt 0.227119 0.137769
vt 0.597085 0.128653
vt 0.591276 0.830967
vt 0.595023 0.830967
vt 0.595023 0.822847
vt 0.591276 0.822847
vt 0.947926 0.283774
vt 0.944249 0.283777
vt 0.944249 0.291897
vt 0.947926 0.291895
vt 0.911041 0.089517
vt 0.911041 0.069373
vt 0.902921 0.069373
vt 0.902921 0.089517
vt 0.882469 0.069372
vt 0.882469 0.089517
vt 0.890589 0.089517
vt 0.890589 0.069372
vt 0.540828 0.060756
vt 0.540828 0.040612
vt 0.537081 0.040612
vt 0.537081 0.060756
vt 0.792958 0.040569
vt 0.792958 0.060713
vt 0.796706 0.060713
vt 0.796706 0.040569
vt 0.917427 0.825574
vt 0.921174 0.852902
vt 0.921174 0.825574
vt 0.939761 0.130285
vt 0.943508 0.139029
vt 0.943508 0.130285
vt 0.039111 0.131487
vt 0.047855 0.104160
vt 0.039111 0.104160
vt 0.791122 0.837822
vt 0.787368 0.829243
vt 0.787374 0.837822
vt 0.309791 0.070324
vt 0.313539 0.097651
vt 0.313539 0.070324
vt 0.923059 0.852902
vt 0.921185 0.854776
vt 0.049729 0.131487
vt 0.047855 0.131487
vt 0.047855 0.133361
vt 0.785501 0.828880
vt 0.787373 0.827042
vt 0.792996 0.828880
vt 0.791121 0.827042
vt 0.791116 0.829243
vt 0.923059 0.825574
vt 0.921185 0.823700
vt 0.049729 0.104160
vt 0.047855 0.102286
vt 0.945393 0.130285
vt 0.943519 0.128411
vt 0.039111 0.102286
vt 0.037237 0.104160
vt 0.339373 0.094617
vt 0.330629 0.092743
vt 0.330629 0.094617
vt 0.917427 0.852902
vt 0.315424 0.070324
vt 0.315424 0.097651
vt 0.037237 0.131487
vt 0.939771 0.128411
vt 0.945393 0.139029
vt 0.917437 0.823700
vt 0.330629 0.121944
vt 0.939761 0.139029
vt 0.309791 0.097651
vt 0.339373 0.092743
vt 0.917437 0.854776
vt 0.039111 0.133361
vt 0.339373 0.121944
vt 0.776575 0.063119
vt 0.780558 0.042816
vt 0.776575 0.042819
vt 0.939761 0.171661
vt 0.946319 0.151361
vt 0.939761 0.151361
vt 0.105716 0.065633
vt 0.109776 0.045333
vt 0.105716 0.045333
vt 0.272000 0.070927
vt 0.278558 0.050627
vt 0.272000 0.050627
vt 0.977303 0.344225
vt 0.981363 0.337666
vt 0.977303 0.337666
vt 0.978018 0.613184
vt 0.982078 0.606625
vt 0.978018 0.606625
vt 0.780558 0.063117
vt 0.946319 0.171661
vt 0.109776 0.065633
vt 0.278558 0.070927
vt 0.981363 0.344225
vt 0.982078 0.613184
vt 0.953970 0.686737
vt 0.957953 0.666434
vt 0.953970 0.666436
vt 0.942021 0.406678
vt 0.948579 0.386378
vt 0.942021 0.386378
vt 0.488610 0.063745
vt 0.492670 0.043445
vt 0.488610 0.043445
vt 0.943118 0.112560
vt 0.949676 0.092260
vt 0.943118 0.092260
vt 0.225088 0.021439
vt 0.229149 0.014880
vt 0.225088 0.014880
vt 0.248039 0.019940
vt 0.252099 0.013381
vt 0.248039 0.013381
vt 0.957953 0.686734
vt 0.948579 0.406678
vt 0.492670 0.063745
vt 0.949676 0.112560
vt 0.229149 0.021439
vt 0.252099 0.019940
vt 0.006166 0.211367
vt 0.050983 0.211367
vt 0.050983 0.147656
vt 0.006166 0.147656
vt 0.798904 0.480073
vt 0.754935 0.480104
vt 0.754935 0.543816
vt 0.798904 0.543784
vt 0.800433 0.522551
vt 0.167419 0.253017
vt 0.604551 0.100702
vt 0.620586 0.214297
vt 0.665403 0.214297
vt 0.665403 0.150587
vt 0.620586 0.150587
vt 0.497258 0.205216
vt 0.453288 0.205248
vt 0.453288 0.268959
vt 0.497258 0.268928
vt 0.498786 0.247694
vt 0.841502 0.111916
vt 0.437312 0.099537
vt 0.181837 0.205540
vt 0.212756 0.205540
vt 0.212756 0.136676
vt 0.181837 0.136676
vt 0.842642 0.391982
vt 0.812308 0.392004
vt 0.812308 0.460869
vt 0.842642 0.460847
vt 0.844660 0.437897
vt 0.489469 0.145020
vt 0.940779 0.676430
vt 0.412356 0.196620
vt 0.438590 0.196620
vt 0.438590 0.128850
vt 0.412356 0.128850
vt 0.438094 0.210975
vt 0.412356 0.210994
vt 0.412356 0.278765
vt 0.438094 0.278747
vt 0.439684 0.256160
vt 0.897507 0.126473
vt 0.951643 0.800097
vt 0.225088 0.063592
vt 0.225088 0.083736
vt 0.233208 0.083736
vt 0.233208 0.063592
vt 0.383582 0.061693
vt 0.383582 0.081456
vt 0.391702 0.081462
vt 0.391702 0.061699
vt 0.578944 0.822847
vt 0.575196 0.822847
vt 0.575196 0.830967
vt 0.578944 0.830967
vt 0.559116 0.830967
vt 0.562864 0.830967
vt 0.562864 0.822847
vt 0.559116 0.822847
vt 0.889934 0.821283
vt 0.886186 0.821283
vt 0.886186 0.841428
vt 0.889934 0.841428
vt 0.521001 0.060756
vt 0.524749 0.060756
vt 0.524749 0.040612
vt 0.521001 0.040612
vt 0.488610 0.077951
vt 0.492358 0.105278
vt 0.492358 0.077951
vt 0.541151 0.822222
vt 0.544899 0.830967
vt 0.544899 0.822222
vt 0.662275 0.107090
vt 0.653531 0.134418
vt 0.662275 0.134418
vt 0.888363 0.658780
vt 0.892110 0.667525
vt 0.892110 0.658780
vt 0.072853 0.110582
vt 0.069086 0.083771
vt 0.069105 0.110582
vt 0.494242 0.105278
vt 0.492368 0.107152
vt 0.651657 0.107090
vt 0.653531 0.107090
vt 0.653531 0.105217
vt 0.893995 0.667525
vt 0.892121 0.669399
vt 0.664149 0.107090
vt 0.662275 0.105217
vt 0.494242 0.077951
vt 0.492368 0.076077
vt 0.651657 0.134418
vt 0.653531 0.136292
vt 0.067219 0.083409
vt 0.069091 0.081571
vt 0.074714 0.083409
vt 0.072839 0.081571
vt 0.072834 0.083771
vt 0.893995 0.658780
vt 0.488610 0.105278
vt 0.888363 0.667525
vt 0.888373 0.669399
vt 0.226962 0.096068
vt 0.225088 0.123395
vt 0.226962 0.123395
vt 0.546784 0.822222
vt 0.546784 0.830967
vt 0.662275 0.136292
vt 0.488621 0.076077
vt 0.235707 0.096068
vt 0.541151 0.830967
vt 0.488621 0.107152
vt 0.225088 0.096068
vt 0.664149 0.134418
vt 0.235707 0.123395
vt 0.720171 0.063120
vt 0.724231 0.042819
vt 0.720171 0.042819
vt 0.944367 0.071652
vt 0.950802 0.051347
vt 0.944367 0.051352
vt 0.736563 0.063120
vt 0.740623 0.042819
vt 0.736563 0.042819
vt 0.942021 0.374046
vt 0.948579 0.353746
vt 0.942021 0.353746
vt 0.383582 0.019540
vt 0.387642 0.012982
vt 0.383582 0.012982
vt 0.334689 0.012960
vt 0.330629 0.019519
vt 0.334689 0.019519
vt 0.724231 0.063120
vt 0.950802 0.071648
vt 0.740623 0.063120
vt 0.948579 0.374046
vt 0.387642 0.019540
vt 0.330629 0.012960
vt 0.760183 0.063119
vt 0.764243 0.042819
vt 0.760183 0.042819
vt 0.067219 0.069239
vt 0.073653 0.048934
vt 0.067219 0.048938
vt 0.196121 0.062652
vt 0.200182 0.042352
vt 0.196121 0.042352
vt 0.925477 0.071652
vt 0.932035 0.051352
vt 0.925477 0.051352
vt 0.555331 0.019172
vt 0.559391 0.012614
vt 0.555331 0.012614
vt 0.583655 0.012603
vt 0.579595 0.019162
vt 0.583655 0.019162
vt 0.764243 0.063119
vt 0.073653 0.069234
vt 0.200182 0.062652
vt 0.932035 0.071652
vt 0.559391 0.019172
vt 0.579595 0.012603
vt 0.812283 0.011752
vt 0.812283 0.013313
vt 0.814157 0.013313
vt 0.814157 0.011752
vt 0.091442 0.203822
vt 0.091442 0.205354
vt 0.093316 0.205355
vt 0.093316 0.203823
vt 0.966257 0.071027
vt 0.966257 0.054787
vt 0.963134 0.054787
vt 0.963134 0.071027
vt 0.960911 0.389813
vt 0.960911 0.406054
vt 0.964034 0.406054
vt 0.964034 0.389813
vt 0.795769 0.027613
vt 0.795769 0.012622
vt 0.792958 0.012621
vt 0.792958 0.027613
vt 0.982147 0.838535
vt 0.982147 0.853526
vt 0.984957 0.853526
vt 0.984957 0.838535
vt 0.827738 0.011752
vt 0.827738 0.013313
vt 0.829612 0.013313
vt 0.829612 0.011752
vt 0.091442 0.188732
vt 0.091442 0.190264
vt 0.093316 0.190265
vt 0.093316 0.188733
vt 0.966388 0.593352
vt 0.966388 0.577112
vt 0.963265 0.577112
vt 0.963265 0.593352
vt 0.248039 0.032896
vt 0.248039 0.049136
vt 0.251162 0.049136
vt 0.251162 0.032896
vt 0.312602 0.027545
vt 0.312602 0.012554
vt 0.309791 0.012554
vt 0.309791 0.027545
vt 0.982237 0.475320
vt 0.982237 0.490311
vt 0.985048 0.490311
vt 0.985048 0.475320
vt 0.942735 0.608187
vt 0.942735 0.609749
vt 0.944609 0.609749
vt 0.944609 0.608187
vt 0.091442 0.173641
vt 0.091442 0.175173
vt 0.093316 0.175174
vt 0.093316 0.173642
vt 0.964034 0.373421
vt 0.964034 0.357181
vt 0.960911 0.357181
vt 0.960911 0.373421
vt 0.960981 0.976969
vt 0.960981 0.993209
vt 0.964104 0.993209
vt 0.964104 0.976969
vt 0.008977 0.027032
vt 0.008977 0.012041
vt 0.006166 0.012041
vt 0.006166 0.027032
vt 0.982264 0.250271
vt 0.982264 0.265261
vt 0.985074 0.265261
vt 0.985075 0.250271
vt 0.944799 0.337491
vt 0.944799 0.339052
vt 0.946673 0.339052
vt 0.946673 0.337491
vt 0.091442 0.158550
vt 0.091442 0.160082
vt 0.093316 0.160083
vt 0.093316 0.158551
vt 0.962358 0.233255
vt 0.962358 0.217014
vt 0.959235 0.217014
vt 0.959235 0.233255
vt 0.436010 0.040463
vt 0.436010 0.056703
vt 0.439133 0.056703
vt 0.439133 0.040463
vt 0.523811 0.027655
vt 0.523811 0.012665
vt 0.521001 0.012665
vt 0.521001 0.027656
vt 0.087046 0.018303
vt 0.087046 0.033294
vt 0.089857 0.033294
vt 0.089857 0.018303
vt 0.453288 0.010352
vt 0.453288 0.011914
vt 0.455162 0.011914
vt 0.455162 0.010352
vt 0.091442 0.218913
vt 0.091442 0.220445
vt 0.093316 0.220446
vt 0.093316 0.218914
vt 0.961774 0.171036
vt 0.961774 0.154796
vt 0.958651 0.154796
vt 0.958651 0.171036
vt 0.037237 0.040613
vt 0.037237 0.056853
vt 0.040360 0.056853
vt 0.040360 0.040613
vt 0.139597 0.027845
vt 0.139597 0.012854
vt 0.136786 0.012854
vt 0.136786 0.027845
vt 0.982137 0.754035
vt 0.982137 0.769027
vt 0.984947 0.769027
vt 0.984947 0.754035
vt 0.950215 0.699858
vt 0.950215 0.701419
vt 0.952089 0.701419
vt 0.952089 0.699858
vt 0.368904 0.009879
vt 0.368904 0.011411
vt 0.370778 0.011412
vt 0.370778 0.009880
vt 0.312914 0.057367
vt 0.312914 0.041127
vt 0.309791 0.041127
vt 0.309791 0.057367
vt 0.006166 0.040613
vt 0.006166 0.056854
vt 0.009289 0.056854
vt 0.009289 0.040613
vt 0.961462 0.141215
vt 0.961462 0.126224
vt 0.958651 0.126224
vt 0.958651 0.141215
vt 0.978589 0.025590
vt 0.978589 0.040582
vt 0.981399 0.040582
vt 0.981399 0.025590
vt 0.052380 0.010327
vt 0.052380 0.011889
vt 0.054254 0.011889
vt 0.054254 0.010328
vt 0.914168 0.562853
vt 0.914167 0.564385
vt 0.916041 0.564387
vt 0.916041 0.562855
vt 0.964104 0.898978
vt 0.964104 0.882738
vt 0.960981 0.882738
vt 0.960981 0.898978
vt 0.960981 0.912559
vt 0.960981 0.928799
vt 0.964104 0.928799
vt 0.964104 0.912559
vt 0.654468 0.027464
vt 0.654468 0.012473
vt 0.651657 0.012473
vt 0.651657 0.027464
vt 0.488610 0.014873
vt 0.488610 0.029864
vt 0.491421 0.029864
vt 0.491421 0.014873
vt 0.964651 0.791977
vt 0.964651 0.808217
vt 0.967774 0.808217
vt 0.967774 0.791977
vt 0.975110 0.533035
vt 0.975110 0.548968
vt 0.978233 0.548971
vt 0.978233 0.533038
vt 0.844446 0.013313
vt 0.844446 0.011752
vt 0.842572 0.011752
vt 0.842572 0.013313
vt 0.636666 0.043080
vt 0.636666 0.044641
vt 0.638540 0.044641
vt 0.638540 0.043080
vt 0.992956 0.218264
vt 0.990145 0.218264
vt 0.990145 0.233255
vt 0.992956 0.233255
vt 0.720171 0.029238
vt 0.722982 0.029238
vt 0.722982 0.014247
vt 0.720171 0.014247
vt 0.383582 0.032496
vt 0.383582 0.048737
vt 0.386705 0.048737
vt 0.386705 0.032496
vt 0.975110 0.442381
vt 0.975110 0.458314
vt 0.978233 0.458316
vt 0.978233 0.442383
vt 0.988551 0.705002
vt 0.988551 0.703441
vt 0.986677 0.703441
vt 0.986677 0.705003
vt 0.966692 0.822768
vt 0.966692 0.824329
vt 0.968565 0.824329
vt 0.968565 0.822768
vt 0.992956 0.188771
vt 0.990145 0.188771
vt 0.990145 0.203762
vt 0.992956 0.203763
vt 0.735314 0.029238
vt 0.738125 0.029238
vt 0.738125 0.014247
vt 0.735314 0.014247
vt 0.330629 0.032476
vt 0.330629 0.048716
vt 0.333752 0.048716
vt 0.333752 0.032476
vt 0.944367 0.022467
vt 0.944367 0.038401
vt 0.947490 0.038403
vt 0.947490 0.022470
vt 0.539270 0.645350
vt 0.539270 0.643789
vt 0.537396 0.643789
vt 0.537396 0.645350
vt 0.821587 0.564808
vt 0.821587 0.566370
vt 0.823461 0.566370
vt 0.823461 0.564808
vt 0.808139 0.822207
vt 0.805328 0.822207
vt 0.805328 0.837198
vt 0.808139 0.837198
vt 0.976436 0.957996
vt 0.979247 0.957996
vt 0.979247 0.943005
vt 0.976436 0.943005
vt 0.555331 0.032129
vt 0.555331 0.048369
vt 0.558454 0.048369
vt 0.558454 0.032129
vt 0.925476 0.022472
vt 0.925476 0.038405
vt 0.928600 0.038407
vt 0.928600 0.022474
vt 0.554104 0.645350
vt 0.554104 0.643789
vt 0.552230 0.643789
vt 0.552230 0.645350
vt 0.835305 0.822207
vt 0.835305 0.823768
vt 0.837179 0.823768
vt 0.837179 0.822207
vt 0.040048 0.012041
vt 0.037237 0.012041
vt 0.037237 0.027032
vt 0.040048 0.027032
vt 0.976436 0.928175
vt 0.979247 0.928175
vt 0.979247 0.913184
vt 0.976436 0.913184
vt 0.960981 0.942381
vt 0.960981 0.958621
vt 0.964104 0.958621
vt 0.964104 0.942381
vt 0.974106 0.155113
vt 0.974106 0.171046
vt 0.977229 0.171048
vt 0.977229 0.155115
vt 0.568938 0.645350
vt 0.568938 0.643789
vt 0.567064 0.643789
vt 0.567064 0.645350
vt 0.836421 0.564808
vt 0.836421 0.566370
vt 0.838295 0.566370
vt 0.838295 0.564808
vt 0.438821 0.011890
vt 0.436010 0.011890
vt 0.436010 0.026881
vt 0.438821 0.026881
vt 0.976436 0.898353
vt 0.979247 0.898353
vt 0.979247 0.883362
vt 0.976436 0.883362
vt 0.579595 0.032118
vt 0.579595 0.048358
vt 0.582718 0.048358
vt 0.582718 0.032118
vt 0.272000 0.021747
vt 0.272000 0.037680
vt 0.275123 0.037682
vt 0.275123 0.021749
vt 0.852013 0.823768
vt 0.852013 0.822207
vt 0.850139 0.822207
vt 0.850139 0.823768
vt 0.522562 0.643789
vt 0.522562 0.645350
vt 0.524436 0.645350
vt 0.524436 0.643789
vt 0.885280 0.011604
vt 0.882469 0.011604
vt 0.882469 0.026595
vt 0.885280 0.026595
vt 0.977080 0.641756
vt 0.979892 0.641756
vt 0.979892 0.626765
vt 0.977080 0.626765
vt 0.959655 0.532718
vt 0.959655 0.548959
vt 0.962778 0.548959
vt 0.962778 0.532718
vt 0.700685 0.021920
vt 0.700685 0.037853
vt 0.703808 0.037856
vt 0.703808 0.021922
vt 0.869899 0.823411
vt 0.869899 0.821850
vt 0.868025 0.821850
vt 0.868025 0.823412
vt 0.851255 0.564808
vt 0.851255 0.566370
vt 0.853129 0.566370
vt 0.853129 0.564808
vt 0.905732 0.011604
vt 0.902921 0.011604
vt 0.902921 0.026595
vt 0.905732 0.026595
vt 0.162865 0.036204
vt 0.165676 0.036204
vt 0.165676 0.021213
vt 0.162865 0.021213
vt 0.052380 0.025470
vt 0.052380 0.027032
vt 0.054254 0.027032
vt 0.054254 0.025470
vt 0.091442 0.234004
vt 0.091442 0.235536
vt 0.093316 0.235537
vt 0.093315 0.234005
vt 0.969805 0.769651
vt 0.969805 0.753411
vt 0.966681 0.753411
vt 0.966681 0.769651
vt 0.961626 0.626141
vt 0.961626 0.642381
vt 0.964749 0.642381
vt 0.964749 0.626141
vt 0.024120 0.027032
vt 0.024120 0.012041
vt 0.021309 0.012041
vt 0.021309 0.027032
vt 0.752955 0.014247
vt 0.752955 0.029238
vt 0.755766 0.029238
vt 0.755766 0.014247
vt 0.981525 0.822768
vt 0.981525 0.824329
vt 0.983399 0.824329
vt 0.983399 0.822768
vt 0.991546 0.517616
vt 0.991546 0.519148
vt 0.993420 0.519149
vt 0.993419 0.517617
vt 0.885592 0.056416
vt 0.885592 0.040176
vt 0.882469 0.040176
vt 0.882469 0.056416
vt 0.959235 0.187193
vt 0.959235 0.203433
vt 0.962358 0.203433
vt 0.962358 0.187193
vt 0.539891 0.027656
vt 0.539891 0.012665
vt 0.537081 0.012664
vt 0.537081 0.027656
vt 0.105716 0.016761
vt 0.105715 0.031752
vt 0.108526 0.031752
vt 0.108526 0.016761
vt 0.963134 0.010152
vt 0.963134 0.011714
vt 0.965007 0.011714
vt 0.965007 0.010152
vt 0.052692 0.055332
vt 0.052692 0.056864
vt 0.054566 0.056865
vt 0.054566 0.055333
vt 0.906044 0.056416
vt 0.906044 0.040176
vt 0.902921 0.040176
vt 0.902921 0.056416
vt 0.021621 0.040613
vt 0.021621 0.056854
vt 0.024744 0.056853
vt 0.024744 0.040613
vt 0.988551 0.686112
vt 0.988551 0.671121
vt 0.985740 0.671121
vt 0.985740 0.686112
vt 0.982136 0.721404
vt 0.982136 0.736395
vt 0.984947 0.736395
vt 0.984947 0.721403
vt 0.412356 0.014249
vt 0.412356 0.015811
vt 0.414230 0.015811
vt 0.414230 0.014249
vt 0.944873 0.189107
vt 0.944873 0.190639
vt 0.946747 0.190640
vt 0.946747 0.189108
vt 0.680858 0.056895
vt 0.680858 0.040654
vt 0.677735 0.040654
vt 0.677735 0.056895
vt 0.651657 0.041045
vt 0.651657 0.057285
vt 0.654780 0.057285
vt 0.654780 0.041045
vt 0.863498 0.029041
vt 0.863498 0.014050
vt 0.860687 0.014050
vt 0.860687 0.029041
vt 0.978720 0.577736
vt 0.978720 0.592728
vt 0.981531 0.592727
vt 0.981531 0.577736
vt 0.978589 0.009823
vt 0.978589 0.011384
vt 0.980463 0.011384
vt 0.980462 0.009823
vt 0.945293 0.504811
vt 0.945293 0.506343
vt 0.947167 0.506344
vt 0.947167 0.504812
vt 0.969805 0.737019
vt 0.969805 0.720779
vt 0.966681 0.720779
vt 0.966681 0.737019
vt 0.959655 0.442064
vt 0.959655 0.458304
vt 0.962778 0.458304
vt 0.962778 0.442064
vt 0.623397 0.027308
vt 0.623397 0.012317
vt 0.620586 0.012317
vt 0.620586 0.027308
vt 0.776575 0.014244
vt 0.776575 0.029235
vt 0.779386 0.029235
vt 0.779385 0.014244
vt 0.990565 0.456742
vt 0.990565 0.458304
vt 0.992439 0.458304
vt 0.992439 0.456743
vt 0.091442 0.249095
vt 0.091442 0.250628
vt 0.093316 0.250629
vt 0.093316 0.249097
vt 0.965131 0.111936
vt 0.965131 0.095696
vt 0.962008 0.095696
vt 0.962008 0.111936
vt 0.453288 0.025495
vt 0.453288 0.041735
vt 0.456411 0.041735
vt 0.456411 0.025495
vt 0.638540 0.027308
vt 0.638540 0.012317
vt 0.635729 0.012317
vt 0.635729 0.027308
vt 0.121317 0.014096
vt 0.121317 0.029087
vt 0.124128 0.029087
vt 0.124128 0.014096
vt 0.925477 0.007342
vt 0.925477 0.008903
vt 0.927351 0.008903
vt 0.927350 0.007342
vt 0.368904 0.024969
vt 0.368904 0.026501
vt 0.370778 0.026503
vt 0.370778 0.024971
vt 0.228212 0.050635
vt 0.228212 0.034395
vt 0.225088 0.034395
vt 0.225088 0.050635
vt 0.963015 0.307669
vt 0.963015 0.323909
vt 0.966138 0.323909
vt 0.966138 0.307669
vt 0.680545 0.027073
vt 0.680545 0.012082
vt 0.677735 0.012082
vt 0.677735 0.027073
vt 0.505002 0.014040
vt 0.505002 0.029031
vt 0.507813 0.029031
vt 0.507813 0.014040
vt 0.966691 0.837911
vt 0.966691 0.854151
vt 0.969815 0.854151
vt 0.969815 0.837911
vt 0.974690 0.187510
vt 0.974690 0.203443
vt 0.977814 0.203445
vt 0.977814 0.187512
vt 0.657942 0.645350
vt 0.657942 0.643789
vt 0.656068 0.643789
vt 0.656068 0.645350
vt 0.581898 0.643789
vt 0.581898 0.645350
vt 0.583772 0.645350
vt 0.583772 0.643789
vt 0.356572 0.011500
vt 0.353761 0.011500
vt 0.353761 0.026491
vt 0.356572 0.026491
vt 0.977463 0.111311
vt 0.980274 0.111311
vt 0.980274 0.096320
vt 0.977463 0.096320
vt 0.966782 0.474696
vt 0.966782 0.490936
vt 0.969905 0.490936
vt 0.969905 0.474696
vt 0.974106 0.125621
vt 0.974106 0.141554
vt 0.977229 0.141556
vt 0.977229 0.125623
vt 0.822345 0.823768
vt 0.822345 0.822207
vt 0.820471 0.822207
vt 0.820471 0.823768
vt 0.596732 0.643789
vt 0.596732 0.645350
vt 0.598606 0.645350
vt 0.598606 0.643789
vt 0.183790 0.011417
vt 0.180979 0.011417
vt 0.180979 0.026408
vt 0.183790 0.026408
vt 0.067219 0.035353
vt 0.070030 0.035353
vt 0.070030 0.020362
vt 0.067219 0.020362
vt 0.966809 0.249646
vt 0.966809 0.265887
vt 0.969932 0.265887
vt 0.969932 0.249646
vt 0.976366 0.390130
vt 0.976366 0.406064
vt 0.979489 0.406066
vt 0.979489 0.390133
vt 0.613440 0.645350
vt 0.613440 0.643789
vt 0.611566 0.643789
vt 0.611566 0.645350
vt 0.902266 0.821908
vt 0.902267 0.823470
vt 0.904140 0.823470
vt 0.904140 0.821908
vt 0.606060 0.010400
vt 0.603249 0.010400
vt 0.603249 0.025391
vt 0.606060 0.025391
vt 0.472178 0.035177
vt 0.474989 0.035177
vt 0.474989 0.020186
vt 0.472178 0.020186
vt 0.412356 0.029392
vt 0.412356 0.045632
vt 0.415479 0.045632
vt 0.415479 0.029392
vt 0.976366 0.360309
vt 0.976366 0.376242
vt 0.979489 0.376245
vt 0.979489 0.360311
vt 0.628274 0.645350
vt 0.628274 0.643789
vt 0.626400 0.643789
vt 0.626400 0.645350
vt 0.929965 0.337490
vt 0.929965 0.339052
vt 0.931839 0.339052
vt 0.931839 0.337490
vt 0.294638 0.009900
vt 0.291827 0.009900
vt 0.291827 0.024891
vt 0.294638 0.024891
vt 0.978470 0.323285
vt 0.981281 0.323285
vt 0.981281 0.308294
vt 0.978470 0.308294
vt 0.970285 0.669872
vt 0.970285 0.686112
vt 0.973408 0.686112
vt 0.973408 0.669872
vt 0.976436 0.977286
vt 0.976436 0.993219
vt 0.979559 0.993222
vt 0.979559 0.977289
vt 0.643108 0.645350
vt 0.643108 0.643789
vt 0.641234 0.643789
vt 0.641234 0.645350
vt 0.935381 0.715001
vt 0.935381 0.716562
vt 0.937255 0.716562
vt 0.937255 0.715001
vt 0.992372 0.156045
vt 0.989561 0.156045
vt 0.989561 0.171037
vt 0.992372 0.171037
vt 0.978588 0.070403
vt 0.981399 0.070403
vt 0.981399 0.055412
vt 0.978588 0.055412
vt 0.812283 0.026895
vt 0.812283 0.043135
vt 0.815406 0.043135
vt 0.815406 0.026895
vt 0.974690 0.217332
vt 0.974690 0.233265
vt 0.977814 0.233267
vt 0.977814 0.217334
vt 0.946241 0.008899
vt 0.946241 0.007338
vt 0.944367 0.007337
vt 0.944367 0.008899
vt 0.700685 0.006791
vt 0.700685 0.008352
vt 0.702559 0.008352
vt 0.702559 0.006791
vt 0.993375 0.533967
vt 0.990565 0.533968
vt 0.990565 0.548959
vt 0.993375 0.548959
vt 0.196121 0.028771
vt 0.198932 0.028771
vt 0.198932 0.013780
vt 0.196121 0.013780
vt 0.831174 0.026895
vt 0.831174 0.043135
vt 0.834297 0.043135
vt 0.834297 0.026895
vt 0.963134 0.025283
vt 0.963134 0.041216
vt 0.966257 0.041218
vt 0.966257 0.025285
vt 0.937255 0.701419
vt 0.937255 0.699858
vt 0.935381 0.699858
vt 0.935381 0.701419
vt 0.636666 0.058223
vt 0.636666 0.059784
vt 0.638540 0.059784
vt 0.638540 0.058222
vt 0.992372 0.126553
vt 0.989561 0.126553
vt 0.989561 0.141544
vt 0.992372 0.141544
vt 0.980106 0.807593
vt 0.982917 0.807593
vt 0.982917 0.792602
vt 0.980106 0.792602
s 1
f 2/1/1 9/2/2 1/3/3
f 2/4/1 11/5/4 10/6/5
f 4/7/6 11/5/4 3/8/7
f 5/9/8 12/10/9 4/11/6
f 6/12/10 13/13/11 5/9/8
f 6/14/10 15/15/12 14/16/13
f 8/17/14 15/15/12 7/18/15
f 10/19/5 17/20/16 9/2/2
f 2/21/1 1/22/3 5/23/8
f 9/24/2 24/25/17 16/26/18
f 12/27/9 19/28/19 11/5/4
f 13/13/11 20/29/20 12/10/9
f 14/30/13 21/31/21 13/13/11
f 14/30/13 23/32/22 22/33/23
f 16/26/18 23/34/22 15/15/12
f 18/35/24 25/36/25 17/20/16
f 10/6/5 19/28/19 18/37/24
f 17/38/16 32/39/26 24/25/17
f 20/40/20 27/41/27 19/28/19
f 21/31/21 28/42/28 20/29/20
f 22/33/23 29/43/29 21/31/21
f 22/44/23 31/45/30 30/46/31
f 24/25/17 31/47/30 23/34/22
f 26/48/32 34/49/33 25/50/25
f 18/37/24 27/41/27 26/51/32
f 25/50/25 48/52/34 32/53/26
f 28/54/28 38/55/35 27/56/27
f 29/57/29 40/58/36 28/54/28
f 30/59/31 42/60/37 29/57/29
f 30/59/31 46/61/38 44/62/39
f 32/53/26 46/61/38 31/63/30
f 35/64/40 49/65/41 33/66/42
f 26/48/32 38/55/35 36/67/43
f 33/66/42 61/68/44 47/69/45
f 39/70/46 53/71/47 37/72/48
f 41/73/49 54/74/50 39/70/46
f 43/75/51 56/76/52 41/77/49
f 45/78/53 58/79/54 43/80/51
f 47/81/45 60/82/55 45/78/53
f 59/83/56 60/84/55 62/85/57
f 37/86/48 51/87/58 35/64/40
f 36/88/43 33/66/42 34/89/33
f 38/55/35 35/90/40 36/67/43
f 40/91/36 37/72/48 38/92/35
f 42/60/37 39/93/46 40/58/36
f 44/94/39 41/77/49 42/95/37
f 46/61/38 43/96/51 44/62/39
f 48/97/34 45/78/53 46/98/38
f 47/99/45 34/49/33 33/100/42
f 51/101/58 50/102/59 49/103/41
f 53/104/47 52/105/60 51/106/58
f 56/107/52 55/108/61 54/109/50
f 58/110/54 57/111/62 56/112/52
f 60/84/55 59/83/56 58/113/54
f 62/85/57 49/114/41 50/102/59
f 1/115/3 16/116/18 8/117/14
f 2/1/1 10/19/5 9/2/2
f 2/4/1 3/8/7 11/5/4
f 4/7/6 12/27/9 11/5/4
f 5/9/8 13/13/11 12/10/9
f 6/12/10 14/30/13 13/13/11
f 6/118/10 7/119/15 15/120/12
f 8/17/14 16/26/18 15/15/12
f 10/19/5 18/35/24 17/20/16
f 1/22/3 8/121/14 7/122/15
f 7/122/15 6/123/10 1/22/3
f 6/123/10 5/23/8 1/22/3
f 5/23/8 4/124/6 3/125/7
f 3/125/7 2/21/1 5/23/8
f 9/24/2 17/38/16 24/25/17
f 12/27/9 20/40/20 19/28/19
f 13/13/11 21/31/21 20/29/20
f 14/30/13 22/33/23 21/31/21
f 14/16/13 15/15/12 23/34/22
f 16/26/18 24/25/17 23/34/22
f 18/35/24 26/126/32 25/36/25
f 10/6/5 11/5/4 19/28/19
f 17/20/16 25/36/25 32/127/26
f 20/40/20 28/128/28 27/41/27
f 21/31/21 29/43/29 28/42/28
f 22/33/23 30/129/31 29/43/29
f 22/33/23 23/32/22 31/130/30
f 24/25/17 32/39/26 31/47/30
f 26/48/32 36/67/43 34/49/33
f 18/37/24 19/28/19 27/41/27
f 25/50/25 34/49/33 48/52/34
f 28/54/28 40/58/36 38/55/35
f 29/57/29 42/60/37 40/58/36
f 30/59/31 44/62/39 42/60/37
f 30/59/31 31/63/30 46/61/38
f 32/53/26 48/52/34 46/61/38
f 35/64/40 51/87/58 49/65/41
f 26/48/32 27/56/27 38/55/35
f 33/66/42 49/65/41 61/68/44
f 39/70/46 54/74/50 53/71/47
f 41/73/49 56/131/52 54/74/50
f 43/75/51 58/132/54 56/76/52
f 45/78/53 60/82/55 58/79/54
f 47/81/45 61/133/44 60/82/55
f 62/85/57 50/102/59 59/83/56
f 50/102/59 52/105/60 59/83/56
f 52/105/60 53/104/47 55/108/61
f 55/108/61 57/111/62 52/105/60
f 57/111/62 59/83/56 52/105/60
f 37/86/48 53/134/47 51/87/58
f 36/88/43 35/64/40 33/66/42
f 38/55/35 37/135/48 35/90/40
f 40/91/36 39/70/46 37/72/48
f 42/60/37 41/136/49 39/93/46
f 44/94/39 43/75/51 41/77/49
f 46/61/38 45/137/53 43/96/51
f 48/97/34 47/81/45 45/78/53
f 47/99/45 48/52/34 34/49/33
f 51/101/58 52/105/60 50/102/59
f 54/138/50 55/108/61 53/104/47
f 56/107/52 57/111/62 55/108/61
f 58/110/54 59/83/56 57/111/62
f 61/139/44 62/85/57 60/84/55
f 62/85/57 61/140/44 49/114/41
f 1/141/3 9/24/2 16/26/18
f 64/142/63 63/143/64 67/144/65
f 64/145/63 71/146/66 63/147/64
f 65/148/67 72/149/68 64/150/63
f 66/151/69 73/152/70 65/148/67
f 66/153/69 75/154/71 74/155/72
f 68/156/73 75/157/71 67/158/65
f 69/159/74 76/160/75 68/161/73
f 70/162/76 77/163/77 69/164/74
f 70/165/76 71/166/66 78/167/78
f 72/168/68 79/169/79 71/146/66
f 73/152/70 80/170/80 72/149/68
f 74/171/72 81/172/81 73/152/70
f 75/157/71 82/173/82 74/174/72
f 76/175/75 83/176/83 75/157/71
f 77/177/77 84/178/84 76/175/75
f 78/179/78 85/180/85 77/163/77
f 71/146/66 86/181/86 78/182/78
f 84/183/84 85/184/85 86/185/86
f 63/143/64 70/165/76 69/159/74
f 69/159/74 68/161/73 63/143/64
f 68/161/73 67/144/65 63/143/64
f 67/144/65 66/153/69 65/186/67
f 65/186/67 64/142/63 67/144/65
f 64/145/63 72/168/68 71/146/66
f 65/148/67 73/152/70 72/149/68
f 66/151/69 74/171/72 73/152/70
f 66/153/69 67/144/65 75/154/71
f 68/156/73 76/175/75 75/157/71
f 69/159/74 77/187/77 76/160/75
f 70/162/76 78/179/78 77/163/77
f 70/165/76 63/143/64 71/166/66
f 72/168/68 80/188/80 79/169/79
f 73/152/70 81/172/81 80/170/80
f 74/171/72 82/189/82 81/172/81
f 75/157/71 83/176/83 82/173/82
f 76/175/75 84/178/84 83/176/83
f 77/177/77 85/190/85 84/178/84
f 78/179/78 86/191/86 85/180/85
f 71/146/66 79/169/79 86/181/86
f 86/185/86 79/192/79 84/183/84
f 79/192/79 80/193/80 84/183/84
f 80/193/80 81/194/81 82/195/82
f 82/195/82 83/196/83 80/193/80
f 83/196/83 84/183/84 80/193/80
f 88/197/87 95/198/88 87/199/89
f 89/200/90 96/201/91 88/202/87
f 90/203/92 97/204/93 89/200/90
f 91/205/94 98/206/95 90/207/92
f 92/208/96 99/209/97 91/205/94
f 93/210/98 100/211/99 92/208/96
f 94/212/100 101/213/101 93/214/98
f 87/199/89 102/215/102 94/216/100
f 96/217/91 103/218/103 95/219/88
f 96/217/91 105/220/104 104/221/105
f 98/222/95 105/220/104 97/223/93
f 99/224/97 106/225/106 98/222/95
f 100/226/99 107/227/107 99/224/97
f 100/226/99 109/228/108 108/229/109
f 102/230/102 109/228/108 101/231/101
f 95/219/88 110/232/110 102/230/102
f 104/233/105 111/234/111 103/235/103
f 105/236/104 112/237/112 104/238/105
f 106/239/106 113/240/113 105/236/104
f 107/241/107 114/242/114 106/239/106
f 108/243/109 115/244/115 107/245/107
f 109/246/108 116/247/116 108/248/109
f 110/249/110 117/250/117 109/246/108
f 103/235/103 118/251/118 110/252/110
f 88/197/87 96/253/91 95/198/88
f 89/200/90 97/204/93 96/201/91
f 90/203/92 98/254/95 97/204/93
f 91/205/94 99/209/97 98/206/95
f 92/208/96 100/211/99 99/209/97
f 93/210/98 101/255/101 100/211/99
f 94/212/100 102/256/102 101/213/101
f 87/199/89 95/198/88 102/215/102
f 96/217/91 104/221/105 103/218/103
f 96/217/91 97/223/93 105/220/104
f 98/222/95 106/225/106 105/220/104
f 99/224/97 107/227/107 106/225/106
f 100/226/99 108/229/109 107/227/107
f 100/226/99 101/231/101 109/228/108
f 102/230/102 110/232/110 109/228/108
f 95/219/88 103/218/103 110/232/110
f 104/233/105 112/257/112 111/234/111
f 105/236/104 113/240/113 112/237/112
f 106/239/106 114/242/114 113/240/113
f 107/241/107 115/258/115 114/242/114
f 108/243/109 116/259/116 115/244/115
f 109/246/108 117/250/117 116/247/116
f 110/249/110 118/260/118 117/250/117
f 103/235/103 111/234/111 118/251/118
s 0
f 119/261/119 120/262/119 121/263/119
f 119/261/119 121/263/119 122/264/119
f 123/265/120 124/266/120 125/267/120
f 123/265/120 125/267/120 126/268/120
f 127/269/121 128/270/121 129/271/121
f 127/269/121 129/271/121 130/272/121
f 131/273/122 132/274/122 133/275/122
f 131/273/122 133/275/122 134/276/122
f 135/277/123 136/278/123 137/279/123
f 135/277/123 137/279/123 138/280/123
f 139/281/124 140/282/124 141/283/124
f 139/281/124 141/283/124 142/284/124
f 143/285/119 144/286/119 145/287/119
f 143/285/119 145/287/119 146/288/119
f 147/289/120 148/290/120 149/291/120
f 147/289/120 149/291/120 150/292/120
f 151/293/121 152/294/121 153/295/121
f 151/293/121 153/295/121 154/296/121
f 155/297/122 156/298/122 157/299/122
f 155/297/122 157/299/122 158/300/122
f 159/301/123 160/302/123 161/303/123
f 159/301/123 161/303/123 162/304/123
f 163/305/124 164/306/124 165/307/124
f 163/305/124 165/307/124 166/308/124
f 167/309/119 168/310/119 169/311/119
f 167/309/119 169/311/119 170/312/119
f 171/313/120 172/314/120 173/315/120
f 171/313/120 173/315/120 174/316/120
f 175/317/121 176/318/121 177/319/121
f 175/317/121 177/319/121 178/320/121
f 179/321/122 180/322/122 181/323/122
f 179/321/122 181/323/122 182/324/122
f 183/325/123 184/326/123 185/327/123
f 183/325/123 185/327/123 186/328/123
f 187/329/124 188/330/124 189/331/124
f 187/329/124 189/331/124 190/332/124
f 191/333/119 192/334/119 193/335/119
f 191/333/119 193/335/119 194/336/119
f 195/337/120 196/338/120 197/339/120
f 195/337/120 197/339/120 198/340/120
f 199/341/121 200/342/121 201/343/121
f 199/341/121 201/343/121 202/344/121
f 203/345/122 204/346/122 205/347/122
f 203/345/122 205/347/122 206/348/122
f 207/349/123 208/350/123 209/351/123
f 207/349/123 209/351/123 210/352/123
f 211/353/124 212/354/124 213/355/124
f 211/353/124 213/355/124 214/356/124
f 215/357/119 216/357/119 217/357/119
f 215/357/119 217/357/119 218/357/119
f 219/358/120 220/358/120 221/358/120
f 219/358/120 221/358/120 222/358/120
f 223/359/121 224/360/121 225/361/121
f 223/359/121 225/361/121 226/362/121
f 227/363/122 228/364/122 229/365/122
f 227/363/122 229/365/122 230/366/122
f 231/367/123 232/367/123 233/367/123
f 231/367/123 233/367/123 234/367/123
f 235/368/124 236/368/124 237/368/124
f 235/368/124 237/368/124 238/368/124
f 239/369/119 240/369/119 241/369/119
f 239/369/119 241/369/119 242/369/119
f 243/370/120 244/370/120 245/370/120
f 243/370/120 245/370/120 246/370/120
f 247/371/121 248/372/121 249/373/121
f 247/371/121 249/373/121 250/374/121
f 251/375/122 252/376/122 253/377/122
f 251/375/122 253/377/122 254/378/122
f 255/379/123 256/379/123 257/379/123
f 255/379/123 257/379/123 258/379/123
f 259/368/124 260/368/124 261/368/124
f 259/368/124 261/368/124 262/368/124
f 263/380/119 264/380/119 265/380/119
f 263/380/119 265/380/119 266/380/119
f 267/381/120 268/381/120 269/381/120
f 267/381/120 269/381/120 270/381/120
f 271/382/121 272/383/121 273/384/121
f 271/382/121 273/384/121 274/385/121
f 275/386/122 276/387/122 277/388/122
f 275/386/122 277/388/122 278/389/122
f 279/390/123 280/390/123 281/390/123
f 279/390/123 281/390/123 282/390/123
f 283/368/124 284/368/124 285/368/124
f 283/368/124 285/368/124 286/368/124
f 287/391/119 288/391/119 289/391/119
f 287/391/119 289/391/119 290/391/119
f 291/392/120 292/392/120 293/392/120
f 291/392/120 293/392/120 294/392/120
f 295/393/121 296/394/121 297/395/121
f 295/393/121 297/395/121 298/396/121
f 299/397/122 300/398/122 301/399/122
f 299/397/122 301/399/122 302/400/122
f 303/401/123 304/401/123 305/401/123
f 303/401/123 305/401/123 306/401/123
f 307/368/124 308/368/124 309/368/124
f 307/368/124 309/368/124 310/368/124
f 311/402/119 312/403/119 313/404/119
f 311/402/119 313/404/119 314/405/119
f 315/406/120 316/407/120 317/408/120
f 315/406/120 317/408/120 318/409/120
f 319/410/121 320/411/121 321/412/121
f 319/410/121 321/412/121 322/413/121
f 323/414/122 324/415/122 325/416/122
f 323/414/122 325/416/122 326/417/122
f 327/418/123 328/419/123 329/420/123
f 327/418/123 329/420/123 330/421/123
f 331/422/124 332/423/124 333/424/124
f 331/422/124 333/424/124 334/425/124
s 1
f 351/426/125 336/427/126 349/428/127
f 357/429/128 348/430/129 355/431/130
f 344/432/131 350/433/132 356/434/133
f 340/435/134 342/436/135 337/437/136
f 345/438/137 354/439/138 343/440/139
f 335/441/140 336/427/126 337/442/136
f 338/443/141 339/444/142 340/445/134
f 341/446/143 342/447/135 343/440/139
f 344/432/131 345/448/137 346/449/144
f 347/450/145 348/430/129 349/451/127
f 350/452/132 351/453/125 352/454/146
f 353/455/147 354/439/138 355/456/130
f 356/434/133 357/457/128 358/458/148
f 335/459/140 342/436/135 341/460/143
f 338/461/141 337/442/136 336/427/126
f 344/432/131 340/445/134 339/444/142
f 343/440/139 346/462/144 345/438/137
f 341/446/143 354/439/138 353/455/147
f 356/434/133 345/448/137 344/432/131
f 355/456/130 358/463/148 357/464/128
f 353/465/147 348/466/129 347/467/145
f 350/433/132 357/457/128 356/434/133
f 349/451/127 352/454/146 351/453/125
f 347/468/145 336/427/126 335/441/140
f 339/444/142 351/469/125 350/433/132
f 353/465/147 335/470/140 341/471/143
f 351/426/125 338/461/141 336/427/126
f 357/429/128 352/454/146 348/430/129
f 344/432/131 339/444/142 350/433/132
f 340/435/134 346/472/144 342/436/135
f 345/438/137 358/463/148 354/439/138
f 335/459/140 337/437/136 342/436/135
f 338/461/141 340/473/134 337/442/136
f 344/432/131 346/449/144 340/445/134
f 343/440/139 342/447/135 346/462/144
f 341/446/143 343/440/139 354/439/138
f 356/434/133 358/458/148 345/448/137
f 355/456/130 354/439/138 358/463/148
f 353/465/147 355/474/130 348/466/129
f 350/433/132 352/475/146 357/457/128
f 349/451/127 348/430/129 352/454/146
f 347/468/145 349/428/127 336/427/126
f 339/444/142 338/443/141 351/469/125
f 353/465/147 347/467/145 335/470/140
f 360/476/149 361/477/150 359/478/151
f 362/479/152 365/480/153 361/481/150
f 366/482/154 363/483/155 365/484/153
f 364/485/156 359/486/151 363/487/155
f 365/488/153 359/489/151 361/490/150
f 362/491/152 364/492/156 366/493/154
f 360/476/149 362/494/152 361/477/150
f 362/479/152 366/495/154 365/480/153
f 366/482/154 364/496/156 363/483/155
f 364/485/156 360/497/149 359/486/151
f 365/488/153 363/498/155 359/489/151
f 362/491/152 360/499/149 364/492/156
f 368/500/149 369/501/150 367/502/151
f 370/503/152 373/504/153 369/505/150
f 374/506/154 371/507/155 373/508/153
f 372/509/156 367/510/151 371/511/155
f 373/512/153 367/513/151 369/514/150
f 370/515/152 372/516/156 374/517/154
f 368/500/149 370/518/152 369/501/150
f 370/503/152 374/519/154 373/504/153
f 374/506/154 372/520/156 371/507/155
f 372/509/156 368/521/149 367/510/151
f 373/512/153 371/522/155 367/513/151
f 370/515/152 368/523/149 372/516/156
s 0
f 375/524/119 376/525/119 377/526/119
f 375/524/119 377/526/119 378/527/119
f 379/528/120 380/529/120 381/530/120
f 379/528/120 381/530/120 382/531/120
f 383/532/121 384/532/121 385/532/121
f 383/532/121 385/532/121 386/532/121
f 387/533/122 388/533/122 389/533/122
f 387/533/122 389/533/122 390/533/122
f 391/534/123 392/534/123 393/534/123
f 391/534/123 393/534/123 394/534/123
f 395/368/124 396/368/124 397/368/124
f 395/368/124 397/368/124 398/368/124
f 399/535/119 400/536/119 401/537/119
f 399/535/119 401/537/119 402/538/119
f 403/539/120 404/540/120 405/541/120
f 403/539/120 405/541/120 406/542/120
f 407/543/121 408/543/121 409/543/121
f 407/543/121 409/543/121 410/543/121
f 411/544/122 412/544/122 413/544/122
f 411/544/122 413/544/122 414/544/122
f 415/545/123 416/545/123 417/545/123
f 415/545/123 417/545/123 418/545/123
f 419/368/124 420/368/124 421/368/124
f 419/368/124 421/368/124 422/368/124
f 423/546/119 424/547/119 425/548/119
f 423/546/119 425/548/119 426/549/119
f 427/550/120 428/551/120 429/552/120
f 427/550/120 429/552/120 430/553/120
f 431/554/121 432/554/121 433/554/121
f 431/554/121 433/554/121 434/554/121
f 435/555/122 436/555/122 437/555/122
f 435/555/122 437/555/122 438/555/122
f 439/556/123 440/556/123 441/556/123
f 439/556/123 441/556/123 442/556/123
f 443/368/124 444/368/124 445/368/124
f 443/368/124 445/368/124 446/368/124
f 447/557/119 448/558/119 449/559/119
f 447/557/119 449/559/119 450/560/119
f 451/561/120 452/562/120 453/563/120
f 451/561/120 453/563/120 454/564/120
f 455/565/121 456/565/121 457/565/121
f 455/565/121 457/565/121 458/565/121
f 459/566/122 460/566/122 461/566/122
f 459/566/122 461/566/122 462/566/122
f 463/567/123 464/567/123 465/567/123
f 463/567/123 465/567/123 466/567/123
f 467/368/124 468/368/124 469/368/124
f 467/368/124 469/368/124 470/368/124
f 471/568/119 472/569/119 473/570/119
f 471/568/119 473/570/119 474/571/119
f 475/572/120 476/573/120 477/574/120
f 475/572/120 477/574/120 478/575/120
f 479/576/121 480/577/121 481/578/121
f 479/576/121 481/578/121 482/579/121
f 483/580/122 484/581/122 485/582/122
f 483/580/122 485/582/122 486/583/122
f 487/584/123 488/585/123 489/586/123
f 487/584/123 489/586/123 490/587/123
f 491/588/124 492/589/124 493/590/124
f 491/588/124 493/590/124 494/591/124
s 1
f 511/592/157 496/593/158 509/594/159
f 517/595/160 508/596/161 515/597/162
f 504/598/163 510/599/164 516/600/165
f 500/601/166 502/602/167 497/603/168
f 505/604/169 514/605/170 503/606/171
f 495/607/172 496/593/158 497/608/168
f 498/609/173 499/610/174 500/611/166
f 501/612/175 502/602/167 503/613/171
f 504/598/163 505/614/169 506/615/176
f 507/616/177 508/596/161 509/617/159
f 510/599/164 511/618/157 512/619/178
f 513/620/179 514/621/170 515/597/162
f 516/600/165 517/622/160 518/623/180
f 495/624/172 502/602/167 501/612/175
f 498/609/173 497/608/168 496/593/158
f 504/598/163 500/625/166 499/626/174
f 503/613/171 506/627/176 505/628/169
f 501/629/175 514/605/170 513/630/179
f 516/600/165 505/614/169 504/598/163
f 515/597/162 518/631/180 517/595/160
f 513/620/179 508/596/161 507/616/177
f 510/599/164 517/622/160 516/600/165
f 509/617/159 512/632/178 511/633/157
f 507/634/177 496/635/158 495/636/172
f 499/626/174 511/618/157 510/599/164
f 513/637/179 495/636/172 501/638/175
f 511/592/157 498/609/173 496/593/158
f 517/595/160 512/632/178 508/596/161
f 504/598/163 499/626/174 510/599/164
f 500/601/166 506/627/176 502/602/167
f 505/604/169 518/639/180 514/605/170
f 495/624/172 497/603/168 502/602/167
f 498/609/173 500/611/166 497/608/168
f 504/598/163 506/615/176 500/625/166
f 503/613/171 502/602/167 506/627/176
f 501/629/175 503/606/171 514/605/170
f 516/600/165 518/623/180 505/614/169
f 515/597/162 514/621/170 518/631/180
f 513/620/179 515/597/162 508/596/161
f 510/599/164 512/619/178 517/622/160
f 509/617/159 508/596/161 512/632/178
f 507/634/177 509/640/159 496/635/158
f 499/626/174 498/641/173 511/618/157
f 513/637/179 507/634/177 495/636/172
f 520/642/181 521/643/182 519/644/183
f 522/645/184 525/646/185 521/647/182
f 526/648/186 523/649/187 525/650/185
f 524/651/188 519/652/183 523/653/187
f 525/654/185 519/655/183 521/656/182
f 522/657/184 524/658/188 526/659/186
f 520/642/181 522/660/184 521/643/182
f 522/645/184 526/661/186 525/646/185
f 526/648/186 524/662/188 523/649/187
f 524/651/188 520/663/181 519/652/183
f 525/654/185 523/664/187 519/655/183
f 522/657/184 520/665/181 524/658/188
f 528/666/181 529/667/182 527/668/183
f 530/669/184 533/670/185 529/671/182
f 534/672/186 531/673/187 533/674/185
f 532/675/188 527/676/183 531/677/187
f 533/678/185 527/679/183 529/680/182
f 530/681/184 532/682/188 534/683/186
f 528/666/181 530/684/184 529/667/182
f 530/669/184 534/685/186 533/670/185
f 534/672/186 532/686/188 531/673/187
f 532/675/188 528/687/181 527/676/183
f 533/678/185 531/688/187 527/679/183
f 530/681/184 528/689/181 532/682/188
s 0
f 535/690/119 536/690/119 537/690/119
f 535/690/119 537/690/119 538/690/119
f 539/691/120 540/691/120 541/691/120
f 539/691/120 541/691/120 542/691/120
f 543/692/121 544/693/121 545/694/121
f 543/692/121 545/694/121 546/695/121
f 547/696/122 548/697/122 549/698/122
f 547/696/122 549/698/122 550/699/122
f 551/700/123 552/700/123 553/700/123
f 551/700/123 553/700/123 554/700/123
f 555/368/124 556/368/124 557/368/124
f 555/368/124 557/368/124 558/368/124
f 559/701/119 560/701/119 561/701/119
f 559/701/119 561/701/119 562/701/119
f 563/702/120 564/702/120 565/702/120
f 563/702/120 565/702/120 566/702/120
f 567/703/121 568/704/121 569/705/121
f 567/703/121 569/705/121 570/706/121
f 571/707/122 572/708/122 573/709/122
f 571/707/122 573/709/122 574/710/122
f 575/711/123 576/711/123 577/711/123
f 575/711/123 577/711/123 578/711/123
f 579/368/124 580/368/124 581/368/124
f 579/368/124 581/368/124 582/368/124
f 583/712/119 584/712/119 585/712/119
f 583/712/119 585/712/119 586/712/119
f 587/713/120 588/713/120 589/713/120
f 587/713/120 589/713/120 590/713/120
f 591/714/121 592/715/121 593/716/121
f 591/714/121 593/716/121 594/717/121
f 595/718/122 596/719/122 597/720/122
f 595/718/122 597/720/122 598/721/122
f 599/722/123 600/722/123 601/722/123
f 599/722/123 601/722/123 602/722/123
f 603/368/124 604/368/124 605/368/124
f 603/368/124 605/368/124 606/368/124
f 607/723/119 608/723/119 609/723/119
f 607/723/119 609/723/119 610/723/119
f 611/724/120 612/724/120 613/724/120
f 611/724/120 613/724/120 614/724/120
f 615/725/121 616/726/121 617/727/121
f 615/725/121 617/727/121 618/728/121
f 619/729/122 620/730/122 621/731/122
f 619/729/122 621/731/122 622/732/122
f 623/733/123 624/733/123 625/733/123
f 623/733/123 625/733/123 626/733/123
f 627/368/124 628/368/124 629/368/124
f 627/368/124 629/368/124 630/368/124
f 631/734/119 632/735/119 633/736/119
f 631/734/119 633/736/119 634/737/119
f 635/738/120 636/739/120 637/740/120
f 635/738/120 637/740/120 638/741/120
f 639/742/121 640/743/121 641/744/121
f 639/742/121 641/744/121 642/745/121
f 643/746/122 644/747/122 645/748/122
f 643/746/122 645/748/122 646/749/122
f 647/750/123 648/751/123 649/752/123
f 647/750/123 649/752/123 650/753/123
f 651/754/124 652/755/124 653/756/124
f 651/754/124 653/756/124 654/757/124
s 1
f 671/758/137 656/759/138 669/760/139
f 677/761/134 668/762/135 675/763/136
f 664/764/189 670/765/190 676/766/191
f 660/767/128 662/768/129 657/769/130
f 665/770/125 674/771/126 663/772/127
f 655/773/147 656/759/138 657/774/130
f 658/775/148 659/776/192 660/777/128
f 661/778/145 662/768/129 663/779/127
f 664/780/189 665/781/125 666/782/146
f 667/783/143 668/784/135 669/760/139
f 670/765/190 671/785/137 672/786/144
f 673/787/140 674/788/126 675/763/136
f 676/766/191 677/789/134 678/790/141
f 655/791/147 662/792/129 661/793/145
f 658/794/148 657/774/130 656/759/138
f 664/764/189 660/777/128 659/776/192
f 663/779/127 666/782/146 665/781/125
f 661/795/145 674/771/126 673/796/140
f 676/766/191 665/797/125 664/764/189
f 675/763/136 678/798/141 677/761/134
f 673/787/140 668/762/135 667/799/143
f 670/765/190 677/789/134 676/766/191
f 669/760/139 672/800/144 671/758/137
f 667/783/143 656/759/138 655/773/147
f 659/776/192 671/785/137 670/765/190
f 673/801/140 655/791/147 661/793/145
f 671/758/137 658/794/148 656/759/138
f 677/761/134 672/802/144 668/762/135
f 664/764/189 659/776/192 670/765/190
f 660/767/128 666/782/146 662/768/129
f 665/770/125 678/803/141 674/771/126
f 655/791/147 657/804/130 662/792/129
f 658/794/148 660/805/128 657/774/130
f 664/764/189 666/806/146 660/777/128
f 663/779/127 662/768/129 666/782/146
f 661/795/145 663/772/127 674/771/126
f 676/766/191 678/790/141 665/797/125
f 675/763/136 674/788/126 678/798/141
f 673/787/140 675/763/136 668/762/135
f 670/765/190 672/786/144 677/789/134
f 669/760/139 668/784/135 672/800/144
f 667/783/143 669/760/139 656/759/138
f 659/776/192 658/775/148 671/785/137
f 673/801/140 667/807/143 655/791/147
f 680/808/193 681/809/155 679/810/194
f 682/811/156 685/812/195 681/813/155
f 686/814/196 683/815/150 685/816/195
f 684/817/152 679/818/194 683/819/150
f 685/820/195 679/821/194 681/822/155
f 682/823/156 684/824/152 686/825/196
f 680/808/193 682/826/156 681/809/155
f 682/811/156 686/827/196 685/812/195
f 686/814/196 684/828/152 683/815/150
f 684/817/152 680/829/193 679/818/194
f 685/820/195 683/830/150 679/821/194
f 682/823/156 680/831/193 684/824/152
f 688/832/193 689/833/155 687/834/194
f 690/835/156 693/836/195 689/837/155
f 694/838/196 691/839/150 693/840/195
f 692/841/152 687/842/194 691/843/150
f 693/844/195 687/845/194 689/846/155
f 690/847/156 692/848/152 694/849/196
f 688/832/193 690/850/156 689/833/155
f 690/835/156 694/851/196 693/836/195
f 694/838/196 692/852/152 691/839/150
f 692/841/152 688/853/193 687/842/194
f 693/844/195 691/854/150 687/845/194
f 690/847/156 688/855/193 692/848/152
s 0
f 695/856/119 696/857/119 697/858/119
f 695/856/119 697/858/119 698/859/119
f 699/860/120 700/861/120 701/862/120
f 699/860/120 701/862/120 702/863/120
f 703/864/121 704/864/121 705/864/121
f 703/864/121 705/864/121 706/864/121
f 707/865/122 708/865/122 709/865/122
f 707/865/122 709/865/122 710/865/122
f 711/866/123 712/866/123 713/866/123
f 711/866/123 713/866/123 714/866/123
f 715/368/124 716/368/124 717/368/124
f 715/368/124 717/368/124 718/368/124
f 719/867/119 720/868/119 721/869/119
f 719/867/119 721/869/119 722/870/119
f 723/871/120 724/872/120 725/873/120
f 723/871/120 725/873/120 726/874/120
f 727/875/121 728/875/121 729/875/121
f 727/875/121 729/875/121 730/875/121
f 731/876/122 732/876/122 733/876/122
f 731/876/122 733/876/122 734/876/122
f 735/877/123 736/877/123 737/877/123
f 735/877/123 737/877/123 738/877/123
f 739/368/124 740/368/124 741/368/124
f 739/368/124 741/368/124 742/368/124
f 743/878/119 744/879/119 745/880/119
f 743/878/119 745/880/119 746/881/119
f 747/882/120 748/883/120 749/884/120
f 747/882/120 749/884/120 750/885/120
f 751/886/121 752/886/121 753/886/121
f 751/886/121 753/886/121 754/886/121
f 755/887/122 756/887/122 757/887/122
f 755/887/122 757/887/122 758/887/122
f 759/888/123 760/888/123 761/888/123
f 759/888/123 761/888/123 762/888/123
f 763/368/124 764/368/124 765/368/124
f 763/368/124 765/368/124 766/368/124
f 767/889/119 768/890/119 769/891/119
f 767/889/119 769/891/119 770/892/119
f 771/893/120 772/894/120 773/895/120
f 771/893/120 773/895/120 774/896/120
f 775/897/121 776/897/121 777/897/121
f 775/897/121 777/897/121 778/897/121
f 779/898/122 780/898/122 781/898/122
f 779/898/122 781/898/122 782/898/122
f 783/899/123 784/899/123 785/899/123
f 783/899/123 785/899/123 786/899/123
f 787/368/124 788/368/124 789/368/124
f 787/368/124 789/368/124 790/368/124
f 791/900/119 792/901/119 793/902/119
f 791/900/119 793/902/119 794/903/119
f 795/904/120 796/905/120 797/906/120
f 795/904/120 797/906/120 798/907/120
f 799/908/121 800/909/121 801/910/121
f 799/908/121 801/910/121 802/911/121
f 803/912/122 804/913/122 805/914/122
f 803/912/122 805/914/122 806/915/122
f 807/916/123 808/917/123 809/918/123
f 807/916/123 809/918/123 810/919/123
f 811/920/124 812/921/124 813/922/124
f 811/920/124 813/922/124 814/923/124
s 1
f 831/924/169 816/925/197 829/926/198
f 837/927/166 828/928/167 835/929/168
f 824/930/199 830/931/200 836/932/201
f 820/933/160 822/934/161 817/935/162
f 825/936/157 834/937/202 823/938/203
f 815/939/204 816/925/197 817/940/162
f 818/941/180 819/942/205 820/943/160
f 821/944/177 822/934/161 823/945/203
f 824/930/199 825/946/157 826/947/178
f 827/948/175 828/949/167 829/926/198
f 830/931/200 831/950/169 832/951/176
f 833/952/206 834/937/202 835/953/168
f 836/954/201 837/955/166 838/956/173
f 815/957/204 822/934/161 821/944/177
f 818/958/180 817/940/162 816/925/197
f 824/930/199 820/943/160 819/942/205
f 823/945/203 826/959/178 825/960/157
f 821/961/177 834/962/202 833/963/206
f 836/932/201 825/946/157 824/930/199
f 835/953/168 838/956/173 837/955/166
f 833/964/206 828/928/167 827/965/175
f 830/931/200 837/966/166 836/932/201
f 829/926/198 832/967/176 831/924/169
f 827/948/175 816/925/197 815/939/204
f 819/942/205 831/950/169 830/931/200
f 833/963/206 815/968/204 821/961/177
f 831/924/169 818/958/180 816/925/197
f 837/927/166 832/969/176 828/928/167
f 824/930/199 819/942/205 830/931/200
f 820/933/160 826/959/178 822/934/161
f 825/936/157 838/956/173 834/937/202
f 815/957/204 817/935/162 822/934/161
f 818/958/180 820/970/160 817/940/162
f 824/930/199 826/947/178 820/943/160
f 823/945/203 822/934/161 826/959/178
f 821/961/177 823/971/203 834/962/202
f 836/932/201 838/972/173 825/946/157
f 835/953/168 834/937/202 838/956/173
f 833/964/206 835/929/168 828/928/167
f 830/931/200 832/951/176 837/966/166
f 829/926/198 828/949/167 832/967/176
f 827/948/175 829/926/198 816/925/197
f 819/942/205 818/941/180 831/950/169
f 833/963/206 827/973/175 815/968/204
f 840/974/207 841/975/187 839/976/208
f 842/977/188 845/978/209 841/979/187
f 846/980/210 843/981/182 845/982/209
f 844/983/184 839/984/208 843/985/182
f 845/986/209 839/987/208 841/988/187
f 842/989/188 844/990/184 846/991/210
f 840/974/207 842/992/188 841/975/187
f 842/977/188 846/993/210 845/978/209
f 846/980/210 844/994/184 843/981/182
f 844/983/184 840/995/207 839/984/208
f 845/986/209 843/996/182 839/987/208
f 842/989/188 840/997/207 844/990/184
f 848/998/207 849/999/187 847/1000/208
f 850/1001/188 853/1002/209 849/1003/187
f 854/1004/210 851/1005/182 853/1006/209
f 852/1007/184 847/1008/208 851/1009/182
f 853/1010/209 847/1011/208 849/1012/187
f 850/1013/188 852/1014/184 854/1015/210
f 848/998/207 850/1016/188 849/999/187
f 850/1001/188 854/1017/210 853/1002/209
f 854/1004/210 852/1018/184 851/1005/182
f 852/1007/184 848/1019/207 847/1008/208
f 853/1010/209 851/1020/182 847/1011/208
f 850/1013/188 848/1021/207 852/1014/184
s 0
f 855/1022/119 856/1023/119 857/1024/119
f 855/1022/119 857/1024/119 858/1025/119
f 859/1026/120 860/1027/120 861/1028/120
f 859/1026/120 861/1028/120 862/1029/120
f 863/1030/121 864/1031/121 865/1032/121
f 863/1030/121 865/1032/121 866/1033/121
f 867/1034/122 868/1035/122 869/1036/122
f 867/1034/122 869/1036/122 870/1037/122
f 871/1038/123 872/1039/123 873/1040/123
f 871/1038/123 873/1040/123 874/1041/123
f 875/1042/124 876/1043/124 877/1044/124
f 875/1042/124 877/1044/124 878/1045/124
f 879/1046/119 880/1047/119 881/1048/119
f 879/1046/119 881/1048/119 882/1049/119
f 883/1050/120 884/1051/120 885/1052/120
f 883/1050/120 885/1052/120 886/1053/120
f 887/1054/121 888/1055/121 889/1056/121
f 887/1054/121 889/1056/121 890/1057/121
f 891/1058/122 892/1059/122 893/1060/122
f 891/1058/122 893/1060/122 894/1061/122
f 895/1062/123 896/1063/123 897/1064/123
f 895/1062/123 897/1064/123 898/1065/123
f 899/1066/124 900/1067/124 901/1068/124
f 899/1066/124 901/1068/124 902/1069/124
f 903/1070/119 904/1071/119 905/1072/119
f 903/1070/119 905/1072/119 906/1073/119
f 907/1074/120 908/1075/120 909/1076/120
f 907/1074/120 909/1076/120 910/1077/120
f 911/1078/121 912/1079/121 913/1080/121
f 911/1078/121 913/1080/121 914/1081/121
f 915/1082/122 916/1083/122 917/1084/122
f 915/1082/122 917/1084/122 918/1085/122
f 919/1086/123 920/1087/123 921/1088/123
f 919/1086/123 921/1088/123 922/1089/123
f 923/1090/124 924/1091/124 925/1092/124
f 923/1090/124 925/1092/124 926/1093/124
f 927/1094/119 928/1095/119 929/1096/119
f 927/1094/119 929/1096/119 930/1097/119
f 931/1098/120 932/1099/120 933/1100/120
f 931/1098/120 933/1100/120 934/1101/120
f 935/1102/121 936/1103/121 937/1104/121
f 935/1102/121 937/1104/121 938/1105/121
f 939/1106/122 940/1107/122 941/1108/122
f 939/1106/122 941/1108/122 942/1109/122
f 943/1110/123 944/1111/123 945/1112/123
f 943/1110/123 945/1112/123 946/1113/123
f 947/1114/124 948/1115/124 949/1116/124
f 947/1114/124 949/1116/124 950/1117/124
f 951/1118/119 952/1119/119 953/1120/119
f 951/1118/119 953/1120/119 954/1121/119
f 955/1122/120 956/1123/120 957/1124/120
f 955/1122/120 957/1124/120 958/1125/120
f 959/1126/121 960/1127/121 961/1128/121
f 959/1126/121 961/1128/121 962/1129/121
f 963/1130/122 964/1131/122 965/1132/122
f 963/1130/122 965/1132/122 966/1133/122
f 967/1134/123 968/1135/123 969/1136/123
f 967/1134/123 969/1136/123 970/1137/123
f 971/1138/124 972/1139/124 973/1140/124
f 971/1138/124 973/1140/124 974/1141/124
f 975/1142/119 976/1143/119 977/1144/119
f 975/1142/119 977/1144/119 978/1145/119
f 979/1146/120 980/1147/120 981/1148/120
f 979/1146/120 981/1148/120 982/1149/120
f 983/1150/121 984/1151/121 985/1152/121
f 983/1150/121 985/1152/121 986/1153/121
f 987/1154/122 988/1155/122 989/1156/122
f 987/1154/122 989/1156/122 990/1157/122
f 991/1158/123 992/1159/123 993/1160/123
f 991/1158/123 993/1160/123 994/1161/123
f 995/1162/124 996/1163/124 997/1164/124
f 995/1162/124 997/1164/124 998/1165/124
f 999/1166/119 1000/1167/119 1001/1168/119
f 999/1166/119 1001/1168/119 1002/1169/119
f 1003/1170/120 1004/1171/120 1005/1172/120
f 1003/1170/120 1005/1172/120 1006/1173/120
f 1007/1174/121 1008/1175/121 1009/1176/121
f 1007/1174/121 1009/1176/121 1010/1177/121
f 1011/1178/122 1012/1179/122 1013/1180/122
f 1011/1178/122 1013/1180/122 1014/1181/122
f 1015/1182/123 1016/1183/123 1017/1184/123
f 1015/1182/123 1017/1184/123 1018/1185/123
f 1019/1186/124 1020/1187/124 1021/1188/124
f 1019/1186/124 1021/1188/124 1022/1189/124
f 1023/1190/119 1024/1191/119 1025/1192/119
f 1023/1190/119 1025/1192/119 1026/1193/119
f 1027/1194/120 1028/1195/120 1029/1196/120
f 1027/1194/120 1029/1196/120 1030/1197/120
f 1031/1198/121 1032/1199/121 1033/1200/121
f 1031/1198/121 1033/1200/121 1034/1201/121
f 1035/1202/122 1036/1203/122 1037/1204/122
f 1035/1202/122 1037/1204/122 1038/1205/122
f 1039/1206/123 1040/1207/123 1041/1208/123
f 1039/1206/123 1041/1208/123 1042/1209/123
f 1043/1210/124 1044/1211/124 1045/1212/124
f 1043/1210/124 1045/1212/124 1046/1213/124
f 1047/1214/119 1048/1215/119 1049/1216/119
f 1047/1214/119 1049/1216/119 1050/1217/119
f 1051/1218/120 1052/1219/120 1053/1220/120
f 1051/1218/120 1053/1220/120 1054/1221/120
f 1055/1222/121 1056/1223/121 1057/1224/121
f 1055/1222/121 1057/1224/121 1058/1225/121
f 1059/1226/122 1060/1227/122 1061/1228/122
f 1059/1226/122 1061/1228/122 1062/1229/122
f 1063/1230/123 1064/1231/123 1065/1232/123
f 1063/1230/123 1065/1232/123 1066/1233/123
f 1067/1234/124 1068/1235/124 1069/1236/124
f 1067/1234/124 1069/1236/124 1070/1237/124
f 1071/1238/119 1072/1239/119 1073/1240/119
f 1071/1238/119 1073/1240/119 1074/1241/119
f 1075/1242/120 1076/1243/120 1077/1244/120
f 1075/1242/120 1077/1244/120 1078/1245/120
f 1079/1246/121 1080/1247/121 1081/1248/121
f 1079/1246/121 1081/1248/121 1082/1249/121
f 1083/1250/122 1084/1251/122 1085/1252/122
f 1083/1250/122 1085/1252/122 1086/1253/122
f 1087/1254/123 1088/1255/123 1089/1256/123
f 1087/1254/123 1089/1256/123 1090/1257/123
f 1091/1258/124 1092/1259/124 1093/1260/124
f 1091/1258/124 1093/1260/124 1094/1261/124
f 1095/1262/119 1096/1263/119 1097/1264/119
f 1095/1262/119 1097/1264/119 1098/1265/119
f 1099/1266/120 1100/1267/120 1101/1268/120
f 1099/1266/120 1101/1268/120 1102/1269/120
f 1103/1270/121 1104/1271/121 1105/1272/121
f 1103/1270/121 1105/1272/121 1106/1273/121
f 1107/1274/122 1108/1275/122 1109/1276/122
f 1107/1274/122 1109/1276/122 1110/1277/122
f 1111/1278/123 1112/1279/123 1113/1280/123
f 1111/1278/123 1113/1280/123 1114/1281/123
f 1115/1282/124 1116/1283/124 1117/1284/124
f 1115/1282/124 1117/1284/124 1118/1285/124
f 1119/1286/119 1120/1287/119 1121/1288/119
f 1119/1286/119 1121/1288/119 1122/1289/119
f 1123/1290/120 1124/1291/120 1125/1292/120
f 1123/1290/120 1125/1292/120 1126/1293/120
f 1127/1294/121 1128/1295/121 1129/1296/121
f 1127/1294/121 1129/1296/121 1130/1297/121
f 1131/1298/122 1132/1299/122 1133/1300/122
f 1131/1298/122 1133/1300/122 1134/1301/122
f 1135/1302/123 1136/1303/123 1137/1304/123
f 1135/1302/123 1137/1304/123 1138/1305/123
f 1139/1306/124 1140/1307/124 1141/1308/124
f 1139/1306/124 1141/1308/124 1142/1309/124
f 1143/1310/119 1144/1311/119 1145/1312/119
f 1143/1310/119 1145/1312/119 1146/1313/119
f 1147/1314/120 1148/1315/120 1149/1316/120
f 1147/1314/120 1149/1316/120 1150/1317/120
f 1151/1318/121 1152/1319/121 1153/1320/121
f 1151/1318/121 1153/1320/121 1154/1321/121
f 1155/1322/122 1156/1323/122 1157/1324/122
f 1155/1322/122 1157/1324/122 1158/1325/122
f 1159/1326/123 1160/1327/123 1161/1328/123
f 1159/1326/123 1161/1328/123 1162/1329/123
f 1163/1330/124 1164/1331/124 1165/1332/124
f 1163/1330/124 1165/1332/124 1166/1333/124
f 1167/1334/119 1168/1335/119 1169/1336/119
f 1167/1334/119 1169/1336/119 1170/1337/119
f 1171/1338/120 1172/1339/120 1173/1340/120
f 1171/1338/120 1173/1340/120 1174/1341/120
f 1175/1342/121 1176/1343/121 1177/1344/121
f 1175/1342/121 1177/1344/121 1178/1345/121
f 1179/1346/122 1180/1347/122 1181/1348/122
f 1179/1346/122 1181/1348/122 1182/1349/122
f 1183/1350/123 1184/1351/123 1185/1352/123
f 1183/1350/123 1185/1352/123 1186/1353/123
f 1187/1354/124 1188/1355/124 1189/1356/124
f 1187/1354/124 1189/1356/124 1190/1357/124
f 1191/1358/119 1192/1359/119 1193/1360/119
f 1191/1358/119 1193/1360/119 1194/1361/119
f 1195/1362/120 1196/1363/120 1197/1364/120
f 1195/1362/120 1197/1364/120 1198/1365/120
f 1199/1366/121 1200/1367/121 1201/1368/121
f 1199/1366/121 1201/1368/121 1202/1369/121
f 1203/1370/122 1204/1371/122 1205/1372/122
f 1203/1370/122 1205/1372/122 1206/1373/122
f 1207/1374/123 1208/1375/123 1209/1376/123
f 1207/1374/123 1209/1376/123 1210/1377/123
f 1211/1378/124 1212/1379/124 1213/1380/124
f 1211/1378/124 1213/1380/124 1214/1381/124
f 1215/1382/119 1216/1383/119 1217/1384/119
f 1215/1382/119 1217/1384/119 1218/1385/119
f 1219/1386/120 1220/1387/120 1221/1388/120
f 1219/1386/120 1221/1388/120 1222/1389/120
f 1223/1390/121 1224/1391/121 1225/1392/121
f 1223/1390/121 1225/1392/121 1226/1393/121
f 1227/1394/122 1228/1395/122 1229/1396/122
f 1227/1394/122 1229/1396/122 1230/1397/122
f 1231/1398/123 1232/1399/123 1233/1400/123
f 1231/1398/123 1233/1400/123 1234/1401/123
f 1235/1402/124 1236/1403/124 1237/1404/124
f 1235/1402/124 1237/1404/124 1238/1405/124
f 1239/1406/119 1240/1407/119 1241/1408/119
f 1239/1406/119 1241/1408/119 1242/1409/119
f 1243/1410/120 1244/1411/120 1245/1412/120
f 1243/1410/120 1245/1412/120 1246/1413/120
f 1247/1414/121 1248/1415/121 1249/1416/121
f 1247/1414/121 1249/1416/121 1250/1417/121
f 1251/1418/122 1252/1419/122 1253/1420/122
f 1251/1418/122 1253/1420/122 1254/1421/122
f 1255/1422/123 1256/1423/123 1257/1424/123
f 1255/1422/123 1257/1424/123 1258/1425/123
f 1259/1426/124 1260/1427/124 1261/1428/124
f 1259/1426/124 1261/1428/124 1262/1429/124
f 1263/1430/119 1264/1431/119 1265/1432/119
f 1263/1430/119 1265/1432/119 1266/1433/119
f 1267/1434/120 1268/1435/120 1269/1436/120
f 1267/1434/120 1269/1436/120 1270/1437/120
f 1271/1438/121 1272/1439/121 1273/1440/121
f 1271/1438/121 1273/1440/121 1274/1441/121
f 1275/1442/122 1276/1443/122 1277/1444/122
f 1275/1442/122 1277/1444/122 1278/1445/122
f 1279/1446/123 1280/1447/123 1281/1448/123
f 1279/1446/123 1281/1448/123 1282/1449/123
f 1283/1450/124 1284/1451/124 1285/1452/124
f 1283/1450/124 1285/1452/124 1286/1453/124
f 1287/1454/119 1288/1455/119 1289/1456/119
f 1287/1454/119 1289/1456/119 1290/1457/119
f 1291/1458/120 1292/1459/120 1293/1460/120
f 1291/1458/120 1293/1460/120 1294/1461/120
f 1295/1462/121 1296/1463/121 1297/1464/121
f 1295/1462/121 1297/1464/121 1298/1465/121
f 1299/1466/122 1300/1467/122 1301/1468/122
f 1299/1466/122 1301/1468/122 1302/1469/122
f 1303/1470/123 1304/1471/123 1305/1472/123
f 1303/1470/123 1305/1472/123 1306/1473/123
f 1307/1474/124 1308/1475/124 1309/1476/124
f 1307/1474/124 1309/1476/124 1310/1477/124
f 1311/1478/119 1312/1479/119 1313/1480/119
f 1311/1478/119 1313/1480/119 1314/1481/119
f 1315/1482/120 1316/1483/120 1317/1484/120
f 1315/1482/120 1317/1484/120 1318/1485/120
f 1319/1486/121 1320/1487/121 1321/1488/121
f 1319/1486/121 1321/1488/121 1322/1489/121
f 1323/1490/122 1324/1491/122 1325/1492/122
f 1323/1490/122 1325/1492/122 1326/1493/122
f 1327/1494/123 1328/1495/123 1329/1496/123
f 1327/1494/123 1329/1496/123 1330/1497/123
f 1331/1498/124 1332/1499/124 1333/1500/124
f 1331/1498/124 1333/1500/124 1334/1501/124
f 1335/1502/119 1336/1503/119 1337/1504/119
f 1335/1502/119 1337/1504/119 1338/1505/119
f 1339/1506/120 1340/1507/120 1341/1508/120
f 1339/1506/120 1341/1508/120 1342/1509/120
f 1343/1510/121 1344/1511/121 1345/1512/121
f 1343/1510/121 1345/1512/121 1346/1513/121
f 1347/1514/122 1348/1515/122 1349/1516/122
f 1347/1514/122 1349/1516/122 1350/1517/122
f 1351/1518/123 1352/1519/123 1353/1520/123
f 1351/1518/123 1353/1520/123 1354/1521/123
f 1355/1522/124 1356/1523/124 1357/1524/124
f 1355/1522/124 1357/1524/124 1358/1525/124
f 1359/1526/119 1360/1527/119 1361/1528/119
f 1359/1526/119 1361/1528/119 1362/1529/119
f 1363/1530/120 1364/1531/120 1365/1532/120
f 1363/1530/120 1365/1532/120 1366/1533/120
f 1367/1534/121 1368/1535/121 1369/1536/121
f 1367/1534/121 1369/1536/121 1370/1537/121
f 1371/1538/122 1372/1539/122 1373/1540/122
f 1371/1538/122 1373/1540/122 1374/1541/122
f 1375/1542/123 1376/1543/123 1377/1544/123
f 1375/1542/123 1377/1544/123 1378/1545/123
f 1379/1546/124 1380/1547/124 1381/1548/124
f 1379/1546/124 1381/1548/124 1382/1549/124
f 1383/1550/119 1384/1551/119 1385/1552/119
f 1383/1550/119 1385/1552/119 1386/1553/119
f 1387/1554/120 1388/1555/120 1389/1556/120
f 1387/1554/120 1389/1556/120 1390/1557/120
f 1391/1558/121 1392/1559/121 1393/1560/121
f 1391/1558/121 1393/1560/121 1394/1561/121
f 1395/1562/122 1396/1563/122 1397/1564/122
f 1395/1562/122 1397/1564/122 1398/1565/122
f 1399/1566/123 1400/1567/123 1401/1568/123
f 1399/1566/123 1401/1568/123 1402/1569/123
f 1403/1570/124 1404/1571/124 1405/1572/124
f 1403/1570/124 1405/1572/124 1406/1573/124
f 1407/1574/119 1408/1575/119 1409/1576/119
f 1407/1574/119 1409/1576/119 1410/1577/119
f 1411/1578/120 1412/1579/120 1413/1580/120
f 1411/1578/120 1413/1580/120 1414/1581/120
f 1415/1582/121 1416/1583/121 1417/1584/121
f 1415/1582/121 1417/1584/121 1418/1585/121
f 1419/1586/122 1420/1587/122 1421/1588/122
f 1419/1586/122 1421/1588/122 1422/1589/122
f 1423/1590/123 1424/1591/123 1425/1592/123
f 1423/1590/123 1425/1592/123 1426/1593/123
f 1427/1594/124 1428/1595/124 1429/1596/124
f 1427/1594/124 1429/1596/124 1430/1597/124
f 1431/1598/119 1432/1599/119 1433/1600/119
f 1431/1598/119 1433/1600/119 1434/1601/119
f 1435/1602/120 1436/1603/120 1437/1604/120
f 1435/1602/120 1437/1604/120 1438/1605/120
f 1439/1606/121 1440/1607/121 1441/1608/121
f 1439/1606/121 1441/1608/121 1442/1609/121
f 1443/1610/122 1444/1611/122 1445/1612/122
f 1443/1610/122 1445/1612/122 1446/1613/122
f 1447/1614/123 1448/1615/123 1449/1616/123
f 1447/1614/123 1449/1616/123 1450/1617/123
f 1451/1618/124 1452/1619/124 1453/1620/124
f 1451/1618/124 1453/1620/124 1454/1621/124
f 1455/1622/119 1456/1623/119 1457/1624/119
f 1455/1622/119 1457/1624/119 1458/1625/119
f 1459/1626/120 1460/1627/120 1461/1628/120
f 1459/1626/120 1461/1628/120 1462/1629/120
f 1463/1630/121 1464/1631/121 1465/1632/121
f 1463/1630/121 1465/1632/121 1466/1633/121
f 1467/1634/122 1468/1635/122 1469/1636/122
f 1467/1634/122 1469/1636/122 1470/1637/122
f 1471/1638/123 1472/1639/123 1473/1640/123
f 1471/1638/123 1473/1640/123 1474/1641/123
f 1475/1642/124 1476/1643/124 1477/1644/124
f 1475/1642/124 1477/1644/124 1478/1645/124
f 1479/1646/119 1480/1647/119 1481/1648/119
f 1479/1646/119 1481/1648/119 1482/1649/119
f 1483/1650/120 1484/1651/120 1485/1652/120
f 1483/1650/120 1485/1652/120 1486/1653/120
f 1487/1654/121 1488/1655/121 1489/1656/121
f 1487/1654/121 1489/1656/121 1490/1657/121
f 1491/1658/122 1492/1659/122 1493/1660/122
f 1491/1658/122 1493/1660/122 1494/1661/122
f 1495/1662/123 1496/1663/123 1497/1664/123
f 1495/1662/123 1497/1664/123 1498/1665/123
f 1499/1666/124 1500/1667/124 1501/1668/124
f 1499/1666/124 1501/1668/124 1502/1669/124
f 1503/1670/119 1504/1671/119 1505/1672/119
f 1503/1670/119 1505/1672/119 1506/1673/119
f 1507/1674/120 1508/1675/120 1509/1676/120
f 1507/1674/120 1509/1676/120 1510/1677/120
f 1511/1678/121 1512/1679/121 1513/1680/121
f 1511/1678/121 1513/1680/121 1514/1681/121
f 1515/1682/122 1516/1683/122 1517/1684/122
f 1515/1682/122 1517/1684/122 1518/1685/122
f 1519/1686/123 1520/1687/123 1521/1688/123
f 1519/1686/123 1521/1688/123 1522/1689/123
f 1523/1690/124 1524/1691/124 1525/1692/124
f 1523/1690/124 1525/1692/124 1526/1693/124
