<Frame>: 0 Lunar_Compacted_dust
<TransformMatrix>:
1 0 0 0
0 1 0 0
0 0 1 0
0 0 0 1
<Mesh>: 1826 Lunar_Compacted_dust
<Positions>: 1826
93.401970 16.890821 84.747620
92.721970 16.571946 83.347618
99.918030 16.590635 79.852386
100.598030 16.774210 81.252380
92.721970 16.571946 83.347618
92.041969 16.329564 81.947617
99.238029 16.429472 78.452385
99.918030 16.590635 79.852386
92.041969 16.329564 81.947617
91.361969 16.159644 80.547615
98.558029 16.288390 77.052383
99.238029 16.429472 78.452385
91.361969 16.159644 80.547615
90.681969 16.057553 79.147614
97.878029 16.164444 75.652382
98.558029 16.288390 77.052383
90.681969 16.057553 79.147614
90.001968 16.019405 77.747620
97.198036 16.054588 74.252380
97.878029 16.164444 75.652382
90.001968 16.019405 77.747620
89.321968 16.037125 76.347618
96.518036 15.956129 72.852386
97.198036 16.054588 74.252380
89.321968 16.037125 76.347618
88.641968 16.065721 74.947617
95.838036 15.867096 71.452385
96.518036 15.956129 72.852386
88.641968 16.065721 74.947617
87.961967 16.090392 73.547615
95.158035 15.786465 70.052383
95.838036 15.867096 71.452385
87.961967 16.090392 73.547615
87.281967 16.111373 72.147614
94.478035 15.720719 68.652382
95.158035 15.786465 70.052383
87.281967 16.111373 72.147614
86.601967 16.197238 70.747620
93.798035 15.800351 67.252380
94.478035 15.720719 68.652382
86.601967 16.197238 70.747620
85.921967 16.334237 69.347618
93.118034 16.028644 65.852386
93.798035 15.800351 67.252380
85.921967 16.334237 69.347618
85.241966 16.490331 67.947617
92.438034 16.320884 64.452385
93.118034 16.028644 65.852386
85.241966 16.490331 67.947617
84.561966 16.627250 66.547615
91.758034 16.573617 63.052383
92.438034 16.320884 64.452385
84.561966 16.627250 66.547615
83.881966 16.680000 65.147614
91.078033 16.680000 61.652386
91.758034 16.573617 63.052383
83.881966 16.680000 65.147614
83.201965 16.680000 63.747616
90.398033 16.680000 60.252384
91.078033 16.680000 61.652386
82.521965 16.680000 62.347614
89.718033 16.680000 58.852383
81.841965 16.680000 60.947617
89.038033 16.680000 57.452385
81.161964 16.680000 59.547615
88.358032 16.680000 56.052383
80.481964 16.680000 58.147617
87.678032 16.680000 54.652386
79.801964 16.680000 56.747616
86.998032 16.680000 53.252384
79.121971 16.680000 55.347614
86.318031 16.680000 51.852383
78.441971 16.680000 53.947617
85.638031 16.680000 50.452385
77.761971 16.680000 52.547615
84.958031 16.680000 49.052383
77.081970 16.680000 51.147617
84.278030 16.680000 47.652386
76.762009 16.680000 50.348488
83.237991 16.680000 45.651512
76.139870 16.680000 49.842949
81.669655 16.680000 44.061813
75.044632 16.680000 48.795330
80.574417 16.680000 43.014194
73.949394 16.680000 47.747711
79.479179 16.680000 41.966576
72.854156 16.680000 46.700092
78.383942 16.680000 40.918957
71.758919 16.680000 45.652473
77.288704 16.680000 39.871338
70.663681 16.680000 44.604855
76.193459 16.680000 38.823719
69.568443 16.680000 43.557236
75.098221 16.680000 37.776100
68.473206 16.680000 42.509617
74.002983 16.680000 36.728481
67.377968 16.680000 41.461994
72.907745 16.680000 35.680862
66.282730 16.680000 40.414375
71.812508 16.680000 34.633244
65.187492 16.680000 39.366756
70.717270 16.680000 33.585625
64.092255 16.680000 38.319138
69.622032 16.680000 32.538006
62.997013 16.680000 37.271519
68.526794 16.680000 31.490385
62.997013 16.680000 37.271519
61.901775 16.650681 36.223900
67.431557 16.644261 30.442766
68.526794 16.680000 31.490385
61.901775 16.650681 36.223900
60.806538 16.543813 35.176281
66.336319 16.514639 29.395147
67.431557 16.644261 30.442766
60.806538 16.543813 35.176281
59.711300 16.380459 34.128662
65.241081 16.314396 28.347528
66.336319 16.514639 29.395147
59.711300 16.380459 34.128662
58.616062 16.200476 33.081043
64.145844 16.083272 27.299910
65.241081 16.314396 28.347528
58.616062 16.200476 33.081043
57.520824 16.062825 32.033424
63.050606 15.887506 26.252289
64.145844 16.083272 27.299910
57.520824 16.062825 32.033424
56.425587 16.022382 30.985806
61.955368 15.801239 25.204670
63.050606 15.887506 26.252289
56.425587 16.022382 30.985806
55.330349 16.015565 29.938187
60.860130 15.750971 24.157051
61.955368 15.801239 25.204670
55.330349 16.015565 29.938187
53.501209 16.030352 27.938675
60.498791 15.739033 24.061325
60.860130 15.750971 24.157051
53.501209 16.030352 27.938675
52.777824 15.973000 25.328350
60.613480 15.741235 23.715128
60.498791 15.739033 24.061325
52.777824 15.973000 25.328350
52.473476 15.929656 23.850090
60.309132 15.742839 22.236866
60.613480 15.741235 23.715128
52.473476 15.929656 23.850090
52.169128 15.892719 22.371830
60.004784 15.768316 20.758606
60.309132 15.742839 22.236866
52.169128 15.892719 22.371830
51.864780 15.869449 20.893568
59.700436 15.811339 19.280344
60.004784 15.768316 20.758606
51.864780 15.869449 20.893568
51.560432 15.864723 19.415308
59.396088 15.863324 17.802084
59.700436 15.811339 19.280344
51.560432 15.864723 19.415308
51.256084 15.880044 17.937046
59.091740 15.914932 16.323824
59.396088 15.863324 17.802084
51.256084 15.880044 17.937046
50.951736 15.913136 16.458786
58.787392 15.957682 14.845562
59.091740 15.914932 16.323824
50.951736 15.913136 16.458786
50.647388 15.958197 14.980525
58.483044 15.985368 13.367301
58.787392 15.957682 14.845562
50.647388 15.958197 14.980525
50.343040 16.006780 13.502264
58.178699 15.995075 11.889041
58.483044 15.985368 13.367301
50.343040 16.006780 13.502264
50.038692 16.049155 12.024003
57.874352 15.987585 10.410780
58.178699 15.995075 11.889041
50.038692 16.049155 12.024003
49.734344 16.075912 10.545742
57.570004 15.967144 8.932519
57.874352 15.987585 10.410780
49.734344 16.075912 10.545742
49.429996 16.079550 9.067481
57.265656 15.940672 7.454258
57.570004 15.967144 8.932519
49.429996 16.079550 9.067481
49.125648 16.055761 7.589221
56.961308 15.916857 5.975997
57.265656 15.940672 7.454258
49.125648 16.055761 7.589221
48.821301 16.004210 6.110960
56.656960 15.906108 4.497736
56.961308 15.916857 5.975997
48.821301 16.004210 6.110960
48.516956 15.928646 4.632699
56.352612 15.922202 3.019475
56.656960 15.906108 4.497736
48.516956 15.928646 4.632699
48.212608 15.836359 3.154438
56.048264 15.983456 1.541214
56.352612 15.922202 3.019475
48.212608 15.836359 3.154438
47.908260 15.737042 1.676177
55.743916 16.106844 0.062954
56.048264 15.983456 1.541214
47.908260 15.737042 1.676177
47.603912 15.641278 0.197916
55.439568 16.292501 -1.415307
55.743916 16.106844 0.062954
47.603912 15.641278 0.197916
47.299564 15.558898 -1.280345
55.135220 16.510885 -2.893568
55.439568 16.292501 -1.415307
47.299564 15.558898 -1.280345
46.995216 15.497479 -2.758606
54.830872 16.710154 -4.371829
55.135220 16.510885 -2.893568
46.995216 15.497479 -2.758606
46.690868 15.461261 -4.236866
54.526524 16.842304 -5.850090
54.830872 16.710154 -4.371829
46.690868 15.461261 -4.236866
46.386520 15.450637 -5.715127
54.222176 16.886507 -7.328351
54.526524 16.842304 -5.850090
46.386520 15.450637 -5.715127
46.118599 15.460470 -7.033191
53.881401 16.844933 -8.966809
54.222176 16.886507 -7.328351
46.118599 15.460470 -7.033191
45.722500 15.472807 -8.380000
53.402500 16.714592 -10.620000
53.881401 16.844933 -8.966809
45.722500 15.472807 -8.380000
45.285000 15.498373 -9.880000
52.965000 16.591906 -12.120000
53.402500 16.714592 -10.620000
45.285000 15.498373 -9.880000
44.847500 15.529943 -11.380000
52.527500 16.480257 -13.620000
52.965000 16.591906 -12.120000
44.847500 15.529943 -11.380000
44.410000 15.561872 -12.880000
52.090000 16.379164 -15.120000
52.527500 16.480257 -13.620000
44.410000 15.561872 -12.880000
43.972500 15.590221 -14.380000
51.652500 16.277511 -16.620001
52.090000 16.379164 -15.120000
43.972500 15.590221 -14.380000
43.535000 15.613507 -15.880000
51.215000 16.163242 -18.120001
51.652500 16.277511 -16.620001
43.535000 15.613507 -15.880000
43.097500 15.632986 -17.379999
50.777500 16.036686 -19.620001
51.215000 16.163242 -18.120001
43.097500 15.632986 -17.379999
42.660000 15.652452 -18.879999
50.340000 15.917404 -21.120001
50.777500 16.036686 -19.620001
42.660000 15.652452 -18.879999
42.222500 15.677560 -20.379999
49.902500 15.949977 -22.620001
50.340000 15.917404 -21.120001
42.222500 15.677560 -20.379999
41.785000 15.737462 -21.879999
49.465000 16.286478 -24.120001
49.902500 15.949977 -22.620001
41.785000 15.737462 -21.879999
41.347500 16.054951 -23.379999
49.027500 16.492673 -25.620001
49.465000 16.286478 -24.120001
41.347500 16.054951 -23.379999
40.910000 16.538140 -24.879999
48.590000 16.610147 -27.120001
49.027500 16.492673 -25.620001
40.910000 16.538140 -24.879999
40.472500 17.007871 -26.379999
48.152500 16.729584 -28.620001
48.590000 16.610147 -27.120001
40.472500 17.007871 -26.379999
40.035000 17.314922 -27.879999
47.715000 16.841277 -30.120001
48.152500 16.729584 -28.620001
40.035000 17.314922 -27.879999
39.597500 17.380000 -29.379999
47.277500 16.940648 -31.620001
47.715000 16.841277 -30.120001
39.597500 17.380000 -29.379999
40.239269 17.380000 -29.105459
47.277500 16.940648 -31.620001
45.760731 17.181022 -34.894543
40.239269 17.380000 -29.105459
40.491398 17.369863 -28.504045
45.760731 17.181022 -34.894543
42.431683 17.379748 -36.265186
40.491398 17.369863 -28.504045
38.952934 17.379992 -28.888660
40.893219 17.380000 -36.649799
42.431683 17.379748 -36.265186
38.952934 17.379992 -28.888660
37.414474 17.380000 -29.273275
39.354759 17.380000 -37.034416
40.893219 17.380000 -36.649799
35.876011 17.380000 -29.657892
37.816296 17.380000 -37.419033
34.337551 17.380000 -30.042507
36.277836 17.380000 -37.803646
32.799088 17.380000 -30.427122
34.739372 17.380000 -38.188263
31.260626 17.380000 -30.811737
33.200912 17.380000 -38.572876
29.722166 17.380000 -31.196354
31.662451 17.380000 -38.957493
28.183704 17.380000 -31.580969
30.123989 17.380000 -39.342110
26.645243 17.380000 -31.965584
28.585527 17.380000 -39.726723
25.106781 17.380000 -32.350201
27.047066 17.380000 -40.111340
23.568319 17.380000 -32.734814
25.508604 17.380000 -40.495956
22.029858 17.380000 -33.119431
23.970142 17.380000 -40.880569
-3.173005 17.993197 88.358284
-4.480698 17.783295 87.512123
-0.134687 16.382587 80.795563
1.173005 16.417223 81.641716
-4.480698 17.783295 87.512123
-5.788390 17.586461 86.665970
-1.442379 16.375833 79.949409
-0.134687 16.382587 80.795563
-5.788390 17.586461 86.665970
-7.096082 17.399085 85.819817
-2.750072 16.386629 79.103256
-1.442379 16.375833 79.949409
-7.096082 17.399085 85.819817
-8.403774 17.216875 84.973663
-4.057764 16.404386 78.257103
-2.750072 16.386629 79.103256
-8.403774 17.216875 84.973663
-9.711467 17.035808 84.127510
-5.365457 16.419968 77.410950
-4.057764 16.404386 78.257103
-9.711467 17.035808 84.127510
-11.019159 16.853028 83.281357
-6.673149 16.424507 76.564796
-5.365457 16.419968 77.410950
-11.019159 16.853028 83.281357
-12.326851 16.667571 82.435204
-7.980841 16.400763 75.718643
-6.673149 16.424507 76.564796
-12.326851 16.667571 82.435204
-13.634543 16.480837 81.589050
-9.288533 16.349166 74.872490
-7.980841 16.400763 75.718643
-13.634543 16.480837 81.589050
-14.942236 16.296739 80.742897
-10.596226 16.275938 74.026337
-9.288533 16.349166 74.872490
-14.942236 16.296739 80.742897
-16.249928 16.121525 79.896744
-11.903918 16.189858 73.180183
-10.596226 16.275938 74.026337
-16.249928 16.121525 79.896744
-17.557621 15.963289 79.050591
-13.211610 16.101174 72.334030
-11.903918 16.189858 73.180183
-17.557621 15.963289 79.050591
-18.865313 15.831218 78.204437
-14.519302 16.020295 71.487877
-13.211610 16.101174 72.334030
-18.865313 15.831218 78.204437
-20.173006 15.734676 77.358284
-15.826995 15.956427 70.641716
-14.519302 16.020295 71.487877
-20.173006 15.734676 77.358284
-21.480698 15.678348 76.512123
-17.134687 15.916382 69.795563
-15.826995 15.956427 70.641716
-21.480698 15.678348 76.512123
-22.788389 15.649767 75.665970
-18.442379 15.903690 68.949409
-17.134687 15.916382 69.795563
-22.788389 15.649767 75.665970
-24.096083 15.646358 74.819817
-19.750072 15.918161 68.103256
-18.442379 15.903690 68.949409
-24.096083 15.646358 74.819817
-25.403774 15.664444 73.973663
-21.057764 15.955925 67.257103
-19.750072 15.918161 68.103256
-25.403774 15.664444 73.973663
-26.711466 15.697777 73.127510
-22.365456 16.009939 66.410950
-21.057764 15.955925 67.257103
-26.711466 15.697777 73.127510
-28.019159 15.738336 72.281357
-23.673149 16.070884 65.564796
-22.365456 16.009939 66.410950
-28.019159 15.738336 72.281357
-29.326851 15.777323 71.435204
-24.980841 16.128335 64.718643
-23.673149 16.070884 65.564796
-29.326851 15.777323 71.435204
-30.634544 15.806258 70.589050
-26.288534 16.172049 63.872490
-24.980841 16.128335 64.718643
-30.634544 15.806258 70.589050
-31.942236 15.818026 69.742897
-27.596226 16.193234 63.026333
-26.288534 16.172049 63.872490
-31.942236 15.818026 69.742897
-33.249928 15.807773 68.896744
-28.903917 16.185637 62.180180
-27.596226 16.193234 63.026333
-33.249928 15.807773 68.896744
-34.557621 15.773540 68.050591
-30.211611 16.146324 61.334026
-28.903917 16.185637 62.180180
-34.557621 15.773540 68.050591
-35.865314 15.716619 67.204437
-31.519302 16.076057 60.487873
-30.211611 16.146324 61.334026
-35.865314 15.716619 67.204437
-37.584663 15.613743 66.052788
-32.415337 16.009143 59.947212
-31.519302 16.076057 60.487873
-37.584663 15.613743 66.052788
-39.003941 15.498562 64.547081
-33.096058 15.977916 59.152924
-32.415337 16.009143 59.947212
-39.003941 15.498562 64.547081
-40.053944 15.418908 63.397076
-34.146057 15.902282 58.002922
-33.096058 15.977916 59.152924
-40.053944 15.418908 63.397076
-41.103943 15.353086 62.247078
-35.196056 15.805567 56.852924
-34.146057 15.902282 58.002922
-41.103943 15.353086 62.247078
-42.153942 15.307309 61.097076
-36.246059 15.695656 55.702923
-35.196056 15.805567 56.852924
-42.153942 15.307309 61.097076
-43.203941 15.286576 59.947079
-37.296059 15.581910 54.552921
-36.246059 15.695656 55.702923
-43.203941 15.286576 59.947079
-44.253941 15.294141 58.797077
-38.346058 15.474213 53.402924
-37.296059 15.581910 54.552921
-44.253941 15.294141 58.797077
-45.303944 15.331097 57.647076
-39.396057 15.381957 52.252922
-38.346058 15.474213 53.402924
-45.303944 15.331097 57.647076
-46.353943 15.396205 56.497078
-40.446056 15.313095 51.102924
-39.396057 15.381957 52.252922
-46.353943 15.396205 56.497078
-47.403942 15.485933 55.347076
-41.496059 15.273350 49.952923
-40.446056 15.313095 51.102924
-47.403942 15.485933 55.347076
-48.453941 15.594729 54.197079
-42.546059 15.265694 48.802921
-41.496059 15.273350 49.952923
-48.453941 15.594729 54.197079
-49.503941 15.715479 53.047077
-43.596058 15.290120 47.652924
-42.546059 15.265694 48.802921
-49.503941 15.715479 53.047077
-50.553944 15.840109 51.897076
-44.646057 15.343754 46.502922
-43.596058 15.290120 47.652924
-50.553944 15.840109 51.897076
-51.603943 15.960289 50.747078
-45.696056 15.421256 45.352924
-44.646057 15.343754 46.502922
-51.603943 15.960289 50.747078
-52.653942 16.068156 49.597076
-46.746059 15.515467 44.202923
-45.696056 15.421256 45.352924
-52.653942 16.068156 49.597076
-53.703941 16.156999 48.447079
-47.796059 15.618198 43.052921
-46.746059 15.515467 44.202923
-53.703941 16.156999 48.447079
-54.753941 16.221835 47.297077
-48.846058 15.721082 41.902924
-47.796059 15.618198 43.052921
-54.753941 16.221835 47.297077
-55.803944 16.259824 46.147076
-49.896057 15.816376 40.752922
-48.846058 15.721082 41.902924
-55.803944 16.259824 46.147076
-56.853943 16.270484 44.997078
-50.946056 15.897660 39.602924
-49.896057 15.816376 40.752922
-56.853943 16.270484 44.997078
-57.903942 16.255686 43.847076
-51.996059 15.960354 38.452923
-50.946056 15.897660 39.602924
-57.903942 16.255686 43.847076
-58.414822 16.236209 43.188831
-53.585178 16.012421 36.811169
-51.996059 15.960354 38.452923
-58.414822 16.236209 43.188831
-59.168163 16.229692 42.888054
-55.590454 15.993001 35.732635
-53.585178 16.012421 36.811169
-59.168163 16.229692 42.888054
-60.547474 16.201988 42.198399
-56.969765 15.953580 35.042980
-55.590454 15.993001 35.732635
-60.547474 16.201988 42.198399
-61.926785 16.169168 41.508743
-58.349075 15.903399 34.353325
-56.969765 15.953580 35.042980
-61.926785 16.169168 41.508743
-63.306095 16.140406 40.819088
-59.728386 15.851723 33.663670
-58.349075 15.903399 34.353325
-63.306095 16.140406 40.819088
-64.685410 16.124064 40.129433
-61.107697 15.807612 32.974014
-59.728386 15.851723 33.663670
-64.685410 16.124064 40.129433
-66.064720 16.126664 39.439777
-62.487007 15.778815 32.284359
-61.107697 15.807612 32.974014
-66.064720 16.126664 39.439777
-67.444023 16.152077 38.750122
-63.866318 15.770827 31.594706
-62.487007 15.778815 32.284359
-67.444023 16.152077 38.750122
-68.823334 16.201032 38.060467
-65.245628 15.786222 30.905050
-63.866318 15.770827 31.594706
-68.823334 16.201032 38.060467
-70.202644 16.270998 37.370811
-66.624939 15.824331 30.215395
-65.245628 15.786222 30.905050
-70.202644 16.270998 37.370811
-71.581955 16.356464 36.681156
-68.004250 15.881317 29.525740
-66.624939 15.824331 30.215395
-71.581955 16.356464 36.681156
-72.961266 16.449562 35.991501
-69.383560 15.950624 28.836084
-68.004250 15.881317 29.525740
-72.961266 16.449562 35.991501
-74.340576 16.540993 35.301846
-70.762871 16.023756 28.146429
-69.383560 15.950624 28.836084
-74.340576 16.540993 35.301846
-75.719887 16.621111 34.612190
-72.142181 16.091303 27.456774
-70.762871 16.023756 28.146429
-75.719887 16.621111 34.612190
-77.099197 16.681065 33.922535
-73.521492 16.144088 26.767118
-72.142181 16.091303 27.456774
-77.099197 16.681065 33.922535
-78.478508 16.713855 33.232880
-74.900803 16.174340 26.077463
-73.521492 16.144088 26.767118
-78.478508 16.713855 33.232880
-79.857819 16.715169 32.543224
-76.280113 16.176778 25.387808
-74.900803 16.174340 26.077463
-79.857819 16.715169 32.543224
-81.237129 16.683917 31.853571
-77.659424 16.149480 24.698153
-76.280113 16.176778 25.387808
-81.237129 16.683917 31.853571
-82.616440 16.622391 31.163916
-79.038734 16.094382 24.008497
-77.659424 16.149480 24.698153
-82.616440 16.622391 31.163916
-83.995750 16.536028 30.474260
-80.418045 16.017215 23.318844
-79.038734 16.094382 24.008497
-83.995750 16.536028 30.474260
-85.375061 16.432816 29.784605
-81.797356 15.926687 22.629189
-80.418045 16.017215 23.318844
-85.375061 16.432816 29.784605
-86.754372 16.322393 29.094950
-83.176666 15.832974 21.939533
-81.797356 15.926687 22.629189
-86.754372 16.322393 29.094950
-88.133682 16.214972 28.405294
-84.555977 15.745821 21.249878
-83.176666 15.832974 21.939533
-88.133682 16.214972 28.405294
-89.512993 16.120184 27.715639
-85.935280 15.672831 20.560223
-84.555977 15.745821 21.249878
-89.512993 16.120184 27.715639
-90.892303 16.046004 27.025984
-87.314590 15.618432 19.870567
-85.935280 15.672831 20.560223
-90.892303 16.046004 27.025984
-92.271614 15.997874 26.336329
-88.693901 15.583782 19.180912
-87.314590 15.618432 19.870567
-92.271614 15.997874 26.336329
-93.650925 15.999321 25.646675
-90.073212 15.567477 18.491257
-88.693901 15.583782 19.180912
-93.650925 15.999321 25.646675
-95.030235 16.079658 24.957020
-91.452522 15.566674 17.801601
-90.073212 15.567477 18.491257
-95.030235 16.079658 24.957020
-96.409546 16.233294 24.267365
-92.831833 15.580845 17.111946
-91.452522 15.566674 17.801601
-96.409546 16.233294 24.267365
-99.088890 16.684330 22.541405
-92.831833 15.580845 17.111946
-92.911110 15.549725 17.458595
-99.088890 16.684330 22.541405
-100.256226 16.811285 19.572229
-92.911110 15.549725 17.458595
-92.529488 15.552380 17.499201
-100.256226 16.811285 19.572229
-100.649086 16.802526 18.107943
-92.922340 15.749948 16.034914
-92.529488 15.552380 17.499201
-100.649086 16.802526 18.107943
-101.041946 16.779336 16.643658
-93.315201 16.132674 14.570628
-92.922340 15.749948 16.034914
-101.041946 16.779336 16.643658
-101.434799 16.749152 15.179372
-93.708054 16.668558 13.106343
-93.315201 16.132674 14.570628
-101.434799 16.749152 15.179372
-101.827660 16.720381 13.715086
-94.100914 17.244461 11.642057
-93.708054 16.668558 13.106343
-101.827660 16.720381 13.715086
-102.220512 16.701232 12.250800
-94.493774 17.709360 10.177772
-94.100914 17.244461 11.642057
-102.220512 16.701232 12.250800
-102.613373 16.698343 10.786514
-94.886627 17.950450 8.713486
-94.493774 17.709360 10.177772
-102.613373 16.698343 10.786514
-103.006226 16.715342 9.322228
-95.279488 17.926384 7.249200
-94.886627 17.950450 8.713486
-103.006226 16.715342 9.322228
-103.399086 16.751831 7.857943
-95.672340 17.577240 5.784914
-95.279488 17.926384 7.249200
-103.399086 16.751831 7.857943
-103.791946 16.803391 6.393657
-96.065201 17.104613 4.320629
-95.672340 17.577240 5.784914
-103.791946 16.803391 6.393657
-104.184799 16.862923 4.929371
-96.458054 16.617191 2.856343
-96.065201 17.104613 4.320629
-104.184799 16.862923 4.929371
-104.577660 16.922900 3.465086
-96.850914 16.178879 1.392057
-96.458054 16.617191 2.856343
-104.577660 16.922900 3.465086
-104.970512 16.977687 2.000800
-97.243774 15.821420 -0.072229
-96.850914 16.178879 1.392057
-104.970512 16.977687 2.000800
-105.363373 17.025089 0.536514
-97.636627 15.557294 -1.536514
-97.243774 15.821420 -0.072229
-105.363373 17.025089 0.536514
-105.756226 17.066739 -0.927771
-98.029488 15.390779 -3.000800
-97.636627 15.557294 -1.536514
-105.756226 17.066739 -0.927771
-106.149086 17.107492 -2.392057
-98.422340 15.324680 -4.465086
-98.029488 15.390779 -3.000800
-106.149086 17.107492 -2.392057
-106.541946 17.154283 -3.856343
-98.815201 15.363247 -5.929371
-98.422340 15.324680 -4.465086
-106.541946 17.154283 -3.856343
-106.934799 17.214922 -5.320629
-99.208054 15.512570 -7.393657
-98.815201 15.363247 -5.929371
-106.934799 17.214922 -5.320629
-107.327660 17.297148 -6.784914
-99.600914 15.779025 -8.857943
-99.208054 15.512570 -7.393657
-107.327660 17.297148 -6.784914
-107.720512 17.407988 -8.249200
-99.993774 16.165141 -10.322228
-99.600914 15.779025 -8.857943
-107.720512 17.407988 -8.249200
-108.113373 17.553254 -9.713486
-100.386627 16.661531 -11.786514
-99.993774 16.165141 -10.322228
-108.113373 17.553254 -9.713486
-108.506226 17.736893 -11.177772
-100.779488 17.234411 -13.250800
-100.386627 16.661531 -11.786514
-108.506226 17.736893 -11.177772
-108.899086 17.960048 -12.642057
-101.172340 17.810288 -14.715086
-100.779488 17.234411 -13.250800
-108.899086 17.960048 -12.642057
-109.291946 18.220046 -14.106343
-101.565201 18.216210 -16.179371
-101.172340 17.810288 -14.715086
-109.291946 18.220046 -14.106343
-109.684799 18.509777 -15.570628
-101.958054 18.390836 -17.643658
-101.565201 18.216210 -16.179371
-109.684799 18.509777 -15.570628
-110.077660 18.817971 -17.034914
-102.350914 18.355653 -19.107943
-101.958054 18.390836 -17.643658
-110.077660 18.817971 -17.034914
-110.470512 19.130427 -18.499201
-102.743774 18.143645 -20.572229
-102.350914 18.355653 -19.107943
-110.470512 19.130427 -18.499201
-110.999641 19.573682 -20.946671
-103.000359 18.020172 -21.053329
-102.743774 18.143645 -20.572229
-110.999641 19.573682 -20.946671
-110.544624 19.566868 -23.428850
-102.749496 18.004096 -21.629974
-103.000359 18.020172 -21.053329
-110.544624 19.566868 -23.428850
-110.191681 19.480897 -24.958261
-102.396553 17.826739 -23.159386
-102.749496 18.004096 -21.629974
-110.191681 19.480897 -24.958261
-109.838737 19.362189 -26.487673
-102.043610 17.595790 -24.688797
-102.396553 17.826739 -23.159386
-109.838737 19.362189 -26.487673
-109.485802 19.228832 -28.017086
-101.690674 17.357045 -26.218208
-102.043610 17.595790 -24.688797
-109.485802 19.228832 -28.017086
-109.132858 19.102333 -29.546497
-101.337730 17.156056 -27.747622
-101.690674 17.357045 -26.218208
-109.132858 19.102333 -29.546497
-108.779915 19.001305 -31.075909
-100.984787 17.024121 -29.277033
-101.337730 17.156056 -27.747622
-108.779915 19.001305 -31.075909
-108.426979 18.936023 -32.605320
-100.631844 16.968622 -30.806444
-100.984787 17.024121 -29.277033
-108.426979 18.936023 -32.605320
-108.074036 18.905462 -34.134731
-100.278908 16.972739 -32.335857
-100.631844 16.968622 -30.806444
-108.074036 18.905462 -34.134731
-107.721092 18.897701 -35.664143
-99.925964 17.004735 -33.865269
-100.278908 16.972739 -32.335857
-107.721092 18.897701 -35.664143
-107.368156 18.893562 -37.193554
-99.573021 17.031655 -35.394680
-99.925964 17.004735 -33.865269
-107.368156 18.893562 -37.193554
-107.015213 18.872416 -38.722969
-99.220085 17.030729 -36.924091
-99.573021 17.031655 -35.394680
-107.015213 18.872416 -38.722969
-106.662270 18.818399 -40.252380
-98.867142 17.047753 -38.453503
-99.220085 17.030729 -36.924091
-106.662270 18.818399 -40.252380
-106.309326 18.725214 -41.781792
-98.514198 17.163277 -39.982914
-98.867142 17.047753 -38.453503
-106.309326 18.725214 -41.781792
-105.956390 18.598052 -43.311203
-98.161263 17.358423 -41.512325
-98.514198 17.163277 -39.982914
-105.956390 18.598052 -43.311203
-105.603447 18.449032 -44.840614
-97.808319 17.591142 -43.041737
-98.161263 17.358423 -41.512325
-105.603447 18.449032 -44.840614
-105.250504 18.270974 -46.370026
-97.455376 17.790722 -44.571152
-97.808319 17.591142 -43.041737
-105.250504 18.270974 -46.370026
-104.288223 17.977308 -49.277626
-97.711777 17.783785 -44.722374
-97.455376 17.790722 -44.571152
-104.288223 17.977308 -49.277626
-101.906303 17.866783 -51.203201
-97.711777 17.783785 -44.722374
-97.468697 17.787626 -44.546799
-101.906303 17.866783 -51.203201
-100.593803 17.880000 -52.078201
-96.156197 17.880000 -45.421799
-97.468697 17.787626 -44.546799
-100.593803 17.880000 -52.078201
-99.281303 17.880000 -52.953201
-94.843697 17.880000 -46.296799
-96.156197 17.880000 -45.421799
-97.968803 17.880000 -53.828201
-93.531197 17.880000 -47.171799
-96.656303 17.880000 -54.703201
-92.218697 17.880000 -48.046799
-95.343803 17.880000 -55.578201
-90.906197 17.880000 -48.921799
-94.031303 17.880000 -56.453201
-89.593697 17.880000 -49.796799
-92.718803 17.880000 -57.328201
-88.281197 17.880000 -50.671799
-91.406303 17.880000 -58.203201
-86.968697 17.880000 -51.546799
-90.093803 17.880000 -59.078201
-85.656197 17.880000 -52.421799
-88.781303 17.880000 -59.953201
-84.343697 17.880000 -53.296799
-87.468803 17.880000 -60.828201
-83.031197 17.880000 -54.171799
-86.156303 17.880000 -61.703201
-81.718697 17.880000 -55.046799
-84.843803 17.880000 -62.578201
-80.406197 17.880000 -55.921799
-83.531303 17.880000 -63.453201
-79.093697 17.880000 -56.796799
-81.172417 17.880000 -64.824318
-78.827583 17.880000 -57.175678
-78.458336 17.880000 -65.000000
-78.458336 17.880000 -57.000000
-76.916664 17.880000 -65.000000
-76.916664 17.880000 -57.000000
-75.375000 17.880000 -65.000000
-75.375000 17.880000 -57.000000
-73.833336 17.880000 -65.000000
-73.833336 17.880000 -57.000000
-72.291664 17.880000 -65.000000
-72.291664 17.880000 -57.000000
-70.750000 17.880000 -65.000000
-70.750000 17.880000 -57.000000
-69.208336 17.880000 -65.000000
-69.208336 17.880000 -57.000000
-67.666664 17.880000 -65.000000
-67.666664 17.880000 -57.000000
-66.125000 17.880000 -65.000000
-66.125000 17.880000 -57.000000
-64.583336 17.880000 -65.000000
-64.583336 17.880000 -57.000000
-63.041668 17.880000 -65.000000
-63.041668 17.880000 -57.000000
-61.500000 17.880000 -65.000000
-61.500000 17.880000 -57.000000
-59.958332 17.880000 -65.000000
-59.958332 17.880000 -57.000000
-58.416668 17.880000 -65.000000
-58.416668 17.880000 -57.000000
-56.875000 17.880000 -65.000000
-56.875000 17.880000 -57.000000
-56.875000 17.880000 -65.000000
-55.333332 17.880000 -65.000000
-55.333332 17.876437 -57.000000
-56.875000 17.880000 -57.000000
-55.333332 17.880000 -65.000000
-53.791668 17.711002 -65.000000
-53.791668 17.629290 -57.000000
-55.333332 17.876437 -57.000000
-53.791668 17.711002 -65.000000
-52.250000 17.294811 -65.000000
-52.250000 17.162285 -57.000000
-53.791668 17.629290 -57.000000
-52.250000 17.294811 -65.000000
-50.708332 16.907570 -65.000000
-50.708332 16.744527 -57.000000
-52.250000 17.162285 -57.000000
-50.708332 16.907570 -65.000000
-49.166668 16.736211 -65.000000
-49.166668 16.572862 -57.000000
-50.708332 16.744527 -57.000000
-49.166668 16.736211 -65.000000
-47.625000 16.826694 -65.000000
-47.625000 16.706399 -57.000000
-49.166668 16.572862 -57.000000
-47.625000 16.826694 -65.000000
-46.083332 17.069219 -65.000000
-46.083332 16.995173 -57.000000
-47.625000 16.706399 -57.000000
-46.083332 17.069219 -65.000000
-44.541668 17.260102 -65.000000
-44.541668 17.228317 -57.000000
-46.083332 16.995173 -57.000000
-44.541668 17.260102 -65.000000
-43.000000 17.366987 -65.000000
-43.000000 17.363419 -57.000000
-44.541668 17.228317 -57.000000
89.022766 16.147119 79.347229
87.582764 16.267150 79.787231
85.537231 16.101069 73.092766
86.977234 16.105293 72.652771
87.582764 16.267150 79.787231
86.142761 16.405024 80.227234
84.097237 16.083534 73.532768
85.537231 16.101069 73.092766
86.142761 16.405024 80.227234
84.702766 16.552576 80.667229
82.657234 16.059807 73.972771
84.097237 16.083534 73.532768
84.702766 16.552576 80.667229
83.262764 16.700027 81.107231
81.217232 16.035956 74.412773
82.657234 16.059807 73.972771
83.262764 16.700027 81.107231
81.822762 16.837227 81.547234
79.777237 16.016870 74.852768
81.217232 16.035956 74.412773
81.822762 16.837227 81.547234
80.382767 16.955053 81.987228
78.337234 16.005330 75.292770
79.777237 16.016870 74.852768
80.382767 16.955053 81.987228
78.942764 17.046745 82.427231
76.897232 16.001758 75.732773
78.337234 16.005330 75.292770
78.942764 17.046745 82.427231
77.502762 17.108963 82.867233
75.457237 16.004431 76.172768
76.897232 16.001758 75.732773
77.502762 17.108963 82.867233
76.062767 17.142409 83.307228
74.017235 16.010068 76.612770
75.457237 16.004431 76.172768
76.062767 17.142409 83.307228
74.622765 17.151898 83.747231
72.577232 16.014757 77.052773
74.017235 16.010068 76.612770
74.622765 17.151898 83.747231
73.182762 17.145856 84.187233
71.137238 16.019528 77.492767
72.577232 16.014757 77.052773
73.182762 17.145856 84.187233
71.742767 17.135296 84.627228
69.697235 16.024943 77.932770
71.137238 16.019528 77.492767
71.742767 17.135296 84.627228
70.302765 17.132408 85.067230
68.257233 16.030311 78.372772
69.697235 16.024943 77.932770
70.302765 17.132408 85.067230
68.862762 17.148966 85.507233
66.817238 16.036952 78.812767
68.257233 16.030311 78.372772
68.862762 17.148966 85.507233
67.422768 17.194765 85.947227
65.377235 16.048063 79.252769
66.817238 16.036952 78.812767
67.422768 17.194765 85.947227
65.982765 17.276308 86.387230
63.937237 16.068172 79.692772
65.377235 16.048063 79.252769
65.982765 17.276308 86.387230
64.542763 17.395937 86.827232
62.497234 16.102277 80.132767
63.937237 16.068172 79.692772
64.542763 17.395937 86.827232
63.102764 17.551520 87.267227
61.057236 16.154795 80.572769
62.497234 16.102277 80.132767
63.102764 17.551520 87.267227
61.662766 17.736729 87.707230
59.617233 16.228517 81.012772
61.057236 16.154795 80.572769
61.662766 17.736729 87.707230
60.222763 17.941873 88.147232
58.177235 16.323747 81.452766
59.617233 16.228517 81.012772
60.222763 17.941873 88.147232
58.782764 18.155153 88.587227
56.737236 16.437797 81.892769
58.177235 16.323747 81.452766
58.782764 18.155153 88.587227
57.342766 18.364147 89.027229
55.297234 16.564932 82.332771
56.737236 16.437797 81.892769
57.342766 18.364147 89.027229
55.902763 18.557327 89.467232
53.857235 16.696821 82.772766
55.297234 16.564932 82.332771
55.902763 18.557327 89.467232
54.462765 18.725375 89.907234
52.417236 16.823443 83.212769
53.857235 16.696821 82.772766
54.462765 18.725375 89.907234
52.347767 18.892731 90.482681
51.652233 16.901068 83.517319
52.417236 16.823443 83.212769
52.347767 18.892731 90.482681
50.140102 18.763096 90.342094
50.788467 16.870680 83.372192
51.652233 16.901068 83.517319
50.140102 18.763096 90.342094
48.604389 18.614281 90.199242
49.252754 16.822885 83.229332
50.788467 16.870680 83.372192
48.604389 18.614281 90.199242
47.068676 18.430810 90.056381
47.717037 16.750261 83.086472
49.252754 16.822885 83.229332
47.068676 18.430810 90.056381
45.532963 18.218049 89.913528
46.181324 16.656194 82.943619
47.717037 16.750261 83.086472
45.532963 18.218049 89.913528
43.997246 17.984360 89.770668
44.645611 16.546526 82.800758
46.181324 16.656194 82.943619
43.997246 17.984360 89.770668
42.461533 17.740527 89.627808
43.109898 16.428898 82.657906
44.645611 16.546526 82.800758
42.461533 17.740527 89.627808
40.925819 17.498915 89.484955
41.574181 16.311920 82.515045
43.109898 16.428898 82.657906
40.925819 17.498915 89.484955
39.390102 17.272432 89.342094
40.038467 16.204219 82.372192
41.574181 16.311920 82.515045
39.390102 17.272432 89.342094
37.854389 17.073403 89.199242
38.502754 16.113511 82.229332
40.038467 16.204219 82.372192
37.854389 17.073403 89.199242
36.318676 16.912466 89.056381
36.967037 16.045763 82.086472
38.502754 16.113511 82.229332
36.318676 16.912466 89.056381
34.782963 16.797600 88.913528
35.431324 16.004568 81.943619
36.967037 16.045763 82.086472
34.782963 16.797600 88.913528
33.247246 16.733382 88.770668
33.895611 15.990783 81.800758
35.431324 16.004568 81.943619
33.247246 16.733382 88.770668
31.711533 16.720566 88.627808
32.359898 16.002470 81.657906
33.895611 15.990783 81.800758
31.711533 16.720566 88.627808
30.175817 16.756008 88.484955
30.824183 16.035153 81.515045
32.359898 16.002470 81.657906
30.175817 16.756008 88.484955
28.640104 16.832961 88.342094
29.288467 16.082359 81.372192
30.824183 16.035153 81.515045
28.640104 16.832961 88.342094
27.104389 16.941709 88.199242
27.752752 16.136368 81.229332
29.288467 16.082359 81.372192
27.104389 16.941709 88.199242
25.568676 17.070474 88.056381
26.217039 16.189109 81.086472
27.752752 16.136368 81.229332
25.568676 17.070474 88.056381
24.032961 17.206504 87.913528
24.681324 16.233073 80.943619
26.217039 16.189109 81.086472
24.032961 17.206504 87.913528
22.497248 17.337239 87.770668
23.145611 16.262169 80.800758
24.681324 16.233073 80.943619
22.497248 17.337239 87.770668
20.961533 17.451433 87.627808
21.609896 16.272401 80.657906
23.145611 16.262169 80.800758
20.961533 17.451433 87.627808
19.425817 17.540112 87.484955
20.074183 16.262307 80.515045
21.609896 16.272401 80.657906
19.425817 17.540112 87.484955
17.890104 17.597300 87.342094
18.538467 16.233096 80.372192
20.074183 16.262307 80.515045
17.890104 17.597300 87.342094
16.354389 17.620409 87.199242
17.002752 16.188486 80.229332
18.538467 16.233096 80.372192
16.354389 17.620409 87.199242
14.818675 17.610295 87.056381
15.467039 16.134243 80.086472
17.002752 16.188486 80.229332
14.818675 17.610295 87.056381
13.282961 17.570956 86.913528
13.931325 16.077481 79.943619
15.467039 16.134243 80.086472
13.282961 17.570956 86.913528
11.747247 17.508933 86.770668
12.395611 16.025804 79.800758
13.931325 16.077481 79.943619
11.747247 17.508933 86.770668
10.211533 17.432465 86.627808
10.859896 15.986386 79.657906
12.395611 16.025804 79.800758
10.211533 17.432465 86.627808
9.095855 17.366747 86.498688
8.904145 15.966061 79.501312
10.859896 15.986386 79.657906
9.095855 17.366747 86.498688
7.963774 17.379732 86.690033
6.945316 16.028474 79.764519
8.904145 15.966061 79.501312
7.963774 17.379732 86.690033
6.418320 17.396297 86.917305
5.399862 16.096841 79.991791
6.945316 16.028474 79.764519
6.418320 17.396297 86.917305
4.872865 17.428403 87.144577
3.854407 16.174667 80.219063
5.399862 16.096841 79.991791
4.872865 17.428403 87.144577
3.327411 17.482443 87.371849
2.308953 16.256749 80.446335
3.854407 16.174667 80.219063
3.327411 17.482443 87.371849
1.781956 17.562345 87.599121
0.763498 16.338138 80.673607
2.308953 16.256749 80.446335
1.781956 17.562345 87.599121
0.236502 17.669019 87.826393
-0.781956 16.414585 80.900879
0.763498 16.338138 80.673607
0.236502 17.669019 87.826393
-1.308953 17.800133 88.053665
-2.327411 16.482875 81.128151
-0.781956 16.414585 80.900879
-1.308953 17.800133 88.053665
-2.854407 17.950252 88.280937
-3.872865 16.541021 81.355423
-2.327411 16.482875 81.128151
-2.854407 17.950252 88.280937
-4.399862 18.111339 88.508209
-5.418320 16.588307 81.582695
-3.872865 16.541021 81.355423
-4.399862 18.111339 88.508209
-5.945316 18.273567 88.735481
-6.963774 16.625204 81.809967
-5.418320 16.588307 81.582695
-5.945316 18.273567 88.735481
-7.490771 18.426370 88.962753
-8.509229 16.653175 82.037247
-6.963774 16.625204 81.809967
-7.490771 18.426370 88.962753
-9.036225 18.559608 89.190033
-10.054684 16.674415 82.264519
-8.509229 16.653175 82.037247
-9.036225 18.559608 89.190033
-10.581680 18.664731 89.417305
-11.600138 16.691563 82.491791
-10.054684 16.674415 82.264519
-10.581680 18.664731 89.417305
-12.127134 18.735816 89.644577
-13.145593 16.707420 82.719063
-11.600138 16.691563 82.491791
-12.127134 18.735816 89.644577
-13.672589 18.770345 89.871849
-14.691047 16.724709 82.946335
-13.145593 16.707420 82.719063
-13.672589 18.770345 89.871849
-15.218043 18.769641 90.099121
-16.236502 16.745901 83.173607
-14.691047 16.724709 82.946335
-15.218043 18.769641 90.099121
-16.763498 18.738903 90.326393
-17.781956 16.773101 83.400879
-16.236502 16.745901 83.173607
-16.763498 18.738903 90.326393
-18.308952 18.686834 90.553665
-19.327412 16.808009 83.628151
-17.781956 16.773101 83.400879
-18.308952 18.686834 90.553665
-19.854408 18.624872 90.780937
-20.872866 16.851924 83.855423
-19.327412 16.808009 83.628151
-19.854408 18.624872 90.780937
-21.399862 18.566124 91.008209
-22.418320 16.905781 84.082695
-20.872866 16.851924 83.855423
-21.399862 18.566124 91.008209
-22.945316 18.524088 91.235481
-23.963774 16.970191 84.309967
-22.418320 16.905781 84.082695
-22.945316 18.524088 91.235481
-24.320986 18.509887 91.433502
-25.679014 17.055252 84.566498
-23.963774 16.970191 84.309967
-24.320986 18.509887 91.433502
-25.651125 18.561045 91.770500
-27.348875 17.181024 84.979500
-25.679014 17.055252 84.566498
-25.651125 18.561045 91.770500
-27.151125 18.658957 92.145500
-28.848875 17.303433 85.354500
-27.348875 17.181024 84.979500
-27.151125 18.658957 92.145500
-28.651125 18.805210 92.520500
-30.348875 17.436314 85.729500
-28.848875 17.303433 85.354500
-28.651125 18.805210 92.520500
-30.151125 18.999798 92.895500
-31.848875 17.581988 86.104500
-30.348875 17.436314 85.729500
-30.151125 18.999798 92.895500
-31.651125 19.238014 93.270500
-33.348873 17.742126 86.479500
-31.848875 17.581988 86.104500
-31.651125 19.238014 93.270500
-33.151127 19.511012 93.645500
-34.848873 17.917536 86.854500
-33.348873 17.742126 86.479500
-33.151127 19.511012 93.645500
-34.651127 19.806858 94.020500
-36.348873 18.116468 87.229500
-34.848873 17.917536 86.854500
-34.651127 19.806858 94.020500
-36.151127 20.111915 94.395500
-37.848873 18.396070 87.604500
-36.348873 18.116468 87.229500
-36.151127 20.111915 94.395500
-37.651127 20.412399 94.770500
-39.348873 18.841030 87.979500
-37.848873 18.396070 87.604500
-37.651127 20.412399 94.770500
-39.151127 20.695880 95.145500
-40.848873 19.328520 88.354500
-39.348873 18.841030 87.979500
-39.151127 20.695880 95.145500
-40.651127 20.952555 95.520500
-42.348873 19.597935 88.729500
-40.848873 19.328520 88.354500
-40.651127 20.952555 95.520500
-42.151127 21.176115 95.895500
-43.848873 19.636309 89.104500
-42.348873 19.597935 88.729500
-42.151127 21.176115 95.895500
-43.651127 21.364127 96.270500
-45.348873 19.614160 89.479500
-43.848873 19.636309 89.104500
-43.651127 21.364127 96.270500
-45.151127 21.517892 96.645500
-46.848873 19.648841 89.854500
-45.348873 19.614160 89.479500
-45.151127 21.517892 96.645500
-46.651127 21.641821 97.020500
-48.348873 19.759758 90.229500
-46.848873 19.648841 89.854500
-46.651127 21.641821 97.020500
-48.151127 21.742444 97.395500
-49.848873 19.873545 90.604500
-48.348873 19.759758 90.229500
-48.151127 21.742444 97.395500
-49.651127 21.827202 97.770500
-51.348873 19.841417 90.979500
-49.848873 19.873545 90.604500
-49.651127 21.827202 97.770500
-51.151127 21.903210 98.145500
-52.848873 19.621436 91.354500
-51.348873 19.841417 90.979500
-51.151127 21.903210 98.145500
-52.651127 21.976160 98.520500
-54.348873 19.397806 91.729500
-52.848873 19.621436 91.354500
-52.651127 21.976160 98.520500
-54.151127 22.049518 98.895500
-55.848873 19.293042 92.104500
-54.348873 19.397806 91.729500
-54.151127 22.049518 98.895500
-55.651127 22.124113 99.270500
-57.348873 19.255769 92.479500
-55.848873 19.293042 92.104500
-55.651127 22.124113 99.270500
-57.151127 22.198170 99.645500
-58.848873 19.243999 92.854500
-57.348873 19.255769 92.479500
-57.151127 22.198170 99.645500
-58.651127 22.267733 100.020500
-60.348873 19.254261 93.229500
-58.848873 19.243999 92.854500
-58.651127 22.267733 100.020500
-61.848873 22.204014 100.395500
-60.348873 19.254261 93.229500
-60.151127 19.414792 93.604500
-61.848873 22.204014 100.395500
-64.492287 21.214349 98.555305
-60.151127 19.414792 93.604500
-59.783577 19.357088 93.375725
-64.492287 21.214349 98.555305
-65.630219 20.685803 97.520828
-60.921509 18.882858 92.341248
-59.783577 19.357088 93.375725
-65.630219 20.685803 97.520828
-66.768150 20.174371 96.486343
-62.059437 18.455712 91.306763
-60.921509 18.882858 92.341248
-66.768150 20.174371 96.486343
-67.906082 19.689632 95.451859
-63.197369 18.081331 90.272278
-62.059437 18.455712 91.306763
-67.906082 19.689632 95.451859
-69.044006 19.237480 94.417374
-64.335297 17.760360 89.237793
-63.197369 18.081331 90.272278
-69.044006 19.237480 94.417374
-70.181938 18.820292 93.382896
-65.473228 17.489014 88.203316
-64.335297 17.760360 89.237793
-70.181938 18.820292 93.382896
-71.319870 18.437445 92.348412
-66.611160 17.260122 87.168831
-65.473228 17.489014 88.203316
-71.319870 18.437445 92.348412
-72.457802 18.086095 91.313927
-67.749092 17.064509 86.134346
-66.611160 17.260122 87.168831
-72.457802 18.086095 91.313927
-73.595734 17.762143 90.279442
-68.887024 16.892531 85.099861
-67.749092 17.064509 86.134346
-73.595734 17.762143 90.279442
-74.733665 17.461234 89.244965
-70.024956 16.735610 84.065384
-68.887024 16.892531 85.099861
-74.733665 17.461234 89.244965
-75.871597 17.179706 88.210480
-71.162888 16.587580 83.030899
-70.024956 16.735610 84.065384
-75.871597 17.179706 88.210480
-77.009529 16.915358 87.175995
-72.300819 16.445703 81.996414
-71.162888 16.587580 83.030899
-77.009529 16.915358 87.175995
-78.147461 16.667978 86.141518
-73.438751 16.311243 80.961937
-72.300819 16.445703 81.996414
-78.147461 16.667978 86.141518
-79.285393 16.439550 85.107033
-74.576683 16.189527 79.927452
-73.438751 16.311243 80.961937
-79.285393 16.439550 85.107033
-80.423317 16.234151 84.072548
-75.714607 16.089487 78.892967
-74.576683 16.189527 79.927452
-80.423317 16.234151 84.072548
-81.561249 16.057531 83.038063
-76.852539 16.022720 77.858482
-75.714607 16.089487 78.892967
-81.561249 16.057531 83.038063
-82.699181 15.916447 82.003586
-77.990471 16.001628 76.824005
-76.852539 16.022720 77.858482
-82.699181 15.916447 82.003586
-83.837112 15.817817 80.969101
-79.128403 16.012853 75.789520
-77.990471 16.001628 76.824005
-83.837112 15.817817 80.969101
-84.975044 15.767806 79.934616
-80.266335 16.047801 74.755035
-79.128403 16.012853 75.789520
-84.975044 15.767806 79.934616
-86.112976 15.770945 78.900139
-81.404266 16.107825 73.720558
-80.266335 16.047801 74.755035
-86.112976 15.770945 78.900139
-87.250908 15.829403 77.865654
-82.542198 16.191762 72.686073
-81.404266 16.107825 73.720558
-87.250908 15.829403 77.865654
-88.388840 15.941906 76.831169
-83.680130 16.295981 71.651588
-82.542198 16.191762 72.686073
-88.388840 15.941906 76.831169
-89.526772 16.075702 75.796684
-84.818062 16.414674 70.617104
-83.680130 16.295981 71.651588
-89.526772 16.075702 75.796684
-90.664703 16.206971 74.762207
-85.955994 16.540390 69.582626
-84.818062 16.414674 70.617104
-90.664703 16.206971 74.762207
-91.802628 16.327393 73.727722
-87.093918 16.664726 68.548141
-85.955994 16.540390 69.582626
-91.802628 16.327393 73.727722
-92.940559 16.433838 72.693237
-88.231850 16.779120 67.513657
-87.093918 16.664726 68.548141
-92.940559 16.433838 72.693237
-94.078491 16.545741 71.658752
-89.369781 16.875679 66.479172
-88.231850 16.779120 67.513657
-94.078491 16.545741 71.658752
-95.216423 16.659574 70.624275
-90.507713 16.947922 65.444695
-89.369781 16.875679 66.479172
-95.216423 16.659574 70.624275
-96.354355 16.768829 69.589790
-91.645645 16.991404 64.410210
-90.507713 16.947922 65.444695
43.923061 17.338491 -68.800034
45.367508 17.254640 -69.355591
47.521381 17.066748 -63.755520
46.076939 17.203232 -63.199963
45.367508 17.254640 -69.355591
46.811951 17.147068 -69.911148
48.965828 16.914414 -64.311073
47.521381 17.066748 -63.755520
46.811951 17.147068 -69.911148
48.256397 17.020326 -70.466705
50.410271 16.758772 -64.866631
48.965828 16.914414 -64.311073
48.256397 17.020326 -70.466705
49.700840 16.869832 -71.022263
51.854713 16.609020 -65.422188
50.410271 16.758772 -64.866631
49.700840 16.869832 -71.022263
51.145287 16.692584 -71.577812
53.299160 16.474811 -65.977737
51.854713 16.609020 -65.422188
51.145287 16.692584 -71.577812
52.589729 16.498881 -72.133369
54.743603 16.372954 -66.533295
53.299160 16.474811 -65.977737
52.589729 16.498881 -72.133369
54.034172 16.320330 -72.688927
56.188049 16.273881 -67.088852
54.743603 16.372954 -66.533295
54.034172 16.320330 -72.688927
55.478619 16.187490 -73.244484
57.632492 16.236248 -67.644409
56.188049 16.273881 -67.088852
55.478619 16.187490 -73.244484
56.923061 16.065879 -73.800034
59.076939 16.423304 -68.199966
57.632492 16.236248 -67.644409
56.923061 16.065879 -73.800034
58.367508 15.963105 -74.355591
60.521381 16.778991 -68.755516
59.076939 16.423304 -68.199966
58.367508 15.963105 -74.355591
59.811951 15.899136 -74.911148
61.965828 17.219006 -69.311073
60.521381 16.778991 -68.755516
59.811951 15.899136 -74.911148
61.256397 15.996834 -75.466705
63.410271 17.643394 -69.866631
61.965828 17.219006 -69.311073
61.256397 15.996834 -75.466705
62.700840 16.233584 -76.022263
64.854713 17.954116 -70.422188
63.410271 17.643394 -69.866631
62.700840 16.233584 -76.022263
64.145287 16.538903 -76.577812
66.299156 18.079153 -70.977737
64.854713 17.954116 -70.422188
64.145287 16.538903 -76.577812
65.589729 16.853822 -77.133369
67.743607 18.080000 -71.533295
66.299156 18.079153 -70.977737
65.589729 16.853822 -77.133369
67.034172 17.140269 -77.688927
69.188049 18.080000 -72.088852
67.743607 18.080000 -71.533295
67.034172 17.140269 -77.688927
68.478615 17.376114 -78.244484
70.632492 18.080000 -72.644409
69.188049 18.080000 -72.088852
68.478615 17.376114 -78.244484
71.264244 17.748804 -78.988342
70.735756 18.080000 -73.011658
70.632492 18.080000 -72.644409
71.264244 17.748804 -78.988342
73.874908 18.080000 -77.765594
70.765099 18.080000 -72.634407
70.735756 18.080000 -73.011658
73.874908 18.080000 -77.765594
75.194908 18.080000 -76.965591
72.085098 18.080000 -71.834404
70.765099 18.080000 -72.634407
76.514908 18.080000 -76.165596
73.405098 18.080000 -71.034409
77.834908 18.080000 -75.365593
74.725098 18.080000 -70.234406
79.154907 18.080000 -74.565590
76.045097 18.080000 -69.434410
80.474907 18.080000 -73.765594
77.365097 18.080000 -68.634407
81.794907 18.080000 -72.965591
78.685097 18.080000 -67.834404
83.114906 18.080000 -72.165596
80.005096 18.080000 -67.034409
84.434906 18.080000 -71.365593
81.325096 18.080000 -66.234406
85.754906 18.080000 -70.565590
82.645096 18.080000 -65.434410
87.074905 18.080000 -69.765594
83.965096 18.080000 -64.634407
88.394905 18.080000 -68.965591
85.285095 18.080000 -63.834408
89.714905 18.080000 -68.165596
86.605095 18.080000 -63.034405
91.034904 18.080000 -67.365593
87.925095 18.080000 -62.234406
92.354904 18.080000 -66.565590
89.245094 18.080000 -61.434406
93.674904 18.080000 -65.765594
90.565094 18.080000 -60.634407
94.994904 18.080000 -64.965591
91.885094 18.080000 -59.834408
96.314903 18.080000 -64.165596
93.205093 18.080000 -59.034405
97.634903 18.080000 -63.365593
94.525093 18.080000 -58.234406
98.954903 18.080000 -62.565594
95.845093 18.080000 -57.434406
98.954903 18.080000 -62.565594
100.274902 18.073679 -61.765594
97.165092 18.080000 -56.634407
95.845093 18.080000 -57.434406
100.274902 18.073679 -61.765594
101.594902 17.912689 -60.965595
98.485092 18.080000 -55.834408
97.165092 18.080000 -56.634407
101.594902 17.912689 -60.965595
102.914902 17.663981 -60.165592
99.805092 17.967588 -55.034405
98.485092 18.080000 -55.834408
102.914902 17.663981 -60.165592
104.234901 17.474857 -59.365593
101.125092 17.602512 -54.234406
99.805092 17.967588 -55.034405
104.234901 17.474857 -59.365593
106.420792 17.532544 -57.771938
101.579208 17.496985 -54.228062
101.125092 17.602512 -54.234406
106.420792 17.532544 -57.771938
107.291382 17.695720 -55.203796
101.470528 17.458913 -53.748585
101.579208 17.496985 -54.228062
107.291382 17.695720 -55.203796
107.672333 17.776670 -53.679989
101.851479 17.157320 -52.224773
101.470528 17.458913 -53.748585
107.672333 17.776670 -53.679989
108.053284 17.860882 -52.156178
102.232430 16.879768 -50.700966
101.851479 17.157320 -52.224773
108.053284 17.860882 -52.156178
108.434235 17.956141 -50.632370
102.613380 16.694834 -49.177155
102.232430 16.879768 -50.700966
108.434235 17.956141 -50.632370
108.815193 18.069722 -49.108559
102.994331 16.664941 -47.653347
102.613380 16.694834 -49.177155
108.815193 18.069722 -49.108559
109.196144 18.206850 -47.584751
103.375290 16.803249 -46.129536
102.994331 16.664941 -47.653347
109.196144 18.206850 -47.584751
109.577095 18.369461 -46.060940
103.756241 16.976709 -44.605728
103.375290 16.803249 -46.129536
109.577095 18.369461 -46.060940
109.958046 18.555488 -44.537132
104.137192 17.154295 -43.081917
103.756241 16.976709 -44.605728
109.958046 18.555488 -44.537132
110.338997 18.758814 -43.013321
104.518143 17.325851 -41.558109
104.137192 17.154295 -43.081917
110.338997 18.758814 -43.013321
110.719948 18.969898 -41.489513
104.899094 17.482709 -40.034298
104.518143 17.325851 -41.558109
110.719948 18.969898 -41.489513
111.100906 19.177021 -39.965702
105.280052 17.619006 -38.510487
104.899094 17.482709 -40.034298
111.100906 19.177021 -39.965702
111.481857 19.367915 -38.441891
105.661003 17.732494 -36.986679
105.280052 17.619006 -38.510487
111.481857 19.367915 -38.441891
111.862808 19.531543 -36.918083
106.041954 17.824728 -35.462868
105.661003 17.732494 -36.986679
111.862808 19.531543 -36.918083
112.243759 19.659731 -35.394272
106.422905 17.900586 -33.939060
106.041954 17.824728 -35.462868
112.243759 19.659731 -35.394272
112.624710 19.748382 -33.870464
106.803856 17.967236 -32.415249
106.422905 17.900586 -33.939060
112.624710 19.748382 -33.870464
113.005669 19.798079 -32.346653
107.184807 18.032723 -30.891441
106.803856 17.967236 -32.415249
113.005669 19.798079 -32.346653
113.386620 19.813986 -30.822845
107.565765 18.104444 -29.367632
107.184807 18.032723 -30.891441
113.386620 19.813986 -30.822845
113.767570 19.805064 -29.299036
107.946716 18.187770 -27.843822
107.565765 18.104444 -29.367632
113.767570 19.805064 -29.299036
114.148521 19.782739 -27.775227
108.327667 18.285079 -26.320013
107.946716 18.187770 -27.843822
114.148521 19.782739 -27.775227
114.529472 19.759242 -26.251417
108.708618 18.395356 -24.796202
108.327667 18.285079 -26.320013
114.529472 19.759242 -26.251417
114.999397 19.730209 -24.060062
109.000603 18.477772 -23.939938
108.708618 18.395356 -24.796202
114.999397 19.730209 -24.060062
114.615646 19.600488 -21.861969
108.744354 18.450170 -23.098032
109.000603 18.477772 -23.939938
114.615646 19.600488 -21.861969
114.295647 19.550417 -20.341969
108.424347 18.438768 -21.578032
108.744354 18.450170 -23.098032
114.295647 19.550417 -20.341969
113.975647 19.524546 -18.821968
108.104347 18.421618 -20.058031
108.424347 18.438768 -21.578032
113.975647 19.524546 -18.821968
113.655647 19.502860 -17.301968
107.784348 18.381772 -18.538031
108.104347 18.421618 -20.058031
113.655647 19.502860 -17.301968
113.335648 19.466938 -15.781968
107.464348 18.310143 -17.018032
107.784348 18.381772 -18.538031
113.335648 19.466938 -15.781968
113.015648 19.405235 -14.261969
107.144348 18.208148 -15.498032
107.464348 18.310143 -17.018032
113.015648 19.405235 -14.261969
112.695648 19.316327 -12.741968
106.824348 18.087300 -13.978031
107.144348 18.208148 -15.498032
112.695648 19.316327 -12.741968
112.375648 19.209194 -11.221969
106.504349 17.965850 -12.458032
106.824348 18.087300 -13.978031
112.375648 19.209194 -11.221969
112.055649 19.100453 -9.701968
106.184349 17.863456 -10.938031
106.504349 17.965850 -12.458032
112.055649 19.100453 -9.701968
111.735649 19.009343 -8.181969
105.864349 17.795418 -9.418032
106.184349 17.863456 -10.938031
111.735649 19.009343 -8.181969
111.415649 18.951927 -6.661969
105.544350 17.768153 -7.898031
105.864349 17.795418 -9.418032
111.415649 18.951927 -6.661969
111.095650 18.936175 -5.141969
105.224350 17.777206 -6.378031
105.544350 17.768153 -7.898031
111.095650 18.936175 -5.141969
110.775650 18.959359 -3.621969
104.904350 17.808384 -4.858031
105.224350 17.777206 -6.378031
110.775650 18.959359 -3.621969
110.455650 19.008523 -2.101969
104.584351 17.841685 -3.338032
104.904350 17.808384 -4.858031
110.455650 19.008523 -2.101969
110.135651 19.063891 -0.581969
104.264351 17.856898 -1.818031
104.584351 17.841685 -3.338032
110.135651 19.063891 -0.581969
109.815651 19.104234 0.938031
103.944351 17.839245 -0.298031
104.264351 17.856898 -1.818031
109.815651 19.104234 0.938031
109.495651 19.112660 2.458031
103.624352 17.783464 1.221969
103.944351 17.839245 -0.298031
109.495651 19.112660 2.458031
109.175652 19.081162 3.978031
103.304352 17.695135 2.741969
103.624352 17.783464 1.221969
109.175652 19.081162 3.978031
108.855652 19.012599 5.498032
102.984352 17.588885 4.261969
103.304352 17.695135 2.741969
108.855652 19.012599 5.498032
108.535652 18.919570 7.018032
102.664352 17.483988 5.781969
102.984352 17.588885 4.261969
108.535652 18.919570 7.018032
108.215652 18.820491 8.538032
102.344353 17.398641 7.301969
102.664352 17.483988 5.781969
108.215652 18.820491 8.538032
107.895653 18.734019 10.058031
102.024353 17.344556 8.821969
102.344353 17.398641 7.301969
107.895653 18.734019 10.058031
107.575653 18.673443 11.578032
101.704353 17.323457 10.341969
102.024353 17.344556 8.821969
107.575653 18.673443 11.578032
107.255646 18.642652 13.098031
101.384354 17.326474 11.861969
101.704353 17.323457 10.341969
107.255646 18.642652 13.098031
106.754128 18.620134 15.189453
101.245872 17.343740 12.810547
101.384354 17.326474 11.861969
106.754128 18.620134 15.189453
105.576576 18.424175 16.984610
100.654190 17.274043 13.553853
101.245872 17.343740 12.810547
105.576576 18.424175 16.984610
104.691963 18.248477 18.253839
99.769577 17.165433 14.823084
100.654190 17.274043 13.553853
104.691963 18.248477 18.253839
103.807350 18.035885 19.523069
98.884956 17.028780 16.092314
99.769577 17.165433 14.823084
103.807350 18.035885 19.523069
102.922729 17.784212 20.792301
98.000343 16.857293 17.361546
98.884956 17.028780 16.092314
102.922729 17.784212 20.792301
102.038116 17.503867 22.061531
97.115730 16.656825 18.630775
98.000343 16.857293 17.361546
102.038116 17.503867 22.061531
101.153503 17.215037 23.330763
96.231110 16.444474 19.900007
97.115730 16.656825 18.630775
101.153503 17.215037 23.330763
100.268890 16.941859 24.599993
95.346497 16.243712 21.169237
96.231110 16.444474 19.900007
100.268890 16.941859 24.599993
99.384270 16.705392 25.869225
94.461884 16.077550 22.438469
95.346497 16.243712 21.169237
99.384270 16.705392 25.869225
98.499657 16.517566 27.138454
93.577271 15.961872 23.707699
94.461884 16.077550 22.438469
98.499657 16.517566 27.138454
97.615044 16.384354 28.407686
92.692650 15.938900 24.976931
93.577271 15.961872 23.707699
97.615044 16.384354 28.407686
96.730423 16.350460 29.676916
91.808037 16.082444 26.246161
92.692650 15.938900 24.976931
96.730423 16.350460 29.676916
95.845810 16.409171 30.946148
90.923424 16.302403 27.515390
91.808037 16.082444 26.246161
95.845810 16.409171 30.946148
94.961197 16.520417 32.215378
90.038803 16.516219 28.784622
90.923424 16.302403 27.515390
94.961197 16.520417 32.215378
94.076576 16.634964 33.484608
89.154190 16.658415 30.053852
90.038803 16.516219 28.784622
94.076576 16.634964 33.484608
93.191963 16.680000 34.753841
88.269577 16.680000 31.323084
89.154190 16.658415 30.053852
93.191963 16.680000 34.753841
92.307350 16.680000 36.023071
87.384956 16.680000 32.592316
88.269577 16.680000 31.323084
91.422729 16.680000 37.292301
86.500343 16.680000 33.861546
90.538116 16.680000 38.561531
85.615730 16.680000 35.130775
89.653503 16.680000 39.830761
84.731110 16.680000 36.400005
88.768890 16.680000 41.099995
83.846497 16.680000 37.669239
87.884270 16.680000 42.369225
82.961884 16.680000 38.938469
86.999657 16.680000 43.638454
82.077271 16.680000 40.207699
86.115044 16.680000 44.907684
81.192650 16.680000 41.476929
85.230423 16.680000 46.176918
80.308037 16.680000 42.746159
84.345810 16.680000 47.446148
79.423424 16.680000 44.015392
83.461197 16.680000 48.715378
78.538803 16.680000 45.284622
<Normals>: 1826
-0.064185 0.987204 -0.145975
-0.064185 0.987204 -0.145975
-0.064185 0.987204 -0.145975
-0.064185 0.987204 -0.145975
-0.062781 0.991674 -0.112430
-0.062781 0.991674 -0.112430
-0.062781 0.991674 -0.112430
-0.062781 0.991674 -0.112430
-0.056220 0.994946 -0.083203
-0.056220 0.994946 -0.083203
-0.056220 0.994946 -0.083203
-0.056220 0.994946 -0.083203
-0.044850 0.997266 -0.058722
-0.044850 0.997266 -0.058722
-0.044850 0.997266 -0.058722
-0.044850 0.997266 -0.058722
-0.028727 0.998832 -0.038844
-0.028727 0.998832 -0.038844
-0.028727 0.998832 -0.038844
-0.028727 0.998832 -0.038844
-0.008754 0.999660 -0.024574
-0.008754 0.999660 -0.024574
-0.008754 0.999660 -0.024574
-0.008754 0.999660 -0.024574
0.007235 0.999659 -0.025091
0.007235 0.999659 -0.025091
0.007235 0.999659 -0.025091
0.007235 0.999659 -0.025091
0.020385 0.999346 -0.029874
0.020385 0.999346 -0.029874
0.020385 0.999346 -0.029874
0.020385 0.999346 -0.029874
0.032732 0.998956 -0.031868
0.032732 0.998956 -0.031868
0.032732 0.998956 -0.031868
0.032732 0.998956 -0.031868
0.067327 0.997386 0.026249
0.067327 0.997386 0.026249
0.067327 0.997386 0.026249
0.067327 0.997386 0.026249
0.090060 0.992242 0.085707
0.090060 0.992242 0.085707
0.090060 0.992242 0.085707
0.090060 0.992242 0.085707
0.088679 0.989360 0.115342
0.088679 0.989360 0.115342
0.088679 0.989360 0.115342
0.088679 0.989360 0.115342
0.066705 0.992161 0.105671
0.066705 0.992161 0.105671
0.066705 0.992161 0.105671
0.066705 0.992161 0.105671
0.025317 0.998690 0.044462
0.025317 0.998690 0.044462
0.025317 0.998690 0.044462
0.025317 0.998690 0.044462
0.000000 1.000000 -0.000000
0.000000 1.000000 -0.000000
0.000000 1.000000 -0.000000
0.000000 1.000000 -0.000000
0.000000 1.000000 -0.000000
0.000000 1.000000 -0.000000
-0.000000 1.000000 -0.000000
-0.000000 1.000000 -0.000000
0.000000 1.000000 -0.000000
0.000000 1.000000 -0.000000
-0.000000 1.000000 -0.000000
-0.000000 1.000000 -0.000000
0.000000 1.000000 -0.000000
0.000000 1.000000 -0.000000
0.000000 1.000000 -0.000000
0.000000 1.000000 -0.000000
-0.000000 1.000000 -0.000000
-0.000000 1.000000 -0.000000
0.000000 1.000000 -0.000000
0.000000 1.000000 -0.000000
-0.000000 1.000000 -0.000000
-0.000000 1.000000 -0.000000
-0.000000 1.000000 -0.000000
-0.000000 1.000000 -0.000000
-0.000000 1.000000 -0.000000
-0.000000 1.000000 -0.000000
0.000000 1.000000 -0.000000
0.000000 1.000000 -0.000000
0.000000 1.000000 -0.000000
0.000000 1.000000 -0.000000
0.000000 1.000000 -0.000000
0.000000 1.000000 -0.000000
0.000000 1.000000 -0.000000
0.000000 1.000000 -0.000000
0.000000 1.000000 -0.000000
0.000000 1.000000 -0.000000
0.000000 1.000000 -0.000000
0.000000 1.000000 -0.000000
0.000000 1.000000 -0.000000
0.000000 1.000000 -0.000000
0.000000 1.000000 -0.000000
0.000000 1.000000 -0.000000
0.000000 1.000000 -0.000000
0.000000 1.000000 -0.000000
0.000000 1.000000 -0.000000
0.000000 1.000000 -0.000000
0.000000 1.000000 -0.000000
0.000000 1.000000 -0.000000
0.000000 1.000000 -0.000000
0.000000 1.000000 -0.000000
-0.015229 0.999770 -0.015122
-0.015229 0.999770 -0.015122
-0.015229 0.999770 -0.015122
-0.015229 0.999770 -0.015122
-0.054675 0.996968 -0.055367
-0.054675 0.996968 -0.055367
-0.054675 0.996968 -0.055367
-0.054675 0.996968 -0.055367
-0.081979 0.992865 -0.086592
-0.081979 0.992865 -0.086592
-0.081979 0.992865 -0.086592
-0.081979 0.992865 -0.086592
-0.089268 0.990864 -0.101092
-0.089268 0.990864 -0.101092
-0.089268 0.990864 -0.101092
-0.089268 0.990864 -0.101092
-0.066438 0.993841 -0.088693
-0.066438 0.993841 -0.088693
-0.066438 0.993841 -0.088693
-0.066438 0.993841 -0.088693
-0.013064 0.998821 -0.046745
-0.013064 0.998821 -0.046745
-0.013064 0.998821 -0.046745
-0.013064 0.998821 -0.046745
0.007371 0.999362 -0.034934
0.007371 0.999362 -0.034934
0.007371 0.999362 -0.034934
0.007371 0.999362 -0.034934
0.025135 0.999373 -0.024919
0.025135 0.999373 -0.024919
0.025135 0.999373 -0.024919
0.025135 0.999373 -0.024919
0.026335 0.999364 -0.024063
0.026335 0.999364 -0.024063
0.026335 0.999364 -0.024063
0.026335 0.999364 -0.024063
0.022825 0.999563 -0.018811
0.022825 0.999563 -0.018811
0.022825 0.999563 -0.018811
0.022825 0.999563 -0.018811
0.018282 0.999804 -0.007639
0.018282 0.999804 -0.007639
0.018282 0.999804 -0.007639
0.018282 0.999804 -0.007639
0.012491 0.999914 0.004109
0.012491 0.999914 0.004109
0.012491 0.999914 0.004109
0.012491 0.999914 0.004109
0.006799 0.999871 0.014583
0.006799 0.999871 0.014583
0.006799 0.999871 0.014583
0.006799 0.999871 0.014583
0.002421 0.999752 0.022134
0.002421 0.999752 0.022134
0.002421 0.999752 0.022134
0.002421 0.999752 0.022134
0.000204 0.999672 0.025602
0.000204 0.999672 0.025602
0.000204 0.999672 0.025602
0.000204 0.999672 0.025602
0.000469 0.999700 0.024502
0.000469 0.999700 0.024502
0.000469 0.999700 0.024502
0.000469 0.999700 0.024502
0.002947 0.999813 0.019106
0.002947 0.999813 0.019106
0.002947 0.999813 0.019106
0.002947 0.999813 0.019106
0.006816 0.999923 0.010395
0.006816 0.999923 0.010395
0.006816 0.999923 0.010395
0.006816 0.999923 0.010395
0.010849 0.999941 -0.000097
0.010849 0.999941 -0.000097
0.010849 0.999941 -0.000097
0.010849 0.999941 -0.000097
0.013632 0.999852 -0.010529
0.013632 0.999852 -0.010529
0.013632 0.999852 -0.010529
0.013632 0.999852 -0.010529
0.013821 0.999725 -0.018942
0.013821 0.999725 -0.018942
0.013821 0.999725 -0.018942
0.013821 0.999725 -0.018942
0.010343 0.999678 -0.023195
0.010343 0.999678 -0.023195
0.010343 0.999678 -0.023195
0.010343 0.999678 -0.023195
0.002427 0.999785 -0.020610
0.002427 0.999785 -0.020610
0.002427 0.999785 -0.020610
0.002427 0.999785 -0.020610
-0.010682 0.999909 -0.008297
-0.010682 0.999909 -0.008297
-0.010682 0.999909 -0.008297
-0.010682 0.999909 -0.008297
-0.030018 0.999447 0.014318
-0.030018 0.999447 0.014318
-0.030018 0.999447 0.014318
-0.030018 0.999447 0.014318
-0.056358 0.997530 0.041933
-0.056358 0.997530 0.041933
-0.056358 0.997530 0.041933
-0.056358 0.997530 0.041933
-0.088524 0.994019 0.063951
-0.088524 0.994019 0.063951
-0.088524 0.994019 0.063951
-0.088524 0.994019 0.063951
-0.122065 0.989959 0.071289
-0.122065 0.989959 0.071289
-0.122065 0.989959 0.071289
-0.122065 0.989959 0.071289
-0.150331 0.986629 0.062964
-0.150331 0.986629 0.062964
-0.150331 0.986629 0.062964
-0.150331 0.986629 0.062964
-0.167609 0.984794 0.045693
-0.167609 0.984794 0.045693
-0.167609 0.984794 0.045693
-0.167609 0.984794 0.045693
-0.172379 0.984715 0.024919
-0.172379 0.984715 0.024919
-0.172379 0.984715 0.024919
-0.172379 0.984715 0.024919
-0.165183 0.986218 0.009385
-0.165183 0.986218 0.009385
-0.165183 0.986218 0.009385
-0.165183 0.986218 0.009385
-0.147191 0.989048 0.010912
-0.147191 0.989048 0.010912
-0.147191 0.989048 0.010912
-0.147191 0.989048 0.010912
-0.128718 0.991619 0.011074
-0.128718 0.991619 0.011074
-0.128718 0.991619 0.011074
-0.128718 0.991619 0.011074
-0.111548 0.993712 0.009625
-0.111548 0.993712 0.009625
-0.111548 0.993712 0.009625
-0.111548 0.993712 0.009625
-0.096391 0.995336 0.003793
-0.096391 0.995336 0.003793
-0.096391 0.995336 0.003793
-0.096391 0.995336 0.003793
-0.082094 0.996605 -0.006281
-0.082094 0.996605 -0.006281
-0.082094 0.996605 -0.006281
-0.082094 0.996605 -0.006281
-0.066643 0.997646 -0.016170
-0.066643 0.997646 -0.016170
-0.066643 0.997646 -0.016170
-0.066643 0.997646 -0.016170
-0.048995 0.998620 -0.018936
-0.048995 0.998620 -0.018936
-0.048995 0.998620 -0.018936
-0.048995 0.998620 -0.018936
-0.027054 0.999266 0.027104
-0.027054 0.999266 0.027104
-0.027054 0.999266 0.027104
-0.027054 0.999266 0.027104
-0.013641 0.990766 0.134893
-0.013641 0.990766 0.134893
-0.013641 0.990766 0.134893
-0.013641 0.990766 0.134893
-0.012091 0.984428 0.175369
-0.012091 0.984428 0.175369
-0.012091 0.984428 0.175369
-0.012091 0.984428 0.175369
0.022807 0.981544 0.189874
0.022807 0.981544 0.189874
0.022807 0.981544 0.189874
0.022807 0.981544 0.189874
0.064033 0.982609 0.174297
0.064033 0.982609 0.174297
0.064033 0.982609 0.174297
0.064033 0.982609 0.174297
0.081815 0.990068 0.114332
0.081815 0.990068 0.114332
0.081815 0.990068 0.114332
0.081815 0.990068 0.114332
0.069306 0.997001 0.034438
0.069306 0.997001 0.034438
0.069306 0.997001 0.034438
0.069306 0.997001 0.034438
0.082050 0.995065 0.055798
0.082050 0.995065 0.055798
0.082050 0.995065 0.055798
0.082050 0.995065 0.055798
0.056840 0.998232 0.017370
0.056840 0.998232 0.017370
0.056840 0.998232 0.017370
0.056840 0.998232 0.017370
0.003026 0.999995 0.001394
0.003026 0.999995 0.001394
0.003026 0.999995 0.001394
0.003026 0.999995 0.001394
0.000002 1.000000 0.000001
0.000002 1.000000 0.000001
0.000002 1.000000 0.000001
0.000002 1.000000 0.000001
-0.000000 1.000000 -0.000000
-0.000000 1.000000 -0.000000
0.000000 1.000000 -0.000000
0.000000 1.000000 -0.000000
-0.000000 1.000000 -0.000000
-0.000000 1.000000 -0.000000
0.000000 1.000000 -0.000000
0.000000 1.000000 -0.000000
-0.000000 1.000000 -0.000000
-0.000000 1.000000 -0.000000
-0.000000 1.000000 -0.000000
-0.000000 1.000000 -0.000000
0.000000 1.000000 -0.000000
0.000000 1.000000 -0.000000
-0.000000 1.000000 -0.000000
-0.000000 1.000000 -0.000000
-0.000000 1.000000 -0.000000
-0.000000 1.000000 -0.000000
0.000000 1.000000 -0.000000
0.000000 1.000000 -0.000000
0.034466 0.980216 -0.194906
0.034466 0.980216 -0.194906
0.034466 0.980216 -0.194906
0.034466 0.980216 -0.194906
0.033284 0.984895 -0.169924
0.033284 0.984895 -0.169924
0.033284 0.984895 -0.169924
0.033284 0.984895 -0.169924
0.027581 0.988928 -0.145813
0.027581 0.988928 -0.145813
0.027581 0.988928 -0.145813
0.027581 0.988928 -0.145813
0.017503 0.992194 -0.123469
0.017503 0.992194 -0.123469
0.017503 0.992194 -0.123469
0.017503 0.992194 -0.123469
0.003875 0.994648 -0.103252
0.003875 0.994648 -0.103252
0.003875 0.994648 -0.103252
0.003875 0.994648 -0.103252
-0.012532 0.996254 -0.085563
-0.012532 0.996254 -0.085563
-0.012532 0.996254 -0.085563
-0.012532 0.996254 -0.085563
-0.032669 0.996816 -0.072736
-0.032669 0.996816 -0.072736
-0.032669 0.996816 -0.072736
-0.032669 0.996816 -0.072736
-0.050540 0.996779 -0.062271
-0.050540 0.996779 -0.062271
-0.050540 0.996779 -0.062271
-0.050540 0.996779 -0.062271
-0.063955 0.996561 -0.052694
-0.063955 0.996561 -0.052694
-0.063955 0.996561 -0.052694
-0.063955 0.996561 -0.052694
-0.071784 0.996496 -0.042922
-0.071784 0.996496 -0.042922
-0.071784 0.996496 -0.042922
-0.071784 0.996496 -0.042922
-0.073313 0.996791 -0.032136
-0.073313 0.996791 -0.032136
-0.073313 0.996791 -0.032136
-0.073313 0.996791 -0.032136
-0.068321 0.997464 -0.019929
-0.068321 0.997464 -0.019929
-0.068321 0.997464 -0.019929
-0.068321 0.997464 -0.019929
-0.057087 0.998349 -0.006406
-0.057087 0.998349 -0.006406
-0.057087 0.998349 -0.006406
-0.057087 0.998349 -0.006406
-0.041548 0.999110 0.007313
-0.041548 0.999110 0.007313
-0.041548 0.999110 0.007313
-0.041548 0.999110 0.007313
-0.027811 0.999440 0.018607
-0.027811 0.999440 0.018607
-0.027811 0.999440 0.018607
-0.027811 0.999440 0.018607
-0.014861 0.999454 0.029499
-0.014861 0.999454 0.029499
-0.014861 0.999454 0.029499
-0.014861 0.999454 0.029499
-0.004070 0.999220 0.039266
-0.004070 0.999220 0.039266
-0.004070 0.999220 0.039266
-0.004070 0.999220 0.039266
0.003042 0.998897 0.046856
0.003042 0.998897 0.046856
0.003042 0.998897 0.046856
0.003042 0.998897 0.046856
0.005459 0.998660 0.051462
0.005459 0.998660 0.051462
0.005459 0.998660 0.051462
0.005459 0.998660 0.051462
0.002778 0.998611 0.052613
0.002778 0.998611 0.052613
0.002778 0.998611 0.052613
0.002778 0.998611 0.052613
-0.004752 0.998727 0.050218
-0.004752 0.998727 0.050218
-0.004752 0.998727 0.050218
-0.004752 0.998727 0.050218
-0.016260 0.998874 0.044579
-0.016260 0.998874 0.044579
-0.016260 0.998874 0.044579
-0.016260 0.998874 0.044579
-0.030346 0.998878 0.036363
-0.030346 0.998878 0.036363
-0.030346 0.998878 0.036363
-0.030346 0.998878 0.036363
-0.045246 0.998624 0.026526
-0.045246 0.998624 0.026526
-0.045246 0.998624 0.026526
-0.045246 0.998624 0.026526
-0.059029 0.998125 0.016211
-0.059029 0.998125 0.016211
-0.059029 0.998125 0.016211
-0.059029 0.998125 0.016211
-0.069424 0.997561 0.007206
-0.069424 0.997561 0.007206
-0.069424 0.997561 0.007206
-0.069424 0.997561 0.007206
-0.074261 0.997229 0.004324
-0.074261 0.997229 0.004324
-0.074261 0.997229 0.004324
-0.074261 0.997229 0.004324
-0.077817 0.996961 0.003739
-0.077817 0.996961 0.003739
-0.077817 0.996961 0.003739
-0.077817 0.996961 0.003739
-0.078144 0.996942 0.000896
-0.078144 0.996942 0.000896
-0.078144 0.996942 0.000896
-0.078144 0.996942 0.000896
-0.072324 0.997380 -0.001478
-0.072324 0.997380 -0.001478
-0.072324 0.997380 -0.001478
-0.072324 0.997380 -0.001478
-0.060558 0.998160 -0.003070
-0.060558 0.998160 -0.003070
-0.060558 0.998160 -0.003070
-0.060558 0.998160 -0.003070
-0.043579 0.999043 -0.003705
-0.043579 0.999043 -0.003705
-0.043579 0.999043 -0.003705
-0.043579 0.999043 -0.003705
-0.022625 0.999738 -0.003379
-0.022625 0.999738 -0.003379
-0.022625 0.999738 -0.003379
-0.022625 0.999738 -0.003379
0.000676 0.999997 -0.002250
0.000676 0.999997 -0.002250
0.000676 0.999997 -0.002250
0.000676 0.999997 -0.002250
0.024462 0.999701 -0.000609
0.024462 0.999701 -0.000609
0.024462 0.999701 -0.000609
0.024462 0.999701 -0.000609
0.046843 0.998902 0.001156
0.046843 0.998902 0.001156
0.046843 0.998902 0.001156
0.046843 0.998902 0.001156
0.066104 0.997809 0.002626
0.066104 0.997809 0.002626
0.066104 0.997809 0.002626
0.066104 0.997809 0.002626
0.080869 0.996719 0.003415
0.080869 0.996719 0.003415
0.080869 0.996719 0.003415
0.080869 0.996719 0.003415
0.090216 0.995917 0.003227
0.090216 0.995917 0.003227
0.090216 0.995917 0.003227
0.090216 0.995917 0.003227
0.093723 0.995597 0.001900
0.093723 0.995597 0.001900
0.093723 0.995597 0.001900
0.093723 0.995597 0.001900
0.091468 0.995808 -0.000570
0.091468 0.995808 -0.000570
0.091468 0.995808 -0.000570
0.091468 0.995808 -0.000570
0.083993 0.996458 -0.004026
0.083993 0.996458 -0.004026
0.083993 0.996458 -0.004026
0.083993 0.996458 -0.004026
0.072244 0.997354 -0.008165
0.072244 0.997354 -0.008165
0.072244 0.997354 -0.008165
0.072244 0.997354 -0.008165
0.057481 0.998267 -0.012576
0.057481 0.998267 -0.012576
0.057481 0.998267 -0.012576
0.057481 0.998267 -0.012576
0.041168 0.999011 -0.016784
0.041168 0.999011 -0.016784
0.041168 0.999011 -0.016784
0.041168 0.999011 -0.016784
0.031905 0.999379 -0.014969
0.031905 0.999379 -0.014969
0.031905 0.999379 -0.014969
0.031905 0.999379 -0.014969
0.005804 0.999521 -0.030404
0.005804 0.999521 -0.030404
0.005804 0.999521 -0.030404
0.005804 0.999521 -0.030404
-0.005903 0.999304 -0.036825
-0.005903 0.999304 -0.036825
-0.005903 0.999304 -0.036825
-0.005903 0.999304 -0.036825
-0.009690 0.999123 -0.040743
-0.009690 0.999123 -0.040743
-0.009690 0.999123 -0.040743
-0.009690 0.999123 -0.040743
-0.007822 0.999061 -0.042619
-0.007822 0.999061 -0.042619
-0.007822 0.999061 -0.042619
-0.007822 0.999061 -0.042619
-0.000617 0.999094 -0.042555
-0.000617 0.999094 -0.042555
-0.000617 0.999094 -0.042555
-0.000617 0.999094 -0.042555
0.010961 0.999103 -0.040897
0.010961 0.999103 -0.040897
0.010961 0.999103 -0.040897
0.010961 0.999103 -0.040897
0.025406 0.998948 -0.038191
0.025406 0.998948 -0.038191
0.025406 0.998948 -0.038191
0.025406 0.998948 -0.038191
0.040852 0.998548 -0.035120
0.040852 0.998548 -0.035120
0.040852 0.998548 -0.035120
0.040852 0.998548 -0.035120
0.055307 0.997943 -0.032420
0.055307 0.997943 -0.032420
0.055307 0.997943 -0.032420
0.055307 0.997943 -0.032420
0.066894 0.997285 -0.030792
0.066894 0.997285 -0.030792
0.066894 0.997285 -0.030792
0.066894 0.997285 -0.030792
0.074084 0.996776 -0.030804
0.074084 0.996776 -0.030804
0.074084 0.996776 -0.030804
0.074084 0.996776 -0.030804
0.075866 0.996577 -0.032832
0.075866 0.996577 -0.032832
0.075866 0.996577 -0.032832
0.075866 0.996577 -0.032832
0.071853 0.996729 -0.036999
0.071853 0.996729 -0.036999
0.071853 0.996729 -0.036999
0.071853 0.996729 -0.036999
0.062332 0.997122 -0.043164
0.062332 0.997122 -0.043164
0.062332 0.997122 -0.043164
0.062332 0.997122 -0.043164
0.048252 0.997537 -0.050911
0.048252 0.997537 -0.050911
0.048252 0.997537 -0.050911
0.048252 0.997537 -0.050911
0.031146 0.997738 -0.059578
0.031146 0.997738 -0.059578
0.031146 0.997738 -0.059578
0.031146 0.997738 -0.059578
0.012975 0.997581 -0.068297
0.012975 0.997581 -0.068297
0.012975 0.997581 -0.068297
0.012975 0.997581 -0.068297
-0.004113 0.997093 -0.076081
-0.004113 0.997093 -0.076081
-0.004113 0.997093 -0.076081
-0.004113 0.997093 -0.076081
-0.018100 0.996473 -0.081941
-0.018100 0.996473 -0.081941
-0.018100 0.996473 -0.081941
-0.018100 0.996473 -0.081941
-0.027427 0.995999 -0.085047
-0.027427 0.995999 -0.085047
-0.027427 0.995999 -0.085047
-0.027427 0.995999 -0.085047
-0.031244 0.995899 -0.084903
-0.031244 0.995899 -0.084903
-0.031244 0.995899 -0.084903
-0.031244 0.995899 -0.084903
-0.029522 0.996237 -0.081491
-0.029522 0.996237 -0.081491
-0.029522 0.996237 -0.081491
-0.029522 0.996237 -0.081491
-0.022967 0.996894 -0.075327
-0.022967 0.996894 -0.075327
-0.022967 0.996894 -0.075327
-0.022967 0.996894 -0.075327
-0.012803 0.997644 -0.067394
-0.012803 0.997644 -0.067394
-0.012803 0.997644 -0.067394
-0.012803 0.997644 -0.067394
-0.000480 0.998261 -0.058951
-0.000480 0.998261 -0.058951
-0.000480 0.998261 -0.058951
-0.000480 0.998261 -0.058951
0.019309 0.998594 -0.049374
0.019309 0.998594 -0.049374
0.019309 0.998594 -0.049374
0.019309 0.998594 -0.049374
0.049371 0.997930 -0.041200
0.049371 0.997930 -0.041200
0.049371 0.997930 -0.041200
0.049371 0.997930 -0.041200
0.080905 0.995893 -0.040650
0.080905 0.995893 -0.040650
0.080905 0.995893 -0.040650
0.080905 0.995893 -0.040650
0.158971 0.987130 -0.017422
0.158971 0.987130 -0.017422
0.158971 0.987130 -0.017422
0.158971 0.987130 -0.017422
0.168810 0.985647 -0.001668
0.168810 0.985647 -0.001668
0.168810 0.985647 -0.001668
0.168810 0.985647 -0.001668
0.153778 0.987851 0.022430
0.153778 0.987851 0.022430
0.153778 0.987851 0.022430
0.153778 0.987851 0.022430
0.131644 0.987566 0.085923
0.131644 0.987566 0.085923
0.131644 0.987566 0.085923
0.131644 0.987566 0.085923
0.085845 0.985386 0.147123
0.085845 0.985386 0.147123
0.085845 0.985386 0.147123
0.085845 0.985386 0.147123
0.019662 0.983741 0.178513
0.019662 0.983741 0.178513
0.019662 0.983741 0.178513
0.019662 0.983741 0.178513
-0.053580 0.984955 0.164292
-0.053580 0.984955 0.164292
-0.053580 0.984955 0.164292
-0.053580 0.984955 0.164292
-0.114595 0.987187 0.111040
-0.114595 0.987187 0.111040
-0.114595 0.987187 0.111040
-0.114595 0.987187 0.111040
-0.147554 0.988354 0.037203
-0.147554 0.988354 0.037203
-0.147554 0.988354 0.037203
-0.147554 0.988354 0.037203
-0.147682 0.986848 -0.065734
-0.147682 0.986848 -0.065734
-0.147682 0.986848 -0.065734
-0.147682 0.986848 -0.065734
-0.102756 0.988095 -0.114498
-0.102756 0.988095 -0.114498
-0.102756 0.988095 -0.114498
-0.102756 0.988095 -0.114498
-0.039525 0.990183 -0.134070
-0.039525 0.990183 -0.134070
-0.039525 0.990183 -0.134070
-0.039525 0.990183 -0.134070
0.027152 0.990441 -0.135238
0.027152 0.990441 -0.135238
0.027152 0.990441 -0.135238
0.027152 0.990441 -0.135238
0.087794 0.988178 -0.125684
0.087794 0.988178 -0.125684
0.087794 0.988178 -0.125684
0.087794 0.988178 -0.125684
0.137695 0.984371 -0.109789
0.137695 0.984371 -0.109789
0.137695 0.984371 -0.109789
0.137695 0.984371 -0.109789
0.175599 0.980438 -0.088913
0.175599 0.980438 -0.088913
0.175599 0.980438 -0.088913
0.175599 0.980438 -0.088913
0.201952 0.977390 -0.062642
0.201952 0.977390 -0.062642
0.201952 0.977390 -0.062642
0.201952 0.977390 -0.062642
0.217585 0.975582 -0.029943
0.217585 0.975582 -0.029943
0.217585 0.975582 -0.029943
0.217585 0.975582 -0.029943
0.223046 0.974756 0.010044
0.223046 0.974756 0.010044
0.223046 0.974756 0.010044
0.223046 0.974756 0.010044
0.218411 0.974168 0.057388
0.218411 0.974168 0.057388
0.218411 0.974168 0.057388
0.218411 0.974168 0.057388
0.203454 0.972829 0.110495
0.203454 0.972829 0.110495
0.203454 0.972829 0.110495
0.203454 0.972829 0.110495
0.178199 0.970106 0.164743
0.178199 0.970106 0.164743
0.178199 0.970106 0.164743
0.178199 0.970106 0.164743
0.143874 0.966807 0.211149
0.143874 0.966807 0.211149
0.143874 0.966807 0.211149
0.143874 0.966807 0.211149
0.104024 0.966238 0.235719
0.104024 0.966238 0.235719
0.104024 0.966238 0.235719
0.104024 0.966238 0.235719
0.064638 0.976679 0.204742
0.064638 0.976679 0.204742
0.064638 0.976679 0.204742
0.064638 0.976679 0.204742
0.046552 0.988447 0.144240
0.046552 0.988447 0.144240
0.046552 0.988447 0.144240
0.046552 0.988447 0.144240
0.058146 0.995320 0.077186
0.058146 0.995320 0.077186
0.058146 0.995320 0.077186
0.058146 0.995320 0.077186
0.095616 0.995382 0.008488
0.095616 0.995382 0.008488
0.095616 0.995382 0.008488
0.095616 0.995382 0.008488
0.167588 0.983876 0.062471
0.167588 0.983876 0.062471
0.167588 0.983876 0.062471
0.167588 0.983876 0.062471
0.189684 0.981169 0.036430
0.189684 0.981169 0.036430
0.189684 0.981169 0.036430
0.189684 0.981169 0.036430
0.209849 0.977082 -0.035687
0.209849 0.977082 -0.035687
0.209849 0.977082 -0.035687
0.209849 0.977082 -0.035687
0.226857 0.972153 -0.058777
0.226857 0.972153 -0.058777
0.226857 0.972153 -0.058777
0.226857 0.972153 -0.058777
0.240438 0.968660 -0.062351
0.240438 0.968660 -0.062351
0.240438 0.968660 -0.062351
0.240438 0.968660 -0.062351
0.247713 0.967720 -0.046440
0.247713 0.967720 -0.046440
0.247713 0.967720 -0.046440
0.247713 0.967720 -0.046440
0.247626 0.968713 -0.016636
0.247626 0.968713 -0.016636
0.247626 0.968713 -0.016636
0.247626 0.968713 -0.016636
0.241471 0.970252 0.017414
0.241471 0.970252 0.017414
0.241471 0.970252 0.017414
0.241471 0.970252 0.017414
0.232592 0.971520 0.045277
0.232592 0.971520 0.045277
0.232592 0.971520 0.045277
0.232592 0.971520 0.045277
0.224900 0.972557 0.059604
0.224900 0.972557 0.059604
0.224900 0.972557 0.059604
0.224900 0.972557 0.059604
0.221027 0.973526 0.058257
0.221027 0.973526 0.058257
0.221027 0.973526 0.058257
0.221027 0.973526 0.058257
0.221272 0.974218 0.044034
0.221272 0.974218 0.044034
0.221272 0.974218 0.044034
0.221272 0.974218 0.044034
0.217158 0.975384 0.038317
0.217158 0.975384 0.038317
0.217158 0.975384 0.038317
0.217158 0.975384 0.038317
0.197117 0.978966 0.052639
0.197117 0.978966 0.052639
0.197117 0.978966 0.052639
0.197117 0.978966 0.052639
0.163224 0.984790 0.059554
0.163224 0.984790 0.059554
0.163224 0.984790 0.059554
0.163224 0.984790 0.059554
0.120667 0.991170 0.054967
0.120667 0.991170 0.054967
0.120667 0.991170 0.054967
0.120667 0.991170 0.054967
0.079670 0.996498 0.025397
0.079670 0.996498 0.025397
0.079670 0.996498 0.025397
0.079670 0.996498 0.025397
0.081441 0.993555 -0.078847
0.081441 0.993555 -0.078847
0.081441 0.993555 -0.078847
0.081441 0.993555 -0.078847
0.034334 0.999366 -0.009423
0.034334 0.999366 -0.009423
0.034334 0.999366 -0.009423
0.034334 0.999366 -0.009423
-0.025089 0.999428 0.022669
-0.025089 0.999428 0.022669
-0.025089 0.999428 0.022669
-0.025089 0.999428 0.022669
-0.000000 1.000000 -0.000000
-0.000000 1.000000 -0.000000
-0.000000 1.000000 -0.000000
-0.000000 1.000000 -0.000000
-0.000000 1.000000 -0.000000
-0.000000 1.000000 -0.000000
-0.000000 1.000000 -0.000000
-0.000000 1.000000 -0.000000
-0.000000 1.000000 -0.000000
-0.000000 1.000000 -0.000000
-0.000000 1.000000 -0.000000
-0.000000 1.000000 -0.000000
-0.000000 1.000000 -0.000000
-0.000000 1.000000 -0.000000
-0.000000 1.000000 -0.000000
-0.000000 1.000000 -0.000000
-0.000000 1.000000 -0.000000
-0.000000 1.000000 -0.000000
-0.000000 1.000000 -0.000000
-0.000000 1.000000 -0.000000
-0.000000 1.000000 -0.000000
-0.000000 1.000000 -0.000000
-0.000000 1.000000 -0.000000
-0.000000 1.000000 -0.000000
-0.000000 1.000000 -0.000000
-0.000000 1.000000 -0.000000
-0.000000 1.000000 -0.000000
-0.000000 1.000000 -0.000000
0.000000 1.000000 -0.000000
0.000000 1.000000 -0.000000
-0.000000 1.000000 -0.000000
-0.000000 1.000000 -0.000000
-0.000000 1.000000 -0.000000
-0.000000 1.000000 -0.000000
-0.000000 1.000000 -0.000000
-0.000000 1.000000 -0.000000
-0.000000 1.000000 -0.000000
-0.000000 1.000000 -0.000000
-0.000000 1.000000 -0.000000
-0.000000 1.000000 -0.000000
-0.000000 1.000000 -0.000000
-0.000000 1.000000 -0.000000
-0.000000 1.000000 -0.000000
-0.000000 1.000000 -0.000000
-0.000000 1.000000 -0.000000
-0.000000 1.000000 -0.000000
-0.000000 1.000000 -0.000000
-0.000000 1.000000 -0.000000
-0.000000 1.000000 -0.000000
-0.000000 1.000000 -0.000000
-0.000000 1.000000 -0.000000
-0.000000 1.000000 -0.000000
-0.000000 1.000000 -0.000000
-0.000000 1.000000 -0.000000
-0.000000 1.000000 -0.000000
-0.000000 1.000000 -0.000000
-0.000000 1.000000 -0.000000
-0.000000 1.000000 -0.000000
-0.000000 1.000000 -0.000000
-0.000000 1.000000 -0.000000
0.001155 0.999999 0.000223
0.001155 0.999999 0.000223
0.001155 0.999999 0.000223
0.001155 0.999999 0.000223
0.133752 0.991001 0.005282
0.133752 0.991001 0.005282
0.133752 0.991001 0.005282
0.133752 0.991001 0.005282
0.275345 0.961259 0.012871
0.275345 0.961259 0.012871
0.275345 0.961259 0.012871
0.275345 0.961259 0.012871
0.252573 0.967413 0.017871
0.252573 0.967413 0.017871
0.252573 0.967413 0.017871
0.252573 0.967413 0.017871
0.110546 0.993664 0.020270
0.110546 0.993664 0.020270
0.110546 0.993664 0.020270
0.110546 0.993664 0.020270
-0.072453 0.997215 0.017678
-0.072453 0.997215 0.017678
-0.072453 0.997215 0.017678
-0.072453 0.997215 0.017678
-0.169798 0.985406 0.011969
-0.169798 0.985406 0.011969
-0.169798 0.985406 0.011969
-0.169798 0.985406 0.011969
-0.136237 0.990655 0.006553
-0.136237 0.990655 0.006553
-0.136237 0.990655 0.006553
-0.136237 0.990655 0.006553
-0.078242 0.996932 0.002203
-0.078242 0.996932 0.002203
-0.078242 0.996932 0.002203
-0.078242 0.996932 0.002203
0.032410 0.999151 -0.025418
0.032410 0.999151 -0.025418
0.032410 0.999151 -0.025418
0.032410 0.999151 -0.025418
0.028000 0.998598 -0.044921
0.028000 0.998598 -0.044921
0.028000 0.998598 -0.044921
0.028000 0.998598 -0.044921
0.022272 0.997473 -0.067467
0.022272 0.997473 -0.067467
0.022272 0.997473 -0.067467
0.022272 0.997473 -0.067467
0.015041 0.995771 -0.090634
0.015041 0.995771 -0.090634
0.015041 0.995771 -0.090634
0.015041 0.995771 -0.090634
0.006484 0.993670 -0.112149
0.006484 0.993670 -0.112149
0.006484 0.993670 -0.112149
0.006484 0.993670 -0.112149
-0.003166 0.991494 -0.130114
-0.003166 0.991494 -0.130114
-0.003166 0.991494 -0.130114
-0.003166 0.991494 -0.130114
-0.013508 0.989587 -0.143303
-0.013508 0.989587 -0.143303
-0.013508 0.989587 -0.143303
-0.013508 0.989587 -0.143303
-0.023972 0.988193 -0.151325
-0.023972 0.988193 -0.151325
-0.023972 0.988193 -0.151325
-0.023972 0.988193 -0.151325
-0.033846 0.987394 -0.154620
-0.033846 0.987394 -0.154620
-0.033846 0.987394 -0.154620
-0.033846 0.987394 -0.154620
-0.042315 0.987104 -0.154389
-0.042315 0.987104 -0.154389
-0.042315 0.987104 -0.154389
-0.042315 0.987104 -0.154389
-0.047037 0.987181 -0.152516
-0.047037 0.987181 -0.152516
-0.047037 0.987181 -0.152516
-0.047037 0.987181 -0.152516
-0.047715 0.987476 -0.150383
-0.047715 0.987476 -0.150383
-0.047715 0.987476 -0.150383
-0.047715 0.987476 -0.150383
-0.044836 0.987742 -0.149520
-0.044836 0.987742 -0.149520
-0.044836 0.987742 -0.149520
-0.044836 0.987742 -0.149520
-0.038369 0.987695 -0.151612
-0.038369 0.987695 -0.151612
-0.038369 0.987695 -0.151612
-0.038369 0.987695 -0.151612
-0.028697 0.987062 -0.157749
-0.028697 0.987062 -0.157749
-0.028697 0.987062 -0.157749
-0.028697 0.987062 -0.157749
-0.016627 0.985601 -0.168268
-0.016627 0.985601 -0.168268
-0.016627 0.985601 -0.168268
-0.016627 0.985601 -0.168268
-0.003340 0.983165 -0.182689
-0.003340 0.983165 -0.182689
-0.003340 0.983165 -0.182689
-0.003340 0.983165 -0.182689
0.009731 0.979778 -0.199850
0.009731 0.979778 -0.199850
0.009731 0.979778 -0.199850
0.009731 0.979778 -0.199850
0.021070 0.975692 -0.218131
0.021070 0.975692 -0.218131
0.021070 0.975692 -0.218131
0.021070 0.975692 -0.218131
0.029273 0.971370 -0.235761
0.029273 0.971370 -0.235761
0.029273 0.971370 -0.235761
0.029273 0.971370 -0.235761
0.033211 0.967380 -0.251143
0.033211 0.967380 -0.251143
0.033211 0.967380 -0.251143
0.033211 0.967380 -0.251143
0.032152 0.964238 -0.263080
0.032152 0.964238 -0.263080
0.032152 0.964238 -0.263080
0.032152 0.964238 -0.263080
0.025831 0.962257 -0.270915
0.025831 0.962257 -0.270915
0.025831 0.962257 -0.270915
0.025831 0.962257 -0.270915
0.014466 0.961451 -0.274597
0.014466 0.961451 -0.274597
0.014466 0.961451 -0.274597
0.014466 0.961451 -0.274597
-0.001841 0.961791 -0.273780
-0.001841 0.961791 -0.273780
-0.001841 0.961791 -0.273780
-0.001841 0.961791 -0.273780
-0.025213 0.962999 -0.268325
-0.025213 0.962999 -0.268325
-0.025213 0.962999 -0.268325
-0.025213 0.962999 -0.268325
-0.037733 0.965249 -0.258592
-0.037733 0.965249 -0.258592
-0.037733 0.965249 -0.258592
-0.037733 0.965249 -0.258592
-0.057752 0.967462 -0.246336
-0.057752 0.967462 -0.246336
-0.057752 0.967462 -0.246336
-0.057752 0.967462 -0.246336
-0.075236 0.969672 -0.232544
-0.075236 0.969672 -0.232544
-0.075236 0.969672 -0.232544
-0.075236 0.969672 -0.232544
-0.088444 0.972066 -0.217405
-0.088444 0.972066 -0.217405
-0.088444 0.972066 -0.217405
-0.088444 0.972066 -0.217405
-0.096006 0.974833 -0.201205
-0.096006 0.974833 -0.201205
-0.096006 0.974833 -0.201205
-0.096006 0.974833 -0.201205
-0.097041 0.978061 -0.184338
-0.097041 0.978061 -0.184338
-0.097041 0.978061 -0.184338
-0.097041 0.978061 -0.184338
-0.091247 0.981674 -0.167305
-0.091247 0.981674 -0.167305
-0.091247 0.981674 -0.167305
-0.091247 0.981674 -0.167305
-0.078938 0.985421 -0.150712
-0.078938 0.985421 -0.150712
-0.078938 0.985421 -0.150712
-0.078938 0.985421 -0.150712
-0.061048 0.988927 -0.135262
-0.061048 0.988927 -0.135262
-0.061048 0.988927 -0.135262
-0.061048 0.988927 -0.135262
-0.039071 0.991795 -0.121722
-0.039071 0.991795 -0.121722
-0.039071 0.991795 -0.121722
-0.039071 0.991795 -0.121722
-0.014924 0.993724 -0.110859
-0.014924 0.993724 -0.110859
-0.014924 0.993724 -0.110859
-0.014924 0.993724 -0.110859
0.009249 0.994601 -0.103360
0.009249 0.994601 -0.103360
0.009249 0.994601 -0.103360
0.009249 0.994601 -0.103360
0.031337 0.994519 -0.099745
0.031337 0.994519 -0.099745
0.031337 0.994519 -0.099745
0.031337 0.994519 -0.099745
0.049500 0.993726 -0.100291
0.049500 0.993726 -0.100291
0.049500 0.993726 -0.100291
0.049500 0.993726 -0.100291
0.062360 0.992517 -0.104983
0.062360 0.992517 -0.104983
0.062360 0.992517 -0.104983
0.062360 0.992517 -0.104983
0.069129 0.991131 -0.113496
0.069129 0.991131 -0.113496
0.069129 0.991131 -0.113496
0.069129 0.991131 -0.113496
0.069645 0.989683 -0.125206
0.069645 0.989683 -0.125206
0.069645 0.989683 -0.125206
0.069645 0.989683 -0.125206
0.064374 0.988166 -0.139226
0.064374 0.988166 -0.139226
0.064374 0.988166 -0.139226
0.064374 0.988166 -0.139226
0.054333 0.986503 -0.154466
0.054333 0.986503 -0.154466
0.054333 0.986503 -0.154466
0.054333 0.986503 -0.154466
0.040981 0.984639 -0.169726
0.040981 0.984639 -0.169726
0.040981 0.984639 -0.169726
0.040981 0.984639 -0.169726
0.026049 0.982616 -0.183812
0.026049 0.982616 -0.183812
0.026049 0.982616 -0.183812
0.026049 0.982616 -0.183812
0.011335 0.980610 -0.195642
0.011335 0.980610 -0.195642
0.011335 0.980610 -0.195642
0.011335 0.980610 -0.195642
-0.001502 0.978897 -0.204346
-0.001502 0.978897 -0.204346
-0.001502 0.978897 -0.204346
-0.001502 0.978897 -0.204346
-0.011122 0.977783 -0.209326
-0.011122 0.977783 -0.209326
-0.011122 0.977783 -0.209326
-0.011122 0.977783 -0.209326
-0.016625 0.977501 -0.210275
-0.016625 0.977501 -0.210275
-0.016625 0.977501 -0.210275
-0.016625 0.977501 -0.210275
-0.017633 0.978144 -0.207180
-0.017633 0.978144 -0.207180
-0.017633 0.978144 -0.207180
-0.017633 0.978144 -0.207180
-0.008844 0.979760 -0.199980
-0.008844 0.979760 -0.199980
-0.008844 0.979760 -0.199980
-0.008844 0.979760 -0.199980
-0.004528 0.981085 -0.193524
-0.004528 0.981085 -0.193524
-0.004528 0.981085 -0.193524
-0.004528 0.981085 -0.193524
-0.000639 0.982193 -0.187872
-0.000639 0.982193 -0.187872
-0.000639 0.982193 -0.187872
-0.000639 0.982193 -0.187872
0.008140 0.983185 -0.182430
0.008140 0.983185 -0.182430
0.008140 0.983185 -0.182430
0.008140 0.983185 -0.182430
0.017059 0.983772 -0.178611
0.017059 0.983772 -0.178611
0.017059 0.983772 -0.178611
0.017059 0.983772 -0.178611
0.025201 0.983760 -0.177708
0.025201 0.983760 -0.177708
0.025201 0.983760 -0.177708
0.025201 0.983760 -0.177708
0.031686 0.983050 -0.180577
0.031686 0.983050 -0.180577
0.031686 0.983050 -0.180577
0.031686 0.983050 -0.180577
0.035751 0.981612 -0.187511
0.035751 0.981612 -0.187511
0.035751 0.981612 -0.187511
0.035751 0.981612 -0.187511
0.036846 0.979465 -0.198221
0.036846 0.979465 -0.198221
0.036846 0.979465 -0.198221
0.036846 0.979465 -0.198221
0.034686 0.976683 -0.211864
0.034686 0.976683 -0.211864
0.034686 0.976683 -0.211864
0.034686 0.976683 -0.211864
0.029301 0.973411 -0.227186
0.029301 0.973411 -0.227186
0.029301 0.973411 -0.227186
0.029301 0.973411 -0.227186
0.021036 0.969879 -0.242678
0.021036 0.969879 -0.242678
0.021036 0.969879 -0.242678
0.021036 0.969879 -0.242678
0.010534 0.966407 -0.256800
0.010534 0.966407 -0.256800
0.010534 0.966407 -0.256800
0.010534 0.966407 -0.256800
-0.001326 0.963373 -0.268163
-0.001326 0.963373 -0.268163
-0.001326 0.963373 -0.268163
-0.001326 0.963373 -0.268163
-0.013507 0.961152 -0.275690
-0.013507 0.961152 -0.275690
-0.013507 0.961152 -0.275690
-0.013507 0.961152 -0.275690
-0.024893 0.960049 -0.278721
-0.024893 0.960049 -0.278721
-0.024893 0.960049 -0.278721
-0.024893 0.960049 -0.278721
-0.034379 0.960238 -0.277058
-0.034379 0.960238 -0.277058
-0.034379 0.960238 -0.277058
-0.034379 0.960238 -0.277058
-0.040951 0.961713 -0.270983
-0.040951 0.961713 -0.270983
-0.040951 0.961713 -0.270983
-0.040951 0.961713 -0.270983
-0.043768 0.964287 -0.261219
-0.043768 0.964287 -0.261219
-0.043768 0.964287 -0.261219
-0.043768 0.964287 -0.261219
-0.042251 0.967609 -0.248893
-0.042251 0.967609 -0.248893
-0.042251 0.967609 -0.248893
-0.042251 0.967609 -0.248893
-0.036158 0.971221 -0.235421
-0.036158 0.971221 -0.235421
-0.036158 0.971221 -0.235421
-0.036158 0.971221 -0.235421
-0.025650 0.974619 -0.222396
-0.025650 0.974619 -0.222396
-0.025650 0.974619 -0.222396
-0.025650 0.974619 -0.222396
-0.008724 0.977301 -0.211674
-0.008724 0.977301 -0.211674
-0.008724 0.977301 -0.211674
-0.008724 0.977301 -0.211674
0.006573 0.978820 -0.204620
0.006573 0.978820 -0.204620
0.006573 0.978820 -0.204620
0.006573 0.978820 -0.204620
0.021274 0.979049 -0.202509
0.021274 0.979049 -0.202509
0.021274 0.979049 -0.202509
0.021274 0.979049 -0.202509
0.039476 0.977756 -0.205998
0.039476 0.977756 -0.205998
0.039476 0.977756 -0.205998
0.039476 0.977756 -0.205998
0.057016 0.975098 -0.214321
0.057016 0.975098 -0.214321
0.057016 0.975098 -0.214321
0.057016 0.975098 -0.214321
0.072361 0.971328 -0.226466
0.072361 0.971328 -0.226466
0.072361 0.971328 -0.226466
0.072361 0.971328 -0.226466
0.084269 0.966862 -0.240990
0.084269 0.966862 -0.240990
0.084269 0.966862 -0.240990
0.084269 0.966862 -0.240990
0.094596 0.961975 -0.256236
0.094596 0.961975 -0.256236
0.094596 0.961975 -0.256236
0.094596 0.961975 -0.256236
0.118897 0.955662 -0.269395
0.118897 0.955662 -0.269395
0.118897 0.955662 -0.269395
0.118897 0.955662 -0.269395
0.167678 0.947775 -0.271307
0.167678 0.947775 -0.271307
0.167678 0.947775 -0.271307
0.167678 0.947775 -0.271307
0.181563 0.950778 -0.251110
0.181563 0.950778 -0.251110
0.181563 0.950778 -0.251110
0.181563 0.950778 -0.251110
0.114144 0.968210 -0.222576
0.114144 0.968210 -0.222576
0.114144 0.968210 -0.222576
0.114144 0.968210 -0.222576
0.031262 0.975938 -0.215795
0.031262 0.975938 -0.215795
0.031262 0.975938 -0.215795
0.031262 0.975938 -0.215795
-0.004818 0.972160 -0.234268
-0.004818 0.972160 -0.234268
-0.004818 0.972160 -0.234268
-0.004818 0.972160 -0.234268
-0.003456 0.966494 -0.256666
-0.003456 0.966494 -0.256666
-0.003456 0.966494 -0.256666
-0.003456 0.966494 -0.256666
0.008374 0.963340 -0.268151
0.008374 0.963340 -0.268151
0.008374 0.963340 -0.268151
0.008374 0.963340 -0.268151
0.002202 0.963772 -0.266717
0.002202 0.963772 -0.266717
0.002202 0.963772 -0.266717
0.002202 0.963772 -0.266717
-0.048457 0.963993 -0.261475
-0.048457 0.963993 -0.261475
-0.048457 0.963993 -0.261475
-0.048457 0.963993 -0.261475
-0.113811 0.955599 -0.271803
-0.113811 0.955599 -0.271803
-0.113811 0.955599 -0.271803
-0.113811 0.955599 -0.271803
-0.124067 0.943695 -0.306672
-0.124067 0.943695 -0.306672
-0.124067 0.943695 -0.306672
-0.124067 0.943695 -0.306672
-0.095565 0.934412 -0.343135
-0.095565 0.934412 -0.343135
-0.095565 0.934412 -0.343135
-0.095565 0.934412 -0.343135
-0.079549 0.927850 -0.364371
-0.079549 0.927850 -0.364371
-0.079549 0.927850 -0.364371
-0.079549 0.927850 -0.364371
-0.075080 0.923171 -0.376987
-0.075080 0.923171 -0.376987
-0.075080 0.923171 -0.376987
-0.075080 0.923171 -0.376987
-0.072046 0.919654 -0.386065
-0.072046 0.919654 -0.386065
-0.072046 0.919654 -0.386065
-0.072046 0.919654 -0.386065
-0.068384 0.917437 -0.391961
-0.068384 0.917437 -0.391961
-0.068384 0.917437 -0.391961
-0.068384 0.917437 -0.391961
-0.066264 0.917712 -0.391681
-0.066264 0.917712 -0.391681
-0.066264 0.917712 -0.391681
-0.066264 0.917712 -0.391681
-0.060321 0.922670 -0.380843
-0.060321 0.922670 -0.380843
-0.060321 0.922670 -0.380843
-0.060321 0.922670 -0.380843
-0.052624 0.929923 -0.363968
-0.052624 0.929923 -0.363968
-0.052624 0.929923 -0.363968
-0.052624 0.929923 -0.363968
-0.043964 0.938856 -0.341491
-0.043964 0.938856 -0.341491
-0.043964 0.938856 -0.341491
-0.043964 0.938856 -0.341491
-0.035797 0.948409 -0.315021
-0.035797 0.948409 -0.315021
-0.035797 0.948409 -0.315021
-0.035797 0.948409 -0.315021
-0.029406 0.957671 -0.286359
-0.029406 0.957671 -0.286359
-0.029406 0.957671 -0.286359
-0.029406 0.957671 -0.286359
-0.025728 0.965985 -0.257315
-0.025728 0.965985 -0.257315
-0.025728 0.965985 -0.257315
-0.025728 0.965985 -0.257315
-0.025231 0.972989 -0.229470
-0.025231 0.972989 -0.229470
-0.025231 0.972989 -0.229470
-0.025231 0.972989 -0.229470
-0.027830 0.978585 -0.203953
-0.027830 0.978585 -0.203953
-0.027830 0.978585 -0.203953
-0.027830 0.978585 -0.203953
-0.032920 0.982880 -0.181284
-0.032920 0.982880 -0.181284
-0.032920 0.982880 -0.181284
-0.032920 0.982880 -0.181284
-0.039469 0.986113 -0.161320
-0.039469 0.986113 -0.161320
-0.039469 0.986113 -0.161320
-0.039469 0.986113 -0.161320
-0.046177 0.988600 -0.143308
-0.046177 0.988600 -0.143308
-0.046177 0.988600 -0.143308
-0.046177 0.988600 -0.143308
-0.051669 0.990683 -0.126002
-0.051669 0.990683 -0.126002
-0.051669 0.990683 -0.126002
-0.051669 0.990683 -0.126002
-0.054677 0.992663 -0.107849
-0.054677 0.992663 -0.107849
-0.054677 0.992663 -0.107849
-0.054677 0.992663 -0.107849
-0.054229 0.994714 -0.087197
-0.054229 0.994714 -0.087197
-0.054229 0.994714 -0.087197
-0.054229 0.994714 -0.087197
-0.049769 0.996802 -0.062515
-0.049769 0.996802 -0.062515
-0.049769 0.996802 -0.062515
-0.049769 0.996802 -0.062515
-0.041378 0.998606 -0.032760
-0.041378 0.998606 -0.032760
-0.041378 0.998606 -0.032760
-0.041378 0.998606 -0.032760
-0.034470 0.999397 -0.004303
-0.034470 0.999397 -0.004303
-0.034470 0.999397 -0.004303
-0.034470 0.999397 -0.004303
-0.026433 0.999413 0.021799
-0.026433 0.999413 0.021799
-0.026433 0.999413 0.021799
-0.026433 0.999413 0.021799
-0.014427 0.998820 0.046363
-0.014427 0.998820 0.046363
-0.014427 0.998820 0.046363
-0.014427 0.998820 0.046363
0.000658 0.997689 0.067942
0.000658 0.997689 0.067942
0.000658 0.997689 0.067942
0.000658 0.997689 0.067942
0.017647 0.996230 0.084942
0.017647 0.996230 0.084942
0.017647 0.996230 0.084942
0.017647 0.996230 0.084942
0.027317 0.995437 0.091430
0.027317 0.995437 0.091430
0.027317 0.995437 0.091430
0.027317 0.995437 0.091430
0.029381 0.995388 0.091318
0.029381 0.995388 0.091318
0.029381 0.995388 0.091318
0.029381 0.995388 0.091318
0.026539 0.995714 0.088599
0.026539 0.995714 0.088599
0.026539 0.995714 0.088599
0.026539 0.995714 0.088599
0.020254 0.996255 0.084060
0.020254 0.996255 0.084060
0.020254 0.996255 0.084060
0.020254 0.996255 0.084060
0.017646 0.996558 0.080999
0.017646 0.996558 0.080999
0.017646 0.996558 0.080999
0.017646 0.996558 0.080999
0.015016 0.997207 0.073169
0.015016 0.997207 0.073169
0.015016 0.997207 0.073169
0.015016 0.997207 0.073169
0.012172 0.998107 0.060294
0.012172 0.998107 0.060294
0.012172 0.998107 0.060294
0.012172 0.998107 0.060294
0.075889 0.997116 -0.000419
0.075889 0.997116 -0.000419
0.075889 0.997116 -0.000419
0.075889 0.997116 -0.000419
0.090580 0.995886 0.002555
0.090580 0.995886 0.002555
0.090580 0.995886 0.002555
0.090580 0.995886 0.002555
0.099439 0.995028 0.005660
0.099439 0.995028 0.005660
0.099439 0.995028 0.005660
0.099439 0.995028 0.005660
0.105570 0.994395 0.005774
0.105570 0.994395 0.005774
0.105570 0.994395 0.005774
0.105570 0.994395 0.005774
0.107607 0.994193 0.001095
0.107607 0.994193 0.001095
0.107607 0.994193 0.001095
0.107607 0.994193 0.001095
0.098916 0.995067 -0.007509
0.098916 0.995067 -0.007509
0.098916 0.995067 -0.007509
0.098916 0.995067 -0.007509
0.088509 0.995900 -0.018714
0.088509 0.995900 -0.018714
0.088509 0.995900 -0.018714
0.088509 0.995900 -0.018714
0.051259 0.998487 -0.019921
0.051259 0.998487 -0.019921
0.051259 0.998487 -0.019921
0.051259 0.998487 -0.019921
-0.031860 0.999205 -0.023983
-0.031860 0.999205 -0.023983
-0.031860 0.999205 -0.023983
-0.031860 0.999205 -0.023983
-0.110471 0.991979 -0.061429
-0.110471 0.991979 -0.061429
-0.110471 0.991979 -0.061429
-0.110471 0.991979 -0.061429
-0.173308 0.977560 -0.119754
-0.173308 0.977560 -0.119754
-0.173308 0.977560 -0.119754
-0.173308 0.977560 -0.119754
-0.235840 0.958019 -0.163031
-0.235840 0.958019 -0.163031
-0.235840 0.958019 -0.163031
-0.235840 0.958019 -0.163031
-0.252298 0.949151 -0.188305
-0.252298 0.949151 -0.188305
-0.252298 0.949151 -0.188305
-0.252298 0.949151 -0.188305
-0.217415 0.956436 -0.194834
-0.217415 0.956436 -0.194834
-0.217415 0.956436 -0.194834
-0.217415 0.956436 -0.194834
-0.172576 0.969661 -0.173131
-0.172576 0.969661 -0.173131
-0.172576 0.969661 -0.173131
-0.172576 0.969661 -0.173131
-0.148153 0.980043 -0.132541
-0.148153 0.980043 -0.132541
-0.148153 0.980043 -0.132541
-0.148153 0.980043 -0.132541
-0.118836 0.987939 -0.099273
-0.118836 0.987939 -0.099273
-0.118836 0.987939 -0.099273
-0.118836 0.987939 -0.099273
-0.152854 0.985996 -0.066697
-0.152854 0.985996 -0.066697
-0.152854 0.985996 -0.066697
-0.152854 0.985996 -0.066697
-0.089084 0.994286 -0.058825
-0.089084 0.994286 -0.058825
-0.089084 0.994286 -0.058825
-0.089084 0.994286 -0.058825
-0.000000 1.000000 -0.000000
-0.000000 1.000000 -0.000000
-0.000000 1.000000 -0.000000
-0.000000 1.000000 -0.000000
0.000000 1.000000 -0.000000
0.000000 1.000000 -0.000000
-0.000000 1.000000 -0.000000
-0.000000 1.000000 -0.000000
0.000000 1.000000 -0.000000
0.000000 1.000000 -0.000000
-0.000000 1.000000 -0.000000
-0.000000 1.000000 -0.000000
-0.000000 1.000000 -0.000000
-0.000000 1.000000 -0.000000
0.000000 1.000000 -0.000000
0.000000 1.000000 -0.000000
-0.000000 1.000000 -0.000000
-0.000000 1.000000 -0.000000
0.000000 1.000000 -0.000000
0.000000 1.000000 -0.000000
-0.000000 1.000000 -0.000000
-0.000000 1.000000 -0.000000
0.000000 1.000000 -0.000000
0.000000 1.000000 -0.000000
-0.000000 1.000000 -0.000000
-0.000000 1.000000 -0.000000
-0.000000 1.000000 -0.000000
-0.000000 1.000000 -0.000000
0.000000 1.000000 -0.000000
0.000000 1.000000 -0.000000
-0.000000 1.000000 -0.000000
-0.000000 1.000000 -0.000000
0.000000 1.000000 -0.000000
0.000000 1.000000 -0.000000
-0.000000 1.000000 -0.000000
-0.000000 1.000000 -0.000000
-0.000000 1.000000 -0.000000
-0.000000 1.000000 -0.000000
-0.000000 1.000000 -0.000000
-0.000000 1.000000 -0.000000
0.002024 0.999998 0.000611
0.002024 0.999998 0.000611
0.002024 0.999998 0.000611
0.002024 0.999998 0.000611
0.052023 0.998539 0.014634
0.052023 0.998539 0.014634
0.052023 0.998539 0.014634
0.052023 0.998539 0.014634
0.119475 0.992474 0.026866
0.119475 0.992474 0.026866
0.119475 0.992474 0.026866
0.119475 0.992474 0.026866
0.169343 0.983649 0.061296
0.169343 0.983649 0.061296
0.169343 0.983649 0.061296
0.169343 0.983649 0.061296
0.015784 0.999868 0.003852
0.015784 0.999868 0.003852
0.015784 0.999868 0.003852
0.015784 0.999868 0.003852
-0.040040 0.998717 -0.030987
-0.040040 0.998717 -0.030987
-0.040040 0.998717 -0.030987
-0.040040 0.998717 -0.030987
-0.051922 0.995026 0.085019
-0.051922 0.995026 0.085019
-0.051922 0.995026 0.085019
-0.051922 0.995026 0.085019
-0.113248 0.989384 0.091078
-0.113248 0.989384 0.091078
-0.113248 0.989384 0.091078
-0.113248 0.989384 0.091078
-0.171331 0.982598 0.071744
-0.171331 0.982598 0.071744
-0.171331 0.982598 0.071744
-0.171331 0.982598 0.071744
-0.216644 0.975867 0.027364
-0.216644 0.975867 0.027364
-0.216644 0.975867 0.027364
-0.216644 0.975867 0.027364
-0.240900 0.970161 -0.027454
-0.240900 0.970161 -0.027454
-0.240900 0.970161 -0.027454
-0.240900 0.970161 -0.027454
-0.244121 0.968663 -0.045789
-0.244121 0.968663 -0.045789
-0.244121 0.968663 -0.045789
-0.244121 0.968663 -0.045789
-0.245778 0.967819 -0.054026
-0.245778 0.967819 -0.054026
-0.245778 0.967819 -0.054026
-0.245778 0.967819 -0.054026
-0.249484 0.966727 -0.056544
-0.249484 0.966727 -0.056544
-0.249484 0.966727 -0.056544
-0.249484 0.966727 -0.056544
-0.255340 0.965413 -0.052721
-0.255340 0.965413 -0.052721
-0.255340 0.965413 -0.052721
-0.255340 0.965413 -0.052721
-0.262854 0.963881 -0.042902
-0.262854 0.963881 -0.042902
-0.262854 0.963881 -0.042902
-0.262854 0.963881 -0.042902
-0.271015 0.962158 -0.028342
-0.271015 0.962158 -0.028342
-0.271015 0.962158 -0.028342
-0.271015 0.962158 -0.028342
-0.278471 0.960382 -0.011011
-0.278471 0.960382 -0.011011
-0.278471 0.960382 -0.011011
-0.278471 0.960382 -0.011011
-0.283785 0.958864 0.006747
-0.283785 0.958864 0.006747
-0.283785 0.958864 0.006747
-0.283785 0.958864 0.006747
-0.285697 0.958053 0.022605
-0.285697 0.958053 0.022605
-0.285697 0.958053 0.022605
-0.285697 0.958053 0.022605
-0.283314 0.958403 0.034607
-0.283314 0.958403 0.034607
-0.283314 0.958403 0.034607
-0.283314 0.958403 0.034607
-0.276242 0.960194 0.041453
-0.276242 0.960194 0.041453
-0.276242 0.960194 0.041453
-0.276242 0.960194 0.041453
-0.264650 0.963401 0.042642
-0.264650 0.963401 0.042642
-0.264650 0.963401 0.042642
-0.264650 0.963401 0.042642
-0.249287 0.967663 0.038513
-0.249287 0.967663 0.038513
-0.249287 0.967663 0.038513
-0.249287 0.967663 0.038513
-0.231466 0.972375 0.030179
-0.231466 0.972375 0.030179
-0.231466 0.972375 0.030179
-0.231466 0.972375 0.030179
-0.211439 0.976737 0.035751
-0.211439 0.976737 0.035751
-0.211439 0.976737 0.035751
-0.211439 0.976737 0.035751
-0.199182 0.979923 0.008780
-0.199182 0.979923 0.008780
-0.199182 0.979923 0.008780
-0.199182 0.979923 0.008780
-0.185233 0.982508 -0.019129
-0.185233 0.982508 -0.019129
-0.185233 0.982508 -0.019129
-0.185233 0.982508 -0.019129
-0.180379 0.983303 -0.024060
-0.180379 0.983303 -0.024060
-0.180379 0.983303 -0.024060
-0.180379 0.983303 -0.024060
-0.182300 0.983069 -0.018480
-0.182300 0.983069 -0.018480
-0.182300 0.983069 -0.018480
-0.182300 0.983069 -0.018480
-0.189391 0.981888 -0.005134
-0.189391 0.981888 -0.005134
-0.189391 0.981888 -0.005134
-0.189391 0.981888 -0.005134
-0.198747 0.979990 0.010931
-0.198747 0.979990 0.010931
-0.198747 0.979990 0.010931
-0.198747 0.979990 0.010931
-0.207097 0.978029 0.023882
-0.207097 0.978029 0.023882
-0.207097 0.978029 0.023882
-0.207097 0.978029 0.023882
-0.211761 0.976895 0.028875
-0.211761 0.976895 0.028875
-0.211761 0.976895 0.028875
-0.211761 0.976895 0.028875
-0.211318 0.977138 0.023376
-0.211318 0.977138 0.023376
-0.211318 0.977138 0.023376
-0.211318 0.977138 0.023376
-0.205901 0.978541 0.007881
-0.205901 0.978541 0.007881
-0.205901 0.978541 0.007881
-0.205901 0.978541 0.007881
-0.197169 0.980267 -0.014204
-0.197169 0.980267 -0.014204
-0.197169 0.980267 -0.014204
-0.197169 0.980267 -0.014204
-0.187937 0.981469 -0.037402
-0.187937 0.981469 -0.037402
-0.187937 0.981469 -0.037402
-0.187937 0.981469 -0.037402
-0.181404 0.981827 -0.055748
-0.181404 0.981827 -0.055748
-0.181404 0.981827 -0.055748
-0.181404 0.981827 -0.055748
-0.180147 0.981519 -0.064551
-0.180147 0.981519 -0.064551
-0.180147 0.981519 -0.064551
-0.180147 0.981519 -0.064551
-0.185259 0.980746 -0.061773
-0.185259 0.980746 -0.061773
-0.185259 0.980746 -0.061773
-0.185259 0.980746 -0.061773
-0.195955 0.979410 -0.048564
-0.195955 0.979410 -0.048564
-0.195955 0.979410 -0.048564
-0.195955 0.979410 -0.048564
-0.209814 0.977313 -0.028949
-0.209814 0.977313 -0.028949
-0.209814 0.977313 -0.028949
-0.209814 0.977313 -0.028949
-0.223548 0.974655 -0.008644
-0.223548 0.974655 -0.008644
-0.223548 0.974655 -0.008644
-0.223548 0.974655 -0.008644
-0.234025 0.972208 0.006637
-0.234025 0.972208 0.006637
-0.234025 0.972208 0.006637
-0.234025 0.972208 0.006637
-0.239123 0.970904 0.012872
-0.239123 0.970904 0.012872
-0.239123 0.970904 0.012872
-0.239123 0.970904 0.012872
-0.238174 0.971183 0.008777
-0.238174 0.971183 0.008777
-0.238174 0.971183 0.008777
-0.238174 0.971183 0.008777
-0.232057 0.972694 -0.003882
-0.232057 0.972694 -0.003882
-0.232057 0.972694 -0.003882
-0.232057 0.972694 -0.003882
-0.222995 0.974599 -0.020762
-0.222995 0.974599 -0.020762
-0.222995 0.974599 -0.020762
-0.222995 0.974599 -0.020762
-0.214029 0.976158 -0.036140
-0.214029 0.976158 -0.036140
-0.214029 0.976158 -0.036140
-0.214029 0.976158 -0.036140
-0.209130 0.976971 -0.042340
-0.209130 0.976971 -0.042340
-0.209130 0.976971 -0.042340
-0.209130 0.976971 -0.042340
-0.204945 0.977935 -0.040497
-0.204945 0.977935 -0.040497
-0.204945 0.977935 -0.040497
-0.204945 0.977935 -0.040497
-0.200932 0.979134 -0.030380
-0.200932 0.979134 -0.030380
-0.200932 0.979134 -0.030380
-0.200932 0.979134 -0.030380
-0.203107 0.979133 -0.006849
-0.203107 0.979133 -0.006849
-0.203107 0.979133 -0.006849
-0.203107 0.979133 -0.006849
-0.205872 0.978383 0.019609
-0.205872 0.978383 0.019609
-0.205872 0.978383 0.019609
-0.205872 0.978383 0.019609
-0.205460 0.977764 0.042001
-0.205460 0.977764 0.042001
-0.205460 0.977764 0.042001
-0.205460 0.977764 0.042001
-0.198839 0.978510 0.054608
-0.198839 0.978510 0.054608
-0.198839 0.978510 0.054608
-0.198839 0.978510 0.054608
-0.184480 0.981316 0.054639
-0.184480 0.981316 0.054639
-0.184480 0.981316 0.054639
-0.184480 0.981316 0.054639
-0.162704 0.985740 0.042950
-0.162704 0.985740 0.042950
-0.162704 0.985740 0.042950
-0.162704 0.985740 0.042950
-0.135694 0.990464 0.023847
-0.135694 0.990464 0.023847
-0.135694 0.990464 0.023847
-0.135694 0.990464 0.023847
-0.096848 0.995280 -0.006264
-0.096848 0.995280 -0.006264
-0.096848 0.995280 -0.006264
-0.096848 0.995280 -0.006264
-0.028447 0.997613 -0.062919
-0.028447 0.997613 -0.062919
-0.028447 0.997613 -0.062919
-0.028447 0.997613 -0.062919
0.025758 0.995487 -0.091332
0.025758 0.995487 -0.091332
0.025758 0.995487 -0.091332
0.025758 0.995487 -0.091332
0.052194 0.994485 -0.090971
0.052194 0.994485 -0.090971
0.052194 0.994485 -0.090971
0.052194 0.994485 -0.090971
0.048594 0.996574 -0.066926
0.048594 0.996574 -0.066926
0.048594 0.996574 -0.066926
0.048594 0.996574 -0.066926
0.013911 0.999766 -0.016543
0.013911 0.999766 -0.016543
0.013911 0.999766 -0.016543
0.013911 0.999766 -0.016543
-0.000000 1.000000 -0.000000
-0.000000 1.000000 -0.000000
-0.000000 1.000000 -0.000000
-0.000000 1.000000 -0.000000
0.000000 1.000000 -0.000000
0.000000 1.000000 -0.000000
0.000000 1.000000 -0.000000
0.000000 1.000000 -0.000000
0.000000 1.000000 -0.000000
0.000000 1.000000 -0.000000
-0.000000 1.000000 -0.000000
-0.000000 1.000000 -0.000000
0.000000 1.000000 -0.000000
0.000000 1.000000 -0.000000
0.000000 1.000000 -0.000000
0.000000 1.000000 -0.000000
0.000000 1.000000 -0.000000
0.000000 1.000000 -0.000000
-0.000000 1.000000 -0.000000
-0.000000 1.000000 -0.000000
-0.000000 1.000000 -0.000000
-0.000000 1.000000 -0.000000
0.000000 1.000000 -0.000000
0.000000 1.000000 -0.000000
<Colors>: 1826
0.120000 0.135000 0.160000 1.000000
0.120000 0.135000 0.160000 1.000000
0.120000 0.135000 0.160000 1.000000
0.120000 0.135000 0.160000 1.000000
0.120000 0.135000 0.160000 1.000000
0.120000 0.135000 0.160000 1.000000
0.120000 0.135000 0.160000 1.000000
0.120000 0.135000 0.160000 1.000000
0.120000 0.135000 0.160000 1.000000
0.120000 0.135000 0.160000 1.000000
0.120000 0.135000 0.160000 1.000000
0.120000 0.135000 0.160000 1.000000
0.120000 0.135000 0.160000 1.000000
0.120000 0.135000 0.160000 1.000000
0.120000 0.135000 0.160000 1.000000
0.120000 0.135000 0.160000 1.000000
0.120000 0.135000 0.160000 1.000000
0.120000 0.135000 0.160000 1.000000
0.120000 0.135000 0.160000 1.000000
0.120000 0.135000 0.160000 1.000000
0.120000 0.135000 0.160000 1.000000
0.120000 0.135000 0.160000 1.000000
0.120000 0.135000 0.160000 1.000000
0.120000 0.135000 0.160000 1.000000
0.120000 0.135000 0.160000 1.000000
0.120000 0.135000 0.160000 1.000000
0.120000 0.135000 0.160000 1.000000
0.120000 0.135000 0.160000 1.000000
0.120000 0.135000 0.160000 1.000000
0.120000 0.135000 0.160000 1.000000
0.120000 0.135000 0.160000 1.000000
0.120000 0.135000 0.160000 1.000000
0.120000 0.135000 0.160000 1.000000
0.120000 0.135000 0.160000 1.000000
0.120000 0.135000 0.160000 1.000000
0.120000 0.135000 0.160000 1.000000
0.120000 0.135000 0.160000 1.000000
0.120000 0.135000 0.160000 1.000000
0.120000 0.135000 0.160000 1.000000
0.120000 0.135000 0.160000 1.000000
0.120000 0.135000 0.160000 1.000000
0.120000 0.135000 0.160000 1.000000
0.120000 0.135000 0.160000 1.000000
0.120000 0.135000 0.160000 1.000000
0.120000 0.135000 0.160000 1.000000
0.120000 0.135000 0.160000 1.000000
0.120000 0.135000 0.160000 1.000000
0.120000 0.135000 0.160000 1.000000
0.120000 0.135000 0.160000 1.000000
0.120000 0.135000 0.160000 1.000000
0.120000 0.135000 0.160000 1.000000
0.120000 0.135000 0.160000 1.000000
0.120000 0.135000 0.160000 1.000000
0.120000 0.135000 0.160000 1.000000
0.120000 0.135000 0.160000 1.000000
0.120000 0.135000 0.160000 1.000000
0.120000 0.135000 0.160000 1.000000
0.120000 0.135000 0.160000 1.000000
0.120000 0.135000 0.160000 1.000000
0.120000 0.135000 0.160000 1.000000
0.120000 0.135000 0.160000 1.000000
0.120000 0.135000 0.160000 1.000000
0.120000 0.135000 0.160000 1.000000
0.120000 0.135000 0.160000 1.000000
0.120000 0.135000 0.160000 1.000000
0.120000 0.135000 0.160000 1.000000
0.120000 0.135000 0.160000 1.000000
0.120000 0.135000 0.160000 1.000000
0.120000 0.135000 0.160000 1.000000
0.120000 0.135000 0.160000 1.000000
0.120000 0.135000 0.160000 1.000000
0.120000 0.135000 0.160000 1.000000
0.120000 0.135000 0.160000 1.000000
0.120000 0.135000 0.160000 1.000000
0.120000 0.135000 0.160000 1.000000
0.120000 0.135000 0.160000 1.000000
0.120000 0.135000 0.160000 1.000000
0.120000 0.135000 0.160000 1.000000
0.120000 0.135000 0.160000 1.000000
0.120000 0.135000 0.160000 1.000000
0.120000 0.135000 0.160000 1.000000
0.120000 0.135000 0.160000 1.000000
0.120000 0.135000 0.160000 1.000000
0.120000 0.135000 0.160000 1.000000
0.120000 0.135000 0.160000 1.000000
0.120000 0.135000 0.160000 1.000000
0.120000 0.135000 0.160000 1.000000
0.120000 0.135000 0.160000 1.000000
0.120000 0.135000 0.160000 1.000000
0.120000 0.135000 0.160000 1.000000
0.120000 0.135000 0.160000 1.000000
0.120000 0.135000 0.160000 1.000000
0.120000 0.135000 0.160000 1.000000
0.120000 0.135000 0.160000 1.000000
0.120000 0.135000 0.160000 1.000000
0.120000 0.135000 0.160000 1.000000
0.120000 0.135000 0.160000 1.000000
0.120000 0.135000 0.160000 1.000000
0.120000 0.135000 0.160000 1.000000
0.120000 0.135000 0.160000 1.000000
0.120000 0.135000 0.160000 1.000000
0.120000 0.135000 0.160000 1.000000
0.120000 0.135000 0.160000 1.000000
0.120000 0.135000 0.160000 1.000000
0.120000 0.135000 0.160000 1.000000
0.120000 0.135000 0.160000 1.000000
0.120000 0.135000 0.160000 1.000000
0.120000 0.135000 0.160000 1.000000
0.120000 0.135000 0.160000 1.000000
0.120000 0.135000 0.160000 1.000000
0.120000 0.135000 0.160000 1.000000
0.120000 0.135000 0.160000 1.000000
0.120000 0.135000 0.160000 1.000000
0.120000 0.135000 0.160000 1.000000
0.120000 0.135000 0.160000 1.000000
0.120000 0.135000 0.160000 1.000000
0.120000 0.135000 0.160000 1.000000
0.120000 0.135000 0.160000 1.000000
0.120000 0.135000 0.160000 1.000000
0.120000 0.135000 0.160000 1.000000
0.120000 0.135000 0.160000 1.000000
0.120000 0.135000 0.160000 1.000000
0.120000 0.135000 0.160000 1.000000
0.120000 0.135000 0.160000 1.000000
0.120000 0.135000 0.160000 1.000000
0.120000 0.135000 0.160000 1.000000
0.120000 0.135000 0.160000 1.000000
0.120000 0.135000 0.160000 1.000000
0.120000 0.135000 0.160000 1.000000
0.120000 0.135000 0.160000 1.000000
0.120000 0.135000 0.160000 1.000000
0.120000 0.135000 0.160000 1.000000
0.120000 0.135000 0.160000 1.000000
0.120000 0.135000 0.160000 1.000000
0.120000 0.135000 0.160000 1.000000
0.120000 0.135000 0.160000 1.000000
0.120000 0.135000 0.160000 1.000000
0.120000 0.135000 0.160000 1.000000
0.120000 0.135000 0.160000 1.000000
0.120000 0.135000 0.160000 1.000000
0.120000 0.135000 0.160000 1.000000
0.120000 0.135000 0.160000 1.000000
0.120000 0.135000 0.160000 1.000000
0.120000 0.135000 0.160000 1.000000
0.120000 0.135000 0.160000 1.000000
0.120000 0.135000 0.160000 1.000000
0.120000 0.135000 0.160000 1.000000
0.120000 0.135000 0.160000 1.000000
0.120000 0.135000 0.160000 1.000000
0.120000 0.135000 0.160000 1.000000
0.120000 0.135000 0.160000 1.000000
0.120000 0.135000 0.160000 1.000000
0.120000 0.135000 0.160000 1.000000
0.120000 0.135000 0.160000 1.000000
0.120000 0.135000 0.160000 1.000000
0.120000 0.135000 0.160000 1.000000
0.120000 0.135000 0.160000 1.000000
0.120000 0.135000 0.160000 1.000000
0.120000 0.135000 0.160000 1.000000
0.120000 0.135000 0.160000 1.000000
0.120000 0.135000 0.160000 1.000000
0.120000 0.135000 0.160000 1.000000
0.120000 0.135000 0.160000 1.000000
0.120000 0.135000 0.160000 1.000000
0.120000 0.135000 0.160000 1.000000
0.120000 0.135000 0.160000 1.000000
0.120000 0.135000 0.160000 1.000000
0.120000 0.135000 0.160000 1.000000
0.120000 0.135000 0.160000 1.000000
0.120000 0.135000 0.160000 1.000000
0.120000 0.135000 0.160000 1.000000
0.120000 0.135000 0.160000 1.000000
0.120000 0.135000 0.160000 1.000000
0.120000 0.135000 0.160000 1.000000
0.120000 0.135000 0.160000 1.000000
0.120000 0.135000 0.160000 1.000000
0.120000 0.135000 0.160000 1.000000
0.120000 0.135000 0.160000 1.000000
0.120000 0.135000 0.160000 1.000000
0.120000 0.135000 0.160000 1.000000
0.120000 0.135000 0.160000 1.000000
0.120000 0.135000 0.160000 1.000000
0.120000 0.135000 0.160000 1.000000
0.120000 0.135000 0.160000 1.000000
0.120000 0.135000 0.160000 1.000000
0.120000 0.135000 0.160000 1.000000
0.120000 0.135000 0.160000 1.000000
0.120000 0.135000 0.160000 1.000000
0.120000 0.135000 0.160000 1.000000
0.120000 0.135000 0.160000 1.000000
0.120000 0.135000 0.160000 1.000000
0.120000 0.135000 0.160000 1.000000
0.120000 0.135000 0.160000 1.000000
0.120000 0.135000 0.160000 1.000000
0.120000 0.135000 0.160000 1.000000
0.120000 0.135000 0.160000 1.000000
0.120000 0.135000 0.160000 1.000000
0.120000 0.135000 0.160000 1.000000
0.120000 0.135000 0.160000 1.000000
0.120000 0.135000 0.160000 1.000000
0.120000 0.135000 0.160000 1.000000
0.120000 0.135000 0.160000 1.000000
0.120000 0.135000 0.160000 1.000000
0.120000 0.135000 0.160000 1.000000
0.120000 0.135000 0.160000 1.000000
0.120000 0.135000 0.160000 1.000000
0.120000 0.135000 0.160000 1.000000
0.120000 0.135000 0.160000 1.000000
0.120000 0.135000 0.160000 1.000000
0.120000 0.135000 0.160000 1.000000
0.120000 0.135000 0.160000 1.000000
0.120000 0.135000 0.160000 1.000000
0.120000 0.135000 0.160000 1.000000
0.120000 0.135000 0.160000 1.000000
0.120000 0.135000 0.160000 1.000000
0.120000 0.135000 0.160000 1.000000
0.120000 0.135000 0.160000 1.000000
0.120000 0.135000 0.160000 1.000000
0.120000 0.135000 0.160000 1.000000
0.120000 0.135000 0.160000 1.000000
0.120000 0.135000 0.160000 1.000000
0.120000 0.135000 0.160000 1.000000
0.120000 0.135000 0.160000 1.000000
0.120000 0.135000 0.160000 1.000000
0.120000 0.135000 0.160000 1.000000
0.120000 0.135000 0.160000 1.000000
0.120000 0.135000 0.160000 1.000000
0.120000 0.135000 0.160000 1.000000
0.120000 0.135000 0.160000 1.000000
0.120000 0.135000 0.160000 1.000000
0.120000 0.135000 0.160000 1.000000
0.120000 0.135000 0.160000 1.000000
0.120000 0.135000 0.160000 1.000000
0.120000 0.135000 0.160000 1.000000
0.120000 0.135000 0.160000 1.000000
0.120000 0.135000 0.160000 1.000000
0.120000 0.135000 0.160000 1.000000
0.120000 0.135000 0.160000 1.000000
0.120000 0.135000 0.160000 1.000000
0.120000 0.135000 0.160000 1.000000
0.120000 0.135000 0.160000 1.000000
0.120000 0.135000 0.160000 1.000000
0.120000 0.135000 0.160000 1.000000
0.120000 0.135000 0.160000 1.000000
0.120000 0.135000 0.160000 1.000000
0.120000 0.135000 0.160000 1.000000
0.120000 0.135000 0.160000 1.000000
0.120000 0.135000 0.160000 1.000000
0.120000 0.135000 0.160000 1.000000
0.120000 0.135000 0.160000 1.000000
0.120000 0.135000 0.160000 1.000000
0.120000 0.135000 0.160000 1.000000
0.120000 0.135000 0.160000 1.000000
0.120000 0.135000 0.160000 1.000000
0.120000 0.135000 0.160000 1.000000
0.120000 0.135000 0.160000 1.000000
0.120000 0.135000 0.160000 1.000000
0.120000 0.135000 0.160000 1.000000
0.120000 0.135000 0.160000 1.000000
0.120000 0.135000 0.160000 1.000000
0.120000 0.135000 0.160000 1.000000
0.120000 0.135000 0.160000 1.000000
0.120000 0.135000 0.160000 1.000000
0.120000 0.135000 0.160000 1.000000
0.120000 0.135000 0.160000 1.000000
0.120000 0.135000 0.160000 1.000000
0.120000 0.135000 0.160000 1.000000
0.120000 0.135000 0.160000 1.000000
0.120000 0.135000 0.160000 1.000000
0.120000 0.135000 0.160000 1.000000
0.120000 0.135000 0.160000 1.000000
0.120000 0.135000 0.160000 1.000000
0.120000 0.135000 0.160000 1.000000
0.120000 0.135000 0.160000 1.000000
0.120000 0.135000 0.160000 1.000000
0.120000 0.135000 0.160000 1.000000
0.120000 0.135000 0.160000 1.000000
0.120000 0.135000 0.160000 1.000000
0.120000 0.135000 0.160000 1.000000
0.120000 0.135000 0.160000 1.000000
0.120000 0.135000 0.160000 1.000000
0.120000 0.135000 0.160000 1.000000
0.120000 0.135000 0.160000 1.000000
0.120000 0.135000 0.160000 1.000000
0.120000 0.135000 0.160000 1.000000
0.120000 0.135000 0.160000 1.000000
0.120000 0.135000 0.160000 1.000000
0.120000 0.135000 0.160000 1.000000
0.120000 0.135000 0.160000 1.000000
0.120000 0.135000 0.160000 1.000000
0.120000 0.135000 0.160000 1.000000
0.120000 0.135000 0.160000 1.000000
0.120000 0.135000 0.160000 1.000000
0.120000 0.135000 0.160000 1.000000
0.120000 0.135000 0.160000 1.000000
0.120000 0.135000 0.160000 1.000000
0.120000 0.135000 0.160000 1.000000
0.120000 0.135000 0.160000 1.000000
0.120000 0.135000 0.160000 1.000000
0.120000 0.135000 0.160000 1.000000
0.120000 0.135000 0.160000 1.000000
0.120000 0.135000 0.160000 1.000000
0.120000 0.135000 0.160000 1.000000
0.120000 0.135000 0.160000 1.000000
0.120000 0.135000 0.160000 1.000000
0.120000 0.135000 0.160000 1.000000
0.120000 0.135000 0.160000 1.000000
0.120000 0.135000 0.160000 1.000000
0.120000 0.135000 0.160000 1.000000
0.120000 0.135000 0.160000 1.000000
0.120000 0.135000 0.160000 1.000000
0.120000 0.135000 0.160000 1.000000
0.120000 0.135000 0.160000 1.000000
0.120000 0.135000 0.160000 1.000000
0.120000 0.135000 0.160000 1.000000
0.120000 0.135000 0.160000 1.000000
0.120000 0.135000 0.160000 1.000000
0.120000 0.135000 0.160000 1.000000
0.120000 0.135000 0.160000 1.000000
0.120000 0.135000 0.160000 1.000000
0.120000 0.135000 0.160000 1.000000
0.120000 0.135000 0.160000 1.000000
0.120000 0.135000 0.160000 1.000000
0.120000 0.135000 0.160000 1.000000
0.120000 0.135000 0.160000 1.000000
0.120000 0.135000 0.160000 1.000000
0.120000 0.135000 0.160000 1.000000
0.120000 0.135000 0.160000 1.000000
0.120000 0.135000 0.160000 1.000000
0.120000 0.135000 0.160000 1.000000
0.120000 0.135000 0.160000 1.000000
0.120000 0.135000 0.160000 1.000000
0.120000 0.135000 0.160000 1.000000
0.120000 0.135000 0.160000 1.000000
0.120000 0.135000 0.160000 1.000000
0.120000 0.135000 0.160000 1.000000
0.120000 0.135000 0.160000 1.000000
0.120000 0.135000 0.160000 1.000000
0.120000 0.135000 0.160000 1.000000
0.120000 0.135000 0.160000 1.000000
0.120000 0.135000 0.160000 1.000000
0.120000 0.135000 0.160000 1.000000
0.120000 0.135000 0.160000 1.000000
0.120000 0.135000 0.160000 1.000000
0.120000 0.135000 0.160000 1.000000
0.120000 0.135000 0.160000 1.000000
0.120000 0.135000 0.160000 1.000000
0.120000 0.135000 0.160000 1.000000
0.120000 0.135000 0.160000 1.000000
0.120000 0.135000 0.160000 1.000000
0.120000 0.135000 0.160000 1.000000
0.120000 0.135000 0.160000 1.000000
0.120000 0.135000 0.160000 1.000000
0.120000 0.135000 0.160000 1.000000
0.120000 0.135000 0.160000 1.000000
0.120000 0.135000 0.160000 1.000000
0.120000 0.135000 0.160000 1.000000
0.120000 0.135000 0.160000 1.000000
0.120000 0.135000 0.160000 1.000000
0.120000 0.135000 0.160000 1.000000
0.120000 0.135000 0.160000 1.000000
0.120000 0.135000 0.160000 1.000000
0.120000 0.135000 0.160000 1.000000
0.120000 0.135000 0.160000 1.000000
0.120000 0.135000 0.160000 1.000000
0.120000 0.135000 0.160000 1.000000
0.120000 0.135000 0.160000 1.000000
0.120000 0.135000 0.160000 1.000000
0.120000 0.135000 0.160000 1.000000
0.120000 0.135000 0.160000 1.000000
0.120000 0.135000 0.160000 1.000000
0.120000 0.135000 0.160000 1.000000
0.120000 0.135000 0.160000 1.000000
0.120000 0.135000 0.160000 1.000000
0.120000 0.135000 0.160000 1.000000
0.120000 0.135000 0.160000 1.000000
0.120000 0.135000 0.160000 1.000000
0.120000 0.135000 0.160000 1.000000
0.120000 0.135000 0.160000 1.000000
0.120000 0.135000 0.160000 1.000000
0.120000 0.135000 0.160000 1.000000
0.120000 0.135000 0.160000 1.000000
0.120000 0.135000 0.160000 1.000000
0.120000 0.135000 0.160000 1.000000
0.120000 0.135000 0.160000 1.000000
0.120000 0.135000 0.160000 1.000000
0.120000 0.135000 0.160000 1.000000
0.120000 0.135000 0.160000 1.000000
0.120000 0.135000 0.160000 1.000000
0.120000 0.135000 0.160000 1.000000
0.120000 0.135000 0.160000 1.000000
0.120000 0.135000 0.160000 1.000000
0.120000 0.135000 0.160000 1.000000
0.120000 0.135000 0.160000 1.000000
0.120000 0.135000 0.160000 1.000000
0.120000 0.135000 0.160000 1.000000
0.120000 0.135000 0.160000 1.000000
0.120000 0.135000 0.160000 1.000000
0.120000 0.135000 0.160000 1.000000
0.120000 0.135000 0.160000 1.000000
0.120000 0.135000 0.160000 1.000000
0.120000 0.135000 0.160000 1.000000
0.120000 0.135000 0.160000 1.000000
0.120000 0.135000 0.160000 1.000000
0.120000 0.135000 0.160000 1.000000
0.120000 0.135000 0.160000 1.000000
0.120000 0.135000 0.160000 1.000000
0.120000 0.135000 0.160000 1.000000
0.120000 0.135000 0.160000 1.000000
0.120000 0.135000 0.160000 1.000000
0.120000 0.135000 0.160000 1.000000
0.120000 0.135000 0.160000 1.000000
0.120000 0.135000 0.160000 1.000000
0.120000 0.135000 0.160000 1.000000
0.120000 0.135000 0.160000 1.000000
0.120000 0.135000 0.160000 1.000000
0.120000 0.135000 0.160000 1.000000
0.120000 0.135000 0.160000 1.000000
0.120000 0.135000 0.160000 1.000000
0.120000 0.135000 0.160000 1.000000
0.120000 0.135000 0.160000 1.000000
0.120000 0.135000 0.160000 1.000000
0.120000 0.135000 0.160000 1.000000
0.120000 0.135000 0.160000 1.000000
0.120000 0.135000 0.160000 1.000000
0.120000 0.135000 0.160000 1.000000
0.120000 0.135000 0.160000 1.000000
0.120000 0.135000 0.160000 1.000000
0.120000 0.135000 0.160000 1.000000
0.120000 0.135000 0.160000 1.000000
0.120000 0.135000 0.160000 1.000000
0.120000 0.135000 0.160000 1.000000
0.120000 0.135000 0.160000 1.000000
0.120000 0.135000 0.160000 1.000000
0.120000 0.135000 0.160000 1.000000
0.120000 0.135000 0.160000 1.000000
0.120000 0.135000 0.160000 1.000000
0.120000 0.135000 0.160000 1.000000
0.120000 0.135000 0.160000 1.000000
0.120000 0.135000 0.160000 1.000000
0.120000 0.135000 0.160000 1.000000
0.120000 0.135000 0.160000 1.000000
0.120000 0.135000 0.160000 1.000000
0.120000 0.135000 0.160000 1.000000
0.120000 0.135000 0.160000 1.000000
0.120000 0.135000 0.160000 1.000000
0.120000 0.135000 0.160000 1.000000
0.120000 0.135000 0.160000 1.000000
0.120000 0.135000 0.160000 1.000000
0.120000 0.135000 0.160000 1.000000
0.120000 0.135000 0.160000 1.000000
0.120000 0.135000 0.160000 1.000000
0.120000 0.135000 0.160000 1.000000
0.120000 0.135000 0.160000 1.000000
0.120000 0.135000 0.160000 1.000000
0.120000 0.135000 0.160000 1.000000
0.120000 0.135000 0.160000 1.000000
0.120000 0.135000 0.160000 1.000000
0.120000 0.135000 0.160000 1.000000
0.120000 0.135000 0.160000 1.000000
0.120000 0.135000 0.160000 1.000000
0.120000 0.135000 0.160000 1.000000
0.120000 0.135000 0.160000 1.000000
0.120000 0.135000 0.160000 1.000000
0.120000 0.135000 0.160000 1.000000
0.120000 0.135000 0.160000 1.000000
0.120000 0.135000 0.160000 1.000000
0.120000 0.135000 0.160000 1.000000
0.120000 0.135000 0.160000 1.000000
0.120000 0.135000 0.160000 1.000000
0.120000 0.135000 0.160000 1.000000
0.120000 0.135000 0.160000 1.000000
0.120000 0.135000 0.160000 1.000000
0.120000 0.135000 0.160000 1.000000
0.120000 0.135000 0.160000 1.000000
0.120000 0.135000 0.160000 1.000000
0.120000 0.135000 0.160000 1.000000
0.120000 0.135000 0.160000 1.000000
0.120000 0.135000 0.160000 1.000000
0.120000 0.135000 0.160000 1.000000
0.120000 0.135000 0.160000 1.000000
0.120000 0.135000 0.160000 1.000000
0.120000 0.135000 0.160000 1.000000
0.120000 0.135000 0.160000 1.000000
0.120000 0.135000 0.160000 1.000000
0.120000 0.135000 0.160000 1.000000
0.120000 0.135000 0.160000 1.000000
0.120000 0.135000 0.160000 1.000000
0.120000 0.135000 0.160000 1.000000
0.120000 0.135000 0.160000 1.000000
0.120000 0.135000 0.160000 1.000000
0.120000 0.135000 0.160000 1.000000
0.120000 0.135000 0.160000 1.000000
0.120000 0.135000 0.160000 1.000000
0.120000 0.135000 0.160000 1.000000
0.120000 0.135000 0.160000 1.000000
0.120000 0.135000 0.160000 1.000000
0.120000 0.135000 0.160000 1.000000
0.120000 0.135000 0.160000 1.000000
0.120000 0.135000 0.160000 1.000000
0.120000 0.135000 0.160000 1.000000
0.120000 0.135000 0.160000 1.000000
0.120000 0.135000 0.160000 1.000000
0.120000 0.135000 0.160000 1.000000
0.120000 0.135000 0.160000 1.000000
0.120000 0.135000 0.160000 1.000000
0.120000 0.135000 0.160000 1.000000
0.120000 0.135000 0.160000 1.000000
0.120000 0.135000 0.160000 1.000000
0.120000 0.135000 0.160000 1.000000
0.120000 0.135000 0.160000 1.000000
0.120000 0.135000 0.160000 1.000000
0.120000 0.135000 0.160000 1.000000
0.120000 0.135000 0.160000 1.000000
0.120000 0.135000 0.160000 1.000000
0.120000 0.135000 0.160000 1.000000
0.120000 0.135000 0.160000 1.000000
0.120000 0.135000 0.160000 1.000000
0.120000 0.135000 0.160000 1.000000
0.120000 0.135000 0.160000 1.000000
0.120000 0.135000 0.160000 1.000000
0.120000 0.135000 0.160000 1.000000
0.120000 0.135000 0.160000 1.000000
0.120000 0.135000 0.160000 1.000000
0.120000 0.135000 0.160000 1.000000
0.120000 0.135000 0.160000 1.000000
0.120000 0.135000 0.160000 1.000000
0.120000 0.135000 0.160000 1.000000
0.120000 0.135000 0.160000 1.000000
0.120000 0.135000 0.160000 1.000000
0.120000 0.135000 0.160000 1.000000
0.120000 0.135000 0.160000 1.000000
0.120000 0.135000 0.160000 1.000000
0.120000 0.135000 0.160000 1.000000
0.120000 0.135000 0.160000 1.000000
0.120000 0.135000 0.160000 1.000000
0.120000 0.135000 0.160000 1.000000
0.120000 0.135000 0.160000 1.000000
0.120000 0.135000 0.160000 1.000000
0.120000 0.135000 0.160000 1.000000
0.120000 0.135000 0.160000 1.000000
0.120000 0.135000 0.160000 1.000000
0.120000 0.135000 0.160000 1.000000
0.120000 0.135000 0.160000 1.000000
0.120000 0.135000 0.160000 1.000000
0.120000 0.135000 0.160000 1.000000
0.120000 0.135000 0.160000 1.000000
0.120000 0.135000 0.160000 1.000000
0.120000 0.135000 0.160000 1.000000
0.120000 0.135000 0.160000 1.000000
0.120000 0.135000 0.160000 1.000000
0.120000 0.135000 0.160000 1.000000
0.120000 0.135000 0.160000 1.000000
0.120000 0.135000 0.160000 1.000000
0.120000 0.135000 0.160000 1.000000
0.120000 0.135000 0.160000 1.000000
0.120000 0.135000 0.160000 1.000000
0.120000 0.135000 0.160000 1.000000
0.120000 0.135000 0.160000 1.000000
0.120000 0.135000 0.160000 1.000000
0.120000 0.135000 0.160000 1.000000
0.120000 0.135000 0.160000 1.000000
0.120000 0.135000 0.160000 1.000000
0.120000 0.135000 0.160000 1.000000
0.120000 0.135000 0.160000 1.000000
0.120000 0.135000 0.160000 1.000000
0.120000 0.135000 0.160000 1.000000
0.120000 0.135000 0.160000 1.000000
0.120000 0.135000 0.160000 1.000000
0.120000 0.135000 0.160000 1.000000
0.120000 0.135000 0.160000 1.000000
0.120000 0.135000 0.160000 1.000000
0.120000 0.135000 0.160000 1.000000
0.120000 0.135000 0.160000 1.000000
0.120000 0.135000 0.160000 1.000000
0.120000 0.135000 0.160000 1.000000
0.120000 0.135000 0.160000 1.000000
0.120000 0.135000 0.160000 1.000000
0.120000 0.135000 0.160000 1.000000
0.120000 0.135000 0.160000 1.000000
0.120000 0.135000 0.160000 1.000000
0.120000 0.135000 0.160000 1.000000
0.120000 0.135000 0.160000 1.000000
0.120000 0.135000 0.160000 1.000000
0.120000 0.135000 0.160000 1.000000
0.120000 0.135000 0.160000 1.000000
0.120000 0.135000 0.160000 1.000000
0.120000 0.135000 0.160000 1.000000
0.120000 0.135000 0.160000 1.000000
0.120000 0.135000 0.160000 1.000000
0.120000 0.135000 0.160000 1.000000
0.120000 0.135000 0.160000 1.000000
0.120000 0.135000 0.160000 1.000000
0.120000 0.135000 0.160000 1.000000
0.120000 0.135000 0.160000 1.000000
0.120000 0.135000 0.160000 1.000000
0.120000 0.135000 0.160000 1.000000
0.120000 0.135000 0.160000 1.000000
0.120000 0.135000 0.160000 1.000000
0.120000 0.135000 0.160000 1.000000
0.120000 0.135000 0.160000 1.000000
0.120000 0.135000 0.160000 1.000000
0.120000 0.135000 0.160000 1.000000
0.120000 0.135000 0.160000 1.000000
0.120000 0.135000 0.160000 1.000000
0.120000 0.135000 0.160000 1.000000
0.120000 0.135000 0.160000 1.000000
0.120000 0.135000 0.160000 1.000000
0.120000 0.135000 0.160000 1.000000
0.120000 0.135000 0.160000 1.000000
0.120000 0.135000 0.160000 1.000000
0.120000 0.135000 0.160000 1.000000
0.120000 0.135000 0.160000 1.000000
0.120000 0.135000 0.160000 1.000000
0.120000 0.135000 0.160000 1.000000
0.120000 0.135000 0.160000 1.000000
0.120000 0.135000 0.160000 1.000000
0.120000 0.135000 0.160000 1.000000
0.120000 0.135000 0.160000 1.000000
0.120000 0.135000 0.160000 1.000000
0.120000 0.135000 0.160000 1.000000
0.120000 0.135000 0.160000 1.000000
0.120000 0.135000 0.160000 1.000000
0.120000 0.135000 0.160000 1.000000
0.120000 0.135000 0.160000 1.000000
0.120000 0.135000 0.160000 1.000000
0.120000 0.135000 0.160000 1.000000
0.120000 0.135000 0.160000 1.000000
0.120000 0.135000 0.160000 1.000000
0.120000 0.135000 0.160000 1.000000
0.120000 0.135000 0.160000 1.000000
0.120000 0.135000 0.160000 1.000000
0.120000 0.135000 0.160000 1.000000
0.120000 0.135000 0.160000 1.000000
0.120000 0.135000 0.160000 1.000000
0.120000 0.135000 0.160000 1.000000
0.120000 0.135000 0.160000 1.000000
0.120000 0.135000 0.160000 1.000000
0.120000 0.135000 0.160000 1.000000
0.120000 0.135000 0.160000 1.000000
0.120000 0.135000 0.160000 1.000000
0.120000 0.135000 0.160000 1.000000
0.120000 0.135000 0.160000 1.000000
0.120000 0.135000 0.160000 1.000000
0.120000 0.135000 0.160000 1.000000
0.120000 0.135000 0.160000 1.000000
0.120000 0.135000 0.160000 1.000000
0.120000 0.135000 0.160000 1.000000
0.120000 0.135000 0.160000 1.000000
0.120000 0.135000 0.160000 1.000000
0.120000 0.135000 0.160000 1.000000
0.120000 0.135000 0.160000 1.000000
0.120000 0.135000 0.160000 1.000000
0.120000 0.135000 0.160000 1.000000
0.120000 0.135000 0.160000 1.000000
0.120000 0.135000 0.160000 1.000000
0.120000 0.135000 0.160000 1.000000
0.120000 0.135000 0.160000 1.000000
0.120000 0.135000 0.160000 1.000000
0.120000 0.135000 0.160000 1.000000
0.120000 0.135000 0.160000 1.000000
0.120000 0.135000 0.160000 1.000000
0.120000 0.135000 0.160000 1.000000
0.120000 0.135000 0.160000 1.000000
0.120000 0.135000 0.160000 1.000000
0.120000 0.135000 0.160000 1.000000
0.120000 0.135000 0.160000 1.000000
0.120000 0.135000 0.160000 1.000000
0.120000 0.135000 0.160000 1.000000
0.120000 0.135000 0.160000 1.000000
0.120000 0.135000 0.160000 1.000000
0.120000 0.135000 0.160000 1.000000
0.120000 0.135000 0.160000 1.000000
0.120000 0.135000 0.160000 1.000000
0.120000 0.135000 0.160000 1.000000
0.120000 0.135000 0.160000 1.000000
0.120000 0.135000 0.160000 1.000000
0.120000 0.135000 0.160000 1.000000
0.120000 0.135000 0.160000 1.000000
0.120000 0.135000 0.160000 1.000000
0.120000 0.135000 0.160000 1.000000
0.120000 0.135000 0.160000 1.000000
0.120000 0.135000 0.160000 1.000000
0.120000 0.135000 0.160000 1.000000
0.120000 0.135000 0.160000 1.000000
0.120000 0.135000 0.160000 1.000000
0.120000 0.135000 0.160000 1.000000
0.120000 0.135000 0.160000 1.000000
0.120000 0.135000 0.160000 1.000000
0.120000 0.135000 0.160000 1.000000
0.120000 0.135000 0.160000 1.000000
0.120000 0.135000 0.160000 1.000000
0.120000 0.135000 0.160000 1.000000
0.120000 0.135000 0.160000 1.000000
0.120000 0.135000 0.160000 1.000000
0.120000 0.135000 0.160000 1.000000
0.120000 0.135000 0.160000 1.000000
0.120000 0.135000 0.160000 1.000000
0.120000 0.135000 0.160000 1.000000
0.120000 0.135000 0.160000 1.000000
0.120000 0.135000 0.160000 1.000000
0.120000 0.135000 0.160000 1.000000
0.120000 0.135000 0.160000 1.000000
0.120000 0.135000 0.160000 1.000000
0.120000 0.135000 0.160000 1.000000
0.120000 0.135000 0.160000 1.000000
0.120000 0.135000 0.160000 1.000000
0.120000 0.135000 0.160000 1.000000
0.120000 0.135000 0.160000 1.000000
0.120000 0.135000 0.160000 1.000000
0.120000 0.135000 0.160000 1.000000
0.120000 0.135000 0.160000 1.000000
0.120000 0.135000 0.160000 1.000000
0.120000 0.135000 0.160000 1.000000
0.120000 0.135000 0.160000 1.000000
0.120000 0.135000 0.160000 1.000000
0.120000 0.135000 0.160000 1.000000
0.120000 0.135000 0.160000 1.000000
0.120000 0.135000 0.160000 1.000000
0.120000 0.135000 0.160000 1.000000
0.120000 0.135000 0.160000 1.000000
0.120000 0.135000 0.160000 1.000000
0.120000 0.135000 0.160000 1.000000
0.120000 0.135000 0.160000 1.000000
0.120000 0.135000 0.160000 1.000000
0.120000 0.135000 0.160000 1.000000
0.120000 0.135000 0.160000 1.000000
0.120000 0.135000 0.160000 1.000000
0.120000 0.135000 0.160000 1.000000
0.120000 0.135000 0.160000 1.000000
0.120000 0.135000 0.160000 1.000000
0.120000 0.135000 0.160000 1.000000
0.120000 0.135000 0.160000 1.000000
0.120000 0.135000 0.160000 1.000000
0.120000 0.135000 0.160000 1.000000
0.120000 0.135000 0.160000 1.000000
0.120000 0.135000 0.160000 1.000000
0.120000 0.135000 0.160000 1.000000
0.120000 0.135000 0.160000 1.000000
0.120000 0.135000 0.160000 1.000000
0.120000 0.135000 0.160000 1.000000
0.120000 0.135000 0.160000 1.000000
0.120000 0.135000 0.160000 1.000000
0.120000 0.135000 0.160000 1.000000
0.120000 0.135000 0.160000 1.000000
0.120000 0.135000 0.160000 1.000000
0.120000 0.135000 0.160000 1.000000
0.120000 0.135000 0.160000 1.000000
0.120000 0.135000 0.160000 1.000000
0.120000 0.135000 0.160000 1.000000
0.120000 0.135000 0.160000 1.000000
0.120000 0.135000 0.160000 1.000000
0.120000 0.135000 0.160000 1.000000
0.120000 0.135000 0.160000 1.000000
0.120000 0.135000 0.160000 1.000000
0.120000 0.135000 0.160000 1.000000
0.120000 0.135000 0.160000 1.000000
0.120000 0.135000 0.160000 1.000000
0.120000 0.135000 0.160000 1.000000
0.120000 0.135000 0.160000 1.000000
0.120000 0.135000 0.160000 1.000000
0.120000 0.135000 0.160000 1.000000
0.120000 0.135000 0.160000 1.000000
0.120000 0.135000 0.160000 1.000000
0.120000 0.135000 0.160000 1.000000
0.120000 0.135000 0.160000 1.000000
0.120000 0.135000 0.160000 1.000000
0.120000 0.135000 0.160000 1.000000
0.120000 0.135000 0.160000 1.000000
0.120000 0.135000 0.160000 1.000000
0.120000 0.135000 0.160000 1.000000
0.120000 0.135000 0.160000 1.000000
0.120000 0.135000 0.160000 1.000000
0.120000 0.135000 0.160000 1.000000
0.120000 0.135000 0.160000 1.000000
0.120000 0.135000 0.160000 1.000000
0.120000 0.135000 0.160000 1.000000
0.120000 0.135000 0.160000 1.000000
0.120000 0.135000 0.160000 1.000000
0.120000 0.135000 0.160000 1.000000
0.120000 0.135000 0.160000 1.000000
0.120000 0.135000 0.160000 1.000000
0.120000 0.135000 0.160000 1.000000
0.120000 0.135000 0.160000 1.000000
0.120000 0.135000 0.160000 1.000000
0.120000 0.135000 0.160000 1.000000
0.120000 0.135000 0.160000 1.000000
0.120000 0.135000 0.160000 1.000000
0.120000 0.135000 0.160000 1.000000
0.120000 0.135000 0.160000 1.000000
0.120000 0.135000 0.160000 1.000000
0.120000 0.135000 0.160000 1.000000
0.120000 0.135000 0.160000 1.000000
0.120000 0.135000 0.160000 1.000000
0.120000 0.135000 0.160000 1.000000
0.120000 0.135000 0.160000 1.000000
0.120000 0.135000 0.160000 1.000000
0.120000 0.135000 0.160000 1.000000
0.120000 0.135000 0.160000 1.000000
0.120000 0.135000 0.160000 1.000000
0.120000 0.135000 0.160000 1.000000
0.120000 0.135000 0.160000 1.000000
0.120000 0.135000 0.160000 1.000000
0.120000 0.135000 0.160000 1.000000
0.120000 0.135000 0.160000 1.000000
0.120000 0.135000 0.160000 1.000000
0.120000 0.135000 0.160000 1.000000
0.120000 0.135000 0.160000 1.000000
0.120000 0.135000 0.160000 1.000000
0.120000 0.135000 0.160000 1.000000
0.120000 0.135000 0.160000 1.000000
0.120000 0.135000 0.160000 1.000000
0.120000 0.135000 0.160000 1.000000
0.120000 0.135000 0.160000 1.000000
0.120000 0.135000 0.160000 1.000000
0.120000 0.135000 0.160000 1.000000
0.120000 0.135000 0.160000 1.000000
0.120000 0.135000 0.160000 1.000000
0.120000 0.135000 0.160000 1.000000
0.120000 0.135000 0.160000 1.000000
0.120000 0.135000 0.160000 1.000000
0.120000 0.135000 0.160000 1.000000
0.120000 0.135000 0.160000 1.000000
0.120000 0.135000 0.160000 1.000000
0.120000 0.135000 0.160000 1.000000
0.120000 0.135000 0.160000 1.000000
0.120000 0.135000 0.160000 1.000000
0.120000 0.135000 0.160000 1.000000
0.120000 0.135000 0.160000 1.000000
0.120000 0.135000 0.160000 1.000000
0.120000 0.135000 0.160000 1.000000
0.120000 0.135000 0.160000 1.000000
0.120000 0.135000 0.160000 1.000000
0.120000 0.135000 0.160000 1.000000
0.120000 0.135000 0.160000 1.000000
0.120000 0.135000 0.160000 1.000000
0.120000 0.135000 0.160000 1.000000
0.120000 0.135000 0.160000 1.000000
0.120000 0.135000 0.160000 1.000000
0.120000 0.135000 0.160000 1.000000
0.120000 0.135000 0.160000 1.000000
0.120000 0.135000 0.160000 1.000000
0.120000 0.135000 0.160000 1.000000
0.120000 0.135000 0.160000 1.000000
0.120000 0.135000 0.160000 1.000000
0.120000 0.135000 0.160000 1.000000
0.120000 0.135000 0.160000 1.000000
0.120000 0.135000 0.160000 1.000000
0.120000 0.135000 0.160000 1.000000
0.120000 0.135000 0.160000 1.000000
0.120000 0.135000 0.160000 1.000000
0.120000 0.135000 0.160000 1.000000
0.120000 0.135000 0.160000 1.000000
0.120000 0.135000 0.160000 1.000000
0.120000 0.135000 0.160000 1.000000
0.120000 0.135000 0.160000 1.000000
0.120000 0.135000 0.160000 1.000000
0.120000 0.135000 0.160000 1.000000
0.120000 0.135000 0.160000 1.000000
0.120000 0.135000 0.160000 1.000000
0.120000 0.135000 0.160000 1.000000
0.120000 0.135000 0.160000 1.000000
0.120000 0.135000 0.160000 1.000000
0.120000 0.135000 0.160000 1.000000
0.120000 0.135000 0.160000 1.000000
0.120000 0.135000 0.160000 1.000000
0.120000 0.135000 0.160000 1.000000
0.120000 0.135000 0.160000 1.000000
0.120000 0.135000 0.160000 1.000000
0.120000 0.135000 0.160000 1.000000
0.120000 0.135000 0.160000 1.000000
0.120000 0.135000 0.160000 1.000000
0.120000 0.135000 0.160000 1.000000
0.120000 0.135000 0.160000 1.000000
0.120000 0.135000 0.160000 1.000000
0.120000 0.135000 0.160000 1.000000
0.120000 0.135000 0.160000 1.000000
0.120000 0.135000 0.160000 1.000000
0.120000 0.135000 0.160000 1.000000
0.120000 0.135000 0.160000 1.000000
0.120000 0.135000 0.160000 1.000000
0.120000 0.135000 0.160000 1.000000
0.120000 0.135000 0.160000 1.000000
0.120000 0.135000 0.160000 1.000000
0.120000 0.135000 0.160000 1.000000
0.120000 0.135000 0.160000 1.000000
0.120000 0.135000 0.160000 1.000000
0.120000 0.135000 0.160000 1.000000
0.120000 0.135000 0.160000 1.000000
0.120000 0.135000 0.160000 1.000000
0.120000 0.135000 0.160000 1.000000
0.120000 0.135000 0.160000 1.000000
0.120000 0.135000 0.160000 1.000000
0.120000 0.135000 0.160000 1.000000
0.120000 0.135000 0.160000 1.000000
0.120000 0.135000 0.160000 1.000000
0.120000 0.135000 0.160000 1.000000
0.120000 0.135000 0.160000 1.000000
0.120000 0.135000 0.160000 1.000000
0.120000 0.135000 0.160000 1.000000
0.120000 0.135000 0.160000 1.000000
0.120000 0.135000 0.160000 1.000000
0.120000 0.135000 0.160000 1.000000
0.120000 0.135000 0.160000 1.000000
0.120000 0.135000 0.160000 1.000000
0.120000 0.135000 0.160000 1.000000
0.120000 0.135000 0.160000 1.000000
0.120000 0.135000 0.160000 1.000000
0.120000 0.135000 0.160000 1.000000
0.120000 0.135000 0.160000 1.000000
0.120000 0.135000 0.160000 1.000000
0.120000 0.135000 0.160000 1.000000
0.120000 0.135000 0.160000 1.000000
0.120000 0.135000 0.160000 1.000000
0.120000 0.135000 0.160000 1.000000
0.120000 0.135000 0.160000 1.000000
0.120000 0.135000 0.160000 1.000000
0.120000 0.135000 0.160000 1.000000
0.120000 0.135000 0.160000 1.000000
0.120000 0.135000 0.160000 1.000000
0.120000 0.135000 0.160000 1.000000
0.120000 0.135000 0.160000 1.000000
0.120000 0.135000 0.160000 1.000000
0.120000 0.135000 0.160000 1.000000
0.120000 0.135000 0.160000 1.000000
0.120000 0.135000 0.160000 1.000000
0.120000 0.135000 0.160000 1.000000
0.120000 0.135000 0.160000 1.000000
0.120000 0.135000 0.160000 1.000000
0.120000 0.135000 0.160000 1.000000
0.120000 0.135000 0.160000 1.000000
0.120000 0.135000 0.160000 1.000000
0.120000 0.135000 0.160000 1.000000
0.120000 0.135000 0.160000 1.000000
0.120000 0.135000 0.160000 1.000000
0.120000 0.135000 0.160000 1.000000
0.120000 0.135000 0.160000 1.000000
0.120000 0.135000 0.160000 1.000000
0.120000 0.135000 0.160000 1.000000
0.120000 0.135000 0.160000 1.000000
0.120000 0.135000 0.160000 1.000000
0.120000 0.135000 0.160000 1.000000
0.120000 0.135000 0.160000 1.000000
0.120000 0.135000 0.160000 1.000000
0.120000 0.135000 0.160000 1.000000
0.120000 0.135000 0.160000 1.000000
0.120000 0.135000 0.160000 1.000000
0.120000 0.135000 0.160000 1.000000
0.120000 0.135000 0.160000 1.000000
0.120000 0.135000 0.160000 1.000000
0.120000 0.135000 0.160000 1.000000
0.120000 0.135000 0.160000 1.000000
0.120000 0.135000 0.160000 1.000000
0.120000 0.135000 0.160000 1.000000
0.120000 0.135000 0.160000 1.000000
0.120000 0.135000 0.160000 1.000000
0.120000 0.135000 0.160000 1.000000
0.120000 0.135000 0.160000 1.000000
0.120000 0.135000 0.160000 1.000000
0.120000 0.135000 0.160000 1.000000
0.120000 0.135000 0.160000 1.000000
0.120000 0.135000 0.160000 1.000000
0.120000 0.135000 0.160000 1.000000
0.120000 0.135000 0.160000 1.000000
0.120000 0.135000 0.160000 1.000000
0.120000 0.135000 0.160000 1.000000
0.120000 0.135000 0.160000 1.000000
0.120000 0.135000 0.160000 1.000000
0.120000 0.135000 0.160000 1.000000
0.120000 0.135000 0.160000 1.000000
0.120000 0.135000 0.160000 1.000000
0.120000 0.135000 0.160000 1.000000
0.120000 0.135000 0.160000 1.000000
0.120000 0.135000 0.160000 1.000000
0.120000 0.135000 0.160000 1.000000
0.120000 0.135000 0.160000 1.000000
0.120000 0.135000 0.160000 1.000000
0.120000 0.135000 0.160000 1.000000
0.120000 0.135000 0.160000 1.000000
0.120000 0.135000 0.160000 1.000000
0.120000 0.135000 0.160000 1.000000
0.120000 0.135000 0.160000 1.000000
0.120000 0.135000 0.160000 1.000000
0.120000 0.135000 0.160000 1.000000
0.120000 0.135000 0.160000 1.000000
0.120000 0.135000 0.160000 1.000000
0.120000 0.135000 0.160000 1.000000
0.120000 0.135000 0.160000 1.000000
0.120000 0.135000 0.160000 1.000000
0.120000 0.135000 0.160000 1.000000
0.120000 0.135000 0.160000 1.000000
0.120000 0.135000 0.160000 1.000000
0.120000 0.135000 0.160000 1.000000
0.120000 0.135000 0.160000 1.000000
0.120000 0.135000 0.160000 1.000000
0.120000 0.135000 0.160000 1.000000
0.120000 0.135000 0.160000 1.000000
0.120000 0.135000 0.160000 1.000000
0.120000 0.135000 0.160000 1.000000
0.120000 0.135000 0.160000 1.000000
0.120000 0.135000 0.160000 1.000000
0.120000 0.135000 0.160000 1.000000
0.120000 0.135000 0.160000 1.000000
0.120000 0.135000 0.160000 1.000000
0.120000 0.135000 0.160000 1.000000
0.120000 0.135000 0.160000 1.000000
0.120000 0.135000 0.160000 1.000000
0.120000 0.135000 0.160000 1.000000
0.120000 0.135000 0.160000 1.000000
0.120000 0.135000 0.160000 1.000000
0.120000 0.135000 0.160000 1.000000
0.120000 0.135000 0.160000 1.000000
0.120000 0.135000 0.160000 1.000000
0.120000 0.135000 0.160000 1.000000
0.120000 0.135000 0.160000 1.000000
0.120000 0.135000 0.160000 1.000000
0.120000 0.135000 0.160000 1.000000
0.120000 0.135000 0.160000 1.000000
0.120000 0.135000 0.160000 1.000000
0.120000 0.135000 0.160000 1.000000
0.120000 0.135000 0.160000 1.000000
0.120000 0.135000 0.160000 1.000000
0.120000 0.135000 0.160000 1.000000
0.120000 0.135000 0.160000 1.000000
0.120000 0.135000 0.160000 1.000000
0.120000 0.135000 0.160000 1.000000
0.120000 0.135000 0.160000 1.000000
0.120000 0.135000 0.160000 1.000000
0.120000 0.135000 0.160000 1.000000
0.120000 0.135000 0.160000 1.000000
0.120000 0.135000 0.160000 1.000000
0.120000 0.135000 0.160000 1.000000
0.120000 0.135000 0.160000 1.000000
0.120000 0.135000 0.160000 1.000000
0.120000 0.135000 0.160000 1.000000
0.120000 0.135000 0.160000 1.000000
0.120000 0.135000 0.160000 1.000000
0.120000 0.135000 0.160000 1.000000
0.120000 0.135000 0.160000 1.000000
0.120000 0.135000 0.160000 1.000000
0.120000 0.135000 0.160000 1.000000
0.120000 0.135000 0.160000 1.000000
0.120000 0.135000 0.160000 1.000000
0.120000 0.135000 0.160000 1.000000
0.120000 0.135000 0.160000 1.000000
0.120000 0.135000 0.160000 1.000000
0.120000 0.135000 0.160000 1.000000
0.120000 0.135000 0.160000 1.000000
0.120000 0.135000 0.160000 1.000000
0.120000 0.135000 0.160000 1.000000
0.120000 0.135000 0.160000 1.000000
0.120000 0.135000 0.160000 1.000000
0.120000 0.135000 0.160000 1.000000
0.120000 0.135000 0.160000 1.000000
0.120000 0.135000 0.160000 1.000000
0.120000 0.135000 0.160000 1.000000
0.120000 0.135000 0.160000 1.000000
0.120000 0.135000 0.160000 1.000000
0.120000 0.135000 0.160000 1.000000
0.120000 0.135000 0.160000 1.000000
0.120000 0.135000 0.160000 1.000000
0.120000 0.135000 0.160000 1.000000
0.120000 0.135000 0.160000 1.000000
0.120000 0.135000 0.160000 1.000000
0.120000 0.135000 0.160000 1.000000
0.120000 0.135000 0.160000 1.000000
0.120000 0.135000 0.160000 1.000000
0.120000 0.135000 0.160000 1.000000
0.120000 0.135000 0.160000 1.000000
0.120000 0.135000 0.160000 1.000000
0.120000 0.135000 0.160000 1.000000
0.120000 0.135000 0.160000 1.000000
0.120000 0.135000 0.160000 1.000000
0.120000 0.135000 0.160000 1.000000
0.120000 0.135000 0.160000 1.000000
0.120000 0.135000 0.160000 1.000000
0.120000 0.135000 0.160000 1.000000
0.120000 0.135000 0.160000 1.000000
0.120000 0.135000 0.160000 1.000000
0.120000 0.135000 0.160000 1.000000
0.120000 0.135000 0.160000 1.000000
0.120000 0.135000 0.160000 1.000000
0.120000 0.135000 0.160000 1.000000
0.120000 0.135000 0.160000 1.000000
0.120000 0.135000 0.160000 1.000000
0.120000 0.135000 0.160000 1.000000
0.120000 0.135000 0.160000 1.000000
0.120000 0.135000 0.160000 1.000000
0.120000 0.135000 0.160000 1.000000
0.120000 0.135000 0.160000 1.000000
0.120000 0.135000 0.160000 1.000000
0.120000 0.135000 0.160000 1.000000
0.120000 0.135000 0.160000 1.000000
0.120000 0.135000 0.160000 1.000000
0.120000 0.135000 0.160000 1.000000
0.120000 0.135000 0.160000 1.000000
0.120000 0.135000 0.160000 1.000000
0.120000 0.135000 0.160000 1.000000
0.120000 0.135000 0.160000 1.000000
0.120000 0.135000 0.160000 1.000000
0.120000 0.135000 0.160000 1.000000
0.120000 0.135000 0.160000 1.000000
0.120000 0.135000 0.160000 1.000000
0.120000 0.135000 0.160000 1.000000
0.120000 0.135000 0.160000 1.000000
0.120000 0.135000 0.160000 1.000000
0.120000 0.135000 0.160000 1.000000
0.120000 0.135000 0.160000 1.000000
0.120000 0.135000 0.160000 1.000000
0.120000 0.135000 0.160000 1.000000
0.120000 0.135000 0.160000 1.000000
0.120000 0.135000 0.160000 1.000000
0.120000 0.135000 0.160000 1.000000
0.120000 0.135000 0.160000 1.000000
0.120000 0.135000 0.160000 1.000000
0.120000 0.135000 0.160000 1.000000
0.120000 0.135000 0.160000 1.000000
0.120000 0.135000 0.160000 1.000000
0.120000 0.135000 0.160000 1.000000
0.120000 0.135000 0.160000 1.000000
0.120000 0.135000 0.160000 1.000000
0.120000 0.135000 0.160000 1.000000
0.120000 0.135000 0.160000 1.000000
0.120000 0.135000 0.160000 1.000000
0.120000 0.135000 0.160000 1.000000
0.120000 0.135000 0.160000 1.000000
0.120000 0.135000 0.160000 1.000000
0.120000 0.135000 0.160000 1.000000
0.120000 0.135000 0.160000 1.000000
0.120000 0.135000 0.160000 1.000000
0.120000 0.135000 0.160000 1.000000
0.120000 0.135000 0.160000 1.000000
0.120000 0.135000 0.160000 1.000000
0.120000 0.135000 0.160000 1.000000
0.120000 0.135000 0.160000 1.000000
0.120000 0.135000 0.160000 1.000000
0.120000 0.135000 0.160000 1.000000
0.120000 0.135000 0.160000 1.000000
0.120000 0.135000 0.160000 1.000000
0.120000 0.135000 0.160000 1.000000
0.120000 0.135000 0.160000 1.000000
0.120000 0.135000 0.160000 1.000000
0.120000 0.135000 0.160000 1.000000
0.120000 0.135000 0.160000 1.000000
0.120000 0.135000 0.160000 1.000000
0.120000 0.135000 0.160000 1.000000
0.120000 0.135000 0.160000 1.000000
0.120000 0.135000 0.160000 1.000000
0.120000 0.135000 0.160000 1.000000
0.120000 0.135000 0.160000 1.000000
0.120000 0.135000 0.160000 1.000000
0.120000 0.135000 0.160000 1.000000
0.120000 0.135000 0.160000 1.000000
0.120000 0.135000 0.160000 1.000000
0.120000 0.135000 0.160000 1.000000
0.120000 0.135000 0.160000 1.000000
0.120000 0.135000 0.160000 1.000000
0.120000 0.135000 0.160000 1.000000
0.120000 0.135000 0.160000 1.000000
0.120000 0.135000 0.160000 1.000000
0.120000 0.135000 0.160000 1.000000
0.120000 0.135000 0.160000 1.000000
0.120000 0.135000 0.160000 1.000000
0.120000 0.135000 0.160000 1.000000
0.120000 0.135000 0.160000 1.000000
0.120000 0.135000 0.160000 1.000000
0.120000 0.135000 0.160000 1.000000
0.120000 0.135000 0.160000 1.000000
0.120000 0.135000 0.160000 1.000000
0.120000 0.135000 0.160000 1.000000
0.120000 0.135000 0.160000 1.000000
0.120000 0.135000 0.160000 1.000000
0.120000 0.135000 0.160000 1.000000
0.120000 0.135000 0.160000 1.000000
0.120000 0.135000 0.160000 1.000000
0.120000 0.135000 0.160000 1.000000
0.120000 0.135000 0.160000 1.000000
0.120000 0.135000 0.160000 1.000000
0.120000 0.135000 0.160000 1.000000
0.120000 0.135000 0.160000 1.000000
0.120000 0.135000 0.160000 1.000000
0.120000 0.135000 0.160000 1.000000
0.120000 0.135000 0.160000 1.000000
0.120000 0.135000 0.160000 1.000000
0.120000 0.135000 0.160000 1.000000
0.120000 0.135000 0.160000 1.000000
0.120000 0.135000 0.160000 1.000000
0.120000 0.135000 0.160000 1.000000
0.120000 0.135000 0.160000 1.000000
0.120000 0.135000 0.160000 1.000000
0.120000 0.135000 0.160000 1.000000
0.120000 0.135000 0.160000 1.000000
0.120000 0.135000 0.160000 1.000000
0.120000 0.135000 0.160000 1.000000
0.120000 0.135000 0.160000 1.000000
0.120000 0.135000 0.160000 1.000000
0.120000 0.135000 0.160000 1.000000
0.120000 0.135000 0.160000 1.000000
0.120000 0.135000 0.160000 1.000000
0.120000 0.135000 0.160000 1.000000
0.120000 0.135000 0.160000 1.000000
0.120000 0.135000 0.160000 1.000000
0.120000 0.135000 0.160000 1.000000
0.120000 0.135000 0.160000 1.000000
0.120000 0.135000 0.160000 1.000000
0.120000 0.135000 0.160000 1.000000
0.120000 0.135000 0.160000 1.000000
0.120000 0.135000 0.160000 1.000000
0.120000 0.135000 0.160000 1.000000
0.120000 0.135000 0.160000 1.000000
0.120000 0.135000 0.160000 1.000000
0.120000 0.135000 0.160000 1.000000
0.120000 0.135000 0.160000 1.000000
0.120000 0.135000 0.160000 1.000000
0.120000 0.135000 0.160000 1.000000
0.120000 0.135000 0.160000 1.000000
0.120000 0.135000 0.160000 1.000000
0.120000 0.135000 0.160000 1.000000
0.120000 0.135000 0.160000 1.000000
0.120000 0.135000 0.160000 1.000000
0.120000 0.135000 0.160000 1.000000
0.120000 0.135000 0.160000 1.000000
0.120000 0.135000 0.160000 1.000000
0.120000 0.135000 0.160000 1.000000
0.120000 0.135000 0.160000 1.000000
0.120000 0.135000 0.160000 1.000000
0.120000 0.135000 0.160000 1.000000
0.120000 0.135000 0.160000 1.000000
0.120000 0.135000 0.160000 1.000000
0.120000 0.135000 0.160000 1.000000
0.120000 0.135000 0.160000 1.000000
0.120000 0.135000 0.160000 1.000000
0.120000 0.135000 0.160000 1.000000
0.120000 0.135000 0.160000 1.000000
0.120000 0.135000 0.160000 1.000000
0.120000 0.135000 0.160000 1.000000
0.120000 0.135000 0.160000 1.000000
0.120000 0.135000 0.160000 1.000000
0.120000 0.135000 0.160000 1.000000
0.120000 0.135000 0.160000 1.000000
0.120000 0.135000 0.160000 1.000000
0.120000 0.135000 0.160000 1.000000
0.120000 0.135000 0.160000 1.000000
0.120000 0.135000 0.160000 1.000000
0.120000 0.135000 0.160000 1.000000
0.120000 0.135000 0.160000 1.000000
0.120000 0.135000 0.160000 1.000000
0.120000 0.135000 0.160000 1.000000
0.120000 0.135000 0.160000 1.000000
0.120000 0.135000 0.160000 1.000000
0.120000 0.135000 0.160000 1.000000
0.120000 0.135000 0.160000 1.000000
0.120000 0.135000 0.160000 1.000000
0.120000 0.135000 0.160000 1.000000
0.120000 0.135000 0.160000 1.000000
0.120000 0.135000 0.160000 1.000000
0.120000 0.135000 0.160000 1.000000
0.120000 0.135000 0.160000 1.000000
0.120000 0.135000 0.160000 1.000000
0.120000 0.135000 0.160000 1.000000
0.120000 0.135000 0.160000 1.000000
0.120000 0.135000 0.160000 1.000000
0.120000 0.135000 0.160000 1.000000
0.120000 0.135000 0.160000 1.000000
0.120000 0.135000 0.160000 1.000000
0.120000 0.135000 0.160000 1.000000
0.120000 0.135000 0.160000 1.000000
0.120000 0.135000 0.160000 1.000000
0.120000 0.135000 0.160000 1.000000
0.120000 0.135000 0.160000 1.000000
0.120000 0.135000 0.160000 1.000000
0.120000 0.135000 0.160000 1.000000
0.120000 0.135000 0.160000 1.000000
0.120000 0.135000 0.160000 1.000000
0.120000 0.135000 0.160000 1.000000
0.120000 0.135000 0.160000 1.000000
0.120000 0.135000 0.160000 1.000000
0.120000 0.135000 0.160000 1.000000
0.120000 0.135000 0.160000 1.000000
0.120000 0.135000 0.160000 1.000000
0.120000 0.135000 0.160000 1.000000
0.120000 0.135000 0.160000 1.000000
0.120000 0.135000 0.160000 1.000000
0.120000 0.135000 0.160000 1.000000
0.120000 0.135000 0.160000 1.000000
0.120000 0.135000 0.160000 1.000000
0.120000 0.135000 0.160000 1.000000
0.120000 0.135000 0.160000 1.000000
0.120000 0.135000 0.160000 1.000000
0.120000 0.135000 0.160000 1.000000
0.120000 0.135000 0.160000 1.000000
0.120000 0.135000 0.160000 1.000000
0.120000 0.135000 0.160000 1.000000
0.120000 0.135000 0.160000 1.000000
0.120000 0.135000 0.160000 1.000000
0.120000 0.135000 0.160000 1.000000
0.120000 0.135000 0.160000 1.000000
0.120000 0.135000 0.160000 1.000000
0.120000 0.135000 0.160000 1.000000
0.120000 0.135000 0.160000 1.000000
0.120000 0.135000 0.160000 1.000000
0.120000 0.135000 0.160000 1.000000
0.120000 0.135000 0.160000 1.000000
0.120000 0.135000 0.160000 1.000000
0.120000 0.135000 0.160000 1.000000
0.120000 0.135000 0.160000 1.000000
0.120000 0.135000 0.160000 1.000000
0.120000 0.135000 0.160000 1.000000
0.120000 0.135000 0.160000 1.000000
0.120000 0.135000 0.160000 1.000000
0.120000 0.135000 0.160000 1.000000
0.120000 0.135000 0.160000 1.000000
0.120000 0.135000 0.160000 1.000000
0.120000 0.135000 0.160000 1.000000
0.120000 0.135000 0.160000 1.000000
0.120000 0.135000 0.160000 1.000000
0.120000 0.135000 0.160000 1.000000
0.120000 0.135000 0.160000 1.000000
0.120000 0.135000 0.160000 1.000000
0.120000 0.135000 0.160000 1.000000
0.120000 0.135000 0.160000 1.000000
0.120000 0.135000 0.160000 1.000000
0.120000 0.135000 0.160000 1.000000
0.120000 0.135000 0.160000 1.000000
0.120000 0.135000 0.160000 1.000000
0.120000 0.135000 0.160000 1.000000
0.120000 0.135000 0.160000 1.000000
0.120000 0.135000 0.160000 1.000000
0.120000 0.135000 0.160000 1.000000
0.120000 0.135000 0.160000 1.000000
0.120000 0.135000 0.160000 1.000000
0.120000 0.135000 0.160000 1.000000
0.120000 0.135000 0.160000 1.000000
0.120000 0.135000 0.160000 1.000000
0.120000 0.135000 0.160000 1.000000
0.120000 0.135000 0.160000 1.000000
0.120000 0.135000 0.160000 1.000000
0.120000 0.135000 0.160000 1.000000
0.120000 0.135000 0.160000 1.000000
0.120000 0.135000 0.160000 1.000000
0.120000 0.135000 0.160000 1.000000
0.120000 0.135000 0.160000 1.000000
0.120000 0.135000 0.160000 1.000000
0.120000 0.135000 0.160000 1.000000
0.120000 0.135000 0.160000 1.000000
0.120000 0.135000 0.160000 1.000000
0.120000 0.135000 0.160000 1.000000
0.120000 0.135000 0.160000 1.000000
0.120000 0.135000 0.160000 1.000000
0.120000 0.135000 0.160000 1.000000
0.120000 0.135000 0.160000 1.000000
0.120000 0.135000 0.160000 1.000000
0.120000 0.135000 0.160000 1.000000
0.120000 0.135000 0.160000 1.000000
0.120000 0.135000 0.160000 1.000000
0.120000 0.135000 0.160000 1.000000
0.120000 0.135000 0.160000 1.000000
0.120000 0.135000 0.160000 1.000000
0.120000 0.135000 0.160000 1.000000
0.120000 0.135000 0.160000 1.000000
0.120000 0.135000 0.160000 1.000000
0.120000 0.135000 0.160000 1.000000
0.120000 0.135000 0.160000 1.000000
0.120000 0.135000 0.160000 1.000000
0.120000 0.135000 0.160000 1.000000
0.120000 0.135000 0.160000 1.000000
0.120000 0.135000 0.160000 1.000000
0.120000 0.135000 0.160000 1.000000
0.120000 0.135000 0.160000 1.000000
0.120000 0.135000 0.160000 1.000000
0.120000 0.135000 0.160000 1.000000
0.120000 0.135000 0.160000 1.000000
0.120000 0.135000 0.160000 1.000000
0.120000 0.135000 0.160000 1.000000
0.120000 0.135000 0.160000 1.000000
0.120000 0.135000 0.160000 1.000000
0.120000 0.135000 0.160000 1.000000
0.120000 0.135000 0.160000 1.000000
0.120000 0.135000 0.160000 1.000000
0.120000 0.135000 0.160000 1.000000
0.120000 0.135000 0.160000 1.000000
0.120000 0.135000 0.160000 1.000000
0.120000 0.135000 0.160000 1.000000
0.120000 0.135000 0.160000 1.000000
0.120000 0.135000 0.160000 1.000000
0.120000 0.135000 0.160000 1.000000
0.120000 0.135000 0.160000 1.000000
0.120000 0.135000 0.160000 1.000000
0.120000 0.135000 0.160000 1.000000
0.120000 0.135000 0.160000 1.000000
0.120000 0.135000 0.160000 1.000000
0.120000 0.135000 0.160000 1.000000
0.120000 0.135000 0.160000 1.000000
0.120000 0.135000 0.160000 1.000000
0.120000 0.135000 0.160000 1.000000
0.120000 0.135000 0.160000 1.000000
0.120000 0.135000 0.160000 1.000000
0.120000 0.135000 0.160000 1.000000
0.120000 0.135000 0.160000 1.000000
0.120000 0.135000 0.160000 1.000000
0.120000 0.135000 0.160000 1.000000
0.120000 0.135000 0.160000 1.000000
0.120000 0.135000 0.160000 1.000000
0.120000 0.135000 0.160000 1.000000
0.120000 0.135000 0.160000 1.000000
0.120000 0.135000 0.160000 1.000000
0.120000 0.135000 0.160000 1.000000
0.120000 0.135000 0.160000 1.000000
0.120000 0.135000 0.160000 1.000000
0.120000 0.135000 0.160000 1.000000
0.120000 0.135000 0.160000 1.000000
0.120000 0.135000 0.160000 1.000000
0.120000 0.135000 0.160000 1.000000
0.120000 0.135000 0.160000 1.000000
0.120000 0.135000 0.160000 1.000000
0.120000 0.135000 0.160000 1.000000
0.120000 0.135000 0.160000 1.000000
0.120000 0.135000 0.160000 1.000000
0.120000 0.135000 0.160000 1.000000
0.120000 0.135000 0.160000 1.000000
0.120000 0.135000 0.160000 1.000000
0.120000 0.135000 0.160000 1.000000
0.120000 0.135000 0.160000 1.000000
0.120000 0.135000 0.160000 1.000000
0.120000 0.135000 0.160000 1.000000
0.120000 0.135000 0.160000 1.000000
0.120000 0.135000 0.160000 1.000000
0.120000 0.135000 0.160000 1.000000
0.120000 0.135000 0.160000 1.000000
0.120000 0.135000 0.160000 1.000000
0.120000 0.135000 0.160000 1.000000
0.120000 0.135000 0.160000 1.000000
0.120000 0.135000 0.160000 1.000000
0.120000 0.135000 0.160000 1.000000
0.120000 0.135000 0.160000 1.000000
0.120000 0.135000 0.160000 1.000000
0.120000 0.135000 0.160000 1.000000
0.120000 0.135000 0.160000 1.000000
0.120000 0.135000 0.160000 1.000000
0.120000 0.135000 0.160000 1.000000
0.120000 0.135000 0.160000 1.000000
0.120000 0.135000 0.160000 1.000000
0.120000 0.135000 0.160000 1.000000
0.120000 0.135000 0.160000 1.000000
0.120000 0.135000 0.160000 1.000000
0.120000 0.135000 0.160000 1.000000
0.120000 0.135000 0.160000 1.000000
0.120000 0.135000 0.160000 1.000000
0.120000 0.135000 0.160000 1.000000
0.120000 0.135000 0.160000 1.000000
0.120000 0.135000 0.160000 1.000000
0.120000 0.135000 0.160000 1.000000
0.120000 0.135000 0.160000 1.000000
0.120000 0.135000 0.160000 1.000000
0.120000 0.135000 0.160000 1.000000
0.120000 0.135000 0.160000 1.000000
0.120000 0.135000 0.160000 1.000000
0.120000 0.135000 0.160000 1.000000
0.120000 0.135000 0.160000 1.000000
0.120000 0.135000 0.160000 1.000000
0.120000 0.135000 0.160000 1.000000
0.120000 0.135000 0.160000 1.000000
0.120000 0.135000 0.160000 1.000000
0.120000 0.135000 0.160000 1.000000
0.120000 0.135000 0.160000 1.000000
0.120000 0.135000 0.160000 1.000000
0.120000 0.135000 0.160000 1.000000
0.120000 0.135000 0.160000 1.000000
0.120000 0.135000 0.160000 1.000000
0.120000 0.135000 0.160000 1.000000
0.120000 0.135000 0.160000 1.000000
0.120000 0.135000 0.160000 1.000000
0.120000 0.135000 0.160000 1.000000
0.120000 0.135000 0.160000 1.000000
0.120000 0.135000 0.160000 1.000000
0.120000 0.135000 0.160000 1.000000
0.120000 0.135000 0.160000 1.000000
0.120000 0.135000 0.160000 1.000000
0.120000 0.135000 0.160000 1.000000
0.120000 0.135000 0.160000 1.000000
0.120000 0.135000 0.160000 1.000000
0.120000 0.135000 0.160000 1.000000
0.120000 0.135000 0.160000 1.000000
0.120000 0.135000 0.160000 1.000000
0.120000 0.135000 0.160000 1.000000
0.120000 0.135000 0.160000 1.000000
0.120000 0.135000 0.160000 1.000000
0.120000 0.135000 0.160000 1.000000
0.120000 0.135000 0.160000 1.000000
0.120000 0.135000 0.160000 1.000000
0.120000 0.135000 0.160000 1.000000
0.120000 0.135000 0.160000 1.000000
0.120000 0.135000 0.160000 1.000000
0.120000 0.135000 0.160000 1.000000
0.120000 0.135000 0.160000 1.000000
0.120000 0.135000 0.160000 1.000000
0.120000 0.135000 0.160000 1.000000
0.120000 0.135000 0.160000 1.000000
0.120000 0.135000 0.160000 1.000000
0.120000 0.135000 0.160000 1.000000
0.120000 0.135000 0.160000 1.000000
0.120000 0.135000 0.160000 1.000000
0.120000 0.135000 0.160000 1.000000
0.120000 0.135000 0.160000 1.000000
0.120000 0.135000 0.160000 1.000000
0.120000 0.135000 0.160000 1.000000
0.120000 0.135000 0.160000 1.000000
0.120000 0.135000 0.160000 1.000000
0.120000 0.135000 0.160000 1.000000
0.120000 0.135000 0.160000 1.000000
0.120000 0.135000 0.160000 1.000000
0.120000 0.135000 0.160000 1.000000
0.120000 0.135000 0.160000 1.000000
0.120000 0.135000 0.160000 1.000000
0.120000 0.135000 0.160000 1.000000
0.120000 0.135000 0.160000 1.000000
0.120000 0.135000 0.160000 1.000000
0.120000 0.135000 0.160000 1.000000
0.120000 0.135000 0.160000 1.000000
0.120000 0.135000 0.160000 1.000000
0.120000 0.135000 0.160000 1.000000
0.120000 0.135000 0.160000 1.000000
0.120000 0.135000 0.160000 1.000000
0.120000 0.135000 0.160000 1.000000
0.120000 0.135000 0.160000 1.000000
0.120000 0.135000 0.160000 1.000000
0.120000 0.135000 0.160000 1.000000
0.120000 0.135000 0.160000 1.000000
0.120000 0.135000 0.160000 1.000000
0.120000 0.135000 0.160000 1.000000
0.120000 0.135000 0.160000 1.000000
0.120000 0.135000 0.160000 1.000000
0.120000 0.135000 0.160000 1.000000
0.120000 0.135000 0.160000 1.000000
0.120000 0.135000 0.160000 1.000000
0.120000 0.135000 0.160000 1.000000
0.120000 0.135000 0.160000 1.000000
0.120000 0.135000 0.160000 1.000000
0.120000 0.135000 0.160000 1.000000
0.120000 0.135000 0.160000 1.000000
0.120000 0.135000 0.160000 1.000000
0.120000 0.135000 0.160000 1.000000
0.120000 0.135000 0.160000 1.000000
0.120000 0.135000 0.160000 1.000000
0.120000 0.135000 0.160000 1.000000
0.120000 0.135000 0.160000 1.000000
0.120000 0.135000 0.160000 1.000000
0.120000 0.135000 0.160000 1.000000
0.120000 0.135000 0.160000 1.000000
0.120000 0.135000 0.160000 1.000000
0.120000 0.135000 0.160000 1.000000
0.120000 0.135000 0.160000 1.000000
0.120000 0.135000 0.160000 1.000000
0.120000 0.135000 0.160000 1.000000
0.120000 0.135000 0.160000 1.000000
0.120000 0.135000 0.160000 1.000000
0.120000 0.135000 0.160000 1.000000
0.120000 0.135000 0.160000 1.000000
0.120000 0.135000 0.160000 1.000000
0.120000 0.135000 0.160000 1.000000
0.120000 0.135000 0.160000 1.000000
0.120000 0.135000 0.160000 1.000000
0.120000 0.135000 0.160000 1.000000
0.120000 0.135000 0.160000 1.000000
0.120000 0.135000 0.160000 1.000000
0.120000 0.135000 0.160000 1.000000
0.120000 0.135000 0.160000 1.000000
0.120000 0.135000 0.160000 1.000000
0.120000 0.135000 0.160000 1.000000
0.120000 0.135000 0.160000 1.000000
0.120000 0.135000 0.160000 1.000000
0.120000 0.135000 0.160000 1.000000
0.120000 0.135000 0.160000 1.000000
0.120000 0.135000 0.160000 1.000000
0.120000 0.135000 0.160000 1.000000
0.120000 0.135000 0.160000 1.000000
0.120000 0.135000 0.160000 1.000000
0.120000 0.135000 0.160000 1.000000
0.120000 0.135000 0.160000 1.000000
0.120000 0.135000 0.160000 1.000000
0.120000 0.135000 0.160000 1.000000
0.120000 0.135000 0.160000 1.000000
0.120000 0.135000 0.160000 1.000000
0.120000 0.135000 0.160000 1.000000
0.120000 0.135000 0.160000 1.000000
0.120000 0.135000 0.160000 1.000000
0.120000 0.135000 0.160000 1.000000
0.120000 0.135000 0.160000 1.000000
0.120000 0.135000 0.160000 1.000000
0.120000 0.135000 0.160000 1.000000
0.120000 0.135000 0.160000 1.000000
0.120000 0.135000 0.160000 1.000000
0.120000 0.135000 0.160000 1.000000
0.120000 0.135000 0.160000 1.000000
0.120000 0.135000 0.160000 1.000000
0.120000 0.135000 0.160000 1.000000
0.120000 0.135000 0.160000 1.000000
0.120000 0.135000 0.160000 1.000000
0.120000 0.135000 0.160000 1.000000
0.120000 0.135000 0.160000 1.000000
0.120000 0.135000 0.160000 1.000000
0.120000 0.135000 0.160000 1.000000
0.120000 0.135000 0.160000 1.000000
0.120000 0.135000 0.160000 1.000000
0.120000 0.135000 0.160000 1.000000
0.120000 0.135000 0.160000 1.000000
0.120000 0.135000 0.160000 1.000000
0.120000 0.135000 0.160000 1.000000
0.120000 0.135000 0.160000 1.000000
0.120000 0.135000 0.160000 1.000000
0.120000 0.135000 0.160000 1.000000
0.120000 0.135000 0.160000 1.000000
0.120000 0.135000 0.160000 1.000000
0.120000 0.135000 0.160000 1.000000
0.120000 0.135000 0.160000 1.000000
0.120000 0.135000 0.160000 1.000000
0.120000 0.135000 0.160000 1.000000
0.120000 0.135000 0.160000 1.000000
0.120000 0.135000 0.160000 1.000000
0.120000 0.135000 0.160000 1.000000
0.120000 0.135000 0.160000 1.000000
0.120000 0.135000 0.160000 1.000000
0.120000 0.135000 0.160000 1.000000
0.120000 0.135000 0.160000 1.000000
0.120000 0.135000 0.160000 1.000000
0.120000 0.135000 0.160000 1.000000
0.120000 0.135000 0.160000 1.000000
0.120000 0.135000 0.160000 1.000000
0.120000 0.135000 0.160000 1.000000
0.120000 0.135000 0.160000 1.000000
0.120000 0.135000 0.160000 1.000000
0.120000 0.135000 0.160000 1.000000
0.120000 0.135000 0.160000 1.000000
0.120000 0.135000 0.160000 1.000000
0.120000 0.135000 0.160000 1.000000
0.120000 0.135000 0.160000 1.000000
0.120000 0.135000 0.160000 1.000000
0.120000 0.135000 0.160000 1.000000
0.120000 0.135000 0.160000 1.000000
0.120000 0.135000 0.160000 1.000000
0.120000 0.135000 0.160000 1.000000
0.120000 0.135000 0.160000 1.000000
0.120000 0.135000 0.160000 1.000000
0.120000 0.135000 0.160000 1.000000
0.120000 0.135000 0.160000 1.000000
0.120000 0.135000 0.160000 1.000000
0.120000 0.135000 0.160000 1.000000
0.120000 0.135000 0.160000 1.000000
0.120000 0.135000 0.160000 1.000000
0.120000 0.135000 0.160000 1.000000
0.120000 0.135000 0.160000 1.000000
0.120000 0.135000 0.160000 1.000000
0.120000 0.135000 0.160000 1.000000
0.120000 0.135000 0.160000 1.000000
0.120000 0.135000 0.160000 1.000000
0.120000 0.135000 0.160000 1.000000
0.120000 0.135000 0.160000 1.000000
0.120000 0.135000 0.160000 1.000000
0.120000 0.135000 0.160000 1.000000
0.120000 0.135000 0.160000 1.000000
0.120000 0.135000 0.160000 1.000000
0.120000 0.135000 0.160000 1.000000
0.120000 0.135000 0.160000 1.000000
0.120000 0.135000 0.160000 1.000000
0.120000 0.135000 0.160000 1.000000
0.120000 0.135000 0.160000 1.000000
0.120000 0.135000 0.160000 1.000000
0.120000 0.135000 0.160000 1.000000
0.120000 0.135000 0.160000 1.000000
0.120000 0.135000 0.160000 1.000000
0.120000 0.135000 0.160000 1.000000
0.120000 0.135000 0.160000 1.000000
0.120000 0.135000 0.160000 1.000000
0.120000 0.135000 0.160000 1.000000
0.120000 0.135000 0.160000 1.000000
0.120000 0.135000 0.160000 1.000000
0.120000 0.135000 0.160000 1.000000
0.120000 0.135000 0.160000 1.000000
0.120000 0.135000 0.160000 1.000000
0.120000 0.135000 0.160000 1.000000
0.120000 0.135000 0.160000 1.000000
0.120000 0.135000 0.160000 1.000000
0.120000 0.135000 0.160000 1.000000
0.120000 0.135000 0.160000 1.000000
0.120000 0.135000 0.160000 1.000000
0.120000 0.135000 0.160000 1.000000
0.120000 0.135000 0.160000 1.000000
0.120000 0.135000 0.160000 1.000000
0.120000 0.135000 0.160000 1.000000
0.120000 0.135000 0.160000 1.000000
0.120000 0.135000 0.160000 1.000000
0.120000 0.135000 0.160000 1.000000
0.120000 0.135000 0.160000 1.000000
0.120000 0.135000 0.160000 1.000000
0.120000 0.135000 0.160000 1.000000
0.120000 0.135000 0.160000 1.000000
0.120000 0.135000 0.160000 1.000000
0.120000 0.135000 0.160000 1.000000
0.120000 0.135000 0.160000 1.000000
0.120000 0.135000 0.160000 1.000000
0.120000 0.135000 0.160000 1.000000
0.120000 0.135000 0.160000 1.000000
0.120000 0.135000 0.160000 1.000000
0.120000 0.135000 0.160000 1.000000
0.120000 0.135000 0.160000 1.000000
0.120000 0.135000 0.160000 1.000000
0.120000 0.135000 0.160000 1.000000
0.120000 0.135000 0.160000 1.000000
0.120000 0.135000 0.160000 1.000000
0.120000 0.135000 0.160000 1.000000
0.120000 0.135000 0.160000 1.000000
0.120000 0.135000 0.160000 1.000000
0.120000 0.135000 0.160000 1.000000
0.120000 0.135000 0.160000 1.000000
0.120000 0.135000 0.160000 1.000000
0.120000 0.135000 0.160000 1.000000
0.120000 0.135000 0.160000 1.000000
0.120000 0.135000 0.160000 1.000000
0.120000 0.135000 0.160000 1.000000
0.120000 0.135000 0.160000 1.000000
0.120000 0.135000 0.160000 1.000000
0.120000 0.135000 0.160000 1.000000
0.120000 0.135000 0.160000 1.000000
0.120000 0.135000 0.160000 1.000000
0.120000 0.135000 0.160000 1.000000
0.120000 0.135000 0.160000 1.000000
0.120000 0.135000 0.160000 1.000000
0.120000 0.135000 0.160000 1.000000
0.120000 0.135000 0.160000 1.000000
0.120000 0.135000 0.160000 1.000000
0.120000 0.135000 0.160000 1.000000
0.120000 0.135000 0.160000 1.000000
0.120000 0.135000 0.160000 1.000000
0.120000 0.135000 0.160000 1.000000
0.120000 0.135000 0.160000 1.000000
0.120000 0.135000 0.160000 1.000000
0.120000 0.135000 0.160000 1.000000
0.120000 0.135000 0.160000 1.000000
0.120000 0.135000 0.160000 1.000000
0.120000 0.135000 0.160000 1.000000
0.120000 0.135000 0.160000 1.000000
0.120000 0.135000 0.160000 1.000000
0.120000 0.135000 0.160000 1.000000
0.120000 0.135000 0.160000 1.000000
0.120000 0.135000 0.160000 1.000000
0.120000 0.135000 0.160000 1.000000
0.120000 0.135000 0.160000 1.000000
0.120000 0.135000 0.160000 1.000000
0.120000 0.135000 0.160000 1.000000
0.120000 0.135000 0.160000 1.000000
0.120000 0.135000 0.160000 1.000000
0.120000 0.135000 0.160000 1.000000
0.120000 0.135000 0.160000 1.000000
0.120000 0.135000 0.160000 1.000000
0.120000 0.135000 0.160000 1.000000
0.120000 0.135000 0.160000 1.000000
0.120000 0.135000 0.160000 1.000000
0.120000 0.135000 0.160000 1.000000
0.120000 0.135000 0.160000 1.000000
0.120000 0.135000 0.160000 1.000000
0.120000 0.135000 0.160000 1.000000
0.120000 0.135000 0.160000 1.000000
0.120000 0.135000 0.160000 1.000000
0.120000 0.135000 0.160000 1.000000
0.120000 0.135000 0.160000 1.000000
0.120000 0.135000 0.160000 1.000000
0.120000 0.135000 0.160000 1.000000
0.120000 0.135000 0.160000 1.000000
0.120000 0.135000 0.160000 1.000000
0.120000 0.135000 0.160000 1.000000
0.120000 0.135000 0.160000 1.000000
0.120000 0.135000 0.160000 1.000000
0.120000 0.135000 0.160000 1.000000
0.120000 0.135000 0.160000 1.000000
0.120000 0.135000 0.160000 1.000000
0.120000 0.135000 0.160000 1.000000
0.120000 0.135000 0.160000 1.000000
0.120000 0.135000 0.160000 1.000000
0.120000 0.135000 0.160000 1.000000
0.120000 0.135000 0.160000 1.000000
0.120000 0.135000 0.160000 1.000000
0.120000 0.135000 0.160000 1.000000
0.120000 0.135000 0.160000 1.000000
0.120000 0.135000 0.160000 1.000000
0.120000 0.135000 0.160000 1.000000
0.120000 0.135000 0.160000 1.000000
0.120000 0.135000 0.160000 1.000000
0.120000 0.135000 0.160000 1.000000
0.120000 0.135000 0.160000 1.000000
0.120000 0.135000 0.160000 1.000000
0.120000 0.135000 0.160000 1.000000
0.120000 0.135000 0.160000 1.000000
0.120000 0.135000 0.160000 1.000000
0.120000 0.135000 0.160000 1.000000
0.120000 0.135000 0.160000 1.000000
0.120000 0.135000 0.160000 1.000000
0.120000 0.135000 0.160000 1.000000
0.120000 0.135000 0.160000 1.000000
0.120000 0.135000 0.160000 1.000000
0.120000 0.135000 0.160000 1.000000
0.120000 0.135000 0.160000 1.000000
0.120000 0.135000 0.160000 1.000000
0.120000 0.135000 0.160000 1.000000
0.120000 0.135000 0.160000 1.000000
0.120000 0.135000 0.160000 1.000000
0.120000 0.135000 0.160000 1.000000
0.120000 0.135000 0.160000 1.000000
0.120000 0.135000 0.160000 1.000000
0.120000 0.135000 0.160000 1.000000
0.120000 0.135000 0.160000 1.000000
0.120000 0.135000 0.160000 1.000000
0.120000 0.135000 0.160000 1.000000
0.120000 0.135000 0.160000 1.000000
0.120000 0.135000 0.160000 1.000000
0.120000 0.135000 0.160000 1.000000
0.120000 0.135000 0.160000 1.000000
0.120000 0.135000 0.160000 1.000000
0.120000 0.135000 0.160000 1.000000
0.120000 0.135000 0.160000 1.000000
0.120000 0.135000 0.160000 1.000000
0.120000 0.135000 0.160000 1.000000
0.120000 0.135000 0.160000 1.000000
0.120000 0.135000 0.160000 1.000000
0.120000 0.135000 0.160000 1.000000
0.120000 0.135000 0.160000 1.000000
0.120000 0.135000 0.160000 1.000000
<Indices>: 3006
0 1 2
0 2 3
4 5 6
4 6 7
8 9 10
8 10 11
12 13 14
12 14 15
16 17 18
16 18 19
20 21 22
20 22 23
24 25 26
24 26 27
28 29 30
28 30 31
32 33 34
32 34 35
36 37 38
36 38 39
40 41 42
40 42 43
44 45 46
44 46 47
48 49 50
48 50 51
52 53 54
52 54 55
56 57 58
56 58 59
57 60 61
57 61 58
60 62 63
60 63 61
62 64 65
62 65 63
64 66 67
64 67 65
66 68 69
66 69 67
68 70 71
68 71 69
70 72 73
70 73 71
72 74 75
72 75 73
74 76 77
74 77 75
76 78 79
76 79 77
78 80 81
78 81 79
80 82 83
80 83 81
82 84 85
82 85 83
84 86 87
84 87 85
86 88 89
86 89 87
88 90 91
88 91 89
90 92 93
90 93 91
92 94 95
92 95 93
94 96 97
94 97 95
96 98 99
96 99 97
98 100 101
98 101 99
100 102 103
100 103 101
102 104 105
102 105 103
106 107 108
106 108 109
110 111 112
110 112 113
114 115 116
114 116 117
118 119 120
118 120 121
122 123 124
122 124 125
126 127 128
126 128 129
130 131 132
130 132 133
134 135 136
134 136 137
138 139 140
138 140 141
142 143 144
142 144 145
146 147 148
146 148 149
150 151 152
150 152 153
154 155 156
154 156 157
158 159 160
158 160 161
162 163 164
162 164 165
166 167 168
166 168 169
170 171 172
170 172 173
174 175 176
174 176 177
178 179 180
178 180 181
182 183 184
182 184 185
186 187 188
186 188 189
190 191 192
190 192 193
194 195 196
194 196 197
198 199 200
198 200 201
202 203 204
202 204 205
206 207 208
206 208 209
210 211 212
210 212 213
214 215 216
214 216 217
218 219 220
218 220 221
222 223 224
222 224 225
226 227 228
226 228 229
230 231 232
230 232 233
234 235 236
234 236 237
238 239 240
238 240 241
242 243 244
242 244 245
246 247 248
246 248 249
250 251 252
250 252 253
254 255 256
254 256 257
258 259 260
258 260 261
262 263 264
262 264 265
266 267 268
266 268 269
270 271 272
270 272 273
274 275 276
274 276 277
278 279 280
278 280 281
282 283 284
282 284 285
286 287 288
286 288 289
290 291 292
291 293 292
294 295 296
295 297 296
298 299 300
298 300 301
302 303 304
302 304 305
303 306 307
303 307 304
306 308 309
306 309 307
308 310 311
308 311 309
310 312 313
310 313 311
312 314 315
312 315 313
314 316 317
314 317 315
316 318 319
316 319 317
318 320 321
318 321 319
320 322 323
320 323 321
322 324 325
322 325 323
326 327 328
326 328 329
330 331 332
330 332 333
334 335 336
334 336 337
338 339 340
338 340 341
342 343 344
342 344 345
346 347 348
346 348 349
350 351 352
350 352 353
354 355 356
354 356 357
358 359 360
358 360 361
362 363 364
362 364 365
366 367 368
366 368 369
370 371 372
370 372 373
374 375 376
374 376 377
378 379 380
378 380 381
382 383 384
382 384 385
386 387 388
386 388 389
390 391 392
390 392 393
394 395 396
394 396 397
398 399 400
398 400 401
402 403 404
402 404 405
406 407 408
406 408 409
410 411 412
410 412 413
414 415 416
414 416 417
418 419 420
418 420 421
422 423 424
422 424 425
426 427 428
426 428 429
430 431 432
430 432 433
434 435 436
434 436 437
438 439 440
438 440 441
442 443 444
442 444 445
446 447 448
446 448 449
450 451 452
450 452 453
454 455 456
454 456 457
458 459 460
458 460 461
462 463 464
462 464 465
466 467 468
466 468 469
470 471 472
470 472 473
474 475 476
474 476 477
478 479 480
478 480 481
482 483 484
482 484 485
486 487 488
486 488 489
490 491 492
490 492 493
494 495 496
494 496 497
498 499 500
498 500 501
502 503 504
502 504 505
506 507 508
506 508 509
510 511 512
510 512 513
514 515 516
514 516 517
518 519 520
518 520 521
522 523 524
522 524 525
526 527 528
526 528 529
530 531 532
530 532 533
534 535 536
534 536 537
538 539 540
538 540 541
542 543 544
542 544 545
546 547 548
546 548 549
550 551 552
550 552 553
554 555 556
554 556 557
558 559 560
558 560 561
562 563 564
562 564 565
566 567 568
566 568 569
570 571 572
570 572 573
574 575 576
574 576 577
578 579 580
578 580 581
582 583 584
582 584 585
586 587 588
586 588 589
590 591 592
590 592 593
594 595 596
594 596 597
598 599 600
598 600 601
602 603 604
602 604 605
606 607 608
606 608 609
610 611 612
610 612 613
614 615 616
614 616 617
618 619 620
618 620 621
622 623 624
623 625 624
626 627 628
627 629 628
630 631 632
630 632 633
634 635 636
634 636 637
638 639 640
638 640 641
642 643 644
642 644 645
646 647 648
646 648 649
650 651 652
650 652 653
654 655 656
654 656 657
658 659 660
658 660 661
662 663 664
662 664 665
666 667 668
666 668 669
670 671 672
670 672 673
674 675 676
674 676 677
678 679 680
678 680 681
682 683 684
682 684 685
686 687 688
686 688 689
690 691 692
690 692 693
694 695 696
694 696 697
698 699 700
698 700 701
702 703 704
702 704 705
706 707 708
706 708 709
710 711 712
710 712 713
714 715 716
714 716 717
718 719 720
718 720 721
722 723 724
722 724 725
726 727 728
726 728 729
730 731 732
730 732 733
734 735 736
734 736 737
738 739 740
738 740 741
742 743 744
742 744 745
746 747 748
746 748 749
750 751 752
750 752 753
754 755 756
754 756 757
758 759 760
758 760 761
762 763 764
762 764 765
766 767 768
766 768 769
770 771 772
770 772 773
774 775 776
774 776 777
778 779 780
778 780 781
782 783 784
782 784 785
786 787 788
786 788 789
790 791 792
790 792 793
794 795 796
794 796 797
798 799 800
798 800 801
802 803 804
802 804 805
806 807 808
807 809 808
810 811 812
810 812 813
814 815 816
814 816 817
815 818 819
815 819 816
818 820 821
818 821 819
820 822 823
820 823 821
822 824 825
822 825 823
824 826 827
824 827 825
826 828 829
826 829 827
828 830 831
828 831 829
830 832 833
830 833 831
832 834 835
832 835 833
834 836 837
834 837 835
836 838 839
836 839 837
838 840 841
838 841 839
840 842 843
840 843 841
842 844 845
842 845 843
844 846 847
844 847 845
846 848 849
846 849 847
848 850 851
848 851 849
850 852 853
850 853 851
852 854 855
852 855 853
854 856 857
854 857 855
856 858 859
856 859 857
858 860 861
858 861 859
860 862 863
860 863 861
862 864 865
862 865 863
864 866 867
864 867 865
866 868 869
866 869 867
868 870 871
868 871 869
870 872 873
870 873 871
874 875 876
874 876 877
878 879 880
878 880 881
882 883 884
882 884 885
886 887 888
886 888 889
890 891 892
890 892 893
894 895 896
894 896 897
898 899 900
898 900 901
902 903 904
902 904 905
906 907 908
906 908 909
910 911 912
910 912 913
914 915 916
914 916 917
918 919 920
918 920 921
922 923 924
922 924 925
926 927 928
926 928 929
930 931 932
930 932 933
934 935 936
934 936 937
938 939 940
938 940 941
942 943 944
942 944 945
946 947 948
946 948 949
950 951 952
950 952 953
954 955 956
954 956 957
958 959 960
958 960 961
962 963 964
962 964 965
966 967 968
966 968 969
970 971 972
970 972 973
974 975 976
974 976 977
978 979 980
978 980 981
982 983 984
982 984 985
986 987 988
986 988 989
990 991 992
990 992 993
994 995 996
994 996 997
998 999 1000
998 1000 1001
1002 1003 1004
1002 1004 1005
1006 1007 1008
1006 1008 1009
1010 1011 1012
1010 1012 1013
1014 1015 1016
1014 1016 1017
1018 1019 1020
1018 1020 1021
1022 1023 1024
1022 1024 1025
1026 1027 1028
1026 1028 1029
1030 1031 1032
1030 1032 1033
1034 1035 1036
1034 1036 1037
1038 1039 1040
1038 1040 1041
1042 1043 1044
1042 1044 1045
1046 1047 1048
1046 1048 1049
1050 1051 1052
1050 1052 1053
1054 1055 1056
1054 1056 1057
1058 1059 1060
1058 1060 1061
1062 1063 1064
1062 1064 1065
1066 1067 1068
1066 1068 1069
1070 1071 1072
1070 1072 1073
1074 1075 1076
1074 1076 1077
1078 1079 1080
1078 1080 1081
1082 1083 1084
1082 1084 1085
1086 1087 1088
1086 1088 1089
1090 1091 1092
1090 1092 1093
1094 1095 1096
1094 1096 1097
1098 1099 1100
1098 1100 1101
1102 1103 1104
1102 1104 1105
1106 1107 1108
1106 1108 1109
1110 1111 1112
1110 1112 1113
1114 1115 1116
1114 1116 1117
1118 1119 1120
1118 1120 1121
1122 1123 1124
1122 1124 1125
1126 1127 1128
1126 1128 1129
1130 1131 1132
1130 1132 1133
1134 1135 1136
1134 1136 1137
1138 1139 1140
1138 1140 1141
1142 1143 1144
1142 1144 1145
1146 1147 1148
1146 1148 1149
1150 1151 1152
1150 1152 1153
1154 1155 1156
1154 1156 1157
1158 1159 1160
1158 1160 1161
1162 1163 1164
1162 1164 1165
1166 1167 1168
1166 1168 1169
1170 1171 1172
1170 1172 1173
1174 1175 1176
1174 1176 1177
1178 1179 1180
1178 1180 1181
1182 1183 1184
1182 1184 1185
1186 1187 1188
1186 1188 1189
1190 1191 1192
1190 1192 1193
1194 1195 1196
1194 1196 1197
1198 1199 1200
1198 1200 1201
1202 1203 1204
1202 1204 1205
1206 1207 1208
1206 1208 1209
1210 1211 1212
1210 1212 1213
1214 1215 1216
1214 1216 1217
1218 1219 1220
1218 1220 1221
1222 1223 1224
1222 1224 1225
1226 1227 1228
1226 1228 1229
1230 1231 1232
1230 1232 1233
1234 1235 1236
1234 1236 1237
1238 1239 1240
1238 1240 1241
1242 1243 1244
1242 1244 1245
1246 1247 1248
1246 1248 1249
1250 1251 1252
1250 1252 1253
1254 1255 1256
1254 1256 1257
1258 1259 1260
1258 1260 1261
1262 1263 1264
1262 1264 1265
1266 1267 1268
1266 1268 1269
1270 1271 1272
1270 1272 1273
1274 1275 1276
1274 1276 1277
1278 1279 1280
1278 1280 1281
1282 1283 1284
1282 1284 1285
1286 1287 1288
1286 1288 1289
1290 1291 1292
1290 1292 1293
1294 1295 1296
1294 1296 1297
1298 1299 1300
1298 1300 1301
1302 1303 1304
1303 1305 1304
1306 1307 1308
1307 1309 1308
1310 1311 1312
1310 1312 1313
1314 1315 1316
1314 1316 1317
1318 1319 1320
1318 1320 1321
1322 1323 1324
1322 1324 1325
1326 1327 1328
1326 1328 1329
1330 1331 1332
1330 1332 1333
1334 1335 1336
1334 1336 1337
1338 1339 1340
1338 1340 1341
1342 1343 1344
1342 1344 1345
1346 1347 1348
1346 1348 1349
1350 1351 1352
1350 1352 1353
1354 1355 1356
1354 1356 1357
1358 1359 1360
1358 1360 1361
1362 1363 1364
1362 1364 1365
1366 1367 1368
1366 1368 1369
1370 1371 1372
1370 1372 1373
1374 1375 1376
1374 1376 1377
1378 1379 1380
1378 1380 1381
1382 1383 1384
1382 1384 1385
1386 1387 1388
1386 1388 1389
1390 1391 1392
1390 1392 1393
1394 1395 1396
1394 1396 1397
1398 1399 1400
1398 1400 1401
1402 1403 1404
1402 1404 1405
1406 1407 1408
1406 1408 1409
1410 1411 1412
1410 1412 1413
1414 1415 1416
1414 1416 1417
1418 1419 1420
1418 1420 1421
1422 1423 1424
1422 1424 1425
1426 1427 1428
1426 1428 1429
1430 1431 1432
1430 1432 1433
1434 1435 1436
1434 1436 1437
1438 1439 1440
1438 1440 1441
1442 1443 1444
1442 1444 1445
1446 1447 1448
1446 1448 1449
1450 1451 1452
1450 1452 1453
1454 1455 1456
1454 1456 1457
1458 1459 1460
1458 1460 1461
1462 1463 1464
1462 1464 1465
1466 1467 1468
1466 1468 1469
1470 1471 1472
1470 1472 1473
1474 1475 1476
1474 1476 1477
1478 1479 1480
1478 1480 1481
1482 1483 1484
1482 1484 1485
1486 1487 1488
1486 1488 1489
1490 1491 1492
1490 1492 1493
1494 1495 1496
1494 1496 1497
1498 1499 1500
1498 1500 1501
1499 1502 1503
1499 1503 1500
1502 1504 1505
1502 1505 1503
1504 1506 1507
1504 1507 1505
1506 1508 1509
1506 1509 1507
1508 1510 1511
1508 1511 1509
1510 1512 1513
1510 1513 1511
1512 1514 1515
1512 1515 1513
1514 1516 1517
1514 1517 1515
1516 1518 1519
1516 1519 1517
1518 1520 1521
1518 1521 1519
1520 1522 1523
1520 1523 1521
1522 1524 1525
1522 1525 1523
1524 1526 1527
1524 1527 1525
1526 1528 1529
1526 1529 1527
1528 1530 1531
1528 1531 1529
1530 1532 1533
1530 1533 1531
1532 1534 1535
1532 1535 1533
1534 1536 1537
1534 1537 1535
1538 1539 1540
1538 1540 1541
1542 1543 1544
1542 1544 1545
1546 1547 1548
1546 1548 1549
1550 1551 1552
1550 1552 1553
1554 1555 1556
1554 1556 1557
1558 1559 1560
1558 1560 1561
1562 1563 1564
1562 1564 1565
1566 1567 1568
1566 1568 1569
1570 1571 1572
1570 1572 1573
1574 1575 1576
1574 1576 1577
1578 1579 1580
1578 1580 1581
1582 1583 1584
1582 1584 1585
1586 1587 1588
1586 1588 1589
1590 1591 1592
1590 1592 1593
1594 1595 1596
1594 1596 1597
1598 1599 1600
1598 1600 1601
1602 1603 1604
1602 1604 1605
1606 1607 1608
1606 1608 1609
1610 1611 1612
1610 1612 1613
1614 1615 1616
1614 1616 1617
1618 1619 1620
1618 1620 1621
1622 1623 1624
1622 1624 1625
1626 1627 1628
1626 1628 1629
1630 1631 1632
1630 1632 1633
1634 1635 1636
1634 1636 1637
1638 1639 1640
1638 1640 1641
1642 1643 1644
1642 1644 1645
1646 1647 1648
1646 1648 1649
1650 1651 1652
1650 1652 1653
1654 1655 1656
1654 1656 1657
1658 1659 1660
1658 1660 1661
1662 1663 1664
1662 1664 1665
1666 1667 1668
1666 1668 1669
1670 1671 1672
1670 1672 1673
1674 1675 1676
1674 1676 1677
1678 1679 1680
1678 1680 1681
1682 1683 1684
1682 1684 1685
1686 1687 1688
1686 1688 1689
1690 1691 1692
1690 1692 1693
1694 1695 1696
1694 1696 1697
1698 1699 1700
1698 1700 1701
1702 1703 1704
1702 1704 1705
1706 1707 1708
1706 1708 1709
1710 1711 1712
1710 1712 1713
1714 1715 1716
1714 1716 1717
1718 1719 1720
1718 1720 1721
1722 1723 1724
1722 1724 1725
1726 1727 1728
1726 1728 1729
1730 1731 1732
1730 1732 1733
1734 1735 1736
1734 1736 1737
1738 1739 1740
1738 1740 1741
1742 1743 1744
1742 1744 1745
1746 1747 1748
1746 1748 1749
1750 1751 1752
1750 1752 1753
1754 1755 1756
1754 1756 1757
1758 1759 1760
1758 1760 1761
1762 1763 1764
1762 1764 1765
1766 1767 1768
1766 1768 1769
1770 1771 1772
1770 1772 1773
1774 1775 1776
1774 1776 1777
1778 1779 1780
1778 1780 1781
1782 1783 1784
1782 1784 1785
1786 1787 1788
1786 1788 1789
1790 1791 1792
1790 1792 1793
1794 1795 1796
1794 1796 1797
1798 1799 1800
1798 1800 1801
1802 1803 1804
1802 1804 1805
1803 1806 1807
1803 1807 1804
1806 1808 1809
1806 1809 1807
1808 1810 1811
1808 1811 1809
1810 1812 1813
1810 1813 1811
1812 1814 1815
1812 1815 1813
1814 1816 1817
1814 1817 1815
1816 1818 1819
1816 1819 1817
1818 1820 1821
1818 1821 1819
1820 1822 1823
1820 1823 1821
1822 1824 1825
1822 1825 1823
</Mesh>
</Frame>
