<Frame>: 0 Lunar_Ice_light
<TransformMatrix>:
1 0 0 0
0 1 0 0
0 0 1 0
0 0 0 1
<Mesh>: 5772 Lunar_Ice_light
<Positions>: 5772
42.060001 19.410000 -29.000000
42.060001 19.410000 -79.000000
41.939999 19.410000 -79.000000
41.939999 19.410000 -29.000000
42.060001 19.490000 -29.000000
41.939999 19.490000 -29.000000
41.939999 19.490000 -79.000000
42.060001 19.490000 -79.000000
42.060001 19.410000 -29.000000
41.939999 19.410000 -29.000000
41.939999 19.490000 -29.000000
42.060001 19.490000 -29.000000
42.060001 19.410000 -79.000000
42.060001 19.490000 -79.000000
41.939999 19.490000 -79.000000
41.939999 19.410000 -79.000000
42.060001 19.410000 -29.000000
42.060001 19.490000 -29.000000
42.060001 19.490000 -79.000000
42.060001 19.410000 -79.000000
41.939999 19.410000 -29.000000
41.939999 19.410000 -79.000000
41.939999 19.490000 -79.000000
41.939999 19.490000 -29.000000
-41.939999 19.410000 -29.000000
-41.939999 19.410000 -79.000000
-42.060001 19.410000 -79.000000
-42.060001 19.410000 -29.000000
-41.939999 19.490000 -29.000000
-42.060001 19.490000 -29.000000
-42.060001 19.490000 -79.000000
-41.939999 19.490000 -79.000000
-41.939999 19.410000 -29.000000
-42.060001 19.410000 -29.000000
-42.060001 19.490000 -29.000000
-41.939999 19.490000 -29.000000
-41.939999 19.410000 -79.000000
-41.939999 19.490000 -79.000000
-42.060001 19.490000 -79.000000
-42.060001 19.410000 -79.000000
-41.939999 19.410000 -29.000000
-41.939999 19.490000 -29.000000
-41.939999 19.490000 -79.000000
-41.939999 19.410000 -79.000000
-42.060001 19.410000 -29.000000
-42.060001 19.410000 -79.000000
-42.060001 19.490000 -79.000000
-42.060001 19.490000 -29.000000
38.614998 23.230000 -45.424999
38.584999 23.230000 -45.424999
38.584999 23.270000 -45.424999
38.614998 23.270000 -45.424999
38.614998 23.230000 -48.575001
38.614998 23.270000 -48.575001
38.584999 23.270000 -48.575001
38.584999 23.230000 -48.575001
38.614998 23.285000 -45.439999
38.584999 23.285000 -45.439999
38.584999 23.285000 -48.560001
38.614998 23.285000 -48.560001
38.570000 23.230000 -45.439999
38.570000 23.230000 -48.560001
38.570000 23.270000 -48.560001
38.570000 23.270000 -45.439999
38.614998 23.215000 -45.439999
38.614998 23.215000 -48.560001
38.584999 23.215000 -48.560001
38.584999 23.215000 -45.439999
38.629997 23.230000 -45.439999
38.625607 23.219393 -45.439999
38.623657 23.221340 -45.431339
38.625607 23.230000 -45.429394
38.614998 23.215000 -45.439999
38.614998 23.219393 -45.429394
38.623657 23.221340 -45.431339
38.625607 23.219393 -45.439999
38.614998 23.230000 -45.424999
38.625607 23.230000 -45.429394
38.623657 23.221340 -45.431339
38.614998 23.219393 -45.429394
38.614998 23.270000 -45.424999
38.614998 23.280607 -45.429394
38.623657 23.278660 -45.431339
38.625607 23.270000 -45.429394
38.614998 23.285000 -45.439999
38.625607 23.280607 -45.439999
38.623657 23.278660 -45.431339
38.614998 23.280607 -45.429394
38.629997 23.270000 -45.439999
38.625607 23.270000 -45.429394
38.623657 23.278660 -45.431339
38.625607 23.280607 -45.439999
38.629997 23.230000 -48.560001
38.625607 23.230000 -48.570606
38.623657 23.221340 -48.568661
38.625607 23.219393 -48.560001
38.614998 23.230000 -48.575001
38.614998 23.219393 -48.570606
38.623657 23.221340 -48.568661
38.625607 23.230000 -48.570606
38.614998 23.215000 -48.560001
38.625607 23.219393 -48.560001
38.623657 23.221340 -48.568661
38.614998 23.219393 -48.570606
38.629997 23.270000 -48.560001
38.625607 23.280607 -48.560001
38.623657 23.278660 -48.568661
38.625607 23.270000 -48.570606
38.614998 23.285000 -48.560001
38.614998 23.280607 -48.570606
38.623657 23.278660 -48.568661
38.625607 23.280607 -48.560001
38.614998 23.270000 -48.575001
38.625607 23.270000 -48.570606
38.623657 23.278660 -48.568661
38.614998 23.280607 -48.570606
38.584999 23.230000 -45.424999
38.584999 23.219393 -45.429394
38.576340 23.221340 -45.431339
38.574390 23.230000 -45.429394
38.584999 23.215000 -45.439999
38.574390 23.219393 -45.439999
38.576340 23.221340 -45.431339
38.584999 23.219393 -45.429394
38.570000 23.230000 -45.439999
38.574390 23.230000 -45.429394
38.576340 23.221340 -45.431339
38.574390 23.219393 -45.439999
38.584999 23.270000 -45.424999
38.574390 23.270000 -45.429394
38.576340 23.278660 -45.431339
38.584999 23.280607 -45.429394
38.570000 23.270000 -45.439999
38.574390 23.280607 -45.439999
38.576340 23.278660 -45.431339
38.574390 23.270000 -45.429394
38.584999 23.285000 -45.439999
38.584999 23.280607 -45.429394
38.576340 23.278660 -45.431339
38.574390 23.280607 -45.439999
38.570000 23.230000 -48.560001
38.574390 23.219393 -48.560001
38.576340 23.221340 -48.568661
38.574390 23.230000 -48.570606
38.584999 23.215000 -48.560001
38.584999 23.219393 -48.570606
38.576340 23.221340 -48.568661
38.574390 23.219393 -48.560001
38.584999 23.230000 -48.575001
38.574390 23.230000 -48.570606
38.576340 23.221340 -48.568661
38.584999 23.219393 -48.570606
38.584999 23.270000 -48.575001
38.584999 23.280607 -48.570606
38.576340 23.278660 -48.568661
38.574390 23.270000 -48.570606
38.584999 23.285000 -48.560001
38.574390 23.280607 -48.560001
38.576340 23.278660 -48.568661
38.584999 23.280607 -48.570606
38.570000 23.270000 -48.560001
38.574390 23.270000 -48.570606
38.576340 23.278660 -48.568661
38.574390 23.280607 -48.560001
38.629997 23.230000 -45.439999
38.629997 23.230000 -48.560001
38.625607 23.219393 -48.560001
38.625607 23.219393 -45.439999
38.625607 23.219393 -45.439999
38.625607 23.219393 -48.560001
38.614998 23.215000 -48.560001
38.614998 23.215000 -45.439999
38.614998 23.215000 -45.439999
38.584999 23.215000 -45.439999
38.584999 23.219393 -45.429394
38.614998 23.219393 -45.429394
38.614998 23.219393 -45.429394
38.584999 23.219393 -45.429394
38.584999 23.230000 -45.424999
38.614998 23.230000 -45.424999
38.584999 23.215000 -45.439999
38.584999 23.215000 -48.560001
38.574390 23.219393 -48.560001
38.574390 23.219393 -45.439999
38.574390 23.219393 -45.439999
38.574390 23.219393 -48.560001
38.570000 23.230000 -48.560001
38.570000 23.230000 -45.439999
38.614998 23.230000 -48.575001
38.584999 23.230000 -48.575001
38.584999 23.219393 -48.570606
38.614998 23.219393 -48.570606
38.614998 23.219393 -48.570606
38.584999 23.219393 -48.570606
38.584999 23.215000 -48.560001
38.614998 23.215000 -48.560001
38.614998 23.270000 -45.424999
38.584999 23.270000 -45.424999
38.584999 23.280607 -45.429394
38.614998 23.280607 -45.429394
38.614998 23.280607 -45.429394
38.584999 23.285000 -45.439999
38.614998 23.285000 -45.439999
38.614998 23.285000 -45.439999
38.614998 23.285000 -48.560001
38.625607 23.280607 -48.560001
38.625607 23.280607 -45.439999
38.625607 23.280607 -45.439999
38.625607 23.280607 -48.560001
38.629997 23.270000 -48.560001
38.629997 23.270000 -45.439999
38.614998 23.285000 -48.560001
38.584999 23.285000 -48.560001
38.584999 23.280607 -48.570606
38.614998 23.280607 -48.570606
38.614998 23.280607 -48.570606
38.584999 23.280607 -48.570606
38.584999 23.270000 -48.575001
38.614998 23.270000 -48.575001
38.570000 23.270000 -45.439999
38.570000 23.270000 -48.560001
38.574390 23.280607 -48.560001
38.574390 23.280607 -45.439999
38.574390 23.280607 -45.439999
38.574390 23.280607 -48.560001
38.584999 23.285000 -48.560001
38.584999 23.285000 -45.439999
38.614998 23.230000 -45.424999
38.614998 23.270000 -45.424999
38.625607 23.270000 -45.429394
38.625607 23.230000 -45.429394
38.625607 23.230000 -45.429394
38.625607 23.270000 -45.429394
38.629997 23.270000 -45.439999
38.629997 23.230000 -45.439999
38.570000 23.230000 -45.439999
38.570000 23.270000 -45.439999
38.574390 23.270000 -45.429394
38.574390 23.230000 -45.429394
38.574390 23.230000 -45.429394
38.574390 23.270000 -45.429394
38.584999 23.270000 -45.424999
38.584999 23.230000 -45.424999
38.629997 23.230000 -48.560001
38.629997 23.270000 -48.560001
38.625607 23.270000 -48.570606
38.625607 23.230000 -48.570606
38.625607 23.230000 -48.570606
38.625607 23.270000 -48.570606
38.614998 23.270000 -48.575001
38.614998 23.230000 -48.575001
38.584999 23.230000 -48.575001
38.584999 23.270000 -48.575001
38.574390 23.270000 -48.570606
38.574390 23.230000 -48.570606
38.574390 23.230000 -48.570606
38.574390 23.270000 -48.570606
38.570000 23.270000 -48.560001
38.570000 23.230000 -48.560001
38.629997 23.230000 -45.439999
38.629997 23.270000 -45.439999
38.629997 23.270000 -48.560001
38.629997 23.230000 -48.560001
38.614998 23.230000 -50.424999
38.584999 23.230000 -50.424999
38.584999 23.270000 -50.424999
38.614998 23.270000 -50.424999
38.614998 23.230000 -53.575001
38.614998 23.270000 -53.575001
38.584999 23.270000 -53.575001
38.584999 23.230000 -53.575001
38.614998 23.285000 -50.439999
38.584999 23.285000 -50.439999
38.584999 23.285000 -53.560001
38.614998 23.285000 -53.560001
38.570000 23.230000 -50.439999
38.570000 23.230000 -53.560001
38.570000 23.270000 -53.560001
38.570000 23.270000 -50.439999
38.614998 23.215000 -50.439999
38.614998 23.215000 -53.560001
38.584999 23.215000 -53.560001
38.584999 23.215000 -50.439999
38.629997 23.230000 -50.439999
38.625607 23.219393 -50.439999
38.623657 23.221340 -50.431339
38.625607 23.230000 -50.429394
38.614998 23.215000 -50.439999
38.614998 23.219393 -50.429394
38.623657 23.221340 -50.431339
38.625607 23.219393 -50.439999
38.614998 23.230000 -50.424999
38.625607 23.230000 -50.429394
38.623657 23.221340 -50.431339
38.614998 23.219393 -50.429394
38.614998 23.270000 -50.424999
38.614998 23.280607 -50.429394
38.623657 23.278660 -50.431339
38.625607 23.270000 -50.429394
38.614998 23.285000 -50.439999
38.625607 23.280607 -50.439999
38.623657 23.278660 -50.431339
38.614998 23.280607 -50.429394
38.629997 23.270000 -50.439999
38.625607 23.270000 -50.429394
38.623657 23.278660 -50.431339
38.625607 23.280607 -50.439999
38.629997 23.230000 -53.560001
38.625607 23.230000 -53.570606
38.623657 23.221340 -53.568661
38.625607 23.219393 -53.560001
38.614998 23.230000 -53.575001
38.614998 23.219393 -53.570606
38.623657 23.221340 -53.568661
38.625607 23.230000 -53.570606
38.614998 23.215000 -53.560001
38.625607 23.219393 -53.560001
38.623657 23.221340 -53.568661
38.614998 23.219393 -53.570606
38.629997 23.270000 -53.560001
38.625607 23.280607 -53.560001
38.623657 23.278660 -53.568661
38.625607 23.270000 -53.570606
38.614998 23.285000 -53.560001
38.614998 23.280607 -53.570606
38.623657 23.278660 -53.568661
38.625607 23.280607 -53.560001
38.614998 23.270000 -53.575001
38.625607 23.270000 -53.570606
38.623657 23.278660 -53.568661
38.614998 23.280607 -53.570606
38.584999 23.230000 -50.424999
38.584999 23.219393 -50.429394
38.576340 23.221340 -50.431339
38.574390 23.230000 -50.429394
38.584999 23.215000 -50.439999
38.574390 23.219393 -50.439999
38.576340 23.221340 -50.431339
38.584999 23.219393 -50.429394
38.570000 23.230000 -50.439999
38.574390 23.230000 -50.429394
38.576340 23.221340 -50.431339
38.574390 23.219393 -50.439999
38.584999 23.270000 -50.424999
38.574390 23.270000 -50.429394
38.576340 23.278660 -50.431339
38.584999 23.280607 -50.429394
38.570000 23.270000 -50.439999
38.574390 23.280607 -50.439999
38.576340 23.278660 -50.431339
38.574390 23.270000 -50.429394
38.584999 23.285000 -50.439999
38.584999 23.280607 -50.429394
38.576340 23.278660 -50.431339
38.574390 23.280607 -50.439999
38.570000 23.230000 -53.560001
38.574390 23.219393 -53.560001
38.576340 23.221340 -53.568661
38.574390 23.230000 -53.570606
38.584999 23.215000 -53.560001
38.584999 23.219393 -53.570606
38.576340 23.221340 -53.568661
38.574390 23.219393 -53.560001
38.584999 23.230000 -53.575001
38.574390 23.230000 -53.570606
38.576340 23.221340 -53.568661
38.584999 23.219393 -53.570606
38.584999 23.270000 -53.575001
38.584999 23.280607 -53.570606
38.576340 23.278660 -53.568661
38.574390 23.270000 -53.570606
38.584999 23.285000 -53.560001
38.574390 23.280607 -53.560001
38.576340 23.278660 -53.568661
38.584999 23.280607 -53.570606
38.570000 23.270000 -53.560001
38.574390 23.270000 -53.570606
38.576340 23.278660 -53.568661
38.574390 23.280607 -53.560001
38.629997 23.230000 -50.439999
38.629997 23.230000 -53.560001
38.625607 23.219393 -53.560001
38.625607 23.219393 -50.439999
38.625607 23.219393 -50.439999
38.625607 23.219393 -53.560001
38.614998 23.215000 -53.560001
38.614998 23.215000 -50.439999
38.614998 23.215000 -50.439999
38.584999 23.215000 -50.439999
38.584999 23.219393 -50.429394
38.614998 23.219393 -50.429394
38.614998 23.219393 -50.429394
38.584999 23.219393 -50.429394
38.584999 23.230000 -50.424999
38.614998 23.230000 -50.424999
38.584999 23.215000 -50.439999
38.584999 23.215000 -53.560001
38.574390 23.219393 -53.560001
38.574390 23.219393 -50.439999
38.574390 23.219393 -50.439999
38.574390 23.219393 -53.560001
38.570000 23.230000 -53.560001
38.570000 23.230000 -50.439999
38.614998 23.230000 -53.575001
38.584999 23.230000 -53.575001
38.584999 23.219393 -53.570606
38.614998 23.219393 -53.570606
38.614998 23.219393 -53.570606
38.584999 23.219393 -53.570606
38.584999 23.215000 -53.560001
38.614998 23.215000 -53.560001
38.614998 23.270000 -50.424999
38.584999 23.270000 -50.424999
38.584999 23.280607 -50.429394
38.614998 23.280607 -50.429394
38.614998 23.280607 -50.429394
38.584999 23.285000 -50.439999
38.614998 23.285000 -50.439999
38.614998 23.285000 -50.439999
38.614998 23.285000 -53.560001
38.625607 23.280607 -53.560001
38.625607 23.280607 -50.439999
38.625607 23.280607 -50.439999
38.625607 23.280607 -53.560001
38.629997 23.270000 -53.560001
38.629997 23.270000 -50.439999
38.614998 23.285000 -53.560001
38.584999 23.285000 -53.560001
38.584999 23.280607 -53.570606
38.614998 23.280607 -53.570606
38.614998 23.280607 -53.570606
38.584999 23.280607 -53.570606
38.584999 23.270000 -53.575001
38.614998 23.270000 -53.575001
38.570000 23.270000 -50.439999
38.570000 23.270000 -53.560001
38.574390 23.280607 -53.560001
38.574390 23.280607 -50.439999
38.574390 23.280607 -50.439999
38.574390 23.280607 -53.560001
38.584999 23.285000 -53.560001
38.584999 23.285000 -50.439999
38.614998 23.230000 -50.424999
38.614998 23.270000 -50.424999
38.625607 23.270000 -50.429394
38.625607 23.230000 -50.429394
38.625607 23.230000 -50.429394
38.625607 23.270000 -50.429394
38.629997 23.270000 -50.439999
38.629997 23.230000 -50.439999
38.570000 23.230000 -50.439999
38.570000 23.270000 -50.439999
38.574390 23.270000 -50.429394
38.574390 23.230000 -50.429394
38.574390 23.230000 -50.429394
38.574390 23.270000 -50.429394
38.584999 23.270000 -50.424999
38.584999 23.230000 -50.424999
38.629997 23.230000 -53.560001
38.629997 23.270000 -53.560001
38.625607 23.270000 -53.570606
38.625607 23.230000 -53.570606
38.625607 23.230000 -53.570606
38.625607 23.270000 -53.570606
38.614998 23.270000 -53.575001
38.614998 23.230000 -53.575001
38.584999 23.230000 -53.575001
38.584999 23.270000 -53.575001
38.574390 23.270000 -53.570606
38.574390 23.230000 -53.570606
38.574390 23.230000 -53.570606
38.574390 23.270000 -53.570606
38.570000 23.270000 -53.560001
38.570000 23.230000 -53.560001
38.629997 23.230000 -50.439999
38.629997 23.270000 -50.439999
38.629997 23.270000 -53.560001
38.629997 23.230000 -53.560001
38.614998 23.230000 -67.425003
38.584999 23.230000 -67.425003
38.584999 23.270000 -67.425003
38.614998 23.270000 -67.425003
38.614998 23.230000 -70.574997
38.614998 23.270000 -70.574997
38.584999 23.270000 -70.574997
38.584999 23.230000 -70.574997
38.614998 23.285000 -67.440002
38.584999 23.285000 -67.440002
38.584999 23.285000 -70.559998
38.614998 23.285000 -70.559998
38.570000 23.230000 -67.440002
38.570000 23.230000 -70.559998
38.570000 23.270000 -70.559998
38.570000 23.270000 -67.440002
38.614998 23.215000 -67.440002
38.614998 23.215000 -70.559998
38.584999 23.215000 -70.559998
38.584999 23.215000 -67.440002
38.629997 23.230000 -67.440002
38.625607 23.219393 -67.440002
38.623657 23.221340 -67.431343
38.625607 23.230000 -67.429390
38.614998 23.215000 -67.440002
38.614998 23.219393 -67.429390
38.623657 23.221340 -67.431343
38.625607 23.219393 -67.440002
38.614998 23.230000 -67.425003
38.625607 23.230000 -67.429390
38.623657 23.221340 -67.431343
38.614998 23.219393 -67.429390
38.614998 23.270000 -67.425003
38.614998 23.280607 -67.429390
38.623657 23.278660 -67.431343
38.625607 23.270000 -67.429390
38.614998 23.285000 -67.440002
38.625607 23.280607 -67.440002
38.623657 23.278660 -67.431343
38.614998 23.280607 -67.429390
38.629997 23.270000 -67.440002
38.625607 23.270000 -67.429390
38.623657 23.278660 -67.431343
38.625607 23.280607 -67.440002
38.629997 23.230000 -70.559998
38.625607 23.230000 -70.570610
38.623657 23.221340 -70.568657
38.625607 23.219393 -70.559998
38.614998 23.230000 -70.574997
38.614998 23.219393 -70.570610
38.623657 23.221340 -70.568657
38.625607 23.230000 -70.570610
38.614998 23.215000 -70.559998
38.625607 23.219393 -70.559998
38.623657 23.221340 -70.568657
38.614998 23.219393 -70.570610
38.629997 23.270000 -70.559998
38.625607 23.280607 -70.559998
38.623657 23.278660 -70.568657
38.625607 23.270000 -70.570610
38.614998 23.285000 -70.559998
38.614998 23.280607 -70.570610
38.623657 23.278660 -70.568657
38.625607 23.280607 -70.559998
38.614998 23.270000 -70.574997
38.625607 23.270000 -70.570610
38.623657 23.278660 -70.568657
38.614998 23.280607 -70.570610
38.584999 23.230000 -67.425003
38.584999 23.219393 -67.429390
38.576340 23.221340 -67.431343
38.574390 23.230000 -67.429390
38.584999 23.215000 -67.440002
38.574390 23.219393 -67.440002
38.576340 23.221340 -67.431343
38.584999 23.219393 -67.429390
38.570000 23.230000 -67.440002
38.574390 23.230000 -67.429390
38.576340 23.221340 -67.431343
38.574390 23.219393 -67.440002
38.584999 23.270000 -67.425003
38.574390 23.270000 -67.429390
38.576340 23.278660 -67.431343
38.584999 23.280607 -67.429390
38.570000 23.270000 -67.440002
38.574390 23.280607 -67.440002
38.576340 23.278660 -67.431343
38.574390 23.270000 -67.429390
38.584999 23.285000 -67.440002
38.584999 23.280607 -67.429390
38.576340 23.278660 -67.431343
38.574390 23.280607 -67.440002
38.570000 23.230000 -70.559998
38.574390 23.219393 -70.559998
38.576340 23.221340 -70.568657
38.574390 23.230000 -70.570610
38.584999 23.215000 -70.559998
38.584999 23.219393 -70.570610
38.576340 23.221340 -70.568657
38.574390 23.219393 -70.559998
38.584999 23.230000 -70.574997
38.574390 23.230000 -70.570610
38.576340 23.221340 -70.568657
38.584999 23.219393 -70.570610
38.584999 23.270000 -70.574997
38.584999 23.280607 -70.570610
38.576340 23.278660 -70.568657
38.574390 23.270000 -70.570610
38.584999 23.285000 -70.559998
38.574390 23.280607 -70.559998
38.576340 23.278660 -70.568657
38.584999 23.280607 -70.570610
38.570000 23.270000 -70.559998
38.574390 23.270000 -70.570610
38.576340 23.278660 -70.568657
38.574390 23.280607 -70.559998
38.629997 23.230000 -67.440002
38.629997 23.230000 -70.559998
38.625607 23.219393 -70.559998
38.625607 23.219393 -67.440002
38.625607 23.219393 -67.440002
38.625607 23.219393 -70.559998
38.614998 23.215000 -70.559998
38.614998 23.215000 -67.440002
38.614998 23.215000 -67.440002
38.584999 23.215000 -67.440002
38.584999 23.219393 -67.429390
38.614998 23.219393 -67.429390
38.614998 23.219393 -67.429390
38.584999 23.219393 -67.429390
38.584999 23.230000 -67.425003
38.614998 23.230000 -67.425003
38.584999 23.215000 -67.440002
38.584999 23.215000 -70.559998
38.574390 23.219393 -70.559998
38.574390 23.219393 -67.440002
38.574390 23.219393 -67.440002
38.574390 23.219393 -70.559998
38.570000 23.230000 -70.559998
38.570000 23.230000 -67.440002
38.614998 23.230000 -70.574997
38.584999 23.230000 -70.574997
38.584999 23.219393 -70.570610
38.614998 23.219393 -70.570610
38.614998 23.219393 -70.570610
38.584999 23.219393 -70.570610
38.584999 23.215000 -70.559998
38.614998 23.215000 -70.559998
38.614998 23.270000 -67.425003
38.584999 23.270000 -67.425003
38.584999 23.280607 -67.429390
38.614998 23.280607 -67.429390
38.614998 23.280607 -67.429390
38.584999 23.285000 -67.440002
38.614998 23.285000 -67.440002
38.614998 23.285000 -67.440002
38.614998 23.285000 -70.559998
38.625607 23.280607 -70.559998
38.625607 23.280607 -67.440002
38.625607 23.280607 -67.440002
38.625607 23.280607 -70.559998
38.629997 23.270000 -70.559998
38.629997 23.270000 -67.440002
38.614998 23.285000 -70.559998
38.584999 23.285000 -70.559998
38.584999 23.280607 -70.570610
38.614998 23.280607 -70.570610
38.614998 23.280607 -70.570610
38.584999 23.280607 -70.570610
38.584999 23.270000 -70.574997
38.614998 23.270000 -70.574997
38.570000 23.270000 -67.440002
38.570000 23.270000 -70.559998
38.574390 23.280607 -70.559998
38.574390 23.280607 -67.440002
38.574390 23.280607 -67.440002
38.574390 23.280607 -70.559998
38.584999 23.285000 -70.559998
38.584999 23.285000 -67.440002
38.614998 23.230000 -67.425003
38.614998 23.270000 -67.425003
38.625607 23.270000 -67.429390
38.625607 23.230000 -67.429390
38.625607 23.230000 -67.429390
38.625607 23.270000 -67.429390
38.629997 23.270000 -67.440002
38.629997 23.230000 -67.440002
38.570000 23.230000 -67.440002
38.570000 23.270000 -67.440002
38.574390 23.270000 -67.429390
38.574390 23.230000 -67.429390
38.574390 23.230000 -67.429390
38.574390 23.270000 -67.429390
38.584999 23.270000 -67.425003
38.584999 23.230000 -67.425003
38.629997 23.230000 -70.559998
38.629997 23.270000 -70.559998
38.625607 23.270000 -70.570610
38.625607 23.230000 -70.570610
38.625607 23.230000 -70.570610
38.625607 23.270000 -70.570610
38.614998 23.270000 -70.574997
38.614998 23.230000 -70.574997
38.584999 23.230000 -70.574997
38.584999 23.270000 -70.574997
38.574390 23.270000 -70.570610
38.574390 23.230000 -70.570610
38.574390 23.230000 -70.570610
38.574390 23.270000 -70.570610
38.570000 23.270000 -70.559998
38.570000 23.230000 -70.559998
38.629997 23.230000 -67.440002
38.629997 23.270000 -67.440002
38.629997 23.270000 -70.559998
38.629997 23.230000 -70.559998
23.414999 23.230000 -45.424999
23.385000 23.230000 -45.424999
23.385000 23.270000 -45.424999
23.414999 23.270000 -45.424999
23.414999 23.230000 -48.575001
23.414999 23.270000 -48.575001
23.385000 23.270000 -48.575001
23.385000 23.230000 -48.575001
23.414999 23.285000 -45.439999
23.385000 23.285000 -45.439999
23.385000 23.285000 -48.560001
23.414999 23.285000 -48.560001
23.369999 23.230000 -45.439999
23.369999 23.230000 -48.560001
23.369999 23.270000 -48.560001
23.369999 23.270000 -45.439999
23.414999 23.215000 -45.439999
23.414999 23.215000 -48.560001
23.385000 23.215000 -48.560001
23.385000 23.215000 -45.439999
23.430000 23.230000 -45.439999
23.425606 23.219393 -45.439999
23.423660 23.221340 -45.431339
23.425606 23.230000 -45.429394
23.414999 23.215000 -45.439999
23.414999 23.219393 -45.429394
23.423660 23.221340 -45.431339
23.425606 23.219393 -45.439999
23.414999 23.230000 -45.424999
23.425606 23.230000 -45.429394
23.423660 23.221340 -45.431339
23.414999 23.219393 -45.429394
23.414999 23.270000 -45.424999
23.414999 23.280607 -45.429394
23.423660 23.278660 -45.431339
23.425606 23.270000 -45.429394
23.414999 23.285000 -45.439999
23.425606 23.280607 -45.439999
23.423660 23.278660 -45.431339
23.414999 23.280607 -45.429394
23.430000 23.270000 -45.439999
23.425606 23.270000 -45.429394
23.423660 23.278660 -45.431339
23.425606 23.280607 -45.439999
23.430000 23.230000 -48.560001
23.425606 23.230000 -48.570606
23.423660 23.221340 -48.568661
23.425606 23.219393 -48.560001
23.414999 23.230000 -48.575001
23.414999 23.219393 -48.570606
23.423660 23.221340 -48.568661
23.425606 23.230000 -48.570606
23.414999 23.215000 -48.560001
23.425606 23.219393 -48.560001
23.423660 23.221340 -48.568661
23.414999 23.219393 -48.570606
23.430000 23.270000 -48.560001
23.425606 23.280607 -48.560001
23.423660 23.278660 -48.568661
23.425606 23.270000 -48.570606
23.414999 23.285000 -48.560001
23.414999 23.280607 -48.570606
23.423660 23.278660 -48.568661
23.425606 23.280607 -48.560001
23.414999 23.270000 -48.575001
23.425606 23.270000 -48.570606
23.423660 23.278660 -48.568661
23.414999 23.280607 -48.570606
23.385000 23.230000 -45.424999
23.385000 23.219393 -45.429394
23.376339 23.221340 -45.431339
23.374393 23.230000 -45.429394
23.385000 23.215000 -45.439999
23.374393 23.219393 -45.439999
23.376339 23.221340 -45.431339
23.385000 23.219393 -45.429394
23.369999 23.230000 -45.439999
23.374393 23.230000 -45.429394
23.376339 23.221340 -45.431339
23.374393 23.219393 -45.439999
23.385000 23.270000 -45.424999
23.374393 23.270000 -45.429394
23.376339 23.278660 -45.431339
23.385000 23.280607 -45.429394
23.369999 23.270000 -45.439999
23.374393 23.280607 -45.439999
23.376339 23.278660 -45.431339
23.374393 23.270000 -45.429394
23.385000 23.285000 -45.439999
23.385000 23.280607 -45.429394
23.376339 23.278660 -45.431339
23.374393 23.280607 -45.439999
23.369999 23.230000 -48.560001
23.374393 23.219393 -48.560001
23.376339 23.221340 -48.568661
23.374393 23.230000 -48.570606
23.385000 23.215000 -48.560001
23.385000 23.219393 -48.570606
23.376339 23.221340 -48.568661
23.374393 23.219393 -48.560001
23.385000 23.230000 -48.575001
23.374393 23.230000 -48.570606
23.376339 23.221340 -48.568661
23.385000 23.219393 -48.570606
23.385000 23.270000 -48.575001
23.385000 23.280607 -48.570606
23.376339 23.278660 -48.568661
23.374393 23.270000 -48.570606
23.385000 23.285000 -48.560001
23.374393 23.280607 -48.560001
23.376339 23.278660 -48.568661
23.385000 23.280607 -48.570606
23.369999 23.270000 -48.560001
23.374393 23.270000 -48.570606
23.376339 23.278660 -48.568661
23.374393 23.280607 -48.560001
23.430000 23.230000 -45.439999
23.430000 23.230000 -48.560001
23.425606 23.219393 -48.560001
23.425606 23.219393 -45.439999
23.425606 23.219393 -45.439999
23.425606 23.219393 -48.560001
23.414999 23.215000 -48.560001
23.414999 23.215000 -45.439999
23.414999 23.215000 -45.439999
23.385000 23.215000 -45.439999
23.385000 23.219393 -45.429394
23.414999 23.219393 -45.429394
23.414999 23.219393 -45.429394
23.385000 23.219393 -45.429394
23.385000 23.230000 -45.424999
23.414999 23.230000 -45.424999
23.385000 23.215000 -45.439999
23.385000 23.215000 -48.560001
23.374393 23.219393 -48.560001
23.374393 23.219393 -45.439999
23.374393 23.219393 -45.439999
23.374393 23.219393 -48.560001
23.369999 23.230000 -48.560001
23.369999 23.230000 -45.439999
23.414999 23.230000 -48.575001
23.385000 23.230000 -48.575001
23.385000 23.219393 -48.570606
23.414999 23.219393 -48.570606
23.414999 23.219393 -48.570606
23.385000 23.219393 -48.570606
23.385000 23.215000 -48.560001
23.414999 23.215000 -48.560001
23.414999 23.270000 -45.424999
23.385000 23.270000 -45.424999
23.385000 23.280607 -45.429394
23.414999 23.280607 -45.429394
23.414999 23.280607 -45.429394
23.385000 23.285000 -45.439999
23.414999 23.285000 -45.439999
23.414999 23.285000 -45.439999
23.414999 23.285000 -48.560001
23.425606 23.280607 -48.560001
23.425606 23.280607 -45.439999
23.425606 23.280607 -45.439999
23.425606 23.280607 -48.560001
23.430000 23.270000 -48.560001
23.430000 23.270000 -45.439999
23.414999 23.285000 -48.560001
23.385000 23.285000 -48.560001
23.385000 23.280607 -48.570606
23.414999 23.280607 -48.570606
23.414999 23.280607 -48.570606
23.385000 23.280607 -48.570606
23.385000 23.270000 -48.575001
23.414999 23.270000 -48.575001
23.369999 23.270000 -45.439999
23.369999 23.270000 -48.560001
23.374393 23.280607 -48.560001
23.374393 23.280607 -45.439999
23.374393 23.280607 -45.439999
23.374393 23.280607 -48.560001
23.385000 23.285000 -48.560001
23.385000 23.285000 -45.439999
23.414999 23.230000 -45.424999
23.414999 23.270000 -45.424999
23.425606 23.270000 -45.429394
23.425606 23.230000 -45.429394
23.425606 23.230000 -45.429394
23.425606 23.270000 -45.429394
23.430000 23.270000 -45.439999
23.430000 23.230000 -45.439999
23.369999 23.230000 -45.439999
23.369999 23.270000 -45.439999
23.374393 23.270000 -45.429394
23.374393 23.230000 -45.429394
23.374393 23.230000 -45.429394
23.374393 23.270000 -45.429394
23.385000 23.270000 -45.424999
23.385000 23.230000 -45.424999
23.430000 23.230000 -48.560001
23.430000 23.270000 -48.560001
23.425606 23.270000 -48.570606
23.425606 23.230000 -48.570606
23.425606 23.230000 -48.570606
23.425606 23.270000 -48.570606
23.414999 23.270000 -48.575001
23.414999 23.230000 -48.575001
23.385000 23.230000 -48.575001
23.385000 23.270000 -48.575001
23.374393 23.270000 -48.570606
23.374393 23.230000 -48.570606
23.374393 23.230000 -48.570606
23.374393 23.270000 -48.570606
23.369999 23.270000 -48.560001
23.369999 23.230000 -48.560001
23.430000 23.230000 -45.439999
23.430000 23.270000 -45.439999
23.430000 23.270000 -48.560001
23.430000 23.230000 -48.560001
23.414999 23.230000 -50.424999
23.385000 23.230000 -50.424999
23.385000 23.270000 -50.424999
23.414999 23.270000 -50.424999
23.414999 23.230000 -53.575001
23.414999 23.270000 -53.575001
23.385000 23.270000 -53.575001
23.385000 23.230000 -53.575001
23.414999 23.285000 -50.439999
23.385000 23.285000 -50.439999
23.385000 23.285000 -53.560001
23.414999 23.285000 -53.560001
23.369999 23.230000 -50.439999
23.369999 23.230000 -53.560001
23.369999 23.270000 -53.560001
23.369999 23.270000 -50.439999
23.414999 23.215000 -50.439999
23.414999 23.215000 -53.560001
23.385000 23.215000 -53.560001
23.385000 23.215000 -50.439999
23.430000 23.230000 -50.439999
23.425606 23.219393 -50.439999
23.423660 23.221340 -50.431339
23.425606 23.230000 -50.429394
23.414999 23.215000 -50.439999
23.414999 23.219393 -50.429394
23.423660 23.221340 -50.431339
23.425606 23.219393 -50.439999
23.414999 23.230000 -50.424999
23.425606 23.230000 -50.429394
23.423660 23.221340 -50.431339
23.414999 23.219393 -50.429394
23.414999 23.270000 -50.424999
23.414999 23.280607 -50.429394
23.423660 23.278660 -50.431339
23.425606 23.270000 -50.429394
23.414999 23.285000 -50.439999
23.425606 23.280607 -50.439999
23.423660 23.278660 -50.431339
23.414999 23.280607 -50.429394
23.430000 23.270000 -50.439999
23.425606 23.270000 -50.429394
23.423660 23.278660 -50.431339
23.425606 23.280607 -50.439999
23.430000 23.230000 -53.560001
23.425606 23.230000 -53.570606
23.423660 23.221340 -53.568661
23.425606 23.219393 -53.560001
23.414999 23.230000 -53.575001
23.414999 23.219393 -53.570606
23.423660 23.221340 -53.568661
23.425606 23.230000 -53.570606
23.414999 23.215000 -53.560001
23.425606 23.219393 -53.560001
23.423660 23.221340 -53.568661
23.414999 23.219393 -53.570606
23.430000 23.270000 -53.560001
23.425606 23.280607 -53.560001
23.423660 23.278660 -53.568661
23.425606 23.270000 -53.570606
23.414999 23.285000 -53.560001
23.414999 23.280607 -53.570606
23.423660 23.278660 -53.568661
23.425606 23.280607 -53.560001
23.414999 23.270000 -53.575001
23.425606 23.270000 -53.570606
23.423660 23.278660 -53.568661
23.414999 23.280607 -53.570606
23.385000 23.230000 -50.424999
23.385000 23.219393 -50.429394
23.376339 23.221340 -50.431339
23.374393 23.230000 -50.429394
23.385000 23.215000 -50.439999
23.374393 23.219393 -50.439999
23.376339 23.221340 -50.431339
23.385000 23.219393 -50.429394
23.369999 23.230000 -50.439999
23.374393 23.230000 -50.429394
23.376339 23.221340 -50.431339
23.374393 23.219393 -50.439999
23.385000 23.270000 -50.424999
23.374393 23.270000 -50.429394
23.376339 23.278660 -50.431339
23.385000 23.280607 -50.429394
23.369999 23.270000 -50.439999
23.374393 23.280607 -50.439999
23.376339 23.278660 -50.431339
23.374393 23.270000 -50.429394
23.385000 23.285000 -50.439999
23.385000 23.280607 -50.429394
23.376339 23.278660 -50.431339
23.374393 23.280607 -50.439999
23.369999 23.230000 -53.560001
23.374393 23.219393 -53.560001
23.376339 23.221340 -53.568661
23.374393 23.230000 -53.570606
23.385000 23.215000 -53.560001
23.385000 23.219393 -53.570606
23.376339 23.221340 -53.568661
23.374393 23.219393 -53.560001
23.385000 23.230000 -53.575001
23.374393 23.230000 -53.570606
23.376339 23.221340 -53.568661
23.385000 23.219393 -53.570606
23.385000 23.270000 -53.575001
23.385000 23.280607 -53.570606
23.376339 23.278660 -53.568661
23.374393 23.270000 -53.570606
23.385000 23.285000 -53.560001
23.374393 23.280607 -53.560001
23.376339 23.278660 -53.568661
23.385000 23.280607 -53.570606
23.369999 23.270000 -53.560001
23.374393 23.270000 -53.570606
23.376339 23.278660 -53.568661
23.374393 23.280607 -53.560001
23.430000 23.230000 -50.439999
23.430000 23.230000 -53.560001
23.425606 23.219393 -53.560001
23.425606 23.219393 -50.439999
23.425606 23.219393 -50.439999
23.425606 23.219393 -53.560001
23.414999 23.215000 -53.560001
23.414999 23.215000 -50.439999
23.414999 23.215000 -50.439999
23.385000 23.215000 -50.439999
23.385000 23.219393 -50.429394
23.414999 23.219393 -50.429394
23.414999 23.219393 -50.429394
23.385000 23.219393 -50.429394
23.385000 23.230000 -50.424999
23.414999 23.230000 -50.424999
23.385000 23.215000 -50.439999
23.385000 23.215000 -53.560001
23.374393 23.219393 -53.560001
23.374393 23.219393 -50.439999
23.374393 23.219393 -50.439999
23.374393 23.219393 -53.560001
23.369999 23.230000 -53.560001
23.369999 23.230000 -50.439999
23.414999 23.230000 -53.575001
23.385000 23.230000 -53.575001
23.385000 23.219393 -53.570606
23.414999 23.219393 -53.570606
23.414999 23.219393 -53.570606
23.385000 23.219393 -53.570606
23.385000 23.215000 -53.560001
23.414999 23.215000 -53.560001
23.414999 23.270000 -50.424999
23.385000 23.270000 -50.424999
23.385000 23.280607 -50.429394
23.414999 23.280607 -50.429394
23.414999 23.280607 -50.429394
23.385000 23.285000 -50.439999
23.414999 23.285000 -50.439999
23.414999 23.285000 -50.439999
23.414999 23.285000 -53.560001
23.425606 23.280607 -53.560001
23.425606 23.280607 -50.439999
23.425606 23.280607 -50.439999
23.425606 23.280607 -53.560001
23.430000 23.270000 -53.560001
23.430000 23.270000 -50.439999
23.414999 23.285000 -53.560001
23.385000 23.285000 -53.560001
23.385000 23.280607 -53.570606
23.414999 23.280607 -53.570606
23.414999 23.280607 -53.570606
23.385000 23.280607 -53.570606
23.385000 23.270000 -53.575001
23.414999 23.270000 -53.575001
23.369999 23.270000 -50.439999
23.369999 23.270000 -53.560001
23.374393 23.280607 -53.560001
23.374393 23.280607 -50.439999
23.374393 23.280607 -50.439999
23.374393 23.280607 -53.560001
23.385000 23.285000 -53.560001
23.385000 23.285000 -50.439999
23.414999 23.230000 -50.424999
23.414999 23.270000 -50.424999
23.425606 23.270000 -50.429394
23.425606 23.230000 -50.429394
23.425606 23.230000 -50.429394
23.425606 23.270000 -50.429394
23.430000 23.270000 -50.439999
23.430000 23.230000 -50.439999
23.369999 23.230000 -50.439999
23.369999 23.270000 -50.439999
23.374393 23.270000 -50.429394
23.374393 23.230000 -50.429394
23.374393 23.230000 -50.429394
23.374393 23.270000 -50.429394
23.385000 23.270000 -50.424999
23.385000 23.230000 -50.424999
23.430000 23.230000 -53.560001
23.430000 23.270000 -53.560001
23.425606 23.270000 -53.570606
23.425606 23.230000 -53.570606
23.425606 23.230000 -53.570606
23.425606 23.270000 -53.570606
23.414999 23.270000 -53.575001
23.414999 23.230000 -53.575001
23.385000 23.230000 -53.575001
23.385000 23.270000 -53.575001
23.374393 23.270000 -53.570606
23.374393 23.230000 -53.570606
23.374393 23.230000 -53.570606
23.374393 23.270000 -53.570606
23.369999 23.270000 -53.560001
23.369999 23.230000 -53.560001
23.430000 23.230000 -50.439999
23.430000 23.270000 -50.439999
23.430000 23.270000 -53.560001
23.430000 23.230000 -53.560001
23.414999 23.230000 -67.425003
23.385000 23.230000 -67.425003
23.385000 23.270000 -67.425003
23.414999 23.270000 -67.425003
23.414999 23.230000 -70.574997
23.414999 23.270000 -70.574997
23.385000 23.270000 -70.574997
23.385000 23.230000 -70.574997
23.414999 23.285000 -67.440002
23.385000 23.285000 -67.440002
23.385000 23.285000 -70.559998
23.414999 23.285000 -70.559998
23.369999 23.230000 -67.440002
23.369999 23.230000 -70.559998
23.369999 23.270000 -70.559998
23.369999 23.270000 -67.440002
23.414999 23.215000 -67.440002
23.414999 23.215000 -70.559998
23.385000 23.215000 -70.559998
23.385000 23.215000 -67.440002
23.430000 23.230000 -67.440002
23.425606 23.219393 -67.440002
23.423660 23.221340 -67.431343
23.425606 23.230000 -67.429390
23.414999 23.215000 -67.440002
23.414999 23.219393 -67.429390
23.423660 23.221340 -67.431343
23.425606 23.219393 -67.440002
23.414999 23.230000 -67.425003
23.425606 23.230000 -67.429390
23.423660 23.221340 -67.431343
23.414999 23.219393 -67.429390
23.414999 23.270000 -67.425003
23.414999 23.280607 -67.429390
23.423660 23.278660 -67.431343
23.425606 23.270000 -67.429390
23.414999 23.285000 -67.440002
23.425606 23.280607 -67.440002
23.423660 23.278660 -67.431343
23.414999 23.280607 -67.429390
23.430000 23.270000 -67.440002
23.425606 23.270000 -67.429390
23.423660 23.278660 -67.431343
23.425606 23.280607 -67.440002
23.430000 23.230000 -70.559998
23.425606 23.230000 -70.570610
23.423660 23.221340 -70.568657
23.425606 23.219393 -70.559998
23.414999 23.230000 -70.574997
23.414999 23.219393 -70.570610
23.423660 23.221340 -70.568657
23.425606 23.230000 -70.570610
23.414999 23.215000 -70.559998
23.425606 23.219393 -70.559998
23.423660 23.221340 -70.568657
23.414999 23.219393 -70.570610
23.430000 23.270000 -70.559998
23.425606 23.280607 -70.559998
23.423660 23.278660 -70.568657
23.425606 23.270000 -70.570610
23.414999 23.285000 -70.559998
23.414999 23.280607 -70.570610
23.423660 23.278660 -70.568657
23.425606 23.280607 -70.559998
23.414999 23.270000 -70.574997
23.425606 23.270000 -70.570610
23.423660 23.278660 -70.568657
23.414999 23.280607 -70.570610
23.385000 23.230000 -67.425003
23.385000 23.219393 -67.429390
23.376339 23.221340 -67.431343
23.374393 23.230000 -67.429390
23.385000 23.215000 -67.440002
23.374393 23.219393 -67.440002
23.376339 23.221340 -67.431343
23.385000 23.219393 -67.429390
23.369999 23.230000 -67.440002
23.374393 23.230000 -67.429390
23.376339 23.221340 -67.431343
23.374393 23.219393 -67.440002
23.385000 23.270000 -67.425003
23.374393 23.270000 -67.429390
23.376339 23.278660 -67.431343
23.385000 23.280607 -67.429390
23.369999 23.270000 -67.440002
23.374393 23.280607 -67.440002
23.376339 23.278660 -67.431343
23.374393 23.270000 -67.429390
23.385000 23.285000 -67.440002
23.385000 23.280607 -67.429390
23.376339 23.278660 -67.431343
23.374393 23.280607 -67.440002
23.369999 23.230000 -70.559998
23.374393 23.219393 -70.559998
23.376339 23.221340 -70.568657
23.374393 23.230000 -70.570610
23.385000 23.215000 -70.559998
23.385000 23.219393 -70.570610
23.376339 23.221340 -70.568657
23.374393 23.219393 -70.559998
23.385000 23.230000 -70.574997
23.374393 23.230000 -70.570610
23.376339 23.221340 -70.568657
23.385000 23.219393 -70.570610
23.385000 23.270000 -70.574997
23.385000 23.280607 -70.570610
23.376339 23.278660 -70.568657
23.374393 23.270000 -70.570610
23.385000 23.285000 -70.559998
23.374393 23.280607 -70.559998
23.376339 23.278660 -70.568657
23.385000 23.280607 -70.570610
23.369999 23.270000 -70.559998
23.374393 23.270000 -70.570610
23.376339 23.278660 -70.568657
23.374393 23.280607 -70.559998
23.430000 23.230000 -67.440002
23.430000 23.230000 -70.559998
23.425606 23.219393 -70.559998
23.425606 23.219393 -67.440002
23.425606 23.219393 -67.440002
23.425606 23.219393 -70.559998
23.414999 23.215000 -70.559998
23.414999 23.215000 -67.440002
23.414999 23.215000 -67.440002
23.385000 23.215000 -67.440002
23.385000 23.219393 -67.429390
23.414999 23.219393 -67.429390
23.414999 23.219393 -67.429390
23.385000 23.219393 -67.429390
23.385000 23.230000 -67.425003
23.414999 23.230000 -67.425003
23.385000 23.215000 -67.440002
23.385000 23.215000 -70.559998
23.374393 23.219393 -70.559998
23.374393 23.219393 -67.440002
23.374393 23.219393 -67.440002
23.374393 23.219393 -70.559998
23.369999 23.230000 -70.559998
23.369999 23.230000 -67.440002
23.414999 23.230000 -70.574997
23.385000 23.230000 -70.574997
23.385000 23.219393 -70.570610
23.414999 23.219393 -70.570610
23.414999 23.219393 -70.570610
23.385000 23.219393 -70.570610
23.385000 23.215000 -70.559998
23.414999 23.215000 -70.559998
23.414999 23.270000 -67.425003
23.385000 23.270000 -67.425003
23.385000 23.280607 -67.429390
23.414999 23.280607 -67.429390
23.414999 23.280607 -67.429390
23.385000 23.285000 -67.440002
23.414999 23.285000 -67.440002
23.414999 23.285000 -67.440002
23.414999 23.285000 -70.559998
23.425606 23.280607 -70.559998
23.425606 23.280607 -67.440002
23.425606 23.280607 -67.440002
23.425606 23.280607 -70.559998
23.430000 23.270000 -70.559998
23.430000 23.270000 -67.440002
23.414999 23.285000 -70.559998
23.385000 23.285000 -70.559998
23.385000 23.280607 -70.570610
23.414999 23.280607 -70.570610
23.414999 23.280607 -70.570610
23.385000 23.280607 -70.570610
23.385000 23.270000 -70.574997
23.414999 23.270000 -70.574997
23.369999 23.270000 -67.440002
23.369999 23.270000 -70.559998
23.374393 23.280607 -70.559998
23.374393 23.280607 -67.440002
23.374393 23.280607 -67.440002
23.374393 23.280607 -70.559998
23.385000 23.285000 -70.559998
23.385000 23.285000 -67.440002
23.414999 23.230000 -67.425003
23.414999 23.270000 -67.425003
23.425606 23.270000 -67.429390
23.425606 23.230000 -67.429390
23.425606 23.230000 -67.429390
23.425606 23.270000 -67.429390
23.430000 23.270000 -67.440002
23.430000 23.230000 -67.440002
23.369999 23.230000 -67.440002
23.369999 23.270000 -67.440002
23.374393 23.270000 -67.429390
23.374393 23.230000 -67.429390
23.374393 23.230000 -67.429390
23.374393 23.270000 -67.429390
23.385000 23.270000 -67.425003
23.385000 23.230000 -67.425003
23.430000 23.230000 -70.559998
23.430000 23.270000 -70.559998
23.425606 23.270000 -70.570610
23.425606 23.230000 -70.570610
23.425606 23.230000 -70.570610
23.425606 23.270000 -70.570610
23.414999 23.270000 -70.574997
23.414999 23.230000 -70.574997
23.385000 23.230000 -70.574997
23.385000 23.270000 -70.574997
23.374393 23.270000 -70.570610
23.374393 23.230000 -70.570610
23.374393 23.230000 -70.570610
23.374393 23.270000 -70.570610
23.369999 23.270000 -70.559998
23.369999 23.230000 -70.559998
23.430000 23.230000 -67.440002
23.430000 23.270000 -67.440002
23.430000 23.270000 -70.559998
23.430000 23.230000 -70.559998
32.724998 24.075001 -42.400002
29.275000 24.075001 -42.400002
29.275000 24.125000 -42.400002
32.724998 24.125000 -42.400002
32.724998 24.075001 -42.500000
32.724998 24.125000 -42.500000
29.275000 24.125000 -42.500000
29.275000 24.075001 -42.500000
32.724998 24.150001 -42.424999
29.275000 24.150001 -42.424999
29.275000 24.150001 -42.475002
32.724998 24.150001 -42.475002
29.250000 24.075001 -42.424999
29.250000 24.075001 -42.475002
29.250000 24.125000 -42.475002
29.250000 24.125000 -42.424999
32.724998 24.050000 -42.424999
32.724998 24.050000 -42.475002
29.275000 24.050000 -42.475002
29.275000 24.050000 -42.424999
32.750000 24.075001 -42.424999
32.742676 24.057323 -42.424999
32.739433 24.060567 -42.410568
32.742676 24.075001 -42.407322
32.724998 24.050000 -42.424999
32.724998 24.057323 -42.407322
32.739433 24.060567 -42.410568
32.742676 24.057323 -42.424999
32.724998 24.075001 -42.400002
32.742676 24.075001 -42.407322
32.739433 24.060567 -42.410568
32.724998 24.057323 -42.407322
32.724998 24.125000 -42.400002
32.724998 24.142678 -42.407322
32.739433 24.139434 -42.410568
32.742676 24.125000 -42.407322
32.724998 24.150001 -42.424999
32.742676 24.142678 -42.424999
32.739433 24.139434 -42.410568
32.724998 24.142678 -42.407322
32.750000 24.125000 -42.424999
32.742676 24.125000 -42.407322
32.739433 24.139434 -42.410568
32.742676 24.142678 -42.424999
32.750000 24.075001 -42.475002
32.742676 24.075001 -42.492680
32.739433 24.060567 -42.489433
32.742676 24.057323 -42.475002
32.724998 24.075001 -42.500000
32.724998 24.057323 -42.492680
32.739433 24.060567 -42.489433
32.742676 24.075001 -42.492680
32.724998 24.050000 -42.475002
32.742676 24.057323 -42.475002
32.739433 24.060567 -42.489433
32.724998 24.057323 -42.492680
32.750000 24.125000 -42.475002
32.742676 24.142678 -42.475002
32.739433 24.139434 -42.489433
32.742676 24.125000 -42.492680
32.724998 24.150001 -42.475002
32.724998 24.142678 -42.492680
32.739433 24.139434 -42.489433
32.742676 24.142678 -42.475002
32.724998 24.125000 -42.500000
32.742676 24.125000 -42.492680
32.739433 24.139434 -42.489433
32.724998 24.142678 -42.492680
29.275000 24.075001 -42.400002
29.275000 24.057323 -42.407322
29.260567 24.060567 -42.410568
29.257322 24.075001 -42.407322
29.275000 24.050000 -42.424999
29.257322 24.057323 -42.424999
29.260567 24.060567 -42.410568
29.275000 24.057323 -42.407322
29.250000 24.075001 -42.424999
29.257322 24.075001 -42.407322
29.260567 24.060567 -42.410568
29.257322 24.057323 -42.424999
29.275000 24.125000 -42.400002
29.257322 24.125000 -42.407322
29.260567 24.139434 -42.410568
29.275000 24.142678 -42.407322
29.250000 24.125000 -42.424999
29.257322 24.142678 -42.424999
29.260567 24.139434 -42.410568
29.257322 24.125000 -42.407322
29.275000 24.150001 -42.424999
29.275000 24.142678 -42.407322
29.260567 24.139434 -42.410568
29.257322 24.142678 -42.424999
29.250000 24.075001 -42.475002
29.257322 24.057323 -42.475002
29.260567 24.060567 -42.489433
29.257322 24.075001 -42.492680
29.275000 24.050000 -42.475002
29.275000 24.057323 -42.492680
29.260567 24.060567 -42.489433
29.257322 24.057323 -42.475002
29.275000 24.075001 -42.500000
29.257322 24.075001 -42.492680
29.260567 24.060567 -42.489433
29.275000 24.057323 -42.492680
29.275000 24.125000 -42.500000
29.275000 24.142678 -42.492680
29.260567 24.139434 -42.489433
29.257322 24.125000 -42.492680
29.275000 24.150001 -42.475002
29.257322 24.142678 -42.475002
29.260567 24.139434 -42.489433
29.275000 24.142678 -42.492680
29.250000 24.125000 -42.475002
29.257322 24.125000 -42.492680
29.260567 24.139434 -42.489433
29.257322 24.142678 -42.475002
32.750000 24.075001 -42.424999
32.750000 24.075001 -42.475002
32.742676 24.057323 -42.475002
32.742676 24.057323 -42.424999
32.742676 24.057323 -42.424999
32.742676 24.057323 -42.475002
32.724998 24.050000 -42.475002
32.724998 24.050000 -42.424999
32.724998 24.050000 -42.424999
29.275000 24.050000 -42.424999
29.275000 24.057323 -42.407322
32.724998 24.057323 -42.407322
32.724998 24.057323 -42.407322
29.275000 24.057323 -42.407322
29.275000 24.075001 -42.400002
32.724998 24.075001 -42.400002
29.275000 24.050000 -42.424999
29.275000 24.050000 -42.475002
29.257322 24.057323 -42.475002
29.257322 24.057323 -42.424999
29.257322 24.057323 -42.424999
29.257322 24.057323 -42.475002
29.250000 24.075001 -42.475002
29.250000 24.075001 -42.424999
32.724998 24.075001 -42.500000
29.275000 24.075001 -42.500000
29.275000 24.057323 -42.492680
32.724998 24.057323 -42.492680
32.724998 24.057323 -42.492680
29.275000 24.057323 -42.492680
29.275000 24.050000 -42.475002
32.724998 24.050000 -42.475002
32.724998 24.125000 -42.400002
29.275000 24.125000 -42.400002
29.275000 24.142678 -42.407322
32.724998 24.142678 -42.407322
32.724998 24.142678 -42.407322
29.275000 24.142678 -42.407322
29.275000 24.150001 -42.424999
32.724998 24.150001 -42.424999
32.724998 24.150001 -42.424999
32.724998 24.150001 -42.475002
32.742676 24.142678 -42.475002
32.742676 24.142678 -42.424999
32.742676 24.142678 -42.424999
32.742676 24.142678 -42.475002
32.750000 24.125000 -42.475002
32.750000 24.125000 -42.424999
32.724998 24.150001 -42.475002
29.275000 24.150001 -42.475002
29.275000 24.142678 -42.492680
32.724998 24.142678 -42.492680
32.724998 24.142678 -42.492680
29.275000 24.142678 -42.492680
29.275000 24.125000 -42.500000
32.724998 24.125000 -42.500000
29.250000 24.125000 -42.424999
29.250000 24.125000 -42.475002
29.257322 24.142678 -42.475002
29.257322 24.142678 -42.424999
29.257322 24.142678 -42.424999
29.257322 24.142678 -42.475002
29.275000 24.150001 -42.475002
29.275000 24.150001 -42.424999
32.724998 24.075001 -42.400002
32.724998 24.125000 -42.400002
32.742676 24.125000 -42.407322
32.742676 24.075001 -42.407322
32.742676 24.075001 -42.407322
32.750000 24.125000 -42.424999
32.750000 24.075001 -42.424999
29.250000 24.075001 -42.424999
29.250000 24.125000 -42.424999
29.257322 24.125000 -42.407322
29.257322 24.075001 -42.407322
29.257322 24.125000 -42.407322
29.275000 24.125000 -42.400002
29.275000 24.075001 -42.400002
32.750000 24.075001 -42.475002
32.750000 24.125000 -42.475002
32.742676 24.125000 -42.492680
32.742676 24.075001 -42.492680
32.742676 24.125000 -42.492680
32.724998 24.125000 -42.500000
32.724998 24.075001 -42.500000
29.275000 24.075001 -42.500000
29.275000 24.125000 -42.500000
29.257322 24.125000 -42.492680
29.257322 24.075001 -42.492680
29.257322 24.075001 -42.492680
29.250000 24.125000 -42.475002
29.250000 24.075001 -42.475002
32.750000 24.075001 -42.424999
32.750000 24.125000 -42.424999
32.750000 24.125000 -42.475002
32.750000 24.075001 -42.475002
-23.385000 23.230000 -45.424999
-23.414999 23.230000 -45.424999
-23.414999 23.270000 -45.424999
-23.385000 23.270000 -45.424999
-23.385000 23.230000 -48.575001
-23.385000 23.270000 -48.575001
-23.414999 23.270000 -48.575001
-23.414999 23.230000 -48.575001
-23.385000 23.285000 -45.439999
-23.414999 23.285000 -45.439999
-23.414999 23.285000 -48.560001
-23.385000 23.285000 -48.560001
-23.430000 23.230000 -45.439999
-23.430000 23.230000 -48.560001
-23.430000 23.270000 -48.560001
-23.430000 23.270000 -45.439999
-23.385000 23.215000 -45.439999
-23.385000 23.215000 -48.560001
-23.414999 23.215000 -48.560001
-23.414999 23.215000 -45.439999
-23.369999 23.230000 -45.439999
-23.374393 23.219393 -45.439999
-23.376339 23.221340 -45.431339
-23.374393 23.230000 -45.429394
-23.385000 23.215000 -45.439999
-23.385000 23.219393 -45.429394
-23.376339 23.221340 -45.431339
-23.374393 23.219393 -45.439999
-23.385000 23.230000 -45.424999
-23.374393 23.230000 -45.429394
-23.376339 23.221340 -45.431339
-23.385000 23.219393 -45.429394
-23.385000 23.270000 -45.424999
-23.385000 23.280607 -45.429394
-23.376339 23.278660 -45.431339
-23.374393 23.270000 -45.429394
-23.385000 23.285000 -45.439999
-23.374393 23.280607 -45.439999
-23.376339 23.278660 -45.431339
-23.385000 23.280607 -45.429394
-23.369999 23.270000 -45.439999
-23.374393 23.270000 -45.429394
-23.376339 23.278660 -45.431339
-23.374393 23.280607 -45.439999
-23.369999 23.230000 -48.560001
-23.374393 23.230000 -48.570606
-23.376339 23.221340 -48.568661
-23.374393 23.219393 -48.560001
-23.385000 23.230000 -48.575001
-23.385000 23.219393 -48.570606
-23.376339 23.221340 -48.568661
-23.374393 23.230000 -48.570606
-23.385000 23.215000 -48.560001
-23.374393 23.219393 -48.560001
-23.376339 23.221340 -48.568661
-23.385000 23.219393 -48.570606
-23.369999 23.270000 -48.560001
-23.374393 23.280607 -48.560001
-23.376339 23.278660 -48.568661
-23.374393 23.270000 -48.570606
-23.385000 23.285000 -48.560001
-23.385000 23.280607 -48.570606
-23.376339 23.278660 -48.568661
-23.374393 23.280607 -48.560001
-23.385000 23.270000 -48.575001
-23.374393 23.270000 -48.570606
-23.376339 23.278660 -48.568661
-23.385000 23.280607 -48.570606
-23.414999 23.230000 -45.424999
-23.414999 23.219393 -45.429394
-23.423660 23.221340 -45.431339
-23.425606 23.230000 -45.429394
-23.414999 23.215000 -45.439999
-23.425606 23.219393 -45.439999
-23.423660 23.221340 -45.431339
-23.414999 23.219393 -45.429394
-23.430000 23.230000 -45.439999
-23.425606 23.230000 -45.429394
-23.423660 23.221340 -45.431339
-23.425606 23.219393 -45.439999
-23.414999 23.270000 -45.424999
-23.425606 23.270000 -45.429394
-23.423660 23.278660 -45.431339
-23.414999 23.280607 -45.429394
-23.430000 23.270000 -45.439999
-23.425606 23.280607 -45.439999
-23.423660 23.278660 -45.431339
-23.425606 23.270000 -45.429394
-23.414999 23.285000 -45.439999
-23.414999 23.280607 -45.429394
-23.423660 23.278660 -45.431339
-23.425606 23.280607 -45.439999
-23.430000 23.230000 -48.560001
-23.425606 23.219393 -48.560001
-23.423660 23.221340 -48.568661
-23.425606 23.230000 -48.570606
-23.414999 23.215000 -48.560001
-23.414999 23.219393 -48.570606
-23.423660 23.221340 -48.568661
-23.425606 23.219393 -48.560001
-23.414999 23.230000 -48.575001
-23.425606 23.230000 -48.570606
-23.423660 23.221340 -48.568661
-23.414999 23.219393 -48.570606
-23.414999 23.270000 -48.575001
-23.414999 23.280607 -48.570606
-23.423660 23.278660 -48.568661
-23.425606 23.270000 -48.570606
-23.414999 23.285000 -48.560001
-23.425606 23.280607 -48.560001
-23.423660 23.278660 -48.568661
-23.414999 23.280607 -48.570606
-23.430000 23.270000 -48.560001
-23.425606 23.270000 -48.570606
-23.423660 23.278660 -48.568661
-23.425606 23.280607 -48.560001
-23.369999 23.230000 -45.439999
-23.369999 23.230000 -48.560001
-23.374393 23.219393 -48.560001
-23.374393 23.219393 -45.439999
-23.374393 23.219393 -45.439999
-23.374393 23.219393 -48.560001
-23.385000 23.215000 -48.560001
-23.385000 23.215000 -45.439999
-23.385000 23.215000 -45.439999
-23.414999 23.215000 -45.439999
-23.414999 23.219393 -45.429394
-23.385000 23.219393 -45.429394
-23.385000 23.219393 -45.429394
-23.414999 23.219393 -45.429394
-23.414999 23.230000 -45.424999
-23.385000 23.230000 -45.424999
-23.414999 23.215000 -45.439999
-23.414999 23.215000 -48.560001
-23.425606 23.219393 -48.560001
-23.425606 23.219393 -45.439999
-23.425606 23.219393 -45.439999
-23.425606 23.219393 -48.560001
-23.430000 23.230000 -48.560001
-23.430000 23.230000 -45.439999
-23.385000 23.230000 -48.575001
-23.414999 23.230000 -48.575001
-23.414999 23.219393 -48.570606
-23.385000 23.219393 -48.570606
-23.385000 23.219393 -48.570606
-23.414999 23.219393 -48.570606
-23.414999 23.215000 -48.560001
-23.385000 23.215000 -48.560001
-23.385000 23.270000 -45.424999
-23.414999 23.270000 -45.424999
-23.414999 23.280607 -45.429394
-23.385000 23.280607 -45.429394
-23.385000 23.280607 -45.429394
-23.414999 23.285000 -45.439999
-23.385000 23.285000 -45.439999
-23.385000 23.285000 -45.439999
-23.385000 23.285000 -48.560001
-23.374393 23.280607 -48.560001
-23.374393 23.280607 -45.439999
-23.374393 23.280607 -45.439999
-23.374393 23.280607 -48.560001
-23.369999 23.270000 -48.560001
-23.369999 23.270000 -45.439999
-23.385000 23.285000 -48.560001
-23.414999 23.285000 -48.560001
-23.414999 23.280607 -48.570606
-23.385000 23.280607 -48.570606
-23.385000 23.280607 -48.570606
-23.414999 23.280607 -48.570606
-23.414999 23.270000 -48.575001
-23.385000 23.270000 -48.575001
-23.430000 23.270000 -45.439999
-23.430000 23.270000 -48.560001
-23.425606 23.280607 -48.560001
-23.425606 23.280607 -45.439999
-23.425606 23.280607 -45.439999
-23.425606 23.280607 -48.560001
-23.414999 23.285000 -48.560001
-23.414999 23.285000 -45.439999
-23.385000 23.230000 -45.424999
-23.385000 23.270000 -45.424999
-23.374393 23.270000 -45.429394
-23.374393 23.230000 -45.429394
-23.374393 23.230000 -45.429394
-23.374393 23.270000 -45.429394
-23.369999 23.270000 -45.439999
-23.369999 23.230000 -45.439999
-23.430000 23.230000 -45.439999
-23.430000 23.270000 -45.439999
-23.425606 23.270000 -45.429394
-23.425606 23.230000 -45.429394
-23.425606 23.230000 -45.429394
-23.425606 23.270000 -45.429394
-23.414999 23.270000 -45.424999
-23.414999 23.230000 -45.424999
-23.369999 23.230000 -48.560001
-23.369999 23.270000 -48.560001
-23.374393 23.270000 -48.570606
-23.374393 23.230000 -48.570606
-23.374393 23.230000 -48.570606
-23.374393 23.270000 -48.570606
-23.385000 23.270000 -48.575001
-23.385000 23.230000 -48.575001
-23.414999 23.230000 -48.575001
-23.414999 23.270000 -48.575001
-23.425606 23.270000 -48.570606
-23.425606 23.230000 -48.570606
-23.425606 23.230000 -48.570606
-23.425606 23.270000 -48.570606
-23.430000 23.270000 -48.560001
-23.430000 23.230000 -48.560001
-23.369999 23.230000 -45.439999
-23.369999 23.270000 -45.439999
-23.369999 23.270000 -48.560001
-23.369999 23.230000 -48.560001
-23.385000 23.230000 -50.424999
-23.414999 23.230000 -50.424999
-23.414999 23.270000 -50.424999
-23.385000 23.270000 -50.424999
-23.385000 23.230000 -53.575001
-23.385000 23.270000 -53.575001
-23.414999 23.270000 -53.575001
-23.414999 23.230000 -53.575001
-23.385000 23.285000 -50.439999
-23.414999 23.285000 -50.439999
-23.414999 23.285000 -53.560001
-23.385000 23.285000 -53.560001
-23.430000 23.230000 -50.439999
-23.430000 23.230000 -53.560001
-23.430000 23.270000 -53.560001
-23.430000 23.270000 -50.439999
-23.385000 23.215000 -50.439999
-23.385000 23.215000 -53.560001
-23.414999 23.215000 -53.560001
-23.414999 23.215000 -50.439999
-23.369999 23.230000 -50.439999
-23.374393 23.219393 -50.439999
-23.376339 23.221340 -50.431339
-23.374393 23.230000 -50.429394
-23.385000 23.215000 -50.439999
-23.385000 23.219393 -50.429394
-23.376339 23.221340 -50.431339
-23.374393 23.219393 -50.439999
-23.385000 23.230000 -50.424999
-23.374393 23.230000 -50.429394
-23.376339 23.221340 -50.431339
-23.385000 23.219393 -50.429394
-23.385000 23.270000 -50.424999
-23.385000 23.280607 -50.429394
-23.376339 23.278660 -50.431339
-23.374393 23.270000 -50.429394
-23.385000 23.285000 -50.439999
-23.374393 23.280607 -50.439999
-23.376339 23.278660 -50.431339
-23.385000 23.280607 -50.429394
-23.369999 23.270000 -50.439999
-23.374393 23.270000 -50.429394
-23.376339 23.278660 -50.431339
-23.374393 23.280607 -50.439999
-23.369999 23.230000 -53.560001
-23.374393 23.230000 -53.570606
-23.376339 23.221340 -53.568661
-23.374393 23.219393 -53.560001
-23.385000 23.230000 -53.575001
-23.385000 23.219393 -53.570606
-23.376339 23.221340 -53.568661
-23.374393 23.230000 -53.570606
-23.385000 23.215000 -53.560001
-23.374393 23.219393 -53.560001
-23.376339 23.221340 -53.568661
-23.385000 23.219393 -53.570606
-23.369999 23.270000 -53.560001
-23.374393 23.280607 -53.560001
-23.376339 23.278660 -53.568661
-23.374393 23.270000 -53.570606
-23.385000 23.285000 -53.560001
-23.385000 23.280607 -53.570606
-23.376339 23.278660 -53.568661
-23.374393 23.280607 -53.560001
-23.385000 23.270000 -53.575001
-23.374393 23.270000 -53.570606
-23.376339 23.278660 -53.568661
-23.385000 23.280607 -53.570606
-23.414999 23.230000 -50.424999
-23.414999 23.219393 -50.429394
-23.423660 23.221340 -50.431339
-23.425606 23.230000 -50.429394
-23.414999 23.215000 -50.439999
-23.425606 23.219393 -50.439999
-23.423660 23.221340 -50.431339
-23.414999 23.219393 -50.429394
-23.430000 23.230000 -50.439999
-23.425606 23.230000 -50.429394
-23.423660 23.221340 -50.431339
-23.425606 23.219393 -50.439999
-23.414999 23.270000 -50.424999
-23.425606 23.270000 -50.429394
-23.423660 23.278660 -50.431339
-23.414999 23.280607 -50.429394
-23.430000 23.270000 -50.439999
-23.425606 23.280607 -50.439999
-23.423660 23.278660 -50.431339
-23.425606 23.270000 -50.429394
-23.414999 23.285000 -50.439999
-23.414999 23.280607 -50.429394
-23.423660 23.278660 -50.431339
-23.425606 23.280607 -50.439999
-23.430000 23.230000 -53.560001
-23.425606 23.219393 -53.560001
-23.423660 23.221340 -53.568661
-23.425606 23.230000 -53.570606
-23.414999 23.215000 -53.560001
-23.414999 23.219393 -53.570606
-23.423660 23.221340 -53.568661
-23.425606 23.219393 -53.560001
-23.414999 23.230000 -53.575001
-23.425606 23.230000 -53.570606
-23.423660 23.221340 -53.568661
-23.414999 23.219393 -53.570606
-23.414999 23.270000 -53.575001
-23.414999 23.280607 -53.570606
-23.423660 23.278660 -53.568661
-23.425606 23.270000 -53.570606
-23.414999 23.285000 -53.560001
-23.425606 23.280607 -53.560001
-23.423660 23.278660 -53.568661
-23.414999 23.280607 -53.570606
-23.430000 23.270000 -53.560001
-23.425606 23.270000 -53.570606
-23.423660 23.278660 -53.568661
-23.425606 23.280607 -53.560001
-23.369999 23.230000 -50.439999
-23.369999 23.230000 -53.560001
-23.374393 23.219393 -53.560001
-23.374393 23.219393 -50.439999
-23.374393 23.219393 -50.439999
-23.374393 23.219393 -53.560001
-23.385000 23.215000 -53.560001
-23.385000 23.215000 -50.439999
-23.385000 23.215000 -50.439999
-23.414999 23.215000 -50.439999
-23.414999 23.219393 -50.429394
-23.385000 23.219393 -50.429394
-23.385000 23.219393 -50.429394
-23.414999 23.219393 -50.429394
-23.414999 23.230000 -50.424999
-23.385000 23.230000 -50.424999
-23.414999 23.215000 -50.439999
-23.414999 23.215000 -53.560001
-23.425606 23.219393 -53.560001
-23.425606 23.219393 -50.439999
-23.425606 23.219393 -50.439999
-23.425606 23.219393 -53.560001
-23.430000 23.230000 -53.560001
-23.430000 23.230000 -50.439999
-23.385000 23.230000 -53.575001
-23.414999 23.230000 -53.575001
-23.414999 23.219393 -53.570606
-23.385000 23.219393 -53.570606
-23.385000 23.219393 -53.570606
-23.414999 23.219393 -53.570606
-23.414999 23.215000 -53.560001
-23.385000 23.215000 -53.560001
-23.385000 23.270000 -50.424999
-23.414999 23.270000 -50.424999
-23.414999 23.280607 -50.429394
-23.385000 23.280607 -50.429394
-23.385000 23.280607 -50.429394
-23.414999 23.285000 -50.439999
-23.385000 23.285000 -50.439999
-23.385000 23.285000 -50.439999
-23.385000 23.285000 -53.560001
-23.374393 23.280607 -53.560001
-23.374393 23.280607 -50.439999
-23.374393 23.280607 -50.439999
-23.374393 23.280607 -53.560001
-23.369999 23.270000 -53.560001
-23.369999 23.270000 -50.439999
-23.385000 23.285000 -53.560001
-23.414999 23.285000 -53.560001
-23.414999 23.280607 -53.570606
-23.385000 23.280607 -53.570606
-23.385000 23.280607 -53.570606
-23.414999 23.280607 -53.570606
-23.414999 23.270000 -53.575001
-23.385000 23.270000 -53.575001
-23.430000 23.270000 -50.439999
-23.430000 23.270000 -53.560001
-23.425606 23.280607 -53.560001
-23.425606 23.280607 -50.439999
-23.425606 23.280607 -50.439999
-23.425606 23.280607 -53.560001
-23.414999 23.285000 -53.560001
-23.414999 23.285000 -50.439999
-23.385000 23.230000 -50.424999
-23.385000 23.270000 -50.424999
-23.374393 23.270000 -50.429394
-23.374393 23.230000 -50.429394
-23.374393 23.230000 -50.429394
-23.374393 23.270000 -50.429394
-23.369999 23.270000 -50.439999
-23.369999 23.230000 -50.439999
-23.430000 23.230000 -50.439999
-23.430000 23.270000 -50.439999
-23.425606 23.270000 -50.429394
-23.425606 23.230000 -50.429394
-23.425606 23.230000 -50.429394
-23.425606 23.270000 -50.429394
-23.414999 23.270000 -50.424999
-23.414999 23.230000 -50.424999
-23.369999 23.230000 -53.560001
-23.369999 23.270000 -53.560001
-23.374393 23.270000 -53.570606
-23.374393 23.230000 -53.570606
-23.374393 23.230000 -53.570606
-23.374393 23.270000 -53.570606
-23.385000 23.270000 -53.575001
-23.385000 23.230000 -53.575001
-23.414999 23.230000 -53.575001
-23.414999 23.270000 -53.575001
-23.425606 23.270000 -53.570606
-23.425606 23.230000 -53.570606
-23.425606 23.230000 -53.570606
-23.425606 23.270000 -53.570606
-23.430000 23.270000 -53.560001
-23.430000 23.230000 -53.560001
-23.369999 23.230000 -50.439999
-23.369999 23.270000 -50.439999
-23.369999 23.270000 -53.560001
-23.369999 23.230000 -53.560001
-23.385000 23.230000 -67.425003
-23.414999 23.230000 -67.425003
-23.414999 23.270000 -67.425003
-23.385000 23.270000 -67.425003
-23.385000 23.230000 -70.574997
-23.385000 23.270000 -70.574997
-23.414999 23.270000 -70.574997
-23.414999 23.230000 -70.574997
-23.385000 23.285000 -67.440002
-23.414999 23.285000 -67.440002
-23.414999 23.285000 -70.559998
-23.385000 23.285000 -70.559998
-23.430000 23.230000 -67.440002
-23.430000 23.230000 -70.559998
-23.430000 23.270000 -70.559998
-23.430000 23.270000 -67.440002
-23.385000 23.215000 -67.440002
-23.385000 23.215000 -70.559998
-23.414999 23.215000 -70.559998
-23.414999 23.215000 -67.440002
-23.369999 23.230000 -67.440002
-23.374393 23.219393 -67.440002
-23.376339 23.221340 -67.431343
-23.374393 23.230000 -67.429390
-23.385000 23.215000 -67.440002
-23.385000 23.219393 -67.429390
-23.376339 23.221340 -67.431343
-23.374393 23.219393 -67.440002
-23.385000 23.230000 -67.425003
-23.374393 23.230000 -67.429390
-23.376339 23.221340 -67.431343
-23.385000 23.219393 -67.429390
-23.385000 23.270000 -67.425003
-23.385000 23.280607 -67.429390
-23.376339 23.278660 -67.431343
-23.374393 23.270000 -67.429390
-23.385000 23.285000 -67.440002
-23.374393 23.280607 -67.440002
-23.376339 23.278660 -67.431343
-23.385000 23.280607 -67.429390
-23.369999 23.270000 -67.440002
-23.374393 23.270000 -67.429390
-23.376339 23.278660 -67.431343
-23.374393 23.280607 -67.440002
-23.369999 23.230000 -70.559998
-23.374393 23.230000 -70.570610
-23.376339 23.221340 -70.568657
-23.374393 23.219393 -70.559998
-23.385000 23.230000 -70.574997
-23.385000 23.219393 -70.570610
-23.376339 23.221340 -70.568657
-23.374393 23.230000 -70.570610
-23.385000 23.215000 -70.559998
-23.374393 23.219393 -70.559998
-23.376339 23.221340 -70.568657
-23.385000 23.219393 -70.570610
-23.369999 23.270000 -70.559998
-23.374393 23.280607 -70.559998
-23.376339 23.278660 -70.568657
-23.374393 23.270000 -70.570610
-23.385000 23.285000 -70.559998
-23.385000 23.280607 -70.570610
-23.376339 23.278660 -70.568657
-23.374393 23.280607 -70.559998
-23.385000 23.270000 -70.574997
-23.374393 23.270000 -70.570610
-23.376339 23.278660 -70.568657
-23.385000 23.280607 -70.570610
-23.414999 23.230000 -67.425003
-23.414999 23.219393 -67.429390
-23.423660 23.221340 -67.431343
-23.425606 23.230000 -67.429390
-23.414999 23.215000 -67.440002
-23.425606 23.219393 -67.440002
-23.423660 23.221340 -67.431343
-23.414999 23.219393 -67.429390
-23.430000 23.230000 -67.440002
-23.425606 23.230000 -67.429390
-23.423660 23.221340 -67.431343
-23.425606 23.219393 -67.440002
-23.414999 23.270000 -67.425003
-23.425606 23.270000 -67.429390
-23.423660 23.278660 -67.431343
-23.414999 23.280607 -67.429390
-23.430000 23.270000 -67.440002
-23.425606 23.280607 -67.440002
-23.423660 23.278660 -67.431343
-23.425606 23.270000 -67.429390
-23.414999 23.285000 -67.440002
-23.414999 23.280607 -67.429390
-23.423660 23.278660 -67.431343
-23.425606 23.280607 -67.440002
-23.430000 23.230000 -70.559998
-23.425606 23.219393 -70.559998
-23.423660 23.221340 -70.568657
-23.425606 23.230000 -70.570610
-23.414999 23.215000 -70.559998
-23.414999 23.219393 -70.570610
-23.423660 23.221340 -70.568657
-23.425606 23.219393 -70.559998
-23.414999 23.230000 -70.574997
-23.425606 23.230000 -70.570610
-23.423660 23.221340 -70.568657
-23.414999 23.219393 -70.570610
-23.414999 23.270000 -70.574997
-23.414999 23.280607 -70.570610
-23.423660 23.278660 -70.568657
-23.425606 23.270000 -70.570610
-23.414999 23.285000 -70.559998
-23.425606 23.280607 -70.559998
-23.423660 23.278660 -70.568657
-23.414999 23.280607 -70.570610
-23.430000 23.270000 -70.559998
-23.425606 23.270000 -70.570610
-23.423660 23.278660 -70.568657
-23.425606 23.280607 -70.559998
-23.369999 23.230000 -67.440002
-23.369999 23.230000 -70.559998
-23.374393 23.219393 -70.559998
-23.374393 23.219393 -67.440002
-23.374393 23.219393 -67.440002
-23.374393 23.219393 -70.559998
-23.385000 23.215000 -70.559998
-23.385000 23.215000 -67.440002
-23.385000 23.215000 -67.440002
-23.414999 23.215000 -67.440002
-23.414999 23.219393 -67.429390
-23.385000 23.219393 -67.429390
-23.385000 23.219393 -67.429390
-23.414999 23.219393 -67.429390
-23.414999 23.230000 -67.425003
-23.385000 23.230000 -67.425003
-23.414999 23.215000 -67.440002
-23.414999 23.215000 -70.559998
-23.425606 23.219393 -70.559998
-23.425606 23.219393 -67.440002
-23.425606 23.219393 -67.440002
-23.425606 23.219393 -70.559998
-23.430000 23.230000 -70.559998
-23.430000 23.230000 -67.440002
-23.385000 23.230000 -70.574997
-23.414999 23.230000 -70.574997
-23.414999 23.219393 -70.570610
-23.385000 23.219393 -70.570610
-23.385000 23.219393 -70.570610
-23.414999 23.219393 -70.570610
-23.414999 23.215000 -70.559998
-23.385000 23.215000 -70.559998
-23.385000 23.270000 -67.425003
-23.414999 23.270000 -67.425003
-23.414999 23.280607 -67.429390
-23.385000 23.280607 -67.429390
-23.385000 23.280607 -67.429390
-23.414999 23.285000 -67.440002
-23.385000 23.285000 -67.440002
-23.385000 23.285000 -67.440002
-23.385000 23.285000 -70.559998
-23.374393 23.280607 -70.559998
-23.374393 23.280607 -67.440002
-23.374393 23.280607 -67.440002
-23.374393 23.280607 -70.559998
-23.369999 23.270000 -70.559998
-23.369999 23.270000 -67.440002
-23.385000 23.285000 -70.559998
-23.414999 23.285000 -70.559998
-23.414999 23.280607 -70.570610
-23.385000 23.280607 -70.570610
-23.385000 23.280607 -70.570610
-23.414999 23.280607 -70.570610
-23.414999 23.270000 -70.574997
-23.385000 23.270000 -70.574997
-23.430000 23.270000 -67.440002
-23.430000 23.270000 -70.559998
-23.425606 23.280607 -70.559998
-23.425606 23.280607 -67.440002
-23.425606 23.280607 -67.440002
-23.425606 23.280607 -70.559998
-23.414999 23.285000 -70.559998
-23.414999 23.285000 -67.440002
-23.385000 23.230000 -67.425003
-23.385000 23.270000 -67.425003
-23.374393 23.270000 -67.429390
-23.374393 23.230000 -67.429390
-23.374393 23.230000 -67.429390
-23.374393 23.270000 -67.429390
-23.369999 23.270000 -67.440002
-23.369999 23.230000 -67.440002
-23.430000 23.230000 -67.440002
-23.430000 23.270000 -67.440002
-23.425606 23.270000 -67.429390
-23.425606 23.230000 -67.429390
-23.425606 23.230000 -67.429390
-23.425606 23.270000 -67.429390
-23.414999 23.270000 -67.425003
-23.414999 23.230000 -67.425003
-23.369999 23.230000 -70.559998
-23.369999 23.270000 -70.559998
-23.374393 23.270000 -70.570610
-23.374393 23.230000 -70.570610
-23.374393 23.230000 -70.570610
-23.374393 23.270000 -70.570610
-23.385000 23.270000 -70.574997
-23.385000 23.230000 -70.574997
-23.414999 23.230000 -70.574997
-23.414999 23.270000 -70.574997
-23.425606 23.270000 -70.570610
-23.425606 23.230000 -70.570610
-23.425606 23.230000 -70.570610
-23.425606 23.270000 -70.570610
-23.430000 23.270000 -70.559998
-23.430000 23.230000 -70.559998
-23.369999 23.230000 -67.440002
-23.369999 23.270000 -67.440002
-23.369999 23.270000 -70.559998
-23.369999 23.230000 -70.559998
-38.584999 23.230000 -45.424999
-38.614998 23.230000 -45.424999
-38.614998 23.270000 -45.424999
-38.584999 23.270000 -45.424999
-38.584999 23.230000 -48.575001
-38.584999 23.270000 -48.575001
-38.614998 23.270000 -48.575001
-38.614998 23.230000 -48.575001
-38.584999 23.285000 -45.439999
-38.614998 23.285000 -45.439999
-38.614998 23.285000 -48.560001
-38.584999 23.285000 -48.560001
-38.629997 23.230000 -45.439999
-38.629997 23.230000 -48.560001
-38.629997 23.270000 -48.560001
-38.629997 23.270000 -45.439999
-38.584999 23.215000 -45.439999
-38.584999 23.215000 -48.560001
-38.614998 23.215000 -48.560001
-38.614998 23.215000 -45.439999
-38.570000 23.230000 -45.439999
-38.574390 23.219393 -45.439999
-38.576340 23.221340 -45.431339
-38.574390 23.230000 -45.429394
-38.584999 23.215000 -45.439999
-38.584999 23.219393 -45.429394
-38.576340 23.221340 -45.431339
-38.574390 23.219393 -45.439999
-38.584999 23.230000 -45.424999
-38.574390 23.230000 -45.429394
-38.576340 23.221340 -45.431339
-38.584999 23.219393 -45.429394
-38.584999 23.270000 -45.424999
-38.584999 23.280607 -45.429394
-38.576340 23.278660 -45.431339
-38.574390 23.270000 -45.429394
-38.584999 23.285000 -45.439999
-38.574390 23.280607 -45.439999
-38.576340 23.278660 -45.431339
-38.584999 23.280607 -45.429394
-38.570000 23.270000 -45.439999
-38.574390 23.270000 -45.429394
-38.576340 23.278660 -45.431339
-38.574390 23.280607 -45.439999
-38.570000 23.230000 -48.560001
-38.574390 23.230000 -48.570606
-38.576340 23.221340 -48.568661
-38.574390 23.219393 -48.560001
-38.584999 23.230000 -48.575001
-38.584999 23.219393 -48.570606
-38.576340 23.221340 -48.568661
-38.574390 23.230000 -48.570606
-38.584999 23.215000 -48.560001
-38.574390 23.219393 -48.560001
-38.576340 23.221340 -48.568661
-38.584999 23.219393 -48.570606
-38.570000 23.270000 -48.560001
-38.574390 23.280607 -48.560001
-38.576340 23.278660 -48.568661
-38.574390 23.270000 -48.570606
-38.584999 23.285000 -48.560001
-38.584999 23.280607 -48.570606
-38.576340 23.278660 -48.568661
-38.574390 23.280607 -48.560001
-38.584999 23.270000 -48.575001
-38.574390 23.270000 -48.570606
-38.576340 23.278660 -48.568661
-38.584999 23.280607 -48.570606
-38.614998 23.230000 -45.424999
-38.614998 23.219393 -45.429394
-38.623657 23.221340 -45.431339
-38.625607 23.230000 -45.429394
-38.614998 23.215000 -45.439999
-38.625607 23.219393 -45.439999
-38.623657 23.221340 -45.431339
-38.614998 23.219393 -45.429394
-38.629997 23.230000 -45.439999
-38.625607 23.230000 -45.429394
-38.623657 23.221340 -45.431339
-38.625607 23.219393 -45.439999
-38.614998 23.270000 -45.424999
-38.625607 23.270000 -45.429394
-38.623657 23.278660 -45.431339
-38.614998 23.280607 -45.429394
-38.629997 23.270000 -45.439999
-38.625607 23.280607 -45.439999
-38.623657 23.278660 -45.431339
-38.625607 23.270000 -45.429394
-38.614998 23.285000 -45.439999
-38.614998 23.280607 -45.429394
-38.623657 23.278660 -45.431339
-38.625607 23.280607 -45.439999
-38.629997 23.230000 -48.560001
-38.625607 23.219393 -48.560001
-38.623657 23.221340 -48.568661
-38.625607 23.230000 -48.570606
-38.614998 23.215000 -48.560001
-38.614998 23.219393 -48.570606
-38.623657 23.221340 -48.568661
-38.625607 23.219393 -48.560001
-38.614998 23.230000 -48.575001
-38.625607 23.230000 -48.570606
-38.623657 23.221340 -48.568661
-38.614998 23.219393 -48.570606
-38.614998 23.270000 -48.575001
-38.614998 23.280607 -48.570606
-38.623657 23.278660 -48.568661
-38.625607 23.270000 -48.570606
-38.614998 23.285000 -48.560001
-38.625607 23.280607 -48.560001
-38.623657 23.278660 -48.568661
-38.614998 23.280607 -48.570606
-38.629997 23.270000 -48.560001
-38.625607 23.270000 -48.570606
-38.623657 23.278660 -48.568661
-38.625607 23.280607 -48.560001
-38.570000 23.230000 -45.439999
-38.570000 23.230000 -48.560001
-38.574390 23.219393 -48.560001
-38.574390 23.219393 -45.439999
-38.574390 23.219393 -45.439999
-38.574390 23.219393 -48.560001
-38.584999 23.215000 -48.560001
-38.584999 23.215000 -45.439999
-38.584999 23.215000 -45.439999
-38.614998 23.215000 -45.439999
-38.614998 23.219393 -45.429394
-38.584999 23.219393 -45.429394
-38.584999 23.219393 -45.429394
-38.614998 23.219393 -45.429394
-38.614998 23.230000 -45.424999
-38.584999 23.230000 -45.424999
-38.614998 23.215000 -45.439999
-38.614998 23.215000 -48.560001
-38.625607 23.219393 -48.560001
-38.625607 23.219393 -45.439999
-38.625607 23.219393 -45.439999
-38.625607 23.219393 -48.560001
-38.629997 23.230000 -48.560001
-38.629997 23.230000 -45.439999
-38.584999 23.230000 -48.575001
-38.614998 23.230000 -48.575001
-38.614998 23.219393 -48.570606
-38.584999 23.219393 -48.570606
-38.584999 23.219393 -48.570606
-38.614998 23.219393 -48.570606
-38.614998 23.215000 -48.560001
-38.584999 23.215000 -48.560001
-38.584999 23.270000 -45.424999
-38.614998 23.270000 -45.424999
-38.614998 23.280607 -45.429394
-38.584999 23.280607 -45.429394
-38.584999 23.280607 -45.429394
-38.614998 23.285000 -45.439999
-38.584999 23.285000 -45.439999
-38.584999 23.285000 -45.439999
-38.584999 23.285000 -48.560001
-38.574390 23.280607 -48.560001
-38.574390 23.280607 -45.439999
-38.574390 23.280607 -45.439999
-38.574390 23.280607 -48.560001
-38.570000 23.270000 -48.560001
-38.570000 23.270000 -45.439999
-38.584999 23.285000 -48.560001
-38.614998 23.285000 -48.560001
-38.614998 23.280607 -48.570606
-38.584999 23.280607 -48.570606
-38.584999 23.280607 -48.570606
-38.614998 23.280607 -48.570606
-38.614998 23.270000 -48.575001
-38.584999 23.270000 -48.575001
-38.629997 23.270000 -45.439999
-38.629997 23.270000 -48.560001
-38.625607 23.280607 -48.560001
-38.625607 23.280607 -45.439999
-38.625607 23.280607 -45.439999
-38.625607 23.280607 -48.560001
-38.614998 23.285000 -48.560001
-38.614998 23.285000 -45.439999
-38.584999 23.230000 -45.424999
-38.584999 23.270000 -45.424999
-38.574390 23.270000 -45.429394
-38.574390 23.230000 -45.429394
-38.574390 23.230000 -45.429394
-38.574390 23.270000 -45.429394
-38.570000 23.270000 -45.439999
-38.570000 23.230000 -45.439999
-38.629997 23.230000 -45.439999
-38.629997 23.270000 -45.439999
-38.625607 23.270000 -45.429394
-38.625607 23.230000 -45.429394
-38.625607 23.230000 -45.429394
-38.625607 23.270000 -45.429394
-38.614998 23.270000 -45.424999
-38.614998 23.230000 -45.424999
-38.570000 23.230000 -48.560001
-38.570000 23.270000 -48.560001
-38.574390 23.270000 -48.570606
-38.574390 23.230000 -48.570606
-38.574390 23.230000 -48.570606
-38.574390 23.270000 -48.570606
-38.584999 23.270000 -48.575001
-38.584999 23.230000 -48.575001
-38.614998 23.230000 -48.575001
-38.614998 23.270000 -48.575001
-38.625607 23.270000 -48.570606
-38.625607 23.230000 -48.570606
-38.625607 23.230000 -48.570606
-38.625607 23.270000 -48.570606
-38.629997 23.270000 -48.560001
-38.629997 23.230000 -48.560001
-38.570000 23.230000 -45.439999
-38.570000 23.270000 -45.439999
-38.570000 23.270000 -48.560001
-38.570000 23.230000 -48.560001
-38.584999 23.230000 -50.424999
-38.614998 23.230000 -50.424999
-38.614998 23.270000 -50.424999
-38.584999 23.270000 -50.424999
-38.584999 23.230000 -53.575001
-38.584999 23.270000 -53.575001
-38.614998 23.270000 -53.575001
-38.614998 23.230000 -53.575001
-38.584999 23.285000 -50.439999
-38.614998 23.285000 -50.439999
-38.614998 23.285000 -53.560001
-38.584999 23.285000 -53.560001
-38.629997 23.230000 -50.439999
-38.629997 23.230000 -53.560001
-38.629997 23.270000 -53.560001
-38.629997 23.270000 -50.439999
-38.584999 23.215000 -50.439999
-38.584999 23.215000 -53.560001
-38.614998 23.215000 -53.560001
-38.614998 23.215000 -50.439999
-38.570000 23.230000 -50.439999
-38.574390 23.219393 -50.439999
-38.576340 23.221340 -50.431339
-38.574390 23.230000 -50.429394
-38.584999 23.215000 -50.439999
-38.584999 23.219393 -50.429394
-38.576340 23.221340 -50.431339
-38.574390 23.219393 -50.439999
-38.584999 23.230000 -50.424999
-38.574390 23.230000 -50.429394
-38.576340 23.221340 -50.431339
-38.584999 23.219393 -50.429394
-38.584999 23.270000 -50.424999
-38.584999 23.280607 -50.429394
-38.576340 23.278660 -50.431339
-38.574390 23.270000 -50.429394
-38.584999 23.285000 -50.439999
-38.574390 23.280607 -50.439999
-38.576340 23.278660 -50.431339
-38.584999 23.280607 -50.429394
-38.570000 23.270000 -50.439999
-38.574390 23.270000 -50.429394
-38.576340 23.278660 -50.431339
-38.574390 23.280607 -50.439999
-38.570000 23.230000 -53.560001
-38.574390 23.230000 -53.570606
-38.576340 23.221340 -53.568661
-38.574390 23.219393 -53.560001
-38.584999 23.230000 -53.575001
-38.584999 23.219393 -53.570606
-38.576340 23.221340 -53.568661
-38.574390 23.230000 -53.570606
-38.584999 23.215000 -53.560001
-38.574390 23.219393 -53.560001
-38.576340 23.221340 -53.568661
-38.584999 23.219393 -53.570606
-38.570000 23.270000 -53.560001
-38.574390 23.280607 -53.560001
-38.576340 23.278660 -53.568661
-38.574390 23.270000 -53.570606
-38.584999 23.285000 -53.560001
-38.584999 23.280607 -53.570606
-38.576340 23.278660 -53.568661
-38.574390 23.280607 -53.560001
-38.584999 23.270000 -53.575001
-38.574390 23.270000 -53.570606
-38.576340 23.278660 -53.568661
-38.584999 23.280607 -53.570606
-38.614998 23.230000 -50.424999
-38.614998 23.219393 -50.429394
-38.623657 23.221340 -50.431339
-38.625607 23.230000 -50.429394
-38.614998 23.215000 -50.439999
-38.625607 23.219393 -50.439999
-38.623657 23.221340 -50.431339
-38.614998 23.219393 -50.429394
-38.629997 23.230000 -50.439999
-38.625607 23.230000 -50.429394
-38.623657 23.221340 -50.431339
-38.625607 23.219393 -50.439999
-38.614998 23.270000 -50.424999
-38.625607 23.270000 -50.429394
-38.623657 23.278660 -50.431339
-38.614998 23.280607 -50.429394
-38.629997 23.270000 -50.439999
-38.625607 23.280607 -50.439999
-38.623657 23.278660 -50.431339
-38.625607 23.270000 -50.429394
-38.614998 23.285000 -50.439999
-38.614998 23.280607 -50.429394
-38.623657 23.278660 -50.431339
-38.625607 23.280607 -50.439999
-38.629997 23.230000 -53.560001
-38.625607 23.219393 -53.560001
-38.623657 23.221340 -53.568661
-38.625607 23.230000 -53.570606
-38.614998 23.215000 -53.560001
-38.614998 23.219393 -53.570606
-38.623657 23.221340 -53.568661
-38.625607 23.219393 -53.560001
-38.614998 23.230000 -53.575001
-38.625607 23.230000 -53.570606
-38.623657 23.221340 -53.568661
-38.614998 23.219393 -53.570606
-38.614998 23.270000 -53.575001
-38.614998 23.280607 -53.570606
-38.623657 23.278660 -53.568661
-38.625607 23.270000 -53.570606
-38.614998 23.285000 -53.560001
-38.625607 23.280607 -53.560001
-38.623657 23.278660 -53.568661
-38.614998 23.280607 -53.570606
-38.629997 23.270000 -53.560001
-38.625607 23.270000 -53.570606
-38.623657 23.278660 -53.568661
-38.625607 23.280607 -53.560001
-38.570000 23.230000 -50.439999
-38.570000 23.230000 -53.560001
-38.574390 23.219393 -53.560001
-38.574390 23.219393 -50.439999
-38.574390 23.219393 -50.439999
-38.574390 23.219393 -53.560001
-38.584999 23.215000 -53.560001
-38.584999 23.215000 -50.439999
-38.584999 23.215000 -50.439999
-38.614998 23.215000 -50.439999
-38.614998 23.219393 -50.429394
-38.584999 23.219393 -50.429394
-38.584999 23.219393 -50.429394
-38.614998 23.219393 -50.429394
-38.614998 23.230000 -50.424999
-38.584999 23.230000 -50.424999
-38.614998 23.215000 -50.439999
-38.614998 23.215000 -53.560001
-38.625607 23.219393 -53.560001
-38.625607 23.219393 -50.439999
-38.625607 23.219393 -50.439999
-38.625607 23.219393 -53.560001
-38.629997 23.230000 -53.560001
-38.629997 23.230000 -50.439999
-38.584999 23.230000 -53.575001
-38.614998 23.230000 -53.575001
-38.614998 23.219393 -53.570606
-38.584999 23.219393 -53.570606
-38.584999 23.219393 -53.570606
-38.614998 23.219393 -53.570606
-38.614998 23.215000 -53.560001
-38.584999 23.215000 -53.560001
-38.584999 23.270000 -50.424999
-38.614998 23.270000 -50.424999
-38.614998 23.280607 -50.429394
-38.584999 23.280607 -50.429394
-38.584999 23.280607 -50.429394
-38.614998 23.285000 -50.439999
-38.584999 23.285000 -50.439999
-38.584999 23.285000 -50.439999
-38.584999 23.285000 -53.560001
-38.574390 23.280607 -53.560001
-38.574390 23.280607 -50.439999
-38.574390 23.280607 -50.439999
-38.574390 23.280607 -53.560001
-38.570000 23.270000 -53.560001
-38.570000 23.270000 -50.439999
-38.584999 23.285000 -53.560001
-38.614998 23.285000 -53.560001
-38.614998 23.280607 -53.570606
-38.584999 23.280607 -53.570606
-38.584999 23.280607 -53.570606
-38.614998 23.280607 -53.570606
-38.614998 23.270000 -53.575001
-38.584999 23.270000 -53.575001
-38.629997 23.270000 -50.439999
-38.629997 23.270000 -53.560001
-38.625607 23.280607 -53.560001
-38.625607 23.280607 -50.439999
-38.625607 23.280607 -50.439999
-38.625607 23.280607 -53.560001
-38.614998 23.285000 -53.560001
-38.614998 23.285000 -50.439999
-38.584999 23.230000 -50.424999
-38.584999 23.270000 -50.424999
-38.574390 23.270000 -50.429394
-38.574390 23.230000 -50.429394
-38.574390 23.230000 -50.429394
-38.574390 23.270000 -50.429394
-38.570000 23.270000 -50.439999
-38.570000 23.230000 -50.439999
-38.629997 23.230000 -50.439999
-38.629997 23.270000 -50.439999
-38.625607 23.270000 -50.429394
-38.625607 23.230000 -50.429394
-38.625607 23.230000 -50.429394
-38.625607 23.270000 -50.429394
-38.614998 23.270000 -50.424999
-38.614998 23.230000 -50.424999
-38.570000 23.230000 -53.560001
-38.570000 23.270000 -53.560001
-38.574390 23.270000 -53.570606
-38.574390 23.230000 -53.570606
-38.574390 23.230000 -53.570606
-38.574390 23.270000 -53.570606
-38.584999 23.270000 -53.575001
-38.584999 23.230000 -53.575001
-38.614998 23.230000 -53.575001
-38.614998 23.270000 -53.575001
-38.625607 23.270000 -53.570606
-38.625607 23.230000 -53.570606
-38.625607 23.230000 -53.570606
-38.625607 23.270000 -53.570606
-38.629997 23.270000 -53.560001
-38.629997 23.230000 -53.560001
-38.570000 23.230000 -50.439999
-38.570000 23.270000 -50.439999
-38.570000 23.270000 -53.560001
-38.570000 23.230000 -53.560001
-38.584999 23.230000 -67.425003
-38.614998 23.230000 -67.425003
-38.614998 23.270000 -67.425003
-38.584999 23.270000 -67.425003
-38.584999 23.230000 -70.574997
-38.584999 23.270000 -70.574997
-38.614998 23.270000 -70.574997
-38.614998 23.230000 -70.574997
-38.584999 23.285000 -67.440002
-38.614998 23.285000 -67.440002
-38.614998 23.285000 -70.559998
-38.584999 23.285000 -70.559998
-38.629997 23.230000 -67.440002
-38.629997 23.230000 -70.559998
-38.629997 23.270000 -70.559998
-38.629997 23.270000 -67.440002
-38.584999 23.215000 -67.440002
-38.584999 23.215000 -70.559998
-38.614998 23.215000 -70.559998
-38.614998 23.215000 -67.440002
-38.570000 23.230000 -67.440002
-38.574390 23.219393 -67.440002
-38.576340 23.221340 -67.431343
-38.574390 23.230000 -67.429390
-38.584999 23.215000 -67.440002
-38.584999 23.219393 -67.429390
-38.576340 23.221340 -67.431343
-38.574390 23.219393 -67.440002
-38.584999 23.230000 -67.425003
-38.574390 23.230000 -67.429390
-38.576340 23.221340 -67.431343
-38.584999 23.219393 -67.429390
-38.584999 23.270000 -67.425003
-38.584999 23.280607 -67.429390
-38.576340 23.278660 -67.431343
-38.574390 23.270000 -67.429390
-38.584999 23.285000 -67.440002
-38.574390 23.280607 -67.440002
-38.576340 23.278660 -67.431343
-38.584999 23.280607 -67.429390
-38.570000 23.270000 -67.440002
-38.574390 23.270000 -67.429390
-38.576340 23.278660 -67.431343
-38.574390 23.280607 -67.440002
-38.570000 23.230000 -70.559998
-38.574390 23.230000 -70.570610
-38.576340 23.221340 -70.568657
-38.574390 23.219393 -70.559998
-38.584999 23.230000 -70.574997
-38.584999 23.219393 -70.570610
-38.576340 23.221340 -70.568657
-38.574390 23.230000 -70.570610
-38.584999 23.215000 -70.559998
-38.574390 23.219393 -70.559998
-38.576340 23.221340 -70.568657
-38.584999 23.219393 -70.570610
-38.570000 23.270000 -70.559998
-38.574390 23.280607 -70.559998
-38.576340 23.278660 -70.568657
-38.574390 23.270000 -70.570610
-38.584999 23.285000 -70.559998
-38.584999 23.280607 -70.570610
-38.576340 23.278660 -70.568657
-38.574390 23.280607 -70.559998
-38.584999 23.270000 -70.574997
-38.574390 23.270000 -70.570610
-38.576340 23.278660 -70.568657
-38.584999 23.280607 -70.570610
-38.614998 23.230000 -67.425003
-38.614998 23.219393 -67.429390
-38.623657 23.221340 -67.431343
-38.625607 23.230000 -67.429390
-38.614998 23.215000 -67.440002
-38.625607 23.219393 -67.440002
-38.623657 23.221340 -67.431343
-38.614998 23.219393 -67.429390
-38.629997 23.230000 -67.440002
-38.625607 23.230000 -67.429390
-38.623657 23.221340 -67.431343
-38.625607 23.219393 -67.440002
-38.614998 23.270000 -67.425003
-38.625607 23.270000 -67.429390
-38.623657 23.278660 -67.431343
-38.614998 23.280607 -67.429390
-38.629997 23.270000 -67.440002
-38.625607 23.280607 -67.440002
-38.623657 23.278660 -67.431343
-38.625607 23.270000 -67.429390
-38.614998 23.285000 -67.440002
-38.614998 23.280607 -67.429390
-38.623657 23.278660 -67.431343
-38.625607 23.280607 -67.440002
-38.629997 23.230000 -70.559998
-38.625607 23.219393 -70.559998
-38.623657 23.221340 -70.568657
-38.625607 23.230000 -70.570610
-38.614998 23.215000 -70.559998
-38.614998 23.219393 -70.570610
-38.623657 23.221340 -70.568657
-38.625607 23.219393 -70.559998
-38.614998 23.230000 -70.574997
-38.625607 23.230000 -70.570610
-38.623657 23.221340 -70.568657
-38.614998 23.219393 -70.570610
-38.614998 23.270000 -70.574997
-38.614998 23.280607 -70.570610
-38.623657 23.278660 -70.568657
-38.625607 23.270000 -70.570610
-38.614998 23.285000 -70.559998
-38.625607 23.280607 -70.559998
-38.623657 23.278660 -70.568657
-38.614998 23.280607 -70.570610
-38.629997 23.270000 -70.559998
-38.625607 23.270000 -70.570610
-38.623657 23.278660 -70.568657
-38.625607 23.280607 -70.559998
-38.570000 23.230000 -67.440002
-38.570000 23.230000 -70.559998
-38.574390 23.219393 -70.559998
-38.574390 23.219393 -67.440002
-38.574390 23.219393 -67.440002
-38.574390 23.219393 -70.559998
-38.584999 23.215000 -70.559998
-38.584999 23.215000 -67.440002
-38.584999 23.215000 -67.440002
-38.614998 23.215000 -67.440002
-38.614998 23.219393 -67.429390
-38.584999 23.219393 -67.429390
-38.584999 23.219393 -67.429390
-38.614998 23.219393 -67.429390
-38.614998 23.230000 -67.425003
-38.584999 23.230000 -67.425003
-38.614998 23.215000 -67.440002
-38.614998 23.215000 -70.559998
-38.625607 23.219393 -70.559998
-38.625607 23.219393 -67.440002
-38.625607 23.219393 -67.440002
-38.625607 23.219393 -70.559998
-38.629997 23.230000 -70.559998
-38.629997 23.230000 -67.440002
-38.584999 23.230000 -70.574997
-38.614998 23.230000 -70.574997
-38.614998 23.219393 -70.570610
-38.584999 23.219393 -70.570610
-38.584999 23.219393 -70.570610
-38.614998 23.219393 -70.570610
-38.614998 23.215000 -70.559998
-38.584999 23.215000 -70.559998
-38.584999 23.270000 -67.425003
-38.614998 23.270000 -67.425003
-38.614998 23.280607 -67.429390
-38.584999 23.280607 -67.429390
-38.584999 23.280607 -67.429390
-38.614998 23.285000 -67.440002
-38.584999 23.285000 -67.440002
-38.584999 23.285000 -67.440002
-38.584999 23.285000 -70.559998
-38.574390 23.280607 -70.559998
-38.574390 23.280607 -67.440002
-38.574390 23.280607 -67.440002
-38.574390 23.280607 -70.559998
-38.570000 23.270000 -70.559998
-38.570000 23.270000 -67.440002
-38.584999 23.285000 -70.559998
-38.614998 23.285000 -70.559998
-38.614998 23.280607 -70.570610
-38.584999 23.280607 -70.570610
-38.584999 23.280607 -70.570610
-38.614998 23.280607 -70.570610
-38.614998 23.270000 -70.574997
-38.584999 23.270000 -70.574997
-38.629997 23.270000 -67.440002
-38.629997 23.270000 -70.559998
-38.625607 23.280607 -70.559998
-38.625607 23.280607 -67.440002
-38.625607 23.280607 -67.440002
-38.625607 23.280607 -70.559998
-38.614998 23.285000 -70.559998
-38.614998 23.285000 -67.440002
-38.584999 23.230000 -67.425003
-38.584999 23.270000 -67.425003
-38.574390 23.270000 -67.429390
-38.574390 23.230000 -67.429390
-38.574390 23.230000 -67.429390
-38.574390 23.270000 -67.429390
-38.570000 23.270000 -67.440002
-38.570000 23.230000 -67.440002
-38.629997 23.230000 -67.440002
-38.629997 23.270000 -67.440002
-38.625607 23.270000 -67.429390
-38.625607 23.230000 -67.429390
-38.625607 23.230000 -67.429390
-38.625607 23.270000 -67.429390
-38.614998 23.270000 -67.425003
-38.614998 23.230000 -67.425003
-38.570000 23.230000 -70.559998
-38.570000 23.270000 -70.559998
-38.574390 23.270000 -70.570610
-38.574390 23.230000 -70.570610
-38.574390 23.230000 -70.570610
-38.574390 23.270000 -70.570610
-38.584999 23.270000 -70.574997
-38.584999 23.230000 -70.574997
-38.614998 23.230000 -70.574997
-38.614998 23.270000 -70.574997
-38.625607 23.270000 -70.570610
-38.625607 23.230000 -70.570610
-38.625607 23.230000 -70.570610
-38.625607 23.270000 -70.570610
-38.629997 23.270000 -70.559998
-38.629997 23.230000 -70.559998
-38.570000 23.230000 -67.440002
-38.570000 23.270000 -67.440002
-38.570000 23.270000 -70.559998
-38.570000 23.230000 -70.559998
-29.275000 24.075001 -42.400002
-32.724998 24.075001 -42.400002
-32.724998 24.125000 -42.400002
-29.275000 24.125000 -42.400002
-29.275000 24.075001 -42.500000
-29.275000 24.125000 -42.500000
-32.724998 24.125000 -42.500000
-32.724998 24.075001 -42.500000
-29.275000 24.150001 -42.424999
-32.724998 24.150001 -42.424999
-32.724998 24.150001 -42.475002
-29.275000 24.150001 -42.475002
-32.750000 24.075001 -42.424999
-32.750000 24.075001 -42.475002
-32.750000 24.125000 -42.475002
-32.750000 24.125000 -42.424999
-29.275000 24.050000 -42.424999
-29.275000 24.050000 -42.475002
-32.724998 24.050000 -42.475002
-32.724998 24.050000 -42.424999
-29.250000 24.075001 -42.424999
-29.257322 24.057323 -42.424999
-29.260567 24.060567 -42.410568
-29.257322 24.075001 -42.407322
-29.275000 24.050000 -42.424999
-29.275000 24.057323 -42.407322
-29.260567 24.060567 -42.410568
-29.257322 24.057323 -42.424999
-29.275000 24.075001 -42.400002
-29.257322 24.075001 -42.407322
-29.260567 24.060567 -42.410568
-29.275000 24.057323 -42.407322
-29.275000 24.125000 -42.400002
-29.275000 24.142678 -42.407322
-29.260567 24.139434 -42.410568
-29.257322 24.125000 -42.407322
-29.275000 24.150001 -42.424999
-29.257322 24.142678 -42.424999
-29.260567 24.139434 -42.410568
-29.275000 24.142678 -42.407322
-29.250000 24.125000 -42.424999
-29.257322 24.125000 -42.407322
-29.260567 24.139434 -42.410568
-29.257322 24.142678 -42.424999
-29.250000 24.075001 -42.475002
-29.257322 24.075001 -42.492680
-29.260567 24.060567 -42.489433
-29.257322 24.057323 -42.475002
-29.275000 24.075001 -42.500000
-29.275000 24.057323 -42.492680
-29.260567 24.060567 -42.489433
-29.257322 24.075001 -42.492680
-29.275000 24.050000 -42.475002
-29.257322 24.057323 -42.475002
-29.260567 24.060567 -42.489433
-29.275000 24.057323 -42.492680
-29.250000 24.125000 -42.475002
-29.257322 24.142678 -42.475002
-29.260567 24.139434 -42.489433
-29.257322 24.125000 -42.492680
-29.275000 24.150001 -42.475002
-29.275000 24.142678 -42.492680
-29.260567 24.139434 -42.489433
-29.257322 24.142678 -42.475002
-29.275000 24.125000 -42.500000
-29.257322 24.125000 -42.492680
-29.260567 24.139434 -42.489433
-29.275000 24.142678 -42.492680
-32.724998 24.075001 -42.400002
-32.724998 24.057323 -42.407322
-32.739433 24.060567 -42.410568
-32.742676 24.075001 -42.407322
-32.724998 24.050000 -42.424999
-32.742676 24.057323 -42.424999
-32.739433 24.060567 -42.410568
-32.724998 24.057323 -42.407322
-32.750000 24.075001 -42.424999
-32.742676 24.075001 -42.407322
-32.739433 24.060567 -42.410568
-32.742676 24.057323 -42.424999
-32.724998 24.125000 -42.400002
-32.742676 24.125000 -42.407322
-32.739433 24.139434 -42.410568
-32.724998 24.142678 -42.407322
-32.750000 24.125000 -42.424999
-32.742676 24.142678 -42.424999
-32.739433 24.139434 -42.410568
-32.742676 24.125000 -42.407322
-32.724998 24.150001 -42.424999
-32.724998 24.142678 -42.407322
-32.739433 24.139434 -42.410568
-32.742676 24.142678 -42.424999
-32.750000 24.075001 -42.475002
-32.742676 24.057323 -42.475002
-32.739433 24.060567 -42.489433
-32.742676 24.075001 -42.492680
-32.724998 24.050000 -42.475002
-32.724998 24.057323 -42.492680
-32.739433 24.060567 -42.489433
-32.742676 24.057323 -42.475002
-32.724998 24.075001 -42.500000
-32.742676 24.075001 -42.492680
-32.739433 24.060567 -42.489433
-32.724998 24.057323 -42.492680
-32.724998 24.125000 -42.500000
-32.724998 24.142678 -42.492680
-32.739433 24.139434 -42.489433
-32.742676 24.125000 -42.492680
-32.724998 24.150001 -42.475002
-32.742676 24.142678 -42.475002
-32.739433 24.139434 -42.489433
-32.724998 24.142678 -42.492680
-32.750000 24.125000 -42.475002
-32.742676 24.125000 -42.492680
-32.739433 24.139434 -42.489433
-32.742676 24.142678 -42.475002
-29.250000 24.075001 -42.424999
-29.250000 24.075001 -42.475002
-29.257322 24.057323 -42.475002
-29.257322 24.057323 -42.424999
-29.257322 24.057323 -42.424999
-29.257322 24.057323 -42.475002
-29.275000 24.050000 -42.475002
-29.275000 24.050000 -42.424999
-29.275000 24.050000 -42.424999
-32.724998 24.050000 -42.424999
-32.724998 24.057323 -42.407322
-29.275000 24.057323 -42.407322
-29.275000 24.057323 -42.407322
-32.724998 24.057323 -42.407322
-32.724998 24.075001 -42.400002
-29.275000 24.075001 -42.400002
-32.724998 24.050000 -42.424999
-32.724998 24.050000 -42.475002
-32.742676 24.057323 -42.475002
-32.742676 24.057323 -42.424999
-32.742676 24.057323 -42.424999
-32.742676 24.057323 -42.475002
-32.750000 24.075001 -42.475002
-32.750000 24.075001 -42.424999
-29.275000 24.075001 -42.500000
-32.724998 24.075001 -42.500000
-32.724998 24.057323 -42.492680
-29.275000 24.057323 -42.492680
-29.275000 24.057323 -42.492680
-32.724998 24.057323 -42.492680
-32.724998 24.050000 -42.475002
-29.275000 24.050000 -42.475002
-29.275000 24.125000 -42.400002
-32.724998 24.125000 -42.400002
-32.724998 24.142678 -42.407322
-29.275000 24.142678 -42.407322
-29.275000 24.142678 -42.407322
-32.724998 24.142678 -42.407322
-32.724998 24.150001 -42.424999
-29.275000 24.150001 -42.424999
-29.275000 24.150001 -42.424999
-29.275000 24.150001 -42.475002
-29.257322 24.142678 -42.475002
-29.257322 24.142678 -42.424999
-29.257322 24.142678 -42.424999
-29.257322 24.142678 -42.475002
-29.250000 24.125000 -42.475002
-29.250000 24.125000 -42.424999
-29.275000 24.150001 -42.475002
-32.724998 24.150001 -42.475002
-32.724998 24.142678 -42.492680
-29.275000 24.142678 -42.492680
-29.275000 24.142678 -42.492680
-32.724998 24.142678 -42.492680
-32.724998 24.125000 -42.500000
-29.275000 24.125000 -42.500000
-32.750000 24.125000 -42.424999
-32.750000 24.125000 -42.475002
-32.742676 24.142678 -42.475002
-32.742676 24.142678 -42.424999
-32.742676 24.142678 -42.424999
-32.742676 24.142678 -42.475002
-32.724998 24.150001 -42.475002
-32.724998 24.150001 -42.424999
-29.275000 24.075001 -42.400002
-29.275000 24.125000 -42.400002
-29.257322 24.125000 -42.407322
-29.257322 24.075001 -42.407322
-29.257322 24.075001 -42.407322
-29.250000 24.125000 -42.424999
-29.250000 24.075001 -42.424999
-32.750000 24.075001 -42.424999
-32.750000 24.125000 -42.424999
-32.742676 24.125000 -42.407322
-32.742676 24.075001 -42.407322
-32.742676 24.125000 -42.407322
-32.724998 24.125000 -42.400002
-32.724998 24.075001 -42.400002
-29.250000 24.075001 -42.475002
-29.250000 24.125000 -42.475002
-29.257322 24.125000 -42.492680
-29.257322 24.075001 -42.492680
-29.257322 24.125000 -42.492680
-29.275000 24.125000 -42.500000
-29.275000 24.075001 -42.500000
-32.724998 24.075001 -42.500000
-32.724998 24.125000 -42.500000
-32.742676 24.125000 -42.492680
-32.742676 24.075001 -42.492680
-32.742676 24.075001 -42.492680
-32.750000 24.125000 -42.475002
-32.750000 24.075001 -42.475002
-29.250000 24.075001 -42.424999
-29.250000 24.125000 -42.424999
-29.250000 24.125000 -42.475002
-29.250000 24.075001 -42.475002
-17.309999 31.800000 -58.000000
-17.226648 31.800000 -59.696678
-17.171913 31.895263 -59.691284
-17.254999 31.895263 -58.000000
-17.254999 31.895263 -58.000000
-17.171913 31.895263 -59.691284
-17.062443 31.895263 -59.680504
-17.145000 31.895263 -58.000000
-17.145000 31.895263 -58.000000
-17.062443 31.895263 -59.680504
-17.007708 31.800000 -59.675114
-17.090000 31.800000 -58.000000
-17.090000 31.800000 -58.000000
-17.007708 31.800000 -59.675114
-17.062443 31.704738 -59.680504
-17.145000 31.704738 -58.000000
-17.145000 31.704738 -58.000000
-17.062443 31.704738 -59.680504
-17.171913 31.704738 -59.691284
-17.254999 31.704738 -58.000000
-17.254999 31.704738 -58.000000
-17.171913 31.704738 -59.691284
-17.226648 31.800000 -59.696678
-17.309999 31.800000 -58.000000
-17.226648 31.800000 -59.696678
-16.977394 31.800000 -61.377014
-16.923450 31.895263 -61.366283
-17.171913 31.895263 -59.691284
-16.923450 31.895263 -61.366283
-16.815563 31.895263 -61.344822
-17.062443 31.895263 -59.680504
-16.815563 31.895263 -61.344822
-16.761620 31.800000 -61.334095
-17.007708 31.800000 -59.675114
-17.007708 31.800000 -59.675114
-16.761620 31.800000 -61.334095
-16.815563 31.704738 -61.344822
-17.062443 31.704738 -59.680504
-16.815563 31.704738 -61.344822
-16.923450 31.704738 -61.366283
-17.171913 31.704738 -59.691284
-16.923450 31.704738 -61.366283
-16.977394 31.800000 -61.377014
-17.226648 31.800000 -59.696678
-16.977394 31.800000 -61.377014
-16.564638 31.800000 -63.024826
-16.512005 31.895263 -63.008862
-16.923450 31.895263 -61.366283
-16.512005 31.895263 -63.008862
-16.406742 31.895263 -62.976929
-16.815563 31.895263 -61.344822
-16.406742 31.895263 -62.976929
-16.354111 31.800000 -62.960964
-16.761620 31.800000 -61.334095
-16.761620 31.800000 -61.334095
-16.354111 31.800000 -62.960964
-16.406742 31.704738 -62.976929
-16.815563 31.704738 -61.344822
-16.406742 31.704738 -62.976929
-16.512005 31.704738 -63.008862
-16.923450 31.704738 -61.366283
-16.512005 31.704738 -63.008862
-16.564638 31.800000 -63.024826
-16.977394 31.800000 -61.377014
-16.564638 31.800000 -63.024826
-15.992354 31.800000 -64.624252
-15.941542 31.895263 -64.603203
-16.512005 31.895263 -63.008862
-15.941542 31.895263 -64.603203
-15.839914 31.895263 -64.561111
-16.406742 31.895263 -62.976929
-15.839914 31.895263 -64.561111
-15.789102 31.800000 -64.540062
-16.354111 31.800000 -62.960964
-16.354111 31.800000 -62.960964
-15.789102 31.800000 -64.540062
-15.839914 31.704738 -64.561111
-16.406742 31.704738 -62.976929
-15.839914 31.704738 -64.561111
-15.941542 31.704738 -64.603203
-16.512005 31.704738 -63.008862
-15.941542 31.704738 -64.603203
-15.992354 31.800000 -64.624252
-16.564638 31.800000 -63.024826
-15.992354 31.800000 -64.624252
-15.266057 31.800000 -66.159882
-15.217551 31.895263 -66.133949
-15.941542 31.895263 -64.603203
-15.217551 31.895263 -66.133949
-15.120540 31.895263 -66.082100
-15.839914 31.895263 -64.561111
-15.120540 31.895263 -66.082100
-15.072035 31.800000 -66.056168
-15.789102 31.800000 -64.540062
-15.789102 31.800000 -64.540062
-15.072035 31.800000 -66.056168
-15.120540 31.704738 -66.082100
-15.839914 31.704738 -64.561111
-15.120540 31.704738 -66.082100
-15.217551 31.704738 -66.133949
-15.941542 31.704738 -64.603203
-15.217551 31.704738 -66.133949
-15.266057 31.800000 -66.159882
-15.992354 31.800000 -64.624252
-15.266057 31.800000 -66.159882
-14.392739 31.800000 -67.616920
-14.347008 31.895263 -67.586365
-15.217551 31.895263 -66.133949
-14.347008 31.895263 -67.586365
-14.255547 31.895263 -67.525253
-15.120540 31.895263 -66.082100
-14.255547 31.895263 -67.525253
-14.209816 31.800000 -67.494698
-15.072035 31.800000 -66.056168
-15.072035 31.800000 -66.056168
-14.209816 31.800000 -67.494698
-14.255547 31.704738 -67.525253
-15.120540 31.704738 -66.082100
-14.255547 31.704738 -67.525253
-14.347008 31.704738 -67.586365
-15.217551 31.704738 -66.133949
-14.347008 31.704738 -67.586365
-14.392739 31.800000 -67.616920
-15.266057 31.800000 -66.159882
-14.392739 31.800000 -67.616920
-13.380811 31.800000 -68.981346
-13.338295 31.895263 -68.946457
-14.347008 31.895263 -67.586365
-13.338295 31.895263 -68.946457
-13.253264 31.895263 -68.876671
-14.255547 31.895263 -67.525253
-13.253264 31.895263 -68.876671
-13.210749 31.800000 -68.841782
-14.209816 31.800000 -67.494698
-14.209816 31.800000 -67.494698
-13.210749 31.800000 -68.841782
-13.253264 31.704738 -68.876671
-14.255547 31.704738 -67.525253
-13.253264 31.704738 -68.876671
-13.338295 31.704738 -68.946457
-14.347008 31.704738 -67.586365
-13.338295 31.704738 -68.946457
-13.380811 31.800000 -68.981346
-14.392739 31.800000 -67.616920
-13.380811 31.800000 -68.981346
-12.240019 31.800000 -70.240021
-12.201127 31.895263 -70.201126
-13.338295 31.895263 -68.946457
-12.201127 31.895263 -70.201126
-12.123345 31.895263 -70.123344
-13.253264 31.895263 -68.876671
-12.123345 31.895263 -70.123344
-12.084455 31.800000 -70.084457
-13.210749 31.800000 -68.841782
-13.210749 31.800000 -68.841782
-12.084455 31.800000 -70.084457
-12.123345 31.704738 -70.123344
-13.253264 31.704738 -68.876671
-12.123345 31.704738 -70.123344
-12.201127 31.704738 -70.201126
-13.338295 31.704738 -68.946457
-12.201127 31.704738 -70.201126
-12.240019 31.800000 -70.240021
-13.380811 31.800000 -68.981346
-12.240019 31.800000 -70.240021
-10.981348 31.800000 -71.380814
-10.946456 31.895263 -71.338295
-12.201127 31.895263 -70.201126
-10.946456 31.895263 -71.338295
-10.876673 31.895263 -71.253265
-12.123345 31.895263 -70.123344
-10.876673 31.895263 -71.253265
-10.841782 31.800000 -71.210747
-12.084455 31.800000 -70.084457
-12.084455 31.800000 -70.084457
-10.841782 31.800000 -71.210747
-10.876673 31.704738 -71.253265
-12.123345 31.704738 -70.123344
-10.876673 31.704738 -71.253265
-10.946456 31.704738 -71.338295
-12.201127 31.704738 -70.201126
-10.946456 31.704738 -71.338295
-10.981348 31.800000 -71.380814
-12.240019 31.800000 -70.240021
-10.981348 31.800000 -71.380814
-9.616920 31.800000 -72.392738
-9.586365 31.895263 -72.347008
-10.946456 31.895263 -71.338295
-9.586365 31.895263 -72.347008
-9.525251 31.895263 -72.255547
-10.876673 31.895263 -71.253265
-9.525251 31.895263 -72.255547
-9.494696 31.800000 -72.209816
-10.841782 31.800000 -71.210747
-10.841782 31.800000 -71.210747
-9.494696 31.800000 -72.209816
-9.525251 31.704738 -72.255547
-10.876673 31.704738 -71.253265
-9.525251 31.704738 -72.255547
-9.586365 31.704738 -72.347008
-10.946456 31.704738 -71.338295
-9.586365 31.704738 -72.347008
-9.616920 31.800000 -72.392738
-10.981348 31.800000 -71.380814
-9.616920 31.800000 -72.392738
-8.159878 31.800000 -73.266060
-8.133950 31.895263 -73.217552
-9.586365 31.895263 -72.347008
-8.133950 31.895263 -73.217552
-8.082097 31.895263 -73.120537
-9.525251 31.895263 -72.255547
-8.082097 31.895263 -73.120537
-8.056170 31.800000 -73.072037
-9.494696 31.800000 -72.209816
-9.494696 31.800000 -72.209816
-8.056170 31.800000 -73.072037
-8.082097 31.704738 -73.120537
-9.525251 31.704738 -72.255547
-8.082097 31.704738 -73.120537
-8.133950 31.704738 -73.217552
-9.586365 31.704738 -72.347008
-8.133950 31.704738 -73.217552
-8.159878 31.800000 -73.266060
-9.616920 31.800000 -72.392738
-8.159878 31.800000 -73.266060
-6.624250 31.800000 -73.992355
-6.603203 31.895263 -73.941544
-8.133950 31.895263 -73.217552
-6.603203 31.895263 -73.941544
-6.561108 31.895263 -73.839912
-8.082097 31.895263 -73.120537
-6.561108 31.895263 -73.839912
-6.540060 31.800000 -73.789101
-8.056170 31.800000 -73.072037
-8.056170 31.800000 -73.072037
-6.540060 31.800000 -73.789101
-6.561108 31.704738 -73.839912
-8.082097 31.704738 -73.120537
-6.561108 31.704738 -73.839912
-6.603203 31.704738 -73.941544
-8.133950 31.704738 -73.217552
-6.603203 31.704738 -73.941544
-6.624250 31.800000 -73.992355
-8.159878 31.800000 -73.266060
-6.624250 31.800000 -73.992355
-5.024828 31.800000 -74.564636
-5.008862 31.895263 -74.512009
-6.603203 31.895263 -73.941544
-5.008862 31.895263 -74.512009
-4.976931 31.895263 -74.406738
-6.561108 31.895263 -73.839912
-4.976931 31.895263 -74.406738
-4.960965 31.800000 -74.354111
-6.540060 31.800000 -73.789101
-6.540060 31.800000 -73.789101
-4.960965 31.800000 -74.354111
-4.976931 31.704738 -74.406738
-6.561108 31.704738 -73.839912
-4.976931 31.704738 -74.406738
-5.008862 31.704738 -74.512009
-6.603203 31.704738 -73.941544
-5.008862 31.704738 -74.512009
-5.024828 31.800000 -74.564636
-6.624250 31.800000 -73.992355
-5.024828 31.800000 -74.564636
-3.377013 31.800000 -74.977394
-3.366283 31.895263 -74.923447
-5.008862 31.895263 -74.512009
-3.366283 31.895263 -74.923447
-3.344824 31.895263 -74.815567
-4.976931 31.895263 -74.406738
-3.344824 31.895263 -74.815567
-3.334094 31.800000 -74.761620
-4.960965 31.800000 -74.354111
-4.960965 31.800000 -74.354111
-3.334094 31.800000 -74.761620
-3.344824 31.704738 -74.815567
-4.976931 31.704738 -74.406738
-3.344824 31.704738 -74.815567
-3.366283 31.704738 -74.923447
-5.008862 31.704738 -74.512009
-3.366283 31.704738 -74.923447
-3.377013 31.800000 -74.977394
-5.024828 31.800000 -74.564636
-3.377013 31.800000 -74.977394
-1.696677 31.800000 -75.226646
-1.691286 31.895263 -75.171913
-3.366283 31.895263 -74.923447
-1.691286 31.895263 -75.171913
-1.680504 31.895263 -75.062439
-3.344824 31.895263 -74.815567
-1.680504 31.895263 -75.062439
-1.675113 31.800000 -75.007706
-3.334094 31.800000 -74.761620
-3.334094 31.800000 -74.761620
-1.675113 31.800000 -75.007706
-1.680504 31.704738 -75.062439
-3.344824 31.704738 -74.815567
-1.680504 31.704738 -75.062439
-1.691286 31.704738 -75.171913
-3.366283 31.704738 -74.923447
-1.691286 31.704738 -75.171913
-1.696677 31.800000 -75.226646
-3.377013 31.800000 -74.977394
-1.696677 31.800000 -75.226646
-0.000000 31.800000 -75.309998
-0.000000 31.895263 -75.254997
-1.691286 31.895263 -75.171913
-0.000000 31.895263 -75.254997
-0.000000 31.895263 -75.145004
-1.680504 31.895263 -75.062439
-0.000000 31.895263 -75.145004
-0.000000 31.800000 -75.089996
-1.675113 31.800000 -75.007706
-1.675113 31.800000 -75.007706
-0.000000 31.800000 -75.089996
-0.000000 31.704738 -75.145004
-1.680504 31.704738 -75.062439
-0.000000 31.704738 -75.145004
-0.000000 31.704738 -75.254997
-1.691286 31.704738 -75.171913
-0.000000 31.704738 -75.254997
-0.000000 31.800000 -75.309998
-1.696677 31.800000 -75.226646
-0.000000 31.800000 -75.309998
1.696677 31.800000 -75.226646
1.691286 31.895263 -75.171913
-0.000000 31.895263 -75.254997
1.691286 31.895263 -75.171913
1.680504 31.895263 -75.062439
-0.000000 31.895263 -75.145004
1.680504 31.895263 -75.062439
1.675113 31.800000 -75.007706
-0.000000 31.800000 -75.089996
-0.000000 31.800000 -75.089996
1.675113 31.800000 -75.007706
1.680504 31.704738 -75.062439
-0.000000 31.704738 -75.145004
1.680504 31.704738 -75.062439
1.691286 31.704738 -75.171913
-0.000000 31.704738 -75.254997
1.691286 31.704738 -75.171913
1.696677 31.800000 -75.226646
-0.000000 31.800000 -75.309998
1.696677 31.800000 -75.226646
3.377013 31.800000 -74.977394
3.366283 31.895263 -74.923447
1.691286 31.895263 -75.171913
3.366283 31.895263 -74.923447
3.344824 31.895263 -74.815567
1.680504 31.895263 -75.062439
3.344824 31.895263 -74.815567
3.334094 31.800000 -74.761620
1.675113 31.800000 -75.007706
1.675113 31.800000 -75.007706
3.334094 31.800000 -74.761620
3.344824 31.704738 -74.815567
1.680504 31.704738 -75.062439
3.344824 31.704738 -74.815567
3.366283 31.704738 -74.923447
1.691286 31.704738 -75.171913
3.366283 31.704738 -74.923447
3.377013 31.800000 -74.977394
1.696677 31.800000 -75.226646
3.377013 31.800000 -74.977394
5.024828 31.800000 -74.564636
5.008862 31.895263 -74.512009
3.366283 31.895263 -74.923447
5.008862 31.895263 -74.512009
4.976931 31.895263 -74.406738
3.344824 31.895263 -74.815567
4.976931 31.895263 -74.406738
4.960965 31.800000 -74.354111
3.334094 31.800000 -74.761620
3.334094 31.800000 -74.761620
4.960965 31.800000 -74.354111
4.976931 31.704738 -74.406738
3.344824 31.704738 -74.815567
4.976931 31.704738 -74.406738
5.008862 31.704738 -74.512009
3.366283 31.704738 -74.923447
5.008862 31.704738 -74.512009
5.024828 31.800000 -74.564636
3.377013 31.800000 -74.977394
5.024828 31.800000 -74.564636
6.624250 31.800000 -73.992355
6.603203 31.895263 -73.941544
5.008862 31.895263 -74.512009
6.603203 31.895263 -73.941544
6.561108 31.895263 -73.839912
4.976931 31.895263 -74.406738
6.561108 31.895263 -73.839912
6.540060 31.800000 -73.789101
4.960965 31.800000 -74.354111
4.960965 31.800000 -74.354111
6.540060 31.800000 -73.789101
6.561108 31.704738 -73.839912
4.976931 31.704738 -74.406738
6.561108 31.704738 -73.839912
6.603203 31.704738 -73.941544
5.008862 31.704738 -74.512009
6.603203 31.704738 -73.941544
6.624250 31.800000 -73.992355
5.024828 31.800000 -74.564636
6.624250 31.800000 -73.992355
8.159878 31.800000 -73.266060
8.133950 31.895263 -73.217552
6.603203 31.895263 -73.941544
8.133950 31.895263 -73.217552
8.082097 31.895263 -73.120537
6.561108 31.895263 -73.839912
8.082097 31.895263 -73.120537
8.056170 31.800000 -73.072037
6.540060 31.800000 -73.789101
6.540060 31.800000 -73.789101
8.056170 31.800000 -73.072037
8.082097 31.704738 -73.120537
6.561108 31.704738 -73.839912
8.082097 31.704738 -73.120537
8.133950 31.704738 -73.217552
6.603203 31.704738 -73.941544
8.133950 31.704738 -73.217552
8.159878 31.800000 -73.266060
6.624250 31.800000 -73.992355
8.159878 31.800000 -73.266060
9.616920 31.800000 -72.392738
9.586365 31.895263 -72.347008
8.133950 31.895263 -73.217552
9.586365 31.895263 -72.347008
9.525251 31.895263 -72.255547
8.082097 31.895263 -73.120537
9.525251 31.895263 -72.255547
9.494696 31.800000 -72.209816
8.056170 31.800000 -73.072037
8.056170 31.800000 -73.072037
9.494696 31.800000 -72.209816
9.525251 31.704738 -72.255547
8.082097 31.704738 -73.120537
9.525251 31.704738 -72.255547
9.586365 31.704738 -72.347008
8.133950 31.704738 -73.217552
9.586365 31.704738 -72.347008
9.616920 31.800000 -72.392738
8.159878 31.800000 -73.266060
9.616920 31.800000 -72.392738
10.981348 31.800000 -71.380814
10.946456 31.895263 -71.338295
9.586365 31.895263 -72.347008
10.946456 31.895263 -71.338295
10.876673 31.895263 -71.253265
9.525251 31.895263 -72.255547
10.876673 31.895263 -71.253265
10.841782 31.800000 -71.210747
9.494696 31.800000 -72.209816
9.494696 31.800000 -72.209816
10.841782 31.800000 -71.210747
10.876673 31.704738 -71.253265
9.525251 31.704738 -72.255547
10.876673 31.704738 -71.253265
10.946456 31.704738 -71.338295
9.586365 31.704738 -72.347008
10.946456 31.704738 -71.338295
10.981348 31.800000 -71.380814
9.616920 31.800000 -72.392738
10.981348 31.800000 -71.380814
12.240019 31.800000 -70.240021
12.201127 31.895263 -70.201126
10.946456 31.895263 -71.338295
12.201127 31.895263 -70.201126
12.123345 31.895263 -70.123344
10.876673 31.895263 -71.253265
12.123345 31.895263 -70.123344
12.084455 31.800000 -70.084457
10.841782 31.800000 -71.210747
10.841782 31.800000 -71.210747
12.084455 31.800000 -70.084457
12.123345 31.704738 -70.123344
10.876673 31.704738 -71.253265
12.123345 31.704738 -70.123344
12.201127 31.704738 -70.201126
10.946456 31.704738 -71.338295
12.201127 31.704738 -70.201126
12.240019 31.800000 -70.240021
10.981348 31.800000 -71.380814
12.240019 31.800000 -70.240021
13.380811 31.800000 -68.981346
13.338295 31.895263 -68.946457
12.201127 31.895263 -70.201126
13.338295 31.895263 -68.946457
13.253264 31.895263 -68.876671
12.123345 31.895263 -70.123344
13.253264 31.895263 -68.876671
13.210749 31.800000 -68.841782
12.084455 31.800000 -70.084457
12.084455 31.800000 -70.084457
13.210749 31.800000 -68.841782
13.253264 31.704738 -68.876671
12.123345 31.704738 -70.123344
13.253264 31.704738 -68.876671
13.338295 31.704738 -68.946457
12.201127 31.704738 -70.201126
13.338295 31.704738 -68.946457
13.380811 31.800000 -68.981346
12.240019 31.800000 -70.240021
13.380811 31.800000 -68.981346
14.392739 31.800000 -67.616920
14.347008 31.895263 -67.586365
13.338295 31.895263 -68.946457
14.347008 31.895263 -67.586365
14.255547 31.895263 -67.525253
13.253264 31.895263 -68.876671
14.255547 31.895263 -67.525253
14.209816 31.800000 -67.494698
13.210749 31.800000 -68.841782
13.210749 31.800000 -68.841782
14.209816 31.800000 -67.494698
14.255547 31.704738 -67.525253
13.253264 31.704738 -68.876671
14.255547 31.704738 -67.525253
14.347008 31.704738 -67.586365
13.338295 31.704738 -68.946457
14.347008 31.704738 -67.586365
14.392739 31.800000 -67.616920
13.380811 31.800000 -68.981346
14.392739 31.800000 -67.616920
15.266057 31.800000 -66.159882
15.217551 31.895263 -66.133949
14.347008 31.895263 -67.586365
15.217551 31.895263 -66.133949
15.120540 31.895263 -66.082100
14.255547 31.895263 -67.525253
15.120540 31.895263 -66.082100
15.072035 31.800000 -66.056168
14.209816 31.800000 -67.494698
14.209816 31.800000 -67.494698
15.072035 31.800000 -66.056168
15.120540 31.704738 -66.082100
14.255547 31.704738 -67.525253
15.120540 31.704738 -66.082100
15.217551 31.704738 -66.133949
14.347008 31.704738 -67.586365
15.217551 31.704738 -66.133949
15.266057 31.800000 -66.159882
14.392739 31.800000 -67.616920
15.266057 31.800000 -66.159882
15.992354 31.800000 -64.624252
15.941542 31.895263 -64.603203
15.217551 31.895263 -66.133949
15.941542 31.895263 -64.603203
15.839914 31.895263 -64.561111
15.120540 31.895263 -66.082100
15.839914 31.895263 -64.561111
15.789102 31.800000 -64.540062
15.072035 31.800000 -66.056168
15.072035 31.800000 -66.056168
15.789102 31.800000 -64.540062
15.839914 31.704738 -64.561111
15.120540 31.704738 -66.082100
15.839914 31.704738 -64.561111
15.941542 31.704738 -64.603203
15.217551 31.704738 -66.133949
15.941542 31.704738 -64.603203
15.992354 31.800000 -64.624252
15.266057 31.800000 -66.159882
15.992354 31.800000 -64.624252
16.564638 31.800000 -63.024826
16.512005 31.895263 -63.008862
15.941542 31.895263 -64.603203
16.512005 31.895263 -63.008862
16.406742 31.895263 -62.976929
15.839914 31.895263 -64.561111
16.406742 31.895263 -62.976929
16.354111 31.800000 -62.960964
15.789102 31.800000 -64.540062
15.789102 31.800000 -64.540062
16.354111 31.800000 -62.960964
16.406742 31.704738 -62.976929
15.839914 31.704738 -64.561111
16.406742 31.704738 -62.976929
16.512005 31.704738 -63.008862
15.941542 31.704738 -64.603203
16.512005 31.704738 -63.008862
16.564638 31.800000 -63.024826
15.992354 31.800000 -64.624252
16.564638 31.800000 -63.024826
16.977394 31.800000 -61.377014
16.923450 31.895263 -61.366283
16.512005 31.895263 -63.008862
16.923450 31.895263 -61.366283
16.815563 31.895263 -61.344822
16.406742 31.895263 -62.976929
16.815563 31.895263 -61.344822
16.761620 31.800000 -61.334095
16.354111 31.800000 -62.960964
16.354111 31.800000 -62.960964
16.761620 31.800000 -61.334095
16.815563 31.704738 -61.344822
16.406742 31.704738 -62.976929
16.815563 31.704738 -61.344822
16.923450 31.704738 -61.366283
16.512005 31.704738 -63.008862
16.923450 31.704738 -61.366283
16.977394 31.800000 -61.377014
16.564638 31.800000 -63.024826
16.977394 31.800000 -61.377014
17.226648 31.800000 -59.696678
17.171913 31.895263 -59.691284
16.923450 31.895263 -61.366283
17.171913 31.895263 -59.691284
17.062443 31.895263 -59.680504
16.815563 31.895263 -61.344822
17.062443 31.895263 -59.680504
17.007708 31.800000 -59.675114
16.761620 31.800000 -61.334095
16.761620 31.800000 -61.334095
17.007708 31.800000 -59.675114
17.062443 31.704738 -59.680504
16.815563 31.704738 -61.344822
17.062443 31.704738 -59.680504
17.171913 31.704738 -59.691284
16.923450 31.704738 -61.366283
17.171913 31.704738 -59.691284
17.226648 31.800000 -59.696678
16.977394 31.800000 -61.377014
17.226648 31.800000 -59.696678
17.309999 31.800000 -58.000000
17.254999 31.895263 -58.000000
17.171913 31.895263 -59.691284
17.254999 31.895263 -58.000000
17.145000 31.895263 -58.000000
17.062443 31.895263 -59.680504
17.145000 31.895263 -58.000000
17.090000 31.800000 -58.000000
17.007708 31.800000 -59.675114
17.007708 31.800000 -59.675114
17.090000 31.800000 -58.000000
17.145000 31.704738 -58.000000
17.062443 31.704738 -59.680504
17.145000 31.704738 -58.000000
17.254999 31.704738 -58.000000
17.171913 31.704738 -59.691284
17.254999 31.704738 -58.000000
17.309999 31.800000 -58.000000
17.226648 31.800000 -59.696678
17.309999 31.800000 -58.000000
17.226648 31.800000 -56.303322
17.171913 31.895263 -56.308716
17.254999 31.895263 -58.000000
17.171913 31.895263 -56.308716
17.062443 31.895263 -56.319496
17.145000 31.895263 -58.000000
17.062443 31.895263 -56.319496
17.007708 31.800000 -56.324886
17.090000 31.800000 -58.000000
17.090000 31.800000 -58.000000
17.007708 31.800000 -56.324886
17.062443 31.704738 -56.319496
17.145000 31.704738 -58.000000
17.062443 31.704738 -56.319496
17.171913 31.704738 -56.308716
17.254999 31.704738 -58.000000
17.171913 31.704738 -56.308716
17.226648 31.800000 -56.303322
17.309999 31.800000 -58.000000
17.226648 31.800000 -56.303322
16.977394 31.800000 -54.622986
16.923450 31.895263 -54.633717
17.171913 31.895263 -56.308716
16.923450 31.895263 -54.633717
16.815563 31.895263 -54.655178
17.062443 31.895263 -56.319496
16.815563 31.895263 -54.655178
16.761620 31.800000 -54.665905
17.007708 31.800000 -56.324886
17.007708 31.800000 -56.324886
16.761620 31.800000 -54.665905
16.815563 31.704738 -54.655178
17.062443 31.704738 -56.319496
16.815563 31.704738 -54.655178
16.923450 31.704738 -54.633717
17.171913 31.704738 -56.308716
16.923450 31.704738 -54.633717
16.977394 31.800000 -54.622986
17.226648 31.800000 -56.303322
16.977394 31.800000 -54.622986
16.564638 31.800000 -52.975174
16.512005 31.895263 -52.991138
16.923450 31.895263 -54.633717
16.512005 31.895263 -52.991138
16.406742 31.895263 -53.023071
16.815563 31.895263 -54.655178
16.406742 31.895263 -53.023071
16.354111 31.800000 -53.039036
16.761620 31.800000 -54.665905
16.761620 31.800000 -54.665905
16.354111 31.800000 -53.039036
16.406742 31.704738 -53.023071
16.815563 31.704738 -54.655178
16.406742 31.704738 -53.023071
16.512005 31.704738 -52.991138
16.923450 31.704738 -54.633717
16.512005 31.704738 -52.991138
16.564638 31.800000 -52.975174
16.977394 31.800000 -54.622986
16.564638 31.800000 -52.975174
15.992354 31.800000 -51.375748
15.941542 31.895263 -51.396797
16.512005 31.895263 -52.991138
15.941542 31.895263 -51.396797
15.839914 31.895263 -51.438892
16.406742 31.895263 -53.023071
15.839914 31.895263 -51.438892
15.789102 31.800000 -51.459938
16.354111 31.800000 -53.039036
16.354111 31.800000 -53.039036
15.789102 31.800000 -51.459938
15.839914 31.704738 -51.438892
16.406742 31.704738 -53.023071
15.839914 31.704738 -51.438892
15.941542 31.704738 -51.396797
16.512005 31.704738 -52.991138
15.941542 31.704738 -51.396797
15.992354 31.800000 -51.375748
16.564638 31.800000 -52.975174
15.992354 31.800000 -51.375748
15.266057 31.800000 -49.840122
15.217551 31.895263 -49.866051
15.941542 31.895263 -51.396797
15.217551 31.895263 -49.866051
15.120540 31.895263 -49.917904
15.839914 31.895263 -51.438892
15.120540 31.895263 -49.917904
15.072035 31.800000 -49.943829
15.789102 31.800000 -51.459938
15.789102 31.800000 -51.459938
15.072035 31.800000 -49.943829
15.120540 31.704738 -49.917904
15.839914 31.704738 -51.438892
15.120540 31.704738 -49.917904
15.217551 31.704738 -49.866051
15.941542 31.704738 -51.396797
15.217551 31.704738 -49.866051
15.266057 31.800000 -49.840122
15.992354 31.800000 -51.375748
15.266057 31.800000 -49.840122
14.392739 31.800000 -48.383080
14.347008 31.895263 -48.413635
15.217551 31.895263 -49.866051
14.347008 31.895263 -48.413635
14.255547 31.895263 -48.474747
15.120540 31.895263 -49.917904
14.255547 31.895263 -48.474747
14.209816 31.800000 -48.505302
15.072035 31.800000 -49.943829
15.072035 31.800000 -49.943829
14.209816 31.800000 -48.505302
14.255547 31.704738 -48.474747
15.120540 31.704738 -49.917904
14.255547 31.704738 -48.474747
14.347008 31.704738 -48.413635
15.217551 31.704738 -49.866051
14.347008 31.704738 -48.413635
14.392739 31.800000 -48.383080
15.266057 31.800000 -49.840122
14.392739 31.800000 -48.383080
13.380811 31.800000 -47.018654
13.338295 31.895263 -47.053543
14.347008 31.895263 -48.413635
13.338295 31.895263 -47.053543
13.253264 31.895263 -47.123329
14.255547 31.895263 -48.474747
13.253264 31.895263 -47.123329
13.210749 31.800000 -47.158218
14.209816 31.800000 -48.505302
14.209816 31.800000 -48.505302
13.210749 31.800000 -47.158218
13.253264 31.704738 -47.123329
14.255547 31.704738 -48.474747
13.253264 31.704738 -47.123329
13.338295 31.704738 -47.053543
14.347008 31.704738 -48.413635
13.338295 31.704738 -47.053543
13.380811 31.800000 -47.018654
14.392739 31.800000 -48.383080
13.380811 31.800000 -47.018654
12.240019 31.800000 -45.759979
12.201127 31.895263 -45.798874
13.338295 31.895263 -47.053543
12.201127 31.895263 -45.798874
12.123345 31.895263 -45.876656
13.253264 31.895263 -47.123329
12.123345 31.895263 -45.876656
12.084455 31.800000 -45.915546
13.210749 31.800000 -47.158218
13.210749 31.800000 -47.158218
12.084455 31.800000 -45.915546
12.123345 31.704738 -45.876656
13.253264 31.704738 -47.123329
12.123345 31.704738 -45.876656
12.201127 31.704738 -45.798874
13.338295 31.704738 -47.053543
12.201127 31.704738 -45.798874
12.240019 31.800000 -45.759979
13.380811 31.800000 -47.018654
12.240019 31.800000 -45.759979
10.981348 31.800000 -44.619190
10.946456 31.895263 -44.661705
12.201127 31.895263 -45.798874
10.946456 31.895263 -44.661705
10.876673 31.895263 -44.746735
12.123345 31.895263 -45.876656
10.876673 31.895263 -44.746735
10.841782 31.800000 -44.789253
12.084455 31.800000 -45.915546
12.084455 31.800000 -45.915546
10.841782 31.800000 -44.789253
10.876673 31.704738 -44.746735
12.123345 31.704738 -45.876656
10.876673 31.704738 -44.746735
10.946456 31.704738 -44.661705
12.201127 31.704738 -45.798874
10.946456 31.704738 -44.661705
10.981348 31.800000 -44.619190
12.240019 31.800000 -45.759979
10.981348 31.800000 -44.619190
9.616920 31.800000 -43.607262
9.586365 31.895263 -43.652992
10.946456 31.895263 -44.661705
9.586365 31.895263 -43.652992
9.525251 31.895263 -43.744453
10.876673 31.895263 -44.746735
9.525251 31.895263 -43.744453
9.494696 31.800000 -43.790184
10.841782 31.800000 -44.789253
10.841782 31.800000 -44.789253
9.494696 31.800000 -43.790184
9.525251 31.704738 -43.744453
10.876673 31.704738 -44.746735
9.525251 31.704738 -43.744453
9.586365 31.704738 -43.652992
10.946456 31.704738 -44.661705
9.586365 31.704738 -43.652992
9.616920 31.800000 -43.607262
10.981348 31.800000 -44.619190
9.616920 31.800000 -43.607262
8.159878 31.800000 -42.733944
8.133950 31.895263 -42.782448
9.586365 31.895263 -43.652992
8.133950 31.895263 -42.782448
8.082097 31.895263 -42.879459
9.525251 31.895263 -43.744453
8.082097 31.895263 -42.879459
8.056170 31.800000 -42.927963
9.494696 31.800000 -43.790184
9.494696 31.800000 -43.790184
8.056170 31.800000 -42.927963
8.082097 31.704738 -42.879459
9.525251 31.704738 -43.744453
8.082097 31.704738 -42.879459
8.133950 31.704738 -42.782448
9.586365 31.704738 -43.652992
8.133950 31.704738 -42.782448
8.159878 31.800000 -42.733944
9.616920 31.800000 -43.607262
8.159878 31.800000 -42.733944
6.624250 31.800000 -42.007645
6.603203 31.895263 -42.058456
8.133950 31.895263 -42.782448
6.603203 31.895263 -42.058456
6.561108 31.895263 -42.160088
8.082097 31.895263 -42.879459
6.561108 31.895263 -42.160088
6.540060 31.800000 -42.210899
8.056170 31.800000 -42.927963
8.056170 31.800000 -42.927963
6.540060 31.800000 -42.210899
6.561108 31.704738 -42.160088
8.082097 31.704738 -42.879459
6.561108 31.704738 -42.160088
6.603203 31.704738 -42.058456
8.133950 31.704738 -42.782448
6.603203 31.704738 -42.058456
6.624250 31.800000 -42.007645
8.159878 31.800000 -42.733944
6.624250 31.800000 -42.007645
5.024828 31.800000 -41.435364
5.008862 31.895263 -41.487995
6.603203 31.895263 -42.058456
5.008862 31.895263 -41.487995
4.976931 31.895263 -41.593258
6.561108 31.895263 -42.160088
4.976931 31.895263 -41.593258
4.960965 31.800000 -41.645889
6.540060 31.800000 -42.210899
6.540060 31.800000 -42.210899
4.960965 31.800000 -41.645889
4.976931 31.704738 -41.593258
6.561108 31.704738 -42.160088
4.976931 31.704738 -41.593258
5.008862 31.704738 -41.487995
6.603203 31.704738 -42.058456
5.008862 31.704738 -41.487995
5.024828 31.800000 -41.435364
6.624250 31.800000 -42.007645
5.024828 31.800000 -41.435364
3.377013 31.800000 -41.022606
3.366283 31.895263 -41.076550
5.008862 31.895263 -41.487995
3.366283 31.895263 -41.076550
3.344824 31.895263 -41.184437
4.976931 31.895263 -41.593258
3.344824 31.895263 -41.184437
3.334094 31.800000 -41.238380
4.960965 31.800000 -41.645889
4.960965 31.800000 -41.645889
3.334094 31.800000 -41.238380
3.344824 31.704738 -41.184437
4.976931 31.704738 -41.593258
3.344824 31.704738 -41.184437
3.366283 31.704738 -41.076550
5.008862 31.704738 -41.487995
3.366283 31.704738 -41.076550
3.377013 31.800000 -41.022606
5.024828 31.800000 -41.435364
3.377013 31.800000 -41.022606
1.696677 31.800000 -40.773354
1.691286 31.895263 -40.828087
3.366283 31.895263 -41.076550
1.691286 31.895263 -40.828087
1.680504 31.895263 -40.937557
3.344824 31.895263 -41.184437
1.680504 31.895263 -40.937557
1.675113 31.800000 -40.992294
3.334094 31.800000 -41.238380
3.334094 31.800000 -41.238380
1.675113 31.800000 -40.992294
1.680504 31.704738 -40.937557
3.344824 31.704738 -41.184437
1.680504 31.704738 -40.937557
1.691286 31.704738 -40.828087
3.366283 31.704738 -41.076550
1.691286 31.704738 -40.828087
1.696677 31.800000 -40.773354
3.377013 31.800000 -41.022606
1.696677 31.800000 -40.773354
0.000000 31.800000 -40.690002
0.000000 31.895263 -40.745003
1.691286 31.895263 -40.828087
0.000000 31.895263 -40.745003
0.000000 31.895263 -40.855000
1.680504 31.895263 -40.937557
0.000000 31.895263 -40.855000
0.000000 31.800000 -40.910000
1.675113 31.800000 -40.992294
1.675113 31.800000 -40.992294
0.000000 31.800000 -40.910000
0.000000 31.704738 -40.855000
1.680504 31.704738 -40.937557
0.000000 31.704738 -40.855000
0.000000 31.704738 -40.745003
1.691286 31.704738 -40.828087
0.000000 31.704738 -40.745003
0.000000 31.800000 -40.690002
1.696677 31.800000 -40.773354
0.000000 31.800000 -40.690002
-1.696677 31.800000 -40.773354
-1.691286 31.895263 -40.828087
0.000000 31.895263 -40.745003
-1.691286 31.895263 -40.828087
-1.680504 31.895263 -40.937557
0.000000 31.895263 -40.855000
-1.680504 31.895263 -40.937557
-1.675113 31.800000 -40.992294
0.000000 31.800000 -40.910000
0.000000 31.800000 -40.910000
-1.675113 31.800000 -40.992294
-1.680504 31.704738 -40.937557
0.000000 31.704738 -40.855000
-1.680504 31.704738 -40.937557
-1.691286 31.704738 -40.828087
0.000000 31.704738 -40.745003
-1.691286 31.704738 -40.828087
-1.696677 31.800000 -40.773354
0.000000 31.800000 -40.690002
-1.696677 31.800000 -40.773354
-3.377013 31.800000 -41.022606
-3.366283 31.895263 -41.076550
-1.691286 31.895263 -40.828087
-3.366283 31.895263 -41.076550
-3.344824 31.895263 -41.184437
-1.680504 31.895263 -40.937557
-3.344824 31.895263 -41.184437
-3.334094 31.800000 -41.238380
-1.675113 31.800000 -40.992294
-1.675113 31.800000 -40.992294
-3.334094 31.800000 -41.238380
-3.344824 31.704738 -41.184437
-1.680504 31.704738 -40.937557
-3.344824 31.704738 -41.184437
-3.366283 31.704738 -41.076550
-1.691286 31.704738 -40.828087
-3.366283 31.704738 -41.076550
-3.377013 31.800000 -41.022606
-1.696677 31.800000 -40.773354
-3.377013 31.800000 -41.022606
-5.024828 31.800000 -41.435364
-5.008862 31.895263 -41.487995
-3.366283 31.895263 -41.076550
-5.008862 31.895263 -41.487995
-4.976931 31.895263 -41.593258
-3.344824 31.895263 -41.184437
-4.976931 31.895263 -41.593258
-4.960965 31.800000 -41.645889
-3.334094 31.800000 -41.238380
-3.334094 31.800000 -41.238380
-4.960965 31.800000 -41.645889
-4.976931 31.704738 -41.593258
-3.344824 31.704738 -41.184437
-4.976931 31.704738 -41.593258
-5.008862 31.704738 -41.487995
-3.366283 31.704738 -41.076550
-5.008862 31.704738 -41.487995
-5.024828 31.800000 -41.435364
-3.377013 31.800000 -41.022606
-5.024828 31.800000 -41.435364
-6.624250 31.800000 -42.007645
-6.603203 31.895263 -42.058456
-5.008862 31.895263 -41.487995
-6.603203 31.895263 -42.058456
-6.561108 31.895263 -42.160088
-4.976931 31.895263 -41.593258
-6.561108 31.895263 -42.160088
-6.540060 31.800000 -42.210899
-4.960965 31.800000 -41.645889
-4.960965 31.800000 -41.645889
-6.540060 31.800000 -42.210899
-6.561108 31.704738 -42.160088
-4.976931 31.704738 -41.593258
-6.561108 31.704738 -42.160088
-6.603203 31.704738 -42.058456
-5.008862 31.704738 -41.487995
-6.603203 31.704738 -42.058456
-6.624250 31.800000 -42.007645
-5.024828 31.800000 -41.435364
-6.624250 31.800000 -42.007645
-8.159878 31.800000 -42.733944
-8.133950 31.895263 -42.782448
-6.603203 31.895263 -42.058456
-8.133950 31.895263 -42.782448
-8.082097 31.895263 -42.879459
-6.561108 31.895263 -42.160088
-8.082097 31.895263 -42.879459
-8.056170 31.800000 -42.927963
-6.540060 31.800000 -42.210899
-6.540060 31.800000 -42.210899
-8.056170 31.800000 -42.927963
-8.082097 31.704738 -42.879459
-6.561108 31.704738 -42.160088
-8.082097 31.704738 -42.879459
-8.133950 31.704738 -42.782448
-6.603203 31.704738 -42.058456
-8.133950 31.704738 -42.782448
-8.159878 31.800000 -42.733944
-6.624250 31.800000 -42.007645
-8.159878 31.800000 -42.733944
-9.616920 31.800000 -43.607262
-9.586365 31.895263 -43.652992
-8.133950 31.895263 -42.782448
-9.586365 31.895263 -43.652992
-9.525251 31.895263 -43.744453
-8.082097 31.895263 -42.879459
-9.525251 31.895263 -43.744453
-9.494696 31.800000 -43.790184
-8.056170 31.800000 -42.927963
-8.056170 31.800000 -42.927963
-9.494696 31.800000 -43.790184
-9.525251 31.704738 -43.744453
-8.082097 31.704738 -42.879459
-9.525251 31.704738 -43.744453
-9.586365 31.704738 -43.652992
-8.133950 31.704738 -42.782448
-9.586365 31.704738 -43.652992
-9.616920 31.800000 -43.607262
-8.159878 31.800000 -42.733944
-9.616920 31.800000 -43.607262
-10.981348 31.800000 -44.619190
-10.946456 31.895263 -44.661705
-9.586365 31.895263 -43.652992
-10.946456 31.895263 -44.661705
-10.876673 31.895263 -44.746735
-9.525251 31.895263 -43.744453
-10.876673 31.895263 -44.746735
-10.841782 31.800000 -44.789253
-9.494696 31.800000 -43.790184
-9.494696 31.800000 -43.790184
-10.841782 31.800000 -44.789253
-10.876673 31.704738 -44.746735
-9.525251 31.704738 -43.744453
-10.876673 31.704738 -44.746735
-10.946456 31.704738 -44.661705
-9.586365 31.704738 -43.652992
-10.946456 31.704738 -44.661705
-10.981348 31.800000 -44.619190
-9.616920 31.800000 -43.607262
-10.981348 31.800000 -44.619190
-12.240019 31.800000 -45.759979
-12.201127 31.895263 -45.798874
-10.946456 31.895263 -44.661705
-12.201127 31.895263 -45.798874
-12.123345 31.895263 -45.876656
-10.876673 31.895263 -44.746735
-12.123345 31.895263 -45.876656
-12.084455 31.800000 -45.915546
-10.841782 31.800000 -44.789253
-10.841782 31.800000 -44.789253
-12.084455 31.800000 -45.915546
-12.123345 31.704738 -45.876656
-10.876673 31.704738 -44.746735
-12.123345 31.704738 -45.876656
-12.201127 31.704738 -45.798874
-10.946456 31.704738 -44.661705
-12.201127 31.704738 -45.798874
-12.240019 31.800000 -45.759979
-10.981348 31.800000 -44.619190
-12.240019 31.800000 -45.759979
-13.380811 31.800000 -47.018654
-13.338295 31.895263 -47.053543
-12.201127 31.895263 -45.798874
-13.338295 31.895263 -47.053543
-13.253264 31.895263 -47.123329
-12.123345 31.895263 -45.876656
-13.253264 31.895263 -47.123329
-13.210749 31.800000 -47.158218
-12.084455 31.800000 -45.915546
-12.084455 31.800000 -45.915546
-13.210749 31.800000 -47.158218
-13.253264 31.704738 -47.123329
-12.123345 31.704738 -45.876656
-13.253264 31.704738 -47.123329
-13.338295 31.704738 -47.053543
-12.201127 31.704738 -45.798874
-13.338295 31.704738 -47.053543
-13.380811 31.800000 -47.018654
-12.240019 31.800000 -45.759979
-13.380811 31.800000 -47.018654
-14.392739 31.800000 -48.383080
-14.347008 31.895263 -48.413635
-13.338295 31.895263 -47.053543
-14.347008 31.895263 -48.413635
-14.255547 31.895263 -48.474747
-13.253264 31.895263 -47.123329
-14.255547 31.895263 -48.474747
-14.209816 31.800000 -48.505302
-13.210749 31.800000 -47.158218
-13.210749 31.800000 -47.158218
-14.209816 31.800000 -48.505302
-14.255547 31.704738 -48.474747
-13.253264 31.704738 -47.123329
-14.255547 31.704738 -48.474747
-14.347008 31.704738 -48.413635
-13.338295 31.704738 -47.053543
-14.347008 31.704738 -48.413635
-14.392739 31.800000 -48.383080
-13.380811 31.800000 -47.018654
-14.392739 31.800000 -48.383080
-15.266057 31.800000 -49.840122
-15.217551 31.895263 -49.866051
-14.347008 31.895263 -48.413635
-15.217551 31.895263 -49.866051
-15.120540 31.895263 -49.917904
-14.255547 31.895263 -48.474747
-15.120540 31.895263 -49.917904
-15.072035 31.800000 -49.943829
-14.209816 31.800000 -48.505302
-14.209816 31.800000 -48.505302
-15.072035 31.800000 -49.943829
-15.120540 31.704738 -49.917904
-14.255547 31.704738 -48.474747
-15.120540 31.704738 -49.917904
-15.217551 31.704738 -49.866051
-14.347008 31.704738 -48.413635
-15.217551 31.704738 -49.866051
-15.266057 31.800000 -49.840122
-14.392739 31.800000 -48.383080
-15.266057 31.800000 -49.840122
-15.992354 31.800000 -51.375748
-15.941542 31.895263 -51.396797
-15.217551 31.895263 -49.866051
-15.941542 31.895263 -51.396797
-15.839914 31.895263 -51.438892
-15.120540 31.895263 -49.917904
-15.839914 31.895263 -51.438892
-15.789102 31.800000 -51.459938
-15.072035 31.800000 -49.943829
-15.072035 31.800000 -49.943829
-15.789102 31.800000 -51.459938
-15.839914 31.704738 -51.438892
-15.120540 31.704738 -49.917904
-15.839914 31.704738 -51.438892
-15.941542 31.704738 -51.396797
-15.217551 31.704738 -49.866051
-15.941542 31.704738 -51.396797
-15.992354 31.800000 -51.375748
-15.266057 31.800000 -49.840122
-15.992354 31.800000 -51.375748
-16.564638 31.800000 -52.975174
-16.512005 31.895263 -52.991138
-15.941542 31.895263 -51.396797
-16.512005 31.895263 -52.991138
-16.406742 31.895263 -53.023071
-15.839914 31.895263 -51.438892
-16.406742 31.895263 -53.023071
-16.354111 31.800000 -53.039036
-15.789102 31.800000 -51.459938
-15.789102 31.800000 -51.459938
-16.354111 31.800000 -53.039036
-16.406742 31.704738 -53.023071
-15.839914 31.704738 -51.438892
-16.406742 31.704738 -53.023071
-16.512005 31.704738 -52.991138
-15.941542 31.704738 -51.396797
-16.512005 31.704738 -52.991138
-16.564638 31.800000 -52.975174
-15.992354 31.800000 -51.375748
-16.564638 31.800000 -52.975174
-16.977394 31.800000 -54.622986
-16.923450 31.895263 -54.633717
-16.512005 31.895263 -52.991138
-16.923450 31.895263 -54.633717
-16.815563 31.895263 -54.655178
-16.406742 31.895263 -53.023071
-16.815563 31.895263 -54.655178
-16.761620 31.800000 -54.665905
-16.354111 31.800000 -53.039036
-16.354111 31.800000 -53.039036
-16.761620 31.800000 -54.665905
-16.815563 31.704738 -54.655178
-16.406742 31.704738 -53.023071
-16.815563 31.704738 -54.655178
-16.923450 31.704738 -54.633717
-16.512005 31.704738 -52.991138
-16.923450 31.704738 -54.633717
-16.977394 31.800000 -54.622986
-16.564638 31.800000 -52.975174
-16.977394 31.800000 -54.622986
-17.226648 31.800000 -56.303322
-17.171913 31.895263 -56.308716
-16.923450 31.895263 -54.633717
-17.171913 31.895263 -56.308716
-17.062443 31.895263 -56.319496
-16.815563 31.895263 -54.655178
-17.062443 31.895263 -56.319496
-17.007708 31.800000 -56.324886
-16.761620 31.800000 -54.665905
-16.761620 31.800000 -54.665905
-17.007708 31.800000 -56.324886
-17.062443 31.704738 -56.319496
-16.815563 31.704738 -54.655178
-17.062443 31.704738 -56.319496
-17.171913 31.704738 -56.308716
-16.923450 31.704738 -54.633717
-17.171913 31.704738 -56.308716
-17.226648 31.800000 -56.303322
-16.977394 31.800000 -54.622986
-17.226648 31.800000 -56.303322
-17.309999 31.800000 -58.000000
-17.254999 31.895263 -58.000000
-17.171913 31.895263 -56.308716
-17.062443 31.895263 -56.319496
-17.145000 31.895263 -58.000000
-17.090000 31.800000 -58.000000
-17.007708 31.800000 -56.324886
-17.007708 31.800000 -56.324886
-17.090000 31.800000 -58.000000
-17.145000 31.704738 -58.000000
-17.062443 31.704738 -56.319496
-17.171913 31.704738 -56.308716
-17.254999 31.704738 -58.000000
-17.309999 31.800000 -58.000000
-17.226648 31.800000 -56.303322
3.230000 19.580000 -30.324999
3.170000 19.580000 -30.324999
3.170000 25.220000 -30.324999
3.230000 25.220000 -30.324999
3.230000 19.580000 -30.475000
3.230000 25.220000 -30.475000
3.170000 25.220000 -30.475000
3.170000 19.580000 -30.475000
3.230000 25.250000 -30.355000
3.170000 25.250000 -30.355000
3.170000 25.250000 -30.445000
3.230000 25.250000 -30.445000
3.140000 19.580000 -30.355000
3.140000 19.580000 -30.445000
3.140000 25.220000 -30.445000
3.140000 25.220000 -30.355000
3.230000 19.550000 -30.355000
3.230000 19.550000 -30.445000
3.170000 19.550000 -30.445000
3.170000 19.550000 -30.355000
3.260000 19.580000 -30.355000
3.251213 19.558787 -30.355000
3.247321 19.562680 -30.337679
3.251213 19.580000 -30.333786
3.230000 19.550000 -30.355000
3.230000 19.558787 -30.333786
3.247321 19.562680 -30.337679
3.251213 19.558787 -30.355000
3.230000 19.580000 -30.324999
3.251213 19.580000 -30.333786
3.247321 19.562680 -30.337679
3.230000 19.558787 -30.333786
3.230000 25.220000 -30.324999
3.230000 25.241213 -30.333786
3.247321 25.237320 -30.337679
3.251213 25.220000 -30.333786
3.230000 25.250000 -30.355000
3.251213 25.241213 -30.355000
3.247321 25.237320 -30.337679
3.230000 25.241213 -30.333786
3.260000 25.220000 -30.355000
3.251213 25.220000 -30.333786
3.247321 25.237320 -30.337679
3.251213 25.241213 -30.355000
3.260000 19.580000 -30.445000
3.251213 19.580000 -30.466213
3.247321 19.562680 -30.462320
3.251213 19.558787 -30.445000
3.230000 19.580000 -30.475000
3.230000 19.558787 -30.466213
3.247321 19.562680 -30.462320
3.251213 19.580000 -30.466213
3.230000 19.550000 -30.445000
3.251213 19.558787 -30.445000
3.247321 19.562680 -30.462320
3.230000 19.558787 -30.466213
3.260000 25.220000 -30.445000
3.251213 25.241213 -30.445000
3.247321 25.237320 -30.462320
3.251213 25.220000 -30.466213
3.230000 25.250000 -30.445000
3.230000 25.241213 -30.466213
3.247321 25.237320 -30.462320
3.251213 25.241213 -30.445000
3.230000 25.220000 -30.475000
3.251213 25.220000 -30.466213
3.247321 25.237320 -30.462320
3.230000 25.241213 -30.466213
3.170000 19.580000 -30.324999
3.170000 19.558787 -30.333786
3.152679 19.562680 -30.337679
3.148787 19.580000 -30.333786
3.170000 19.550000 -30.355000
3.148787 19.558787 -30.355000
3.152679 19.562680 -30.337679
3.170000 19.558787 -30.333786
3.140000 19.580000 -30.355000
3.148787 19.580000 -30.333786
3.152679 19.562680 -30.337679
3.148787 19.558787 -30.355000
3.170000 25.220000 -30.324999
3.148787 25.220000 -30.333786
3.152679 25.237320 -30.337679
3.170000 25.241213 -30.333786
3.140000 25.220000 -30.355000
3.148787 25.241213 -30.355000
3.152679 25.237320 -30.337679
3.148787 25.220000 -30.333786
3.170000 25.250000 -30.355000
3.170000 25.241213 -30.333786
3.152679 25.237320 -30.337679
3.148787 25.241213 -30.355000
3.140000 19.580000 -30.445000
3.148787 19.558787 -30.445000
3.152679 19.562680 -30.462320
3.148787 19.580000 -30.466213
3.170000 19.550000 -30.445000
3.170000 19.558787 -30.466213
3.152679 19.562680 -30.462320
3.148787 19.558787 -30.445000
3.170000 19.580000 -30.475000
3.148787 19.580000 -30.466213
3.152679 19.562680 -30.462320
3.170000 19.558787 -30.466213
3.170000 25.220000 -30.475000
3.170000 25.241213 -30.466213
3.152679 25.237320 -30.462320
3.148787 25.220000 -30.466213
3.170000 25.250000 -30.445000
3.148787 25.241213 -30.445000
3.152679 25.237320 -30.462320
3.170000 25.241213 -30.466213
3.140000 25.220000 -30.445000
3.148787 25.220000 -30.466213
3.152679 25.237320 -30.462320
3.148787 25.241213 -30.445000
3.260000 19.580000 -30.445000
3.251213 19.558787 -30.445000
3.251213 19.558787 -30.355000
3.251213 19.558787 -30.355000
3.251213 19.558787 -30.445000
3.230000 19.550000 -30.445000
3.230000 19.550000 -30.355000
3.230000 19.550000 -30.355000
3.170000 19.550000 -30.355000
3.170000 19.558787 -30.333786
3.230000 19.558787 -30.333786
3.170000 19.580000 -30.324999
3.230000 19.580000 -30.324999
3.170000 19.550000 -30.355000
3.170000 19.550000 -30.445000
3.148787 19.558787 -30.445000
3.148787 19.558787 -30.355000
3.148787 19.558787 -30.355000
3.148787 19.558787 -30.445000
3.140000 19.580000 -30.355000
3.230000 19.580000 -30.475000
3.170000 19.580000 -30.475000
3.170000 19.558787 -30.466213
3.230000 19.558787 -30.466213
3.170000 19.550000 -30.445000
3.230000 19.550000 -30.445000
3.230000 25.220000 -30.324999
3.170000 25.220000 -30.324999
3.170000 25.241213 -30.333786
3.230000 25.241213 -30.333786
3.170000 25.250000 -30.355000
3.230000 25.250000 -30.355000
3.230000 25.250000 -30.355000
3.230000 25.250000 -30.445000
3.251213 25.241213 -30.445000
3.251213 25.241213 -30.355000
3.251213 25.241213 -30.355000
3.251213 25.241213 -30.445000
3.260000 25.220000 -30.355000
3.230000 25.250000 -30.445000
3.170000 25.250000 -30.445000
3.170000 25.241213 -30.466213
3.230000 25.241213 -30.466213
3.170000 25.220000 -30.475000
3.230000 25.220000 -30.475000
3.140000 25.220000 -30.445000
3.148787 25.241213 -30.445000
3.148787 25.241213 -30.355000
3.148787 25.241213 -30.355000
3.148787 25.241213 -30.445000
3.170000 25.250000 -30.445000
3.170000 25.250000 -30.355000
3.230000 19.580000 -30.324999
3.230000 25.220000 -30.324999
3.251213 25.220000 -30.333786
3.251213 19.580000 -30.333786
3.251213 19.580000 -30.333786
3.251213 25.220000 -30.333786
3.260000 25.220000 -30.355000
3.260000 19.580000 -30.355000
3.140000 19.580000 -30.355000
3.140000 25.220000 -30.355000
3.148787 25.220000 -30.333786
3.148787 19.580000 -30.333786
3.148787 19.580000 -30.333786
3.148787 25.220000 -30.333786
3.170000 25.220000 -30.324999
3.170000 19.580000 -30.324999
3.260000 19.580000 -30.445000
3.260000 25.220000 -30.445000
3.251213 25.220000 -30.466213
3.251213 19.580000 -30.466213
3.251213 19.580000 -30.466213
3.251213 25.220000 -30.466213
3.230000 25.220000 -30.475000
3.230000 19.580000 -30.475000
3.170000 19.580000 -30.475000
3.170000 25.220000 -30.475000
3.148787 25.220000 -30.466213
3.148787 19.580000 -30.466213
3.148787 19.580000 -30.466213
3.148787 25.220000 -30.466213
3.140000 25.220000 -30.445000
3.140000 19.580000 -30.445000
3.260000 19.580000 -30.355000
3.260000 25.220000 -30.355000
3.260000 25.220000 -30.445000
3.260000 19.580000 -30.445000
-3.170000 19.580000 -30.324999
-3.230000 19.580000 -30.324999
-3.230000 25.220000 -30.324999
-3.170000 25.220000 -30.324999
-3.170000 19.580000 -30.475000
-3.170000 25.220000 -30.475000
-3.230000 25.220000 -30.475000
-3.230000 19.580000 -30.475000
-3.170000 25.250000 -30.355000
-3.230000 25.250000 -30.355000
-3.230000 25.250000 -30.445000
-3.170000 25.250000 -30.445000
-3.260000 19.580000 -30.355000
-3.260000 19.580000 -30.445000
-3.260000 25.220000 -30.445000
-3.260000 25.220000 -30.355000
-3.170000 19.550000 -30.355000
-3.170000 19.550000 -30.445000
-3.230000 19.550000 -30.445000
-3.230000 19.550000 -30.355000
-3.140000 19.580000 -30.355000
-3.148787 19.558787 -30.355000
-3.152679 19.562680 -30.337679
-3.148787 19.580000 -30.333786
-3.170000 19.550000 -30.355000
-3.170000 19.558787 -30.333786
-3.152679 19.562680 -30.337679
-3.148787 19.558787 -30.355000
-3.170000 19.580000 -30.324999
-3.148787 19.580000 -30.333786
-3.152679 19.562680 -30.337679
-3.170000 19.558787 -30.333786
-3.170000 25.220000 -30.324999
-3.170000 25.241213 -30.333786
-3.152679 25.237320 -30.337679
-3.148787 25.220000 -30.333786
-3.170000 25.250000 -30.355000
-3.148787 25.241213 -30.355000
-3.152679 25.237320 -30.337679
-3.170000 25.241213 -30.333786
-3.140000 25.220000 -30.355000
-3.148787 25.220000 -30.333786
-3.152679 25.237320 -30.337679
-3.148787 25.241213 -30.355000
-3.140000 19.580000 -30.445000
-3.148787 19.580000 -30.466213
-3.152679 19.562680 -30.462320
-3.148787 19.558787 -30.445000
-3.170000 19.580000 -30.475000
-3.170000 19.558787 -30.466213
-3.152679 19.562680 -30.462320
-3.148787 19.580000 -30.466213
-3.170000 19.550000 -30.445000
-3.148787 19.558787 -30.445000
-3.152679 19.562680 -30.462320
-3.170000 19.558787 -30.466213
-3.140000 25.220000 -30.445000
-3.148787 25.241213 -30.445000
-3.152679 25.237320 -30.462320
-3.148787 25.220000 -30.466213
-3.170000 25.250000 -30.445000
-3.170000 25.241213 -30.466213
-3.152679 25.237320 -30.462320
-3.148787 25.241213 -30.445000
-3.170000 25.220000 -30.475000
-3.148787 25.220000 -30.466213
-3.152679 25.237320 -30.462320
-3.170000 25.241213 -30.466213
-3.230000 19.580000 -30.324999
-3.230000 19.558787 -30.333786
-3.247321 19.562680 -30.337679
-3.251213 19.580000 -30.333786
-3.230000 19.550000 -30.355000
-3.251213 19.558787 -30.355000
-3.247321 19.562680 -30.337679
-3.230000 19.558787 -30.333786
-3.260000 19.580000 -30.355000
-3.251213 19.580000 -30.333786
-3.247321 19.562680 -30.337679
-3.251213 19.558787 -30.355000
-3.230000 25.220000 -30.324999
-3.251213 25.220000 -30.333786
-3.247321 25.237320 -30.337679
-3.230000 25.241213 -30.333786
-3.260000 25.220000 -30.355000
-3.251213 25.241213 -30.355000
-3.247321 25.237320 -30.337679
-3.251213 25.220000 -30.333786
-3.230000 25.250000 -30.355000
-3.230000 25.241213 -30.333786
-3.247321 25.237320 -30.337679
-3.251213 25.241213 -30.355000
-3.260000 19.580000 -30.445000
-3.251213 19.558787 -30.445000
-3.247321 19.562680 -30.462320
-3.251213 19.580000 -30.466213
-3.230000 19.550000 -30.445000
-3.230000 19.558787 -30.466213
-3.247321 19.562680 -30.462320
-3.251213 19.558787 -30.445000
-3.230000 19.580000 -30.475000
-3.251213 19.580000 -30.466213
-3.247321 19.562680 -30.462320
-3.230000 19.558787 -30.466213
-3.230000 25.220000 -30.475000
-3.230000 25.241213 -30.466213
-3.247321 25.237320 -30.462320
-3.251213 25.220000 -30.466213
-3.230000 25.250000 -30.445000
-3.251213 25.241213 -30.445000
-3.247321 25.237320 -30.462320
-3.230000 25.241213 -30.466213
-3.260000 25.220000 -30.445000
-3.251213 25.220000 -30.466213
-3.247321 25.237320 -30.462320
-3.251213 25.241213 -30.445000
-3.140000 19.580000 -30.445000
-3.148787 19.558787 -30.445000
-3.148787 19.558787 -30.355000
-3.148787 19.558787 -30.355000
-3.148787 19.558787 -30.445000
-3.170000 19.550000 -30.445000
-3.170000 19.550000 -30.355000
-3.170000 19.550000 -30.355000
-3.230000 19.550000 -30.355000
-3.230000 19.558787 -30.333786
-3.170000 19.558787 -30.333786
-3.230000 19.580000 -30.324999
-3.170000 19.580000 -30.324999
-3.230000 19.550000 -30.355000
-3.230000 19.550000 -30.445000
-3.251213 19.558787 -30.445000
-3.251213 19.558787 -30.355000
-3.251213 19.558787 -30.355000
-3.251213 19.558787 -30.445000
-3.260000 19.580000 -30.355000
-3.170000 19.580000 -30.475000
-3.230000 19.580000 -30.475000
-3.230000 19.558787 -30.466213
-3.170000 19.558787 -30.466213
-3.230000 19.550000 -30.445000
-3.170000 19.550000 -30.445000
-3.170000 25.220000 -30.324999
-3.230000 25.220000 -30.324999
-3.230000 25.241213 -30.333786
-3.170000 25.241213 -30.333786
-3.230000 25.250000 -30.355000
-3.170000 25.250000 -30.355000
-3.170000 25.250000 -30.355000
-3.170000 25.250000 -30.445000
-3.148787 25.241213 -30.445000
-3.148787 25.241213 -30.355000
-3.148787 25.241213 -30.355000
-3.148787 25.241213 -30.445000
-3.140000 25.220000 -30.355000
-3.170000 25.250000 -30.445000
-3.230000 25.250000 -30.445000
-3.230000 25.241213 -30.466213
-3.170000 25.241213 -30.466213
-3.230000 25.220000 -30.475000
-3.170000 25.220000 -30.475000
-3.260000 25.220000 -30.445000
-3.251213 25.241213 -30.445000
-3.251213 25.241213 -30.355000
-3.251213 25.241213 -30.355000
-3.251213 25.241213 -30.445000
-3.230000 25.250000 -30.445000
-3.230000 25.250000 -30.355000
-3.170000 19.580000 -30.324999
-3.170000 25.220000 -30.324999
-3.148787 25.220000 -30.333786
-3.148787 19.580000 -30.333786
-3.148787 19.580000 -30.333786
-3.148787 25.220000 -30.333786
-3.140000 25.220000 -30.355000
-3.140000 19.580000 -30.355000
-3.260000 19.580000 -30.355000
-3.260000 25.220000 -30.355000
-3.251213 25.220000 -30.333786
-3.251213 19.580000 -30.333786
-3.251213 19.580000 -30.333786
-3.251213 25.220000 -30.333786
-3.230000 25.220000 -30.324999
-3.230000 19.580000 -30.324999
-3.140000 19.580000 -30.445000
-3.140000 25.220000 -30.445000
-3.148787 25.220000 -30.466213
-3.148787 19.580000 -30.466213
-3.148787 19.580000 -30.466213
-3.148787 25.220000 -30.466213
-3.170000 25.220000 -30.475000
-3.170000 19.580000 -30.475000
-3.230000 19.580000 -30.475000
-3.230000 25.220000 -30.475000
-3.251213 25.220000 -30.466213
-3.251213 19.580000 -30.466213
-3.251213 19.580000 -30.466213
-3.251213 25.220000 -30.466213
-3.260000 25.220000 -30.445000
-3.260000 19.580000 -30.445000
-3.140000 19.580000 -30.355000
-3.140000 25.220000 -30.355000
-3.140000 25.220000 -30.445000
-3.140000 19.580000 -30.445000
3.220000 25.365000 -30.324999
-3.220000 25.365000 -30.324999
-3.220000 25.434999 -30.324999
3.220000 25.434999 -30.324999
3.220000 25.365000 -30.475000
3.220000 25.434999 -30.475000
-3.220000 25.434999 -30.475000
-3.220000 25.365000 -30.475000
3.220000 25.464999 -30.355000
-3.220000 25.464999 -30.355000
-3.220000 25.464999 -30.445000
3.220000 25.464999 -30.445000
-3.250000 25.365000 -30.355000
-3.250000 25.365000 -30.445000
-3.250000 25.434999 -30.445000
-3.250000 25.434999 -30.355000
3.220000 25.335000 -30.355000
3.220000 25.335000 -30.445000
-3.220000 25.335000 -30.445000
-3.220000 25.335000 -30.355000
3.250000 25.365000 -30.355000
3.241214 25.343786 -30.355000
3.237321 25.347679 -30.337679
3.241214 25.365000 -30.333786
3.220000 25.335000 -30.355000
3.220000 25.343786 -30.333786
3.237321 25.347679 -30.337679
3.241214 25.343786 -30.355000
3.220000 25.365000 -30.324999
3.241214 25.365000 -30.333786
3.237321 25.347679 -30.337679
3.220000 25.343786 -30.333786
3.220000 25.434999 -30.324999
3.220000 25.456213 -30.333786
3.237321 25.452320 -30.337679
3.241214 25.434999 -30.333786
3.220000 25.464999 -30.355000
3.241214 25.456213 -30.355000
3.237321 25.452320 -30.337679
3.220000 25.456213 -30.333786
3.250000 25.434999 -30.355000
3.241214 25.434999 -30.333786
3.237321 25.452320 -30.337679
3.241214 25.456213 -30.355000
3.250000 25.365000 -30.445000
3.241214 25.365000 -30.466213
3.237321 25.347679 -30.462320
3.241214 25.343786 -30.445000
3.220000 25.365000 -30.475000
3.220000 25.343786 -30.466213
3.237321 25.347679 -30.462320
3.241214 25.365000 -30.466213
3.220000 25.335000 -30.445000
3.241214 25.343786 -30.445000
3.237321 25.347679 -30.462320
3.220000 25.343786 -30.466213
3.250000 25.434999 -30.445000
3.241214 25.456213 -30.445000
3.237321 25.452320 -30.462320
3.241214 25.434999 -30.466213
3.220000 25.464999 -30.445000
3.220000 25.456213 -30.466213
3.237321 25.452320 -30.462320
3.241214 25.456213 -30.445000
3.220000 25.434999 -30.475000
3.241214 25.434999 -30.466213
3.237321 25.452320 -30.462320
3.220000 25.456213 -30.466213
-3.220000 25.365000 -30.324999
-3.220000 25.343786 -30.333786
-3.237321 25.347679 -30.337679
-3.241214 25.365000 -30.333786
-3.220000 25.335000 -30.355000
-3.241214 25.343786 -30.355000
-3.237321 25.347679 -30.337679
-3.220000 25.343786 -30.333786
-3.250000 25.365000 -30.355000
-3.241214 25.365000 -30.333786
-3.237321 25.347679 -30.337679
-3.241214 25.343786 -30.355000
-3.220000 25.434999 -30.324999
-3.241214 25.434999 -30.333786
-3.237321 25.452320 -30.337679
-3.220000 25.456213 -30.333786
-3.250000 25.434999 -30.355000
-3.241214 25.456213 -30.355000
-3.237321 25.452320 -30.337679
-3.241214 25.434999 -30.333786
-3.220000 25.464999 -30.355000
-3.220000 25.456213 -30.333786
-3.237321 25.452320 -30.337679
-3.241214 25.456213 -30.355000
-3.250000 25.365000 -30.445000
-3.241214 25.343786 -30.445000
-3.237321 25.347679 -30.462320
-3.241214 25.365000 -30.466213
-3.220000 25.335000 -30.445000
-3.220000 25.343786 -30.466213
-3.237321 25.347679 -30.462320
-3.241214 25.343786 -30.445000
-3.220000 25.365000 -30.475000
-3.241214 25.365000 -30.466213
-3.237321 25.347679 -30.462320
-3.220000 25.343786 -30.466213
-3.220000 25.434999 -30.475000
-3.220000 25.456213 -30.466213
-3.237321 25.452320 -30.462320
-3.241214 25.434999 -30.466213
-3.220000 25.464999 -30.445000
-3.241214 25.456213 -30.445000
-3.237321 25.452320 -30.462320
-3.220000 25.456213 -30.466213
-3.250000 25.434999 -30.445000
-3.241214 25.434999 -30.466213
-3.237321 25.452320 -30.462320
-3.241214 25.456213 -30.445000
3.250000 25.365000 -30.355000
3.250000 25.365000 -30.445000
3.241214 25.343786 -30.445000
3.241214 25.343786 -30.355000
3.241214 25.343786 -30.355000
3.241214 25.343786 -30.445000
3.220000 25.335000 -30.445000
3.220000 25.335000 -30.355000
3.220000 25.335000 -30.355000
-3.220000 25.335000 -30.355000
-3.220000 25.343786 -30.333786
3.220000 25.343786 -30.333786
3.220000 25.343786 -30.333786
-3.220000 25.343786 -30.333786
-3.220000 25.365000 -30.324999
3.220000 25.365000 -30.324999
-3.220000 25.335000 -30.355000
-3.220000 25.335000 -30.445000
-3.241214 25.343786 -30.445000
-3.241214 25.343786 -30.355000
-3.241214 25.343786 -30.355000
-3.241214 25.343786 -30.445000
-3.250000 25.365000 -30.445000
-3.250000 25.365000 -30.355000
3.220000 25.365000 -30.475000
-3.220000 25.365000 -30.475000
-3.220000 25.343786 -30.466213
3.220000 25.343786 -30.466213
3.220000 25.343786 -30.466213
-3.220000 25.343786 -30.466213
-3.220000 25.335000 -30.445000
3.220000 25.335000 -30.445000
3.220000 25.434999 -30.324999
-3.220000 25.434999 -30.324999
-3.220000 25.456213 -30.333786
3.220000 25.456213 -30.333786
3.220000 25.456213 -30.333786
-3.220000 25.456213 -30.333786
-3.220000 25.464999 -30.355000
3.220000 25.464999 -30.355000
3.220000 25.464999 -30.355000
3.220000 25.464999 -30.445000
3.241214 25.456213 -30.445000
3.241214 25.456213 -30.355000
3.241214 25.456213 -30.355000
3.241214 25.456213 -30.445000
3.250000 25.434999 -30.445000
3.250000 25.434999 -30.355000
3.220000 25.464999 -30.445000
-3.220000 25.464999 -30.445000
-3.220000 25.456213 -30.466213
3.220000 25.456213 -30.466213
3.220000 25.456213 -30.466213
-3.220000 25.456213 -30.466213
-3.220000 25.434999 -30.475000
3.220000 25.434999 -30.475000
-3.250000 25.434999 -30.355000
-3.250000 25.434999 -30.445000
-3.241214 25.456213 -30.445000
-3.241214 25.456213 -30.355000
-3.241214 25.456213 -30.355000
-3.241214 25.456213 -30.445000
-3.220000 25.464999 -30.445000
-3.220000 25.464999 -30.355000
3.220000 25.365000 -30.324999
3.220000 25.434999 -30.324999
3.241214 25.434999 -30.333786
3.241214 25.365000 -30.333786
3.241214 25.365000 -30.333786
3.241214 25.434999 -30.333786
3.250000 25.434999 -30.355000
3.250000 25.365000 -30.355000
-3.250000 25.365000 -30.355000
-3.250000 25.434999 -30.355000
-3.241214 25.434999 -30.333786
-3.241214 25.365000 -30.333786
-3.241214 25.365000 -30.333786
-3.241214 25.434999 -30.333786
-3.220000 25.434999 -30.324999
-3.220000 25.365000 -30.324999
3.250000 25.365000 -30.445000
3.250000 25.434999 -30.445000
3.241214 25.434999 -30.466213
3.241214 25.365000 -30.466213
3.241214 25.365000 -30.466213
3.241214 25.434999 -30.466213
3.220000 25.434999 -30.475000
3.220000 25.365000 -30.475000
-3.220000 25.365000 -30.475000
-3.220000 25.434999 -30.475000
-3.241214 25.434999 -30.466213
-3.241214 25.365000 -30.466213
-3.241214 25.365000 -30.466213
-3.241214 25.434999 -30.466213
-3.250000 25.434999 -30.445000
-3.250000 25.365000 -30.445000
3.250000 25.365000 -30.355000
3.250000 25.434999 -30.355000
3.250000 25.434999 -30.445000
3.250000 25.365000 -30.445000
-1.600000 41.000000 -57.899994
-1.529392 40.996199 -57.929283
-1.500145 40.994623 -57.999996
-1.529392 40.996199 -58.070705
-1.600000 41.000000 -58.099995
-1.670608 41.003801 -58.070705
-1.699855 41.005377 -57.999996
-1.670608 41.003801 -57.929283
-0.829392 53.996197 -57.929295
-0.900000 54.000000 -57.900005
-0.970608 54.003803 -57.929295
-0.999855 54.005379 -58.000004
-0.970608 54.003803 -58.070717
-0.900000 54.000000 -58.100006
-0.829392 53.996197 -58.070717
-0.800145 53.994621 -58.000004
-1.600000 41.000000 -57.899994
-1.670608 41.003801 -57.929283
-0.970608 54.003803 -57.929295
-0.900000 54.000000 -57.900005
-1.670608 41.003801 -57.929283
-1.699855 41.005377 -57.999996
-0.999855 54.005379 -58.000004
-0.970608 54.003803 -57.929295
-1.699855 41.005377 -57.999996
-1.670608 41.003801 -58.070705
-0.970608 54.003803 -58.070717
-0.999855 54.005379 -58.000004
-1.670608 41.003801 -58.070705
-1.600000 41.000000 -58.099995
-0.900000 54.000000 -58.100006
-0.970608 54.003803 -58.070717
-1.600000 41.000000 -58.099995
-1.529392 40.996199 -58.070705
-0.829392 53.996197 -58.070717
-0.900000 54.000000 -58.100006
-1.529392 40.996199 -58.070705
-1.500145 40.994623 -57.999996
-0.800145 53.994621 -58.000004
-0.829392 53.996197 -58.070717
-1.500145 40.994623 -57.999996
-1.529392 40.996199 -57.929283
-0.829392 53.996197 -57.929295
-0.800145 53.994621 -58.000004
-1.529392 40.996199 -57.929283
-1.600000 41.000000 -57.899994
-0.900000 54.000000 -57.900005
-0.829392 53.996197 -57.929295
0.713403 41.000000 -59.435642
0.703464 40.996199 -59.359848
0.750077 40.994623 -59.299164
0.825938 40.996199 -59.289139
0.886608 41.000000 -59.335644
0.896547 41.003803 -59.411434
0.849933 41.005377 -59.472118
0.774072 41.003803 -59.482147
0.353453 53.996197 -58.753628
0.363392 54.000000 -58.829418
0.424062 54.003803 -58.875923
0.499923 54.005375 -58.865898
0.546536 54.003803 -58.805214
0.536597 54.000000 -58.729420
0.475928 53.996197 -58.682915
0.400067 53.994621 -58.692944
0.713403 41.000000 -59.435642
0.774072 41.003803 -59.482147
0.424062 54.003803 -58.875923
0.363392 54.000000 -58.829418
0.774072 41.003803 -59.482147
0.849933 41.005377 -59.472118
0.499923 54.005375 -58.865898
0.424062 54.003803 -58.875923
0.849933 41.005377 -59.472118
0.896547 41.003803 -59.411434
0.546536 54.003803 -58.805214
0.499923 54.005375 -58.865898
0.896547 41.003803 -59.411434
0.886608 41.000000 -59.335644
0.536597 54.000000 -58.729420
0.546536 54.003803 -58.805214
0.886608 41.000000 -59.335644
0.825938 40.996199 -59.289139
0.475928 53.996197 -58.682915
0.536597 54.000000 -58.729420
0.825938 40.996199 -59.289139
0.750077 40.994623 -59.299164
0.400067 53.994621 -58.692944
0.475928 53.996197 -58.682915
0.750077 40.994623 -59.299164
0.703464 40.996199 -59.359848
0.353453 53.996197 -58.753628
0.400067 53.994621 -58.692944
0.703464 40.996199 -59.359848
0.713403 41.000000 -59.435642
0.363392 54.000000 -58.829418
0.353453 53.996197 -58.753628
0.886597 41.000000 -56.664364
0.825928 40.996197 -56.710869
0.750067 40.994623 -56.700840
0.703453 40.996197 -56.640156
0.713392 41.000000 -56.564365
0.774062 41.003801 -56.517860
0.849922 41.005377 -56.527885
0.896536 41.003801 -56.588570
0.475938 53.996197 -57.317078
0.536608 54.000000 -57.270573
0.546547 54.003803 -57.194782
0.499933 54.005379 -57.134098
0.424072 54.003803 -57.124069
0.363403 54.000000 -57.170574
0.353464 53.996197 -57.246368
0.400078 53.994625 -57.307053
0.886597 41.000000 -56.664364
0.896536 41.003801 -56.588570
0.546547 54.003803 -57.194782
0.536608 54.000000 -57.270573
0.896536 41.003801 -56.588570
0.849922 41.005377 -56.527885
0.499933 54.005379 -57.134098
0.546547 54.003803 -57.194782
0.849922 41.005377 -56.527885
0.774062 41.003801 -56.517860
0.424072 54.003803 -57.124069
0.499933 54.005379 -57.134098
0.774062 41.003801 -56.517860
0.713392 41.000000 -56.564365
0.363403 54.000000 -57.170574
0.424072 54.003803 -57.124069
0.713392 41.000000 -56.564365
0.703453 40.996197 -56.640156
0.353464 53.996197 -57.246368
0.363403 54.000000 -57.170574
0.703453 40.996197 -56.640156
0.750067 40.994623 -56.700840
0.400078 53.994625 -57.307053
0.353464 53.996197 -57.246368
0.750067 40.994623 -56.700840
0.825928 40.996197 -56.710869
0.475938 53.996197 -57.317078
0.400078 53.994625 -57.307053
0.825928 40.996197 -56.710869
0.886597 41.000000 -56.664364
0.536608 54.000000 -57.270573
0.475938 53.996197 -57.317078
66.375000 18.425000 53.619999
66.024994 18.425000 53.619999
66.024994 18.575000 53.619999
66.375000 18.575000 53.619999
66.375000 18.425000 53.520000
66.375000 18.575000 53.520000
66.024994 18.575000 53.520000
66.024994 18.425000 53.520000
66.375000 18.625000 53.570000
66.024994 18.625000 53.570000
66.024994 18.625000 53.570000
66.375000 18.625000 53.570000
65.974998 18.425000 53.570000
65.974998 18.425000 53.570000
65.974998 18.575000 53.570000
65.974998 18.575000 53.570000
66.375000 18.375000 53.570000
66.375000 18.375000 53.570000
66.024994 18.375000 53.570000
66.024994 18.375000 53.570000
66.424995 18.425000 53.570000
66.410355 18.389645 53.570000
66.403862 18.396132 53.598866
66.410355 18.425000 53.605354
66.375000 18.375000 53.570000
66.375000 18.389645 53.605354
66.403862 18.396132 53.598866
66.410355 18.389645 53.570000
66.375000 18.425000 53.619999
66.410355 18.425000 53.605354
66.403862 18.396132 53.598866
66.375000 18.389645 53.605354
66.375000 18.575000 53.619999
66.375000 18.610355 53.605354
66.403862 18.603868 53.598866
66.410355 18.575000 53.605354
66.375000 18.625000 53.570000
66.410355 18.610355 53.570000
66.403862 18.603868 53.598866
66.375000 18.610355 53.605354
66.424995 18.575000 53.570000
66.410355 18.575000 53.605354
66.403862 18.603868 53.598866
66.410355 18.610355 53.570000
66.424995 18.425000 53.570000
66.410355 18.425000 53.534645
66.403862 18.396132 53.541134
66.410355 18.389645 53.570000
66.375000 18.425000 53.520000
66.375000 18.389645 53.534645
66.403862 18.396132 53.541134
66.410355 18.425000 53.534645
66.375000 18.375000 53.570000
66.410355 18.389645 53.570000
66.403862 18.396132 53.541134
66.375000 18.389645 53.534645
66.424995 18.575000 53.570000
66.410355 18.610355 53.570000
66.403862 18.603868 53.541134
66.410355 18.575000 53.534645
66.375000 18.625000 53.570000
66.375000 18.610355 53.534645
66.403862 18.603868 53.541134
66.410355 18.610355 53.570000
66.375000 18.575000 53.520000
66.410355 18.575000 53.534645
66.403862 18.603868 53.541134
66.375000 18.610355 53.534645
66.024994 18.425000 53.619999
66.024994 18.389645 53.605354
65.996132 18.396132 53.598866
65.989639 18.425000 53.605354
66.024994 18.375000 53.570000
65.989639 18.389645 53.570000
65.996132 18.396132 53.598866
66.024994 18.389645 53.605354
65.974998 18.425000 53.570000
65.989639 18.425000 53.605354
65.996132 18.396132 53.598866
65.989639 18.389645 53.570000
66.024994 18.575000 53.619999
65.989639 18.575000 53.605354
65.996132 18.603868 53.598866
66.024994 18.610355 53.605354
65.974998 18.575000 53.570000
65.989639 18.610355 53.570000
65.996132 18.603868 53.598866
65.989639 18.575000 53.605354
66.024994 18.625000 53.570000
66.024994 18.610355 53.605354
65.996132 18.603868 53.598866
65.989639 18.610355 53.570000
65.974998 18.425000 53.570000
65.989639 18.389645 53.570000
65.996132 18.396132 53.541134
65.989639 18.425000 53.534645
66.024994 18.375000 53.570000
66.024994 18.389645 53.534645
65.996132 18.396132 53.541134
65.989639 18.389645 53.570000
66.024994 18.425000 53.520000
65.989639 18.425000 53.534645
65.996132 18.396132 53.541134
66.024994 18.389645 53.534645
66.024994 18.575000 53.520000
66.024994 18.610355 53.534645
65.996132 18.603868 53.541134
65.989639 18.575000 53.534645
66.024994 18.625000 53.570000
65.989639 18.610355 53.570000
65.996132 18.603868 53.541134
66.024994 18.610355 53.534645
65.974998 18.575000 53.570000
65.989639 18.575000 53.534645
65.996132 18.603868 53.541134
65.989639 18.610355 53.570000
66.424995 18.425000 53.570000
66.424995 18.425000 53.570000
66.410355 18.389645 53.570000
66.410355 18.389645 53.570000
66.410355 18.389645 53.570000
66.410355 18.389645 53.570000
66.375000 18.375000 53.570000
66.375000 18.375000 53.570000
66.375000 18.375000 53.570000
66.024994 18.375000 53.570000
66.024994 18.389645 53.605354
66.375000 18.389645 53.605354
66.375000 18.389645 53.605354
66.024994 18.389645 53.605354
66.024994 18.425000 53.619999
66.375000 18.425000 53.619999
66.024994 18.375000 53.570000
66.024994 18.375000 53.570000
65.989639 18.389645 53.570000
65.989639 18.389645 53.570000
65.989639 18.389645 53.570000
65.989639 18.389645 53.570000
65.974998 18.425000 53.570000
65.974998 18.425000 53.570000
66.375000 18.425000 53.520000
66.024994 18.425000 53.520000
66.024994 18.389645 53.534645
66.375000 18.389645 53.534645
66.375000 18.389645 53.534645
66.024994 18.389645 53.534645
66.024994 18.375000 53.570000
66.375000 18.375000 53.570000
66.375000 18.575000 53.619999
66.024994 18.575000 53.619999
66.024994 18.610355 53.605354
66.375000 18.610355 53.605354
66.375000 18.610355 53.605354
66.024994 18.610355 53.605354
66.024994 18.625000 53.570000
66.375000 18.625000 53.570000
66.375000 18.625000 53.570000
66.375000 18.625000 53.570000
66.410355 18.610355 53.570000
66.410355 18.610355 53.570000
66.410355 18.610355 53.570000
66.410355 18.610355 53.570000
66.424995 18.575000 53.570000
66.424995 18.575000 53.570000
66.375000 18.625000 53.570000
66.024994 18.625000 53.570000
66.024994 18.610355 53.534645
66.375000 18.610355 53.534645
66.375000 18.610355 53.534645
66.024994 18.610355 53.534645
66.024994 18.575000 53.520000
66.375000 18.575000 53.520000
65.974998 18.575000 53.570000
65.974998 18.575000 53.570000
65.989639 18.610355 53.570000
65.989639 18.610355 53.570000
65.989639 18.610355 53.570000
65.989639 18.610355 53.570000
66.024994 18.625000 53.570000
66.024994 18.625000 53.570000
66.375000 18.425000 53.619999
66.375000 18.575000 53.619999
66.410355 18.575000 53.605354
66.410355 18.425000 53.605354
66.410355 18.425000 53.605354
66.410355 18.575000 53.605354
66.424995 18.575000 53.570000
66.424995 18.425000 53.570000
65.974998 18.425000 53.570000
65.974998 18.575000 53.570000
65.989639 18.575000 53.605354
65.989639 18.425000 53.605354
65.989639 18.425000 53.605354
65.989639 18.575000 53.605354
66.024994 18.575000 53.619999
66.024994 18.425000 53.619999
66.424995 18.425000 53.570000
66.424995 18.575000 53.570000
66.410355 18.575000 53.534645
66.410355 18.425000 53.534645
66.410355 18.425000 53.534645
66.410355 18.575000 53.534645
66.375000 18.575000 53.520000
66.375000 18.425000 53.520000
66.024994 18.425000 53.520000
66.024994 18.575000 53.520000
65.989639 18.575000 53.534645
65.989639 18.425000 53.534645
65.989639 18.425000 53.534645
65.989639 18.575000 53.534645
65.974998 18.575000 53.570000
65.974998 18.425000 53.570000
66.424995 18.425000 53.570000
66.424995 18.575000 53.570000
66.424995 18.575000 53.570000
66.424995 18.425000 53.570000
63.974998 18.425000 53.619999
63.625000 18.425000 53.619999
63.625000 18.575000 53.619999
63.974998 18.575000 53.619999
63.974998 18.425000 53.520000
63.974998 18.575000 53.520000
63.625000 18.575000 53.520000
63.625000 18.425000 53.520000
63.974998 18.625000 53.570000
63.625000 18.625000 53.570000
63.625000 18.625000 53.570000
63.974998 18.625000 53.570000
63.575001 18.425000 53.570000
63.575001 18.425000 53.570000
63.575001 18.575000 53.570000
63.575001 18.575000 53.570000
63.974998 18.375000 53.570000
63.974998 18.375000 53.570000
63.625000 18.375000 53.570000
63.625000 18.375000 53.570000
64.025002 18.425000 53.570000
64.010353 18.389645 53.570000
64.003868 18.396132 53.598866
64.010353 18.425000 53.605354
63.974998 18.375000 53.570000
63.974998 18.389645 53.605354
64.003868 18.396132 53.598866
64.010353 18.389645 53.570000
63.974998 18.425000 53.619999
64.010353 18.425000 53.605354
64.003868 18.396132 53.598866
63.974998 18.389645 53.605354
63.974998 18.575000 53.619999
63.974998 18.610355 53.605354
64.003868 18.603868 53.598866
64.010353 18.575000 53.605354
63.974998 18.625000 53.570000
64.010353 18.610355 53.570000
64.003868 18.603868 53.598866
63.974998 18.610355 53.605354
64.025002 18.575000 53.570000
64.010353 18.575000 53.605354
64.003868 18.603868 53.598866
64.010353 18.610355 53.570000
64.025002 18.425000 53.570000
64.010353 18.425000 53.534645
64.003868 18.396132 53.541134
64.010353 18.389645 53.570000
63.974998 18.425000 53.520000
63.974998 18.389645 53.534645
64.003868 18.396132 53.541134
64.010353 18.425000 53.534645
63.974998 18.375000 53.570000
64.010353 18.389645 53.570000
64.003868 18.396132 53.541134
63.974998 18.389645 53.534645
64.025002 18.575000 53.570000
64.010353 18.610355 53.570000
64.003868 18.603868 53.541134
64.010353 18.575000 53.534645
63.974998 18.625000 53.570000
63.974998 18.610355 53.534645
64.003868 18.603868 53.541134
64.010353 18.610355 53.570000
63.974998 18.575000 53.520000
64.010353 18.575000 53.534645
64.003868 18.603868 53.541134
63.974998 18.610355 53.534645
63.625000 18.425000 53.619999
63.625000 18.389645 53.605354
63.596130 18.396132 53.598866
63.589645 18.425000 53.605354
63.625000 18.375000 53.570000
63.589645 18.389645 53.570000
63.596130 18.396132 53.598866
63.625000 18.389645 53.605354
63.575001 18.425000 53.570000
63.589645 18.425000 53.605354
63.596130 18.396132 53.598866
63.589645 18.389645 53.570000
63.625000 18.575000 53.619999
63.589645 18.575000 53.605354
63.596130 18.603868 53.598866
63.625000 18.610355 53.605354
63.575001 18.575000 53.570000
63.589645 18.610355 53.570000
63.596130 18.603868 53.598866
63.589645 18.575000 53.605354
63.625000 18.625000 53.570000
63.625000 18.610355 53.605354
63.596130 18.603868 53.598866
63.589645 18.610355 53.570000
63.575001 18.425000 53.570000
63.589645 18.389645 53.570000
63.596130 18.396132 53.541134
63.589645 18.425000 53.534645
63.625000 18.375000 53.570000
63.625000 18.389645 53.534645
63.596130 18.396132 53.541134
63.589645 18.389645 53.570000
63.625000 18.425000 53.520000
63.589645 18.425000 53.534645
63.596130 18.396132 53.541134
63.625000 18.389645 53.534645
63.625000 18.575000 53.520000
63.625000 18.610355 53.534645
63.596130 18.603868 53.541134
63.589645 18.575000 53.534645
63.625000 18.625000 53.570000
63.589645 18.610355 53.570000
63.596130 18.603868 53.541134
63.625000 18.610355 53.534645
63.575001 18.575000 53.570000
63.589645 18.575000 53.534645
63.596130 18.603868 53.541134
63.589645 18.610355 53.570000
64.025002 18.425000 53.570000
64.025002 18.425000 53.570000
64.010353 18.389645 53.570000
64.010353 18.389645 53.570000
64.010353 18.389645 53.570000
64.010353 18.389645 53.570000
63.974998 18.375000 53.570000
63.974998 18.375000 53.570000
63.974998 18.375000 53.570000
63.625000 18.375000 53.570000
63.625000 18.389645 53.605354
63.974998 18.389645 53.605354
63.974998 18.389645 53.605354
63.625000 18.389645 53.605354
63.625000 18.425000 53.619999
63.974998 18.425000 53.619999
63.625000 18.375000 53.570000
63.625000 18.375000 53.570000
63.589645 18.389645 53.570000
63.589645 18.389645 53.570000
63.589645 18.389645 53.570000
63.589645 18.389645 53.570000
63.575001 18.425000 53.570000
63.575001 18.425000 53.570000
63.974998 18.425000 53.520000
63.625000 18.425000 53.520000
63.625000 18.389645 53.534645
63.974998 18.389645 53.534645
63.974998 18.389645 53.534645
63.625000 18.389645 53.534645
63.625000 18.375000 53.570000
63.974998 18.375000 53.570000
63.974998 18.575000 53.619999
63.625000 18.575000 53.619999
63.625000 18.610355 53.605354
63.974998 18.610355 53.605354
63.974998 18.610355 53.605354
63.625000 18.610355 53.605354
63.625000 18.625000 53.570000
63.974998 18.625000 53.570000
63.974998 18.625000 53.570000
63.974998 18.625000 53.570000
64.010353 18.610355 53.570000
64.010353 18.610355 53.570000
64.010353 18.610355 53.570000
64.010353 18.610355 53.570000
64.025002 18.575000 53.570000
64.025002 18.575000 53.570000
63.974998 18.625000 53.570000
63.625000 18.625000 53.570000
63.625000 18.610355 53.534645
63.974998 18.610355 53.534645
63.974998 18.610355 53.534645
63.625000 18.610355 53.534645
63.625000 18.575000 53.520000
63.974998 18.575000 53.520000
63.575001 18.575000 53.570000
63.575001 18.575000 53.570000
63.589645 18.610355 53.570000
63.589645 18.610355 53.570000
63.589645 18.610355 53.570000
63.589645 18.610355 53.570000
63.625000 18.625000 53.570000
63.625000 18.625000 53.570000
63.974998 18.425000 53.619999
63.974998 18.575000 53.619999
64.010353 18.575000 53.605354
64.010353 18.425000 53.605354
64.010353 18.425000 53.605354
64.010353 18.575000 53.605354
64.025002 18.575000 53.570000
64.025002 18.425000 53.570000
63.575001 18.425000 53.570000
63.575001 18.575000 53.570000
63.589645 18.575000 53.605354
63.589645 18.425000 53.605354
63.589645 18.425000 53.605354
63.589645 18.575000 53.605354
63.625000 18.575000 53.619999
63.625000 18.425000 53.619999
64.025002 18.425000 53.570000
64.025002 18.575000 53.570000
64.010353 18.575000 53.534645
64.010353 18.425000 53.534645
64.010353 18.425000 53.534645
64.010353 18.575000 53.534645
63.974998 18.575000 53.520000
63.974998 18.425000 53.520000
63.625000 18.425000 53.520000
63.625000 18.575000 53.520000
63.589645 18.575000 53.534645
63.589645 18.425000 53.534645
63.589645 18.425000 53.534645
63.589645 18.575000 53.534645
63.575001 18.575000 53.570000
63.575001 18.425000 53.570000
64.025002 18.425000 53.570000
64.025002 18.575000 53.570000
64.025002 18.575000 53.570000
64.025002 18.425000 53.570000
95.809998 17.431777 80.000000
95.865646 17.431777 80.134354
96.000000 17.431777 80.190002
96.134354 17.431777 80.134354
96.190002 17.431777 80.000000
96.134354 17.431777 79.865646
96.000000 17.431777 79.809998
95.865646 17.431777 79.865646
95.865646 17.681777 80.134354
95.809998 17.681777 80.000000
95.865646 17.681777 79.865646
96.000000 17.681777 79.809998
96.134354 17.681777 79.865646
96.190002 17.681777 80.000000
96.134354 17.681777 80.134354
96.000000 17.681777 80.190002
95.809998 17.431777 80.000000
95.865646 17.431777 79.865646
95.865646 17.681777 79.865646
95.809998 17.681777 80.000000
95.865646 17.431777 79.865646
96.000000 17.431777 79.809998
96.000000 17.681777 79.809998
95.865646 17.681777 79.865646
96.000000 17.431777 79.809998
96.134354 17.431777 79.865646
96.134354 17.681777 79.865646
96.000000 17.681777 79.809998
96.134354 17.431777 79.865646
96.190002 17.431777 80.000000
96.190002 17.681777 80.000000
96.134354 17.681777 79.865646
96.190002 17.431777 80.000000
96.134354 17.431777 80.134354
96.134354 17.681777 80.134354
96.190002 17.681777 80.000000
96.134354 17.431777 80.134354
96.000000 17.431777 80.190002
96.000000 17.681777 80.190002
96.134354 17.681777 80.134354
96.000000 17.431777 80.190002
95.865646 17.431777 80.134354
95.865646 17.681777 80.134354
96.000000 17.681777 80.190002
95.865646 17.431777 80.134354
95.809998 17.431777 80.000000
95.809998 17.681777 80.000000
95.865646 17.681777 80.134354
84.809998 18.075000 61.000000
84.865646 18.075000 61.134350
85.000000 18.075000 61.189999
85.134354 18.075000 61.134350
85.190002 18.075000 61.000000
85.134354 18.075000 60.865650
85.000000 18.075000 60.810001
84.865646 18.075000 60.865650
84.865646 18.325000 61.134350
84.809998 18.325000 61.000000
84.865646 18.325000 60.865650
85.000000 18.325000 60.810001
85.134354 18.325000 60.865650
85.190002 18.325000 61.000000
85.134354 18.325000 61.134350
85.000000 18.325000 61.189999
84.809998 18.075000 61.000000
84.865646 18.075000 60.865650
84.865646 18.325000 60.865650
84.809998 18.325000 61.000000
84.865646 18.075000 60.865650
85.000000 18.075000 60.810001
85.000000 18.325000 60.810001
84.865646 18.325000 60.865650
85.000000 18.075000 60.810001
85.134354 18.075000 60.865650
85.134354 18.325000 60.865650
85.000000 18.325000 60.810001
85.134354 18.075000 60.865650
85.190002 18.075000 61.000000
85.190002 18.325000 61.000000
85.134354 18.325000 60.865650
85.190002 18.075000 61.000000
85.134354 18.075000 61.134350
85.134354 18.325000 61.134350
85.190002 18.325000 61.000000
85.134354 18.075000 61.134350
85.000000 18.075000 61.189999
85.000000 18.325000 61.189999
85.134354 18.325000 61.134350
85.000000 18.075000 61.189999
84.865646 18.075000 61.134350
84.865646 18.325000 61.134350
85.000000 18.325000 61.189999
84.865646 18.075000 61.134350
84.809998 18.075000 61.000000
84.809998 18.325000 61.000000
84.865646 18.325000 61.134350
63.810001 17.789550 30.000000
63.865650 17.789550 30.134350
64.000000 17.789550 30.190001
64.134354 17.789550 30.134350
64.190002 17.789550 30.000000
64.134354 17.789550 29.865650
64.000000 17.789550 29.809999
63.865650 17.789550 29.865650
63.865650 18.039550 30.134350
63.810001 18.039550 30.000000
63.865650 18.039550 29.865650
64.000000 18.039550 29.809999
64.134354 18.039550 29.865650
64.190002 18.039550 30.000000
64.134354 18.039550 30.134350
64.000000 18.039550 30.190001
63.810001 17.789550 30.000000
63.865650 17.789550 29.865650
63.865650 18.039550 29.865650
63.810001 18.039550 30.000000
63.865650 17.789550 29.865650
64.000000 17.789550 29.809999
64.000000 18.039550 29.809999
63.865650 18.039550 29.865650
64.000000 17.789550 29.809999
64.134354 17.789550 29.865650
64.134354 18.039550 29.865650
64.000000 18.039550 29.809999
64.134354 17.789550 29.865650
64.190002 17.789550 30.000000
64.190002 18.039550 30.000000
64.134354 18.039550 29.865650
64.190002 17.789550 30.000000
64.134354 17.789550 30.134350
64.134354 18.039550 30.134350
64.190002 18.039550 30.000000
64.134354 17.789550 30.134350
64.000000 17.789550 30.190001
64.000000 18.039550 30.190001
64.134354 18.039550 30.134350
64.000000 17.789550 30.190001
63.865650 17.789550 30.134350
63.865650 18.039550 30.134350
64.000000 18.039550 30.190001
63.865650 17.789550 30.134350
63.810001 17.789550 30.000000
63.810001 18.039550 30.000000
63.865650 18.039550 30.134350
53.810001 17.480951 11.000000
53.865650 17.480951 11.134350
54.000000 17.480951 11.190000
54.134350 17.480951 11.134350
54.189999 17.480951 11.000000
54.134350 17.480951 10.865650
54.000000 17.480951 10.810000
53.865650 17.480951 10.865650
53.865650 17.730951 11.134350
53.810001 17.730951 11.000000
53.865650 17.730951 10.865650
54.000000 17.730951 10.810000
54.134350 17.730951 10.865650
54.189999 17.730951 11.000000
54.134350 17.730951 11.134350
54.000000 17.730951 11.190000
53.810001 17.480951 11.000000
53.865650 17.480951 10.865650
53.865650 17.730951 10.865650
53.810001 17.730951 11.000000
53.865650 17.480951 10.865650
54.000000 17.480951 10.810000
54.000000 17.730951 10.810000
53.865650 17.730951 10.865650
54.000000 17.480951 10.810000
54.134350 17.480951 10.865650
54.134350 17.730951 10.865650
54.000000 17.730951 10.810000
54.134350 17.480951 10.865650
54.189999 17.480951 11.000000
54.189999 17.730951 11.000000
54.134350 17.730951 10.865650
54.189999 17.480951 11.000000
54.134350 17.480951 11.134350
54.134350 17.730951 11.134350
54.189999 17.730951 11.000000
54.134350 17.480951 11.134350
54.000000 17.480951 11.190000
54.000000 17.730951 11.190000
54.134350 17.730951 11.134350
54.000000 17.480951 11.190000
53.865650 17.480951 11.134350
53.865650 17.730951 11.134350
54.000000 17.730951 11.190000
53.865650 17.480951 11.134350
53.810001 17.480951 11.000000
53.810001 17.730951 11.000000
53.865650 17.730951 11.134350
47.810001 17.179578 -12.000000
47.865650 17.179578 -11.865650
48.000000 17.179578 -11.810000
48.134350 17.179578 -11.865650
48.189999 17.179578 -12.000000
48.134350 17.179578 -12.134350
48.000000 17.179578 -12.190000
47.865650 17.179578 -12.134350
47.865650 17.429578 -11.865650
47.810001 17.429578 -12.000000
47.865650 17.429578 -12.134350
48.000000 17.429578 -12.190000
48.134350 17.429578 -12.134350
48.189999 17.429578 -12.000000
48.134350 17.429578 -11.865650
48.000000 17.429578 -11.810000
47.810001 17.179578 -12.000000
47.865650 17.179578 -12.134350
47.865650 17.429578 -12.134350
47.810001 17.429578 -12.000000
47.865650 17.179578 -12.134350
48.000000 17.179578 -12.190000
48.000000 17.429578 -12.190000
47.865650 17.429578 -12.134350
48.000000 17.179578 -12.190000
48.134350 17.179578 -12.134350
48.134350 17.429578 -12.134350
48.000000 17.429578 -12.190000
48.134350 17.179578 -12.134350
48.189999 17.179578 -12.000000
48.189999 17.429578 -12.000000
48.134350 17.429578 -12.134350
48.189999 17.179578 -12.000000
48.134350 17.179578 -11.865650
48.134350 17.429578 -11.865650
48.189999 17.429578 -12.000000
48.134350 17.179578 -11.865650
48.000000 17.179578 -11.810000
48.000000 17.429578 -11.810000
48.134350 17.429578 -11.865650
48.000000 17.179578 -11.810000
47.865650 17.179578 -11.865650
47.865650 17.429578 -11.865650
48.000000 17.429578 -11.810000
47.865650 17.179578 -11.865650
47.810001 17.179578 -12.000000
47.810001 17.429578 -12.000000
47.865650 17.429578 -11.865650
<Normals>: 5772
-0.000000 -1.000000 -0.000000
-0.000000 -1.000000 -0.000000
-0.000000 -1.000000 -0.000000
-0.000000 -1.000000 -0.000000
-0.000000 1.000000 -0.000000
-0.000000 1.000000 -0.000000
-0.000000 1.000000 -0.000000
-0.000000 1.000000 -0.000000
-0.000000 0.000000 1.000000
-0.000000 0.000000 1.000000
-0.000000 0.000000 1.000000
-0.000000 0.000000 1.000000
-0.000000 0.000000 -1.000000
-0.000000 0.000000 -1.000000
-0.000000 0.000000 -1.000000
-0.000000 0.000000 -1.000000
1.000000 0.000000 -0.000000
1.000000 0.000000 -0.000000
1.000000 0.000000 -0.000000
1.000000 0.000000 -0.000000
-1.000000 0.000000 -0.000000
-1.000000 0.000000 -0.000000
-1.000000 0.000000 -0.000000
-1.000000 0.000000 -0.000000
-0.000000 -1.000000 -0.000000
-0.000000 -1.000000 -0.000000
-0.000000 -1.000000 -0.000000
-0.000000 -1.000000 -0.000000
-0.000000 1.000000 -0.000000
-0.000000 1.000000 -0.000000
-0.000000 1.000000 -0.000000
-0.000000 1.000000 -0.000000
-0.000000 0.000000 1.000000
-0.000000 0.000000 1.000000
-0.000000 0.000000 1.000000
-0.000000 0.000000 1.000000
-0.000000 0.000000 -1.000000
-0.000000 0.000000 -1.000000
-0.000000 0.000000 -1.000000
-0.000000 0.000000 -1.000000
1.000000 0.000000 -0.000000
1.000000 0.000000 -0.000000
1.000000 0.000000 -0.000000
1.000000 0.000000 -0.000000
-1.000000 0.000000 -0.000000
-1.000000 0.000000 -0.000000
-1.000000 0.000000 -0.000000
-1.000000 0.000000 -0.000000
0.102020 -0.080609 0.991511
-0.102020 -0.080609 0.991511
-0.102020 0.080609 0.991511
0.102020 0.080609 0.991511
0.102021 -0.080610 -0.991511
0.102020 0.080608 -0.991511
-0.102020 0.080608 -0.991511
-0.102021 -0.080610 -0.991511
0.107454 0.994209 0.001293
-0.107454 0.994209 0.001293
-0.107454 0.994209 -0.001293
0.107454 0.994209 -0.001293
-0.996259 -0.086411 0.001313
-0.996259 -0.086411 -0.001313
-0.996259 0.086411 -0.001313
-0.996259 0.086411 0.001313
0.107454 -0.994209 0.001293
0.107454 -0.994209 -0.001293
-0.107454 -0.994209 -0.001293
-0.107454 -0.994209 0.001293
0.996255 -0.086449 0.001307
0.707094 -0.707119 0.001000
0.577354 -0.577363 0.577334
0.705584 -0.065430 0.705599
0.107532 -0.994201 0.001322
0.082353 -0.704715 0.704695
0.577337 -0.577353 0.577361
0.707113 -0.707100 0.000981
0.102090 -0.080660 0.991500
0.705580 -0.065394 0.705606
0.577363 -0.577341 0.577347
0.082331 -0.704697 0.704716
0.102082 0.080656 0.991501
0.082351 0.704694 0.704716
0.577336 0.577361 0.577354
0.705600 0.065426 0.705584
0.107537 0.994200 0.001311
0.707120 0.707093 0.000995
0.577363 0.577358 0.577330
0.082335 0.704726 0.704686
0.996256 0.086442 0.001314
0.705607 0.065389 0.705580
0.577353 0.577336 0.577362
0.707101 0.707112 0.000983
0.996256 -0.086446 -0.001315
0.705606 -0.065393 -0.705580
0.577350 -0.577339 -0.577362
0.707123 -0.707090 -0.001011
0.102082 -0.080656 -0.991501
0.082351 -0.704694 -0.704716
0.577336 -0.577361 -0.577354
0.705600 -0.065427 -0.705584
0.107516 -0.994203 -0.001278
0.707124 -0.707089 -0.000999
0.577367 -0.577350 -0.577334
0.082339 -0.704721 -0.704691
0.996255 0.086449 -0.001307
0.707094 0.707119 -0.001000
0.577354 0.577363 -0.577334
0.705584 0.065430 -0.705599
0.107532 0.994201 -0.001322
0.082353 0.704715 -0.704695
0.577337 0.577353 -0.577361
0.707113 0.707100 -0.000981
0.102090 0.080660 -0.991500
0.705580 0.065394 -0.705606
0.577363 0.577341 -0.577347
0.082331 0.704697 -0.704716
-0.102082 -0.080656 0.991501
-0.082351 -0.704694 0.704716
-0.577336 -0.577361 0.577354
-0.705600 -0.065426 0.705584
-0.107537 -0.994200 0.001311
-0.707120 -0.707093 0.000995
-0.577363 -0.577358 0.577330
-0.082335 -0.704726 0.704686
-0.996256 -0.086442 0.001314
-0.705607 -0.065389 0.705580
-0.577353 -0.577336 0.577362
-0.707101 -0.707112 0.000983
-0.102089 0.080642 0.991501
-0.705607 0.065436 0.705575
-0.577365 0.577328 0.577358
-0.082337 0.704683 0.704729
-0.996255 0.086453 0.001307
-0.707090 0.707123 0.000998
-0.577352 0.577366 0.577333
-0.705584 0.065434 0.705599
-0.107532 0.994201 0.001322
-0.082353 0.704715 0.704695
-0.577337 0.577353 0.577361
-0.707113 0.707100 0.000981
-0.996255 -0.086449 -0.001307
-0.707094 -0.707119 -0.001000
-0.577354 -0.577363 -0.577334
-0.705584 -0.065430 -0.705599
-0.107532 -0.994201 -0.001322
-0.082353 -0.704715 -0.704695
-0.577337 -0.577353 -0.577361
-0.707113 -0.707100 -0.000981
-0.102090 -0.080660 -0.991500
-0.705580 -0.065394 -0.705606
-0.577363 -0.577341 -0.577347
-0.082331 -0.704697 -0.704716
-0.102082 0.080656 -0.991501
-0.082351 0.704694 -0.704716
-0.577336 0.577361 -0.577354
-0.705600 0.065426 -0.705584
-0.107537 0.994200 -0.001311
-0.707120 0.707093 -0.000995
-0.577363 0.577358 -0.577330
-0.082335 0.704726 -0.704686
-0.996256 0.086442 -0.001314
-0.705607 0.065389 -0.705580
-0.577353 0.577336 -0.577362
-0.707101 0.707112 -0.000983
0.996255 -0.086459 0.001329
0.996254 -0.086459 -0.001329
0.707133 -0.707080 -0.001027
0.707133 -0.707080 0.001027
0.707080 -0.707133 0.001027
0.707080 -0.707133 -0.001027
0.107548 -0.994199 -0.001280
0.107548 -0.994199 0.001280
0.107501 -0.994204 0.001327
-0.107447 -0.994210 0.001313
-0.082337 -0.704745 0.704667
0.082338 -0.704745 0.704667
0.082338 -0.704674 0.704738
-0.082338 -0.704674 0.704738
-0.102039 -0.080694 0.991502
0.101995 -0.080680 0.991508
-0.107548 -0.994199 0.001280
-0.107548 -0.994199 -0.001280
-0.707080 -0.707133 -0.001027
-0.707080 -0.707133 0.001027
-0.707133 -0.707080 0.001027
-0.707133 -0.707080 -0.001027
-0.996255 -0.086459 -0.001329
-0.996255 -0.086459 0.001329
0.102039 -0.080683 -0.991503
-0.101995 -0.080669 -0.991509
-0.082347 -0.704699 -0.704712
0.082347 -0.704699 -0.704712
0.082347 -0.704711 -0.704700
-0.082338 -0.704745 -0.704667
-0.107501 -0.994204 -0.001327
0.107447 -0.994210 -0.001313
0.102039 0.080683 0.991503
-0.101995 0.080669 0.991509
-0.082347 0.704699 0.704712
0.082347 0.704699 0.704712
0.082347 0.704711 0.704700
-0.107501 0.994204 0.001327
0.107447 0.994210 0.001313
0.107548 0.994199 0.001280
0.107548 0.994199 -0.001280
0.707080 0.707133 -0.001027
0.707080 0.707133 0.001027
0.707133 0.707080 0.001027
0.707133 0.707080 -0.001027
0.996255 0.086459 -0.001329
0.996255 0.086459 0.001329
0.107501 0.994204 -0.001327
-0.107447 0.994210 -0.001313
-0.082337 0.704745 -0.704667
0.082338 0.704745 -0.704667
0.082338 0.704674 -0.704738
-0.082338 0.704674 -0.704738
-0.102039 0.080694 -0.991502
0.101995 0.080680 -0.991508
-0.996255 0.086459 0.001329
-0.996255 0.086459 -0.001329
-0.707133 0.707080 -0.001027
-0.707133 0.707080 0.001027
-0.707080 0.707133 0.001027
-0.707080 0.707133 -0.001027
-0.107548 0.994199 -0.001280
-0.107548 0.994199 0.001321
0.102086 -0.080643 0.991502
0.102075 0.080602 0.991506
0.705558 0.065406 0.705628
0.705566 -0.065351 0.705624
0.705626 -0.065406 0.705560
0.705622 0.065351 0.705568
0.996259 0.086412 0.001326
0.996259 -0.086412 0.001326
-0.996259 -0.086413 0.001326
-0.996259 0.086412 0.001326
-0.705626 0.065406 0.705560
-0.705622 -0.065352 0.705568
-0.705557 -0.065402 0.705629
-0.705567 0.065356 0.705623
-0.102074 0.080606 0.991506
-0.102076 -0.080597 0.991506
0.996259 -0.086412 -0.001326
0.996258 0.086413 -0.001326
0.705625 0.065407 -0.705560
0.705622 -0.065351 -0.705568
0.705557 -0.065406 -0.705628
0.705566 0.065352 -0.705624
0.102086 0.080643 -0.991502
0.102075 -0.080601 -0.991506
-0.102086 -0.080643 -0.991502
-0.102075 0.080602 -0.991506
-0.705558 0.065406 -0.705628
-0.705566 -0.065351 -0.705624
-0.705626 -0.065406 -0.705560
-0.705622 0.065351 -0.705568
-0.996259 0.086412 -0.001326
-0.996259 -0.086412 -0.001326
0.996259 -0.086411 0.001313
0.996259 0.086411 0.001313
0.996259 0.086411 -0.001313
0.996259 -0.086411 -0.001313
0.102020 -0.080609 0.991511
-0.102020 -0.080609 0.991511
-0.102020 0.080609 0.991511
0.102020 0.080609 0.991511
0.102021 -0.080610 -0.991511
0.102020 0.080608 -0.991511
-0.102020 0.080608 -0.991511
-0.102021 -0.080610 -0.991511
0.107454 0.994209 0.001293
-0.107454 0.994209 0.001293
-0.107454 0.994209 -0.001293
0.107454 0.994209 -0.001293
-0.996259 -0.086411 0.001313
-0.996259 -0.086411 -0.001313
-0.996259 0.086411 -0.001313
-0.996259 0.086411 0.001313
0.107454 -0.994209 0.001293
0.107454 -0.994209 -0.001293
-0.107454 -0.994209 -0.001293
-0.107454 -0.994209 0.001293
0.996255 -0.086449 0.001307
0.707094 -0.707119 0.001000
0.577354 -0.577363 0.577334
0.705584 -0.065430 0.705599
0.107532 -0.994201 0.001322
0.082353 -0.704715 0.704695
0.577337 -0.577353 0.577361
0.707113 -0.707100 0.000981
0.102090 -0.080660 0.991500
0.705580 -0.065394 0.705606
0.577363 -0.577341 0.577347
0.082331 -0.704697 0.704716
0.102082 0.080656 0.991501
0.082351 0.704694 0.704716
0.577336 0.577361 0.577354
0.705600 0.065426 0.705584
0.107537 0.994200 0.001311
0.707120 0.707093 0.000995
0.577363 0.577358 0.577330
0.082335 0.704726 0.704686
0.996256 0.086442 0.001314
0.705607 0.065389 0.705580
0.577353 0.577336 0.577362
0.707101 0.707112 0.000983
0.996256 -0.086446 -0.001315
0.705606 -0.065393 -0.705580
0.577350 -0.577339 -0.577362
0.707123 -0.707090 -0.001011
0.102082 -0.080656 -0.991501
0.082351 -0.704694 -0.704716
0.577336 -0.577361 -0.577354
0.705600 -0.065427 -0.705584
0.107516 -0.994203 -0.001278
0.707124 -0.707089 -0.000999
0.577367 -0.577350 -0.577334
0.082339 -0.704721 -0.704691
0.996255 0.086449 -0.001307
0.707094 0.707119 -0.001000
0.577354 0.577363 -0.577334
0.705584 0.065430 -0.705599
0.107532 0.994201 -0.001322
0.082353 0.704715 -0.704695
0.577337 0.577353 -0.577361
0.707113 0.707100 -0.000981
0.102090 0.080660 -0.991500
0.705580 0.065394 -0.705606
0.577363 0.577341 -0.577347
0.082331 0.704697 -0.704716
-0.102082 -0.080656 0.991501
-0.082351 -0.704694 0.704716
-0.577336 -0.577361 0.577354
-0.705600 -0.065426 0.705584
-0.107537 -0.994200 0.001311
-0.707120 -0.707093 0.000995
-0.577363 -0.577358 0.577330
-0.082335 -0.704726 0.704686
-0.996256 -0.086442 0.001314
-0.705607 -0.065389 0.705580
-0.577353 -0.577336 0.577362
-0.707101 -0.707112 0.000983
-0.102089 0.080642 0.991501
-0.705607 0.065436 0.705575
-0.577365 0.577328 0.577358
-0.082337 0.704683 0.704729
-0.996255 0.086453 0.001307
-0.707090 0.707123 0.000998
-0.577352 0.577366 0.577333
-0.705584 0.065434 0.705599
-0.107532 0.994201 0.001322
-0.082353 0.704715 0.704695
-0.577337 0.577353 0.577361
-0.707113 0.707100 0.000981
-0.996255 -0.086449 -0.001307
-0.707094 -0.707119 -0.001000
-0.577354 -0.577363 -0.577334
-0.705584 -0.065430 -0.705599
-0.107532 -0.994201 -0.001322
-0.082353 -0.704715 -0.704695
-0.577337 -0.577353 -0.577361
-0.707113 -0.707100 -0.000981
-0.102090 -0.080660 -0.991500
-0.705580 -0.065394 -0.705606
-0.577363 -0.577341 -0.577347
-0.082331 -0.704697 -0.704716
-0.102082 0.080656 -0.991501
-0.082351 0.704694 -0.704716
-0.577336 0.577361 -0.577354
-0.705600 0.065426 -0.705584
-0.107537 0.994200 -0.001311
-0.707120 0.707093 -0.000995
-0.577363 0.577358 -0.577330
-0.082335 0.704726 -0.704686
-0.996256 0.086442 -0.001314
-0.705607 0.065389 -0.705580
-0.577353 0.577336 -0.577362
-0.707101 0.707112 -0.000983
0.996255 -0.086459 0.001329
0.996254 -0.086459 -0.001329
0.707133 -0.707080 -0.001027
0.707133 -0.707080 0.001027
0.707080 -0.707133 0.001027
0.707080 -0.707133 -0.001027
0.107548 -0.994199 -0.001280
0.107548 -0.994199 0.001280
0.107501 -0.994204 0.001327
-0.107447 -0.994210 0.001313
-0.082337 -0.704745 0.704667
0.082338 -0.704745 0.704667
0.082338 -0.704674 0.704738
-0.082338 -0.704674 0.704738
-0.102039 -0.080694 0.991502
0.101995 -0.080680 0.991508
-0.107548 -0.994199 0.001280
-0.107548 -0.994199 -0.001280
-0.707080 -0.707133 -0.001027
-0.707080 -0.707133 0.001027
-0.707133 -0.707080 0.001027
-0.707133 -0.707080 -0.001027
-0.996255 -0.086459 -0.001329
-0.996255 -0.086459 0.001329
0.102039 -0.080683 -0.991503
-0.101995 -0.080669 -0.991509
-0.082347 -0.704699 -0.704712
0.082347 -0.704699 -0.704712
0.082347 -0.704711 -0.704700
-0.082338 -0.704745 -0.704667
-0.107501 -0.994204 -0.001327
0.107447 -0.994210 -0.001313
0.102039 0.080683 0.991503
-0.101995 0.080669 0.991509
-0.082347 0.704699 0.704712
0.082347 0.704699 0.704712
0.082347 0.704711 0.704700
-0.107501 0.994204 0.001327
0.107447 0.994210 0.001313
0.107548 0.994199 0.001280
0.107548 0.994199 -0.001280
0.707080 0.707133 -0.001027
0.707080 0.707133 0.001027
0.707133 0.707080 0.001027
0.707133 0.707080 -0.001027
0.996255 0.086459 -0.001329
0.996255 0.086459 0.001329
0.107501 0.994204 -0.001327
-0.107447 0.994210 -0.001313
-0.082337 0.704745 -0.704667
0.082338 0.704745 -0.704667
0.082338 0.704674 -0.704738
-0.082338 0.704674 -0.704738
-0.102039 0.080694 -0.991502
0.101995 0.080680 -0.991508
-0.996255 0.086459 0.001329
-0.996255 0.086459 -0.001329
-0.707133 0.707080 -0.001027
-0.707133 0.707080 0.001027
-0.707080 0.707133 0.001027
-0.707080 0.707133 -0.001027
-0.107548 0.994199 -0.001280
-0.107548 0.994199 0.001321
0.102086 -0.080643 0.991502
0.102075 0.080602 0.991506
0.705558 0.065406 0.705628
0.705566 -0.065351 0.705624
0.705626 -0.065406 0.705560
0.705622 0.065351 0.705568
0.996259 0.086412 0.001326
0.996259 -0.086412 0.001326
-0.996259 -0.086413 0.001326
-0.996259 0.086412 0.001326
-0.705626 0.065406 0.705560
-0.705622 -0.065352 0.705568
-0.705557 -0.065402 0.705629
-0.705567 0.065356 0.705623
-0.102074 0.080606 0.991506
-0.102076 -0.080597 0.991506
0.996259 -0.086412 -0.001326
0.996258 0.086413 -0.001326
0.705625 0.065407 -0.705560
0.705622 -0.065351 -0.705568
0.705557 -0.065406 -0.705628
0.705566 0.065352 -0.705624
0.102086 0.080643 -0.991502
0.102075 -0.080601 -0.991506
-0.102086 -0.080643 -0.991502
-0.102075 0.080602 -0.991506
-0.705558 0.065406 -0.705628
-0.705566 -0.065351 -0.705624
-0.705626 -0.065406 -0.705560
-0.705622 0.065351 -0.705568
-0.996259 0.086412 -0.001326
-0.996259 -0.086412 -0.001326
0.996259 -0.086411 0.001313
0.996259 0.086411 0.001313
0.996259 0.086411 -0.001313
0.996259 -0.086411 -0.001313
0.102020 -0.080609 0.991511
-0.102020 -0.080609 0.991511
-0.102020 0.080609 0.991511
0.102020 0.080609 0.991511
0.102021 -0.080610 -0.991511
0.102020 0.080608 -0.991511
-0.102020 0.080608 -0.991511
-0.102021 -0.080610 -0.991511
0.107454 0.994209 0.001293
-0.107454 0.994209 0.001293
-0.107454 0.994209 -0.001293
0.107454 0.994209 -0.001293
-0.996259 -0.086411 0.001313
-0.996259 -0.086411 -0.001313
-0.996259 0.086411 -0.001313
-0.996259 0.086411 0.001313
0.107454 -0.994209 0.001293
0.107454 -0.994209 -0.001293
-0.107454 -0.994209 -0.001293
-0.107454 -0.994209 0.001293
0.996255 -0.086449 0.001307
0.707094 -0.707119 0.001000
0.577354 -0.577363 0.577334
0.705584 -0.065430 0.705599
0.107532 -0.994201 0.001322
0.082353 -0.704715 0.704695
0.577337 -0.577353 0.577361
0.707113 -0.707100 0.000981
0.102090 -0.080660 0.991500
0.705580 -0.065394 0.705606
0.577363 -0.577341 0.577347
0.082331 -0.704697 0.704716
0.102082 0.080656 0.991501
0.082351 0.704694 0.704716
0.577336 0.577361 0.577354
0.705600 0.065426 0.705584
0.107537 0.994200 0.001311
0.707120 0.707093 0.000995
0.577363 0.577358 0.577330
0.082335 0.704726 0.704686
0.996256 0.086442 0.001314
0.705607 0.065389 0.705580
0.577353 0.577336 0.577362
0.707101 0.707112 0.000983
0.996256 -0.086446 -0.001315
0.705606 -0.065393 -0.705580
0.577350 -0.577339 -0.577362
0.707123 -0.707090 -0.001011
0.102082 -0.080656 -0.991501
0.082351 -0.704694 -0.704716
0.577336 -0.577361 -0.577354
0.705600 -0.065427 -0.705584
0.107516 -0.994203 -0.001278
0.707124 -0.707089 -0.000999
0.577367 -0.577350 -0.577334
0.082339 -0.704721 -0.704691
0.996255 0.086449 -0.001307
0.707094 0.707119 -0.001000
0.577354 0.577363 -0.577334
0.705584 0.065430 -0.705599
0.107532 0.994201 -0.001322
0.082353 0.704715 -0.704695
0.577337 0.577353 -0.577361
0.707113 0.707100 -0.000981
0.102090 0.080660 -0.991500
0.705580 0.065394 -0.705606
0.577363 0.577341 -0.577347
0.082331 0.704697 -0.704716
-0.102082 -0.080656 0.991501
-0.082351 -0.704694 0.704716
-0.577336 -0.577361 0.577354
-0.705600 -0.065426 0.705584
-0.107537 -0.994200 0.001311
-0.707120 -0.707093 0.000995
-0.577363 -0.577358 0.577330
-0.082335 -0.704726 0.704686
-0.996256 -0.086442 0.001314
-0.705607 -0.065389 0.705580
-0.577353 -0.577336 0.577362
-0.707101 -0.707112 0.000983
-0.102089 0.080642 0.991501
-0.705607 0.065436 0.705575
-0.577365 0.577328 0.577358
-0.082337 0.704683 0.704729
-0.996255 0.086453 0.001307
-0.707090 0.707123 0.000998
-0.577352 0.577366 0.577333
-0.705584 0.065434 0.705599
-0.107532 0.994201 0.001322
-0.082353 0.704715 0.704695
-0.577337 0.577353 0.577361
-0.707113 0.707100 0.000981
-0.996255 -0.086449 -0.001307
-0.707094 -0.707119 -0.001000
-0.577354 -0.577363 -0.577334
-0.705584 -0.065430 -0.705599
-0.107532 -0.994201 -0.001322
-0.082353 -0.704715 -0.704695
-0.577337 -0.577353 -0.577361
-0.707113 -0.707100 -0.000981
-0.102090 -0.080660 -0.991500
-0.705580 -0.065394 -0.705606
-0.577363 -0.577341 -0.577347
-0.082331 -0.704697 -0.704716
-0.102082 0.080656 -0.991501
-0.082351 0.704694 -0.704716
-0.577336 0.577361 -0.577354
-0.705600 0.065426 -0.705584
-0.107537 0.994200 -0.001311
-0.707120 0.707093 -0.000995
-0.577363 0.577358 -0.577330
-0.082335 0.704726 -0.704686
-0.996256 0.086442 -0.001314
-0.705607 0.065389 -0.705580
-0.577353 0.577336 -0.577362
-0.707101 0.707112 -0.000983
0.996255 -0.086459 0.001329
0.996254 -0.086459 -0.001329
0.707133 -0.707080 -0.001027
0.707133 -0.707080 0.001027
0.707080 -0.707133 0.001027
0.707080 -0.707133 -0.001027
0.107548 -0.994199 -0.001280
0.107548 -0.994199 0.001280
0.107501 -0.994204 0.001327
-0.107447 -0.994210 0.001313
-0.082337 -0.704745 0.704667
0.082338 -0.704745 0.704667
0.082338 -0.704674 0.704738
-0.082338 -0.704674 0.704738
-0.102039 -0.080694 0.991502
0.101995 -0.080680 0.991508
-0.107548 -0.994199 0.001280
-0.107548 -0.994199 -0.001280
-0.707080 -0.707133 -0.001027
-0.707080 -0.707133 0.001027
-0.707133 -0.707080 0.001027
-0.707133 -0.707080 -0.001027
-0.996255 -0.086459 -0.001329
-0.996255 -0.086459 0.001329
0.102039 -0.080683 -0.991503
-0.101995 -0.080669 -0.991509
-0.082347 -0.704699 -0.704712
0.082347 -0.704699 -0.704712
0.082347 -0.704711 -0.704700
-0.082338 -0.704745 -0.704667
-0.107501 -0.994204 -0.001327
0.107447 -0.994210 -0.001313
0.102039 0.080683 0.991503
-0.101995 0.080669 0.991509
-0.082347 0.704699 0.704712
0.082347 0.704699 0.704712
0.082347 0.704711 0.704700
-0.107501 0.994204 0.001327
0.107447 0.994210 0.001313
0.107548 0.994199 0.001280
0.107548 0.994199 -0.001280
0.707080 0.707133 -0.001027
0.707080 0.707133 0.001027
0.707133 0.707080 0.001027
0.707133 0.707080 -0.001027
0.996255 0.086459 -0.001329
0.996255 0.086459 0.001329
0.107501 0.994204 -0.001327
-0.107447 0.994210 -0.001313
-0.082337 0.704745 -0.704667
0.082338 0.704745 -0.704667
0.082338 0.704674 -0.704738
-0.082338 0.704674 -0.704738
-0.102039 0.080694 -0.991502
0.101995 0.080680 -0.991508
-0.996255 0.086459 0.001329
-0.996255 0.086459 -0.001329
-0.707133 0.707080 -0.001027
-0.707133 0.707080 0.001027
-0.707080 0.707133 0.001027
-0.707080 0.707133 -0.001027
-0.107548 0.994199 -0.001280
-0.107548 0.994199 0.001321
0.102086 -0.080643 0.991502
0.102075 0.080602 0.991506
0.705558 0.065406 0.705628
0.705566 -0.065351 0.705624
0.705626 -0.065406 0.705560
0.705622 0.065351 0.705568
0.996259 0.086412 0.001326
0.996259 -0.086412 0.001326
-0.996259 -0.086413 0.001326
-0.996259 0.086412 0.001326
-0.705626 0.065406 0.705560
-0.705622 -0.065352 0.705568
-0.705557 -0.065402 0.705629
-0.705567 0.065356 0.705623
-0.102074 0.080606 0.991506
-0.102076 -0.080597 0.991506
0.996259 -0.086412 -0.001326
0.996258 0.086413 -0.001326
0.705625 0.065407 -0.705560
0.705622 -0.065351 -0.705568
0.705557 -0.065406 -0.705628
0.705566 0.065352 -0.705624
0.102086 0.080643 -0.991502
0.102075 -0.080601 -0.991506
-0.102086 -0.080643 -0.991502
-0.102075 0.080602 -0.991506
-0.705558 0.065406 -0.705628
-0.705566 -0.065351 -0.705624
-0.705626 -0.065406 -0.705560
-0.705622 0.065351 -0.705568
-0.996259 0.086412 -0.001326
-0.996259 -0.086412 -0.001326
0.996259 -0.086411 0.001313
0.996259 0.086411 0.001313
0.996259 0.086411 -0.001313
0.996259 -0.086411 -0.001313
0.102020 -0.080609 0.991511
-0.102020 -0.080609 0.991511
-0.102020 0.080609 0.991511
0.102020 0.080609 0.991511
0.102021 -0.080610 -0.991511
0.102020 0.080608 -0.991511
-0.102020 0.080608 -0.991511
-0.102021 -0.080610 -0.991511
0.107454 0.994209 0.001293
-0.107454 0.994209 0.001293
-0.107454 0.994209 -0.001293
0.107454 0.994209 -0.001293
-0.996259 -0.086411 0.001313
-0.996259 -0.086411 -0.001313
-0.996259 0.086411 -0.001313
-0.996259 0.086411 0.001313
0.107454 -0.994209 0.001293
0.107454 -0.994209 -0.001293
-0.107454 -0.994209 -0.001293
-0.107454 -0.994209 0.001293
0.996255 -0.086449 0.001307
0.707094 -0.707119 0.001000
0.577354 -0.577363 0.577334
0.705584 -0.065430 0.705599
0.107532 -0.994201 0.001322
0.082353 -0.704715 0.704695
0.577337 -0.577353 0.577361
0.707113 -0.707100 0.000981
0.102090 -0.080660 0.991500
0.705580 -0.065394 0.705606
0.577363 -0.577341 0.577347
0.082331 -0.704697 0.704716
0.102082 0.080656 0.991501
0.082351 0.704694 0.704716
0.577336 0.577361 0.577354
0.705600 0.065426 0.705584
0.107537 0.994200 0.001311
0.707120 0.707093 0.000995
0.577363 0.577358 0.577330
0.082335 0.704726 0.704686
0.996256 0.086442 0.001314
0.705607 0.065389 0.705580
0.577353 0.577336 0.577362
0.707101 0.707112 0.000983
0.996256 -0.086446 -0.001315
0.705606 -0.065393 -0.705580
0.577350 -0.577339 -0.577362
0.707123 -0.707090 -0.001011
0.102082 -0.080656 -0.991501
0.082351 -0.704694 -0.704716
0.577336 -0.577361 -0.577354
0.705600 -0.065427 -0.705584
0.107516 -0.994203 -0.001278
0.707124 -0.707089 -0.000999
0.577367 -0.577350 -0.577334
0.082339 -0.704721 -0.704691
0.996255 0.086449 -0.001307
0.707094 0.707119 -0.001000
0.577354 0.577363 -0.577334
0.705584 0.065430 -0.705599
0.107532 0.994201 -0.001322
0.082353 0.704715 -0.704695
0.577337 0.577353 -0.577361
0.707113 0.707100 -0.000981
0.102090 0.080660 -0.991500
0.705580 0.065394 -0.705606
0.577363 0.577341 -0.577347
0.082331 0.704697 -0.704716
-0.102082 -0.080656 0.991501
-0.082351 -0.704694 0.704716
-0.577336 -0.577361 0.577354
-0.705600 -0.065426 0.705584
-0.107537 -0.994200 0.001311
-0.707120 -0.707093 0.000995
-0.577363 -0.577358 0.577330
-0.082335 -0.704726 0.704686
-0.996256 -0.086442 0.001314
-0.705607 -0.065389 0.705580
-0.577353 -0.577336 0.577362
-0.707101 -0.707112 0.000983
-0.102089 0.080642 0.991501
-0.705607 0.065436 0.705575
-0.577365 0.577328 0.577358
-0.082337 0.704683 0.704729
-0.996255 0.086453 0.001307
-0.707090 0.707123 0.000998
-0.577352 0.577366 0.577333
-0.705584 0.065434 0.705599
-0.107532 0.994201 0.001322
-0.082353 0.704715 0.704695
-0.577337 0.577353 0.577361
-0.707113 0.707100 0.000981
-0.996255 -0.086449 -0.001307
-0.707094 -0.707119 -0.001000
-0.577354 -0.577363 -0.577334
-0.705584 -0.065430 -0.705599
-0.107532 -0.994201 -0.001322
-0.082353 -0.704715 -0.704695
-0.577337 -0.577353 -0.577361
-0.707113 -0.707100 -0.000981
-0.102090 -0.080660 -0.991500
-0.705580 -0.065394 -0.705606
-0.577363 -0.577341 -0.577347
-0.082331 -0.704697 -0.704716
-0.102082 0.080656 -0.991501
-0.082351 0.704694 -0.704716
-0.577336 0.577361 -0.577354
-0.705600 0.065426 -0.705584
-0.107537 0.994200 -0.001311
-0.707120 0.707093 -0.000995
-0.577363 0.577358 -0.577330
-0.082335 0.704726 -0.704686
-0.996256 0.086442 -0.001314
-0.705607 0.065389 -0.705580
-0.577353 0.577336 -0.577362
-0.707101 0.707112 -0.000983
0.996255 -0.086459 0.001329
0.996254 -0.086459 -0.001329
0.707133 -0.707080 -0.001027
0.707133 -0.707080 0.001027
0.707080 -0.707133 0.001027
0.707080 -0.707133 -0.001027
0.107548 -0.994199 -0.001280
0.107548 -0.994199 0.001280
0.107501 -0.994204 0.001327
-0.107447 -0.994210 0.001313
-0.082337 -0.704745 0.704667
0.082338 -0.704745 0.704667
0.082338 -0.704674 0.704738
-0.082338 -0.704674 0.704738
-0.102039 -0.080694 0.991502
0.101995 -0.080680 0.991508
-0.107548 -0.994199 0.001280
-0.107548 -0.994199 -0.001280
-0.707080 -0.707133 -0.001027
-0.707080 -0.707133 0.001027
-0.707133 -0.707080 0.001027
-0.707133 -0.707080 -0.001027
-0.996255 -0.086459 -0.001329
-0.996255 -0.086459 0.001329
0.102039 -0.080683 -0.991503
-0.101995 -0.080669 -0.991509
-0.082347 -0.704699 -0.704712
0.082347 -0.704699 -0.704712
0.082347 -0.704711 -0.704700
-0.082338 -0.704745 -0.704667
-0.107501 -0.994204 -0.001327
0.107447 -0.994210 -0.001313
0.102039 0.080683 0.991503
-0.101995 0.080669 0.991509
-0.082347 0.704699 0.704712
0.082347 0.704699 0.704712
0.082347 0.704711 0.704700
-0.107501 0.994204 0.001327
0.107447 0.994210 0.001313
0.107548 0.994199 0.001280
0.107548 0.994199 -0.001280
0.707080 0.707133 -0.001027
0.707080 0.707133 0.001027
0.707133 0.707080 0.001027
0.707133 0.707080 -0.001027
0.996255 0.086459 -0.001329
0.996255 0.086459 0.001329
0.107501 0.994204 -0.001327
-0.107447 0.994210 -0.001313
-0.082337 0.704745 -0.704667
0.082338 0.704745 -0.704667
0.082338 0.704674 -0.704738
-0.082338 0.704674 -0.704738
-0.102039 0.080694 -0.991502
0.101995 0.080680 -0.991508
-0.996255 0.086459 0.001329
-0.996255 0.086459 -0.001329
-0.707133 0.707080 -0.001027
-0.707133 0.707080 0.001027
-0.707080 0.707133 0.001027
-0.707080 0.707133 -0.001027
-0.107548 0.994199 -0.001280
-0.107548 0.994199 0.001321
0.102086 -0.080643 0.991502
0.102075 0.080602 0.991506
0.705558 0.065406 0.705628
0.705566 -0.065351 0.705624
0.705626 -0.065406 0.705560
0.705622 0.065351 0.705568
0.996259 0.086412 0.001326
0.996259 -0.086412 0.001326
-0.996259 -0.086413 0.001326
-0.996259 0.086412 0.001326
-0.705626 0.065406 0.705560
-0.705622 -0.065352 0.705568
-0.705557 -0.065402 0.705629
-0.705567 0.065356 0.705623
-0.102074 0.080606 0.991506
-0.102076 -0.080597 0.991506
0.996259 -0.086412 -0.001326
0.996258 0.086413 -0.001326
0.705625 0.065407 -0.705560
0.705622 -0.065351 -0.705568
0.705557 -0.065406 -0.705628
0.705566 0.065352 -0.705624
0.102086 0.080643 -0.991502
0.102075 -0.080601 -0.991506
-0.102086 -0.080643 -0.991502
-0.102075 0.080602 -0.991506
-0.705558 0.065406 -0.705628
-0.705566 -0.065351 -0.705624
-0.705626 -0.065406 -0.705560
-0.705622 0.065351 -0.705568
-0.996259 0.086412 -0.001326
-0.996259 -0.086412 -0.001326
0.996259 -0.086411 0.001313
0.996259 0.086411 0.001313
0.996259 0.086411 -0.001313
0.996259 -0.086411 -0.001313
0.102020 -0.080609 0.991511
-0.102020 -0.080609 0.991511
-0.102020 0.080609 0.991511
0.102020 0.080609 0.991511
0.102021 -0.080610 -0.991511
0.102020 0.080608 -0.991511
-0.102020 0.080608 -0.991511
-0.102021 -0.080610 -0.991511
0.107454 0.994209 0.001293
-0.107454 0.994209 0.001293
-0.107454 0.994209 -0.001293
0.107454 0.994209 -0.001293
-0.996259 -0.086411 0.001313
-0.996259 -0.086411 -0.001313
-0.996259 0.086411 -0.001313
-0.996259 0.086411 0.001313
0.107454 -0.994209 0.001293
0.107454 -0.994209 -0.001293
-0.107454 -0.994209 -0.001293
-0.107454 -0.994209 0.001293
0.996255 -0.086449 0.001307
0.707094 -0.707119 0.001000
0.577354 -0.577363 0.577334
0.705584 -0.065430 0.705599
0.107532 -0.994201 0.001322
0.082353 -0.704715 0.704695
0.577337 -0.577353 0.577361
0.707113 -0.707100 0.000981
0.102090 -0.080660 0.991500
0.705580 -0.065394 0.705606
0.577363 -0.577341 0.577347
0.082331 -0.704697 0.704716
0.102082 0.080656 0.991501
0.082351 0.704694 0.704716
0.577336 0.577361 0.577354
0.705600 0.065426 0.705584
0.107537 0.994200 0.001311
0.707120 0.707093 0.000995
0.577363 0.577358 0.577330
0.082335 0.704726 0.704686
0.996256 0.086442 0.001314
0.705607 0.065389 0.705580
0.577353 0.577336 0.577362
0.707101 0.707112 0.000983
0.996256 -0.086446 -0.001315
0.705606 -0.065393 -0.705580
0.577350 -0.577339 -0.577362
0.707123 -0.707090 -0.001011
0.102082 -0.080656 -0.991501
0.082351 -0.704694 -0.704716
0.577336 -0.577361 -0.577354
0.705600 -0.065427 -0.705584
0.107516 -0.994203 -0.001278
0.707124 -0.707089 -0.000999
0.577367 -0.577350 -0.577334
0.082339 -0.704721 -0.704691
0.996255 0.086449 -0.001307
0.707094 0.707119 -0.001000
0.577354 0.577363 -0.577334
0.705584 0.065430 -0.705599
0.107532 0.994201 -0.001322
0.082353 0.704715 -0.704695
0.577337 0.577353 -0.577361
0.707113 0.707100 -0.000981
0.102090 0.080660 -0.991500
0.705580 0.065394 -0.705606
0.577363 0.577341 -0.577347
0.082331 0.704697 -0.704716
-0.102082 -0.080656 0.991501
-0.082351 -0.704694 0.704716
-0.577336 -0.577361 0.577354
-0.705600 -0.065426 0.705584
-0.107537 -0.994200 0.001311
-0.707120 -0.707093 0.000995
-0.577363 -0.577358 0.577330
-0.082335 -0.704726 0.704686
-0.996256 -0.086442 0.001314
-0.705607 -0.065389 0.705580
-0.577353 -0.577336 0.577362
-0.707101 -0.707112 0.000983
-0.102089 0.080642 0.991501
-0.705607 0.065436 0.705575
-0.577365 0.577328 0.577358
-0.082337 0.704683 0.704729
-0.996255 0.086453 0.001307
-0.707090 0.707123 0.000998
-0.577352 0.577366 0.577333
-0.705584 0.065434 0.705599
-0.107532 0.994201 0.001322
-0.082353 0.704715 0.704695
-0.577337 0.577353 0.577361
-0.707113 0.707100 0.000981
-0.996255 -0.086449 -0.001307
-0.707094 -0.707119 -0.001000
-0.577354 -0.577363 -0.577334
-0.705584 -0.065430 -0.705599
-0.107532 -0.994201 -0.001322
-0.082353 -0.704715 -0.704695
-0.577337 -0.577353 -0.577361
-0.707113 -0.707100 -0.000981
-0.102090 -0.080660 -0.991500
-0.705580 -0.065394 -0.705606
-0.577363 -0.577341 -0.577347
-0.082331 -0.704697 -0.704716
-0.102082 0.080656 -0.991501
-0.082351 0.704694 -0.704716
-0.577336 0.577361 -0.577354
-0.705600 0.065426 -0.705584
-0.107537 0.994200 -0.001311
-0.707120 0.707093 -0.000995
-0.577363 0.577358 -0.577330
-0.082335 0.704726 -0.704686
-0.996256 0.086442 -0.001314
-0.705607 0.065389 -0.705580
-0.577353 0.577336 -0.577362
-0.707101 0.707112 -0.000983
0.996255 -0.086459 0.001329
0.996254 -0.086459 -0.001329
0.707133 -0.707080 -0.001027
0.707133 -0.707080 0.001027
0.707080 -0.707133 0.001027
0.707080 -0.707133 -0.001027
0.107548 -0.994199 -0.001280
0.107548 -0.994199 0.001280
0.107501 -0.994204 0.001327
-0.107447 -0.994210 0.001313
-0.082337 -0.704745 0.704667
0.082338 -0.704745 0.704667
0.082338 -0.704674 0.704738
-0.082338 -0.704674 0.704738
-0.102039 -0.080694 0.991502
0.101995 -0.080680 0.991508
-0.107548 -0.994199 0.001280
-0.107548 -0.994199 -0.001280
-0.707080 -0.707133 -0.001027
-0.707080 -0.707133 0.001027
-0.707133 -0.707080 0.001027
-0.707133 -0.707080 -0.001027
-0.996255 -0.086459 -0.001329
-0.996255 -0.086459 0.001329
0.102039 -0.080683 -0.991503
-0.101995 -0.080669 -0.991509
-0.082347 -0.704699 -0.704712
0.082347 -0.704699 -0.704712
0.082347 -0.704711 -0.704700
-0.082338 -0.704745 -0.704667
-0.107501 -0.994204 -0.001327
0.107447 -0.994210 -0.001313
0.102039 0.080683 0.991503
-0.101995 0.080669 0.991509
-0.082347 0.704699 0.704712
0.082347 0.704699 0.704712
0.082347 0.704711 0.704700
-0.107501 0.994204 0.001327
0.107447 0.994210 0.001313
0.107548 0.994199 0.001280
0.107548 0.994199 -0.001280
0.707080 0.707133 -0.001027
0.707080 0.707133 0.001027
0.707133 0.707080 0.001027
0.707133 0.707080 -0.001027
0.996255 0.086459 -0.001329
0.996255 0.086459 0.001329
0.107501 0.994204 -0.001327
-0.107447 0.994210 -0.001313
-0.082337 0.704745 -0.704667
0.082338 0.704745 -0.704667
0.082338 0.704674 -0.704738
-0.082338 0.704674 -0.704738
-0.102039 0.080694 -0.991502
0.101995 0.080680 -0.991508
-0.996255 0.086459 0.001329
-0.996255 0.086459 -0.001329
-0.707133 0.707080 -0.001027
-0.707133 0.707080 0.001027
-0.707080 0.707133 0.001027
-0.707080 0.707133 -0.001027
-0.107548 0.994199 -0.001280
-0.107548 0.994199 0.001321
0.102086 -0.080643 0.991502
0.102075 0.080602 0.991506
0.705558 0.065406 0.705628
0.705566 -0.065351 0.705624
0.705626 -0.065406 0.705560
0.705622 0.065351 0.705568
0.996259 0.086412 0.001326
0.996259 -0.086412 0.001326
-0.996259 -0.086413 0.001326
-0.996259 0.086412 0.001326
-0.705626 0.065406 0.705560
-0.705622 -0.065352 0.705568
-0.705557 -0.065402 0.705629
-0.705567 0.065356 0.705623
-0.102074 0.080606 0.991506
-0.102076 -0.080597 0.991506
0.996259 -0.086412 -0.001326
0.996258 0.086413 -0.001326
0.705625 0.065407 -0.705560
0.705622 -0.065351 -0.705568
0.705557 -0.065406 -0.705628
0.705566 0.065352 -0.705624
0.102086 0.080643 -0.991502
0.102075 -0.080601 -0.991506
-0.102086 -0.080643 -0.991502
-0.102075 0.080602 -0.991506
-0.705558 0.065406 -0.705628
-0.705566 -0.065351 -0.705624
-0.705626 -0.065406 -0.705560
-0.705622 0.065351 -0.705568
-0.996259 0.086412 -0.001326
-0.996259 -0.086412 -0.001326
0.996259 -0.086411 0.001313
0.996259 0.086411 0.001313
0.996259 0.086411 -0.001313
0.996259 -0.086411 -0.001313
0.102020 -0.080609 0.991511
-0.102020 -0.080609 0.991511
-0.102020 0.080609 0.991511
0.102020 0.080609 0.991511
0.102021 -0.080610 -0.991511
0.102020 0.080608 -0.991511
-0.102020 0.080608 -0.991511
-0.102021 -0.080610 -0.991511
0.107454 0.994209 0.001293
-0.107454 0.994209 0.001293
-0.107454 0.994209 -0.001293
0.107454 0.994209 -0.001293
-0.996259 -0.086411 0.001313
-0.996259 -0.086411 -0.001313
-0.996259 0.086411 -0.001313
-0.996259 0.086411 0.001313
0.107454 -0.994209 0.001293
0.107454 -0.994209 -0.001293
-0.107454 -0.994209 -0.001293
-0.107454 -0.994209 0.001293
0.996255 -0.086449 0.001307
0.707094 -0.707119 0.001000
0.577354 -0.577363 0.577334
0.705584 -0.065430 0.705599
0.107532 -0.994201 0.001322
0.082353 -0.704715 0.704695
0.577337 -0.577353 0.577361
0.707113 -0.707100 0.000981
0.102090 -0.080660 0.991500
0.705580 -0.065394 0.705606
0.577363 -0.577341 0.577347
0.082331 -0.704697 0.704716
0.102082 0.080656 0.991501
0.082351 0.704694 0.704716
0.577336 0.577361 0.577354
0.705600 0.065426 0.705584
0.107537 0.994200 0.001311
0.707120 0.707093 0.000995
0.577363 0.577358 0.577330
0.082335 0.704726 0.704686
0.996256 0.086442 0.001314
0.705607 0.065389 0.705580
0.577353 0.577336 0.577362
0.707101 0.707112 0.000983
0.996256 -0.086446 -0.001315
0.705606 -0.065393 -0.705580
0.577350 -0.577339 -0.577362
0.707123 -0.707090 -0.001011
0.102082 -0.080656 -0.991501
0.082351 -0.704694 -0.704716
0.577336 -0.577361 -0.577354
0.705600 -0.065427 -0.705584
0.107516 -0.994203 -0.001278
0.707124 -0.707089 -0.000999
0.577367 -0.577350 -0.577334
0.082339 -0.704721 -0.704691
0.996255 0.086449 -0.001307
0.707094 0.707119 -0.001000
0.577354 0.577363 -0.577334
0.705584 0.065430 -0.705599
0.107532 0.994201 -0.001322
0.082353 0.704715 -0.704695
0.577337 0.577353 -0.577361
0.707113 0.707100 -0.000981
0.102090 0.080660 -0.991500
0.705580 0.065394 -0.705606
0.577363 0.577341 -0.577347
0.082331 0.704697 -0.704716
-0.102082 -0.080656 0.991501
-0.082351 -0.704694 0.704716
-0.577336 -0.577361 0.577354
-0.705600 -0.065426 0.705584
-0.107537 -0.994200 0.001311
-0.707120 -0.707093 0.000995
-0.577363 -0.577358 0.577330
-0.082335 -0.704726 0.704686
-0.996256 -0.086442 0.001314
-0.705607 -0.065389 0.705580
-0.577353 -0.577336 0.577362
-0.707101 -0.707112 0.000983
-0.102089 0.080642 0.991501
-0.705607 0.065436 0.705575
-0.577365 0.577328 0.577358
-0.082337 0.704683 0.704729
-0.996255 0.086453 0.001307
-0.707090 0.707123 0.000998
-0.577352 0.577366 0.577333
-0.705584 0.065434 0.705599
-0.107532 0.994201 0.001322
-0.082353 0.704715 0.704695
-0.577337 0.577353 0.577361
-0.707113 0.707100 0.000981
-0.996255 -0.086449 -0.001307
-0.707094 -0.707119 -0.001000
-0.577354 -0.577363 -0.577334
-0.705584 -0.065430 -0.705599
-0.107532 -0.994201 -0.001322
-0.082353 -0.704715 -0.704695
-0.577337 -0.577353 -0.577361
-0.707113 -0.707100 -0.000981
-0.102090 -0.080660 -0.991500
-0.705580 -0.065394 -0.705606
-0.577363 -0.577341 -0.577347
-0.082331 -0.704697 -0.704716
-0.102082 0.080656 -0.991501
-0.082351 0.704694 -0.704716
-0.577336 0.577361 -0.577354
-0.705600 0.065426 -0.705584
-0.107537 0.994200 -0.001311
-0.707120 0.707093 -0.000995
-0.577363 0.577358 -0.577330
-0.082335 0.704726 -0.704686
-0.996256 0.086442 -0.001314
-0.705607 0.065389 -0.705580
-0.577353 0.577336 -0.577362
-0.707101 0.707112 -0.000983
0.996255 -0.086459 0.001329
0.996254 -0.086459 -0.001329
0.707133 -0.707080 -0.001027
0.707133 -0.707080 0.001027
0.707080 -0.707133 0.001027
0.707080 -0.707133 -0.001027
0.107548 -0.994199 -0.001280
0.107548 -0.994199 0.001280
0.107501 -0.994204 0.001327
-0.107447 -0.994210 0.001313
-0.082337 -0.704745 0.704667
0.082338 -0.704745 0.704667
0.082338 -0.704674 0.704738
-0.082338 -0.704674 0.704738
-0.102039 -0.080694 0.991502
0.101995 -0.080680 0.991508
-0.107548 -0.994199 0.001280
-0.107548 -0.994199 -0.001280
-0.707080 -0.707133 -0.001027
-0.707080 -0.707133 0.001027
-0.707133 -0.707080 0.001027
-0.707133 -0.707080 -0.001027
-0.996255 -0.086459 -0.001329
-0.996255 -0.086459 0.001329
0.102039 -0.080683 -0.991503
-0.101995 -0.080669 -0.991509
-0.082347 -0.704699 -0.704712
0.082347 -0.704699 -0.704712
0.082347 -0.704711 -0.704700
-0.082338 -0.704745 -0.704667
-0.107501 -0.994204 -0.001327
0.107447 -0.994210 -0.001313
0.102039 0.080683 0.991503
-0.101995 0.080669 0.991509
-0.082347 0.704699 0.704712
0.082347 0.704699 0.704712
0.082347 0.704711 0.704700
-0.107501 0.994204 0.001327
0.107447 0.994210 0.001313
0.107548 0.994199 0.001280
0.107548 0.994199 -0.001280
0.707080 0.707133 -0.001027
0.707080 0.707133 0.001027
0.707133 0.707080 0.001027
0.707133 0.707080 -0.001027
0.996255 0.086459 -0.001329
0.996255 0.086459 0.001329
0.107501 0.994204 -0.001327
-0.107447 0.994210 -0.001313
-0.082337 0.704745 -0.704667
0.082338 0.704745 -0.704667
0.082338 0.704674 -0.704738
-0.082338 0.704674 -0.704738
-0.102039 0.080694 -0.991502
0.101995 0.080680 -0.991508
-0.996255 0.086459 0.001329
-0.996255 0.086459 -0.001329
-0.707133 0.707080 -0.001027
-0.707133 0.707080 0.001027
-0.707080 0.707133 0.001027
-0.707080 0.707133 -0.001027
-0.107548 0.994199 -0.001280
-0.107548 0.994199 0.001321
0.102086 -0.080643 0.991502
0.102075 0.080602 0.991506
0.705558 0.065406 0.705628
0.705566 -0.065351 0.705624
0.705626 -0.065406 0.705560
0.705622 0.065351 0.705568
0.996259 0.086412 0.001326
0.996259 -0.086412 0.001326
-0.996259 -0.086413 0.001326
-0.996259 0.086412 0.001326
-0.705626 0.065406 0.705560
-0.705622 -0.065352 0.705568
-0.705557 -0.065402 0.705629
-0.705567 0.065356 0.705623
-0.102074 0.080606 0.991506
-0.102076 -0.080597 0.991506
0.996259 -0.086412 -0.001326
0.996258 0.086413 -0.001326
0.705625 0.065407 -0.705560
0.705622 -0.065351 -0.705568
0.705557 -0.065406 -0.705628
0.705566 0.065352 -0.705624
0.102086 0.080643 -0.991502
0.102075 -0.080601 -0.991506
-0.102086 -0.080643 -0.991502
-0.102075 0.080602 -0.991506
-0.705558 0.065406 -0.705628
-0.705566 -0.065351 -0.705624
-0.705626 -0.065406 -0.705560
-0.705622 0.065351 -0.705568
-0.996259 0.086412 -0.001326
-0.996259 -0.086412 -0.001326
0.996259 -0.086411 0.001313
0.996259 0.086411 0.001313
0.996259 0.086411 -0.001313
0.996259 -0.086411 -0.001313
0.001941 -0.107396 0.994214
-0.001941 -0.107396 0.994214
-0.001941 0.107396 0.994214
0.001941 0.107396 0.994214
0.001941 -0.107396 -0.994214
0.001941 0.107396 -0.994214
-0.001941 0.107396 -0.994214
-0.001941 -0.107396 -0.994214
0.001941 0.994214 0.107396
-0.001941 0.994214 0.107396
-0.001941 0.994214 -0.107396
0.001941 0.994214 -0.107396
-0.989841 -0.100544 0.100529
-0.989841 -0.100530 -0.100546
-0.989841 0.100545 -0.100531
-0.989841 0.100530 0.100543
0.001941 -0.994214 0.107396
0.001941 -0.994214 -0.107396
-0.001941 -0.994214 -0.107396
-0.001941 -0.994214 0.107396
0.989829 -0.100614 0.100575
0.704713 -0.704696 0.082355
0.577347 -0.577365 0.577339
0.704720 -0.082337 0.704692
0.001957 -0.994204 0.107489
0.001497 -0.707100 0.707112
0.577336 -0.577350 0.577365
0.704689 -0.704722 0.082337
0.001961 -0.107477 0.994206
0.704694 -0.082351 0.704716
0.577364 -0.577335 0.577352
0.001481 -0.707101 0.707111
0.001956 0.107487 0.994205
0.001556 0.707144 0.707068
0.577336 0.577364 0.577351
0.704689 0.082336 0.704723
0.001963 0.994205 0.107479
0.704695 0.704714 0.082353
0.577364 0.577350 0.577337
0.001481 0.707109 0.707103
0.989829 0.100573 0.100620
0.704708 0.082351 0.704702
0.577344 0.577336 0.577371
0.704721 0.704690 0.082344
0.989829 -0.100573 -0.100620
0.704708 -0.082351 -0.704702
0.577344 -0.577336 -0.577371
0.704721 -0.704690 -0.082344
0.001956 -0.107487 -0.994205
0.001556 -0.707144 -0.707068
0.577336 -0.577364 -0.577351
0.704689 -0.082336 -0.704723
0.001963 -0.994205 -0.107479
0.704695 -0.704714 -0.082353
0.577364 -0.577350 -0.577337
0.001481 -0.707109 -0.707103
0.989829 0.100614 -0.100575
0.704713 0.704696 -0.082355
0.577347 0.577365 -0.577339
0.704720 0.082337 -0.704692
0.001957 0.994204 -0.107489
0.001497 0.707100 -0.707112
0.577336 0.577350 -0.577365
0.704689 0.704722 -0.082337
0.001961 0.107477 -0.994206
0.704694 0.082351 -0.704716
0.577364 0.577335 -0.577352
0.001481 0.707101 -0.707111
-0.001956 -0.107487 0.994205
-0.001556 -0.707144 0.707068
-0.577336 -0.577364 0.577351
-0.704689 -0.082336 0.704723
-0.001963 -0.994205 0.107479
-0.704695 -0.704714 0.082353
-0.577364 -0.577350 0.577337
-0.001481 -0.707109 0.707103
-0.989829 -0.100573 0.100620
-0.704708 -0.082351 0.704702
-0.577344 -0.577336 0.577371
-0.704721 -0.704690 0.082344
-0.001961 0.107477 0.994206
-0.704694 0.082351 0.704716
-0.577364 0.577335 0.577352
-0.001481 0.707101 0.707111
-0.989828 0.100614 0.100581
-0.704713 0.704696 0.082361
-0.577343 0.577365 0.577344
-0.704715 0.082335 0.704697
-0.001957 0.994204 0.107489
-0.001497 0.707100 0.707112
-0.577336 0.577349 0.577365
-0.704689 0.704722 0.082337
-0.989829 -0.100614 -0.100575
-0.704713 -0.704696 -0.082355
-0.577347 -0.577365 -0.577339
-0.704720 -0.082337 -0.704692
-0.001957 -0.994204 -0.107489
-0.001497 -0.707100 -0.707112
-0.577336 -0.577350 -0.577365
-0.704689 -0.704722 -0.082337
-0.001961 -0.107477 -0.994206
-0.704694 -0.082351 -0.704716
-0.577364 -0.577335 -0.577352
-0.001481 -0.707101 -0.707111
-0.001956 0.107487 -0.994205
-0.001556 0.707144 -0.707068
-0.577336 0.577364 -0.577351
-0.704689 0.082336 -0.704723
-0.001963 0.994205 -0.107479
-0.704695 0.704714 -0.082353
-0.577364 0.577350 -0.577337
-0.001481 0.707109 -0.707103
-0.989829 0.100573 -0.100620
-0.704708 0.082351 -0.704702
-0.577344 0.577336 -0.577371
-0.704721 0.704690 -0.082344
0.989834 -0.100601 0.100542
0.989834 -0.100601 -0.100538
0.704740 -0.704671 -0.082336
0.704740 -0.704672 0.082339
0.704670 -0.704742 0.082338
0.704670 -0.704742 -0.082338
0.001963 -0.994208 -0.107454
0.001949 -0.994214 0.107400
0.001928 -0.994203 0.107503
-0.001928 -0.994203 0.107503
-0.001522 -0.707133 0.707078
0.001522 -0.707133 0.707078
0.001522 -0.707079 0.707133
-0.001522 -0.707079 0.707133
-0.001928 -0.107503 0.994203
0.001928 -0.107503 0.994203
-0.001963 -0.994208 0.107454
-0.001949 -0.994214 -0.107400
-0.704670 -0.704742 -0.082338
-0.704670 -0.704742 0.082338
-0.704740 -0.704671 0.082336
-0.704740 -0.704671 -0.082339
-0.989828 -0.100614 -0.100583
-0.989834 -0.100601 0.100539
0.001928 -0.107503 -0.994203
-0.001928 -0.107503 -0.994203
-0.001522 -0.707079 -0.707133
0.001522 -0.707079 -0.707133
0.001522 -0.707133 -0.707079
-0.001522 -0.707133 -0.707079
-0.001928 -0.994203 -0.107503
0.001928 -0.994203 -0.107503
0.001928 0.107503 0.994203
-0.001928 0.107503 0.994203
-0.001522 0.707079 0.707133
0.001522 0.707079 0.707133
0.001522 0.707133 0.707079
-0.001522 0.707133 0.707079
-0.001928 0.994203 0.107503
0.001928 0.994203 0.107503
0.001963 0.994208 0.107454
0.001949 0.994214 -0.107400
0.704670 0.704742 -0.082338
0.704670 0.704742 0.082338
0.704740 0.704671 0.082336
0.704740 0.704671 -0.082339
0.989834 0.100601 -0.100542
0.989834 0.100601 0.100539
0.001928 0.994203 -0.107503
-0.001928 0.994203 -0.107503
-0.001522 0.707133 -0.707078
0.001522 0.707133 -0.707078
0.001522 0.707079 -0.707133
-0.001522 0.707079 -0.707133
-0.001928 0.107503 -0.994203
0.001928 0.107503 -0.994203
-0.989834 0.100601 0.100541
-0.989834 0.100601 -0.100539
-0.704740 0.704671 -0.082337
-0.704740 0.704672 0.082338
-0.704670 0.704742 0.082337
-0.704670 0.704742 -0.082338
-0.001963 0.994208 -0.107454
-0.001949 0.994214 0.107400
0.001963 -0.107454 0.994208
0.001949 0.107400 0.994214
0.704670 0.082338 0.704742
0.704670 -0.082338 0.704742
0.704712 -0.082347 0.704698
0.989829 0.100582 0.100606
0.989835 -0.100541 0.100593
-0.989829 -0.100582 0.100606
-0.989835 0.100541 0.100593
-0.704712 0.082347 0.704698
-0.704700 -0.082347 0.704710
-0.704667 0.082337 0.704744
-0.001960 0.107454 0.994208
-0.001946 -0.107400 0.994214
0.989829 -0.100582 -0.100606
0.989835 0.100541 -0.100593
0.704712 0.082347 -0.704698
0.704670 -0.082338 -0.704742
0.704670 0.082338 -0.704742
0.001963 0.107454 -0.994208
0.001949 -0.107400 -0.994214
-0.001963 -0.107454 -0.994208
-0.001949 0.107400 -0.994214
-0.704670 0.082338 -0.704742
-0.704670 -0.082338 -0.704742
-0.704712 -0.082347 -0.704698
-0.989829 0.100582 -0.100606
-0.989835 -0.100541 -0.100593
0.989841 -0.100530 0.100544
0.989841 0.100544 0.100530
0.989841 0.100530 -0.100544
0.989841 -0.100544 -0.100530
0.102020 -0.080609 0.991511
-0.102020 -0.080609 0.991511
-0.102020 0.080609 0.991511
0.102020 0.080609 0.991511
0.102021 -0.080610 -0.991511
0.102020 0.080608 -0.991511
-0.102020 0.080608 -0.991511
-0.102021 -0.080610 -0.991511
0.107454 0.994209 0.001293
-0.107454 0.994209 0.001293
-0.107454 0.994209 -0.001293
0.107454 0.994209 -0.001293
-0.996259 -0.086411 0.001313
-0.996259 -0.086411 -0.001313
-0.996259 0.086411 -0.001313
-0.996259 0.086411 0.001313
0.107454 -0.994209 0.001293
0.107454 -0.994209 -0.001293
-0.107454 -0.994209 -0.001293
-0.107454 -0.994209 0.001293
0.996255 -0.086449 0.001307
0.707094 -0.707119 0.001000
0.577354 -0.577363 0.577334
0.705584 -0.065430 0.705599
0.107532 -0.994201 0.001322
0.082353 -0.704715 0.704695
0.577337 -0.577353 0.577361
0.707113 -0.707100 0.000981
0.102090 -0.080660 0.991500
0.705580 -0.065394 0.705606
0.577363 -0.577341 0.577347
0.082331 -0.704697 0.704716
0.102082 0.080656 0.991501
0.082351 0.704694 0.704716
0.577336 0.577361 0.577354
0.705600 0.065426 0.705584
0.107537 0.994200 0.001311
0.707120 0.707093 0.000995
0.577363 0.577358 0.577330
0.082335 0.704726 0.704686
0.996256 0.086442 0.001314
0.705607 0.065389 0.705580
0.577353 0.577336 0.577362
0.707101 0.707112 0.000983
0.996256 -0.086446 -0.001315
0.705606 -0.065393 -0.705580
0.577350 -0.577339 -0.577362
0.707123 -0.707090 -0.001011
0.102082 -0.080656 -0.991501
0.082351 -0.704694 -0.704716
0.577336 -0.577361 -0.577354
0.705600 -0.065427 -0.705584
0.107516 -0.994203 -0.001278
0.707124 -0.707089 -0.000999
0.577367 -0.577350 -0.577334
0.082339 -0.704721 -0.704691
0.996255 0.086449 -0.001307
0.707094 0.707119 -0.001000
0.577354 0.577363 -0.577334
0.705584 0.065430 -0.705599
0.107532 0.994201 -0.001322
0.082353 0.704715 -0.704695
0.577337 0.577353 -0.577361
0.707113 0.707100 -0.000981
0.102090 0.080660 -0.991500
0.705580 0.065394 -0.705606
0.577363 0.577341 -0.577347
0.082331 0.704697 -0.704716
-0.102082 -0.080656 0.991501
-0.082351 -0.704694 0.704716
-0.577336 -0.577361 0.577354
-0.705600 -0.065426 0.705584
-0.107537 -0.994200 0.001311
-0.707120 -0.707093 0.000995
-0.577363 -0.577358 0.577330
-0.082335 -0.704726 0.704686
-0.996256 -0.086442 0.001314
-0.705607 -0.065389 0.705580
-0.577353 -0.577336 0.577362
-0.707101 -0.707112 0.000983
-0.102089 0.080642 0.991501
-0.705607 0.065436 0.705575
-0.577365 0.577328 0.577358
-0.082337 0.704683 0.704729
-0.996255 0.086453 0.001307
-0.707090 0.707123 0.000998
-0.577352 0.577366 0.577333
-0.705584 0.065434 0.705599
-0.107532 0.994201 0.001322
-0.082353 0.704715 0.704695
-0.577337 0.577353 0.577361
-0.707113 0.707100 0.000981
-0.996255 -0.086449 -0.001307
-0.707094 -0.707119 -0.001000
-0.577354 -0.577363 -0.577334
-0.705584 -0.065430 -0.705599
-0.107532 -0.994201 -0.001322
-0.082353 -0.704715 -0.704695
-0.577337 -0.577353 -0.577361
-0.707113 -0.707100 -0.000981
-0.102090 -0.080660 -0.991500
-0.705580 -0.065394 -0.705606
-0.577363 -0.577341 -0.577347
-0.082331 -0.704697 -0.704716
-0.102082 0.080656 -0.991501
-0.082351 0.704694 -0.704716
-0.577336 0.577361 -0.577354
-0.705600 0.065426 -0.705584
-0.107537 0.994200 -0.001311
-0.707120 0.707093 -0.000995
-0.577363 0.577358 -0.577330
-0.082335 0.704726 -0.704686
-0.996256 0.086442 -0.001314
-0.705607 0.065389 -0.705580
-0.577353 0.577336 -0.577362
-0.707101 0.707112 -0.000983
0.996255 -0.086459 0.001329
0.996254 -0.086459 -0.001329
0.707133 -0.707080 -0.001027
0.707133 -0.707080 0.001027
0.707080 -0.707133 0.001027
0.707080 -0.707133 -0.001027
0.107548 -0.994199 -0.001280
0.107548 -0.994199 0.001280
0.107501 -0.994204 0.001327
-0.107447 -0.994210 0.001313
-0.082337 -0.704745 0.704667
0.082338 -0.704745 0.704667
0.082338 -0.704674 0.704738
-0.082338 -0.704674 0.704738
-0.102039 -0.080694 0.991502
0.101995 -0.080680 0.991508
-0.107548 -0.994199 0.001280
-0.107548 -0.994199 -0.001280
-0.707080 -0.707133 -0.001027
-0.707080 -0.707133 0.001027
-0.707133 -0.707080 0.001027
-0.707133 -0.707080 -0.001027
-0.996255 -0.086459 -0.001329
-0.996255 -0.086459 0.001329
0.102039 -0.080683 -0.991503
-0.101995 -0.080669 -0.991509
-0.082347 -0.704699 -0.704712
0.082347 -0.704699 -0.704712
0.082347 -0.704711 -0.704700
-0.082338 -0.704745 -0.704667
-0.107501 -0.994204 -0.001327
0.107447 -0.994210 -0.001313
0.102039 0.080683 0.991503
-0.101995 0.080669 0.991509
-0.082347 0.704699 0.704712
0.082347 0.704699 0.704712
0.082347 0.704711 0.704700
-0.107501 0.994204 0.001327
0.107447 0.994210 0.001313
0.107548 0.994199 0.001280
0.107548 0.994199 -0.001280
0.707080 0.707133 -0.001027
0.707080 0.707133 0.001027
0.707133 0.707080 0.001027
0.707133 0.707080 -0.001027
0.996255 0.086459 -0.001329
0.996255 0.086459 0.001329
0.107501 0.994204 -0.001327
-0.107447 0.994210 -0.001313
-0.082337 0.704745 -0.704667
0.082338 0.704745 -0.704667
0.082338 0.704674 -0.704738
-0.082338 0.704674 -0.704738
-0.102039 0.080694 -0.991502
0.101995 0.080680 -0.991508
-0.996255 0.086459 0.001329
-0.996255 0.086459 -0.001329
-0.707133 0.707080 -0.001027
-0.707133 0.707080 0.001027
-0.707080 0.707133 0.001027
-0.707080 0.707133 -0.001027
-0.107548 0.994199 -0.001280
-0.107548 0.994199 0.001321
0.102086 -0.080643 0.991502
0.102075 0.080602 0.991506
0.705558 0.065406 0.705628
0.705566 -0.065351 0.705624
0.705626 -0.065406 0.705560
0.705622 0.065351 0.705568
0.996259 0.086412 0.001326
0.996259 -0.086412 0.001326
-0.996259 -0.086413 0.001326
-0.996259 0.086412 0.001326
-0.705626 0.065406 0.705560
-0.705622 -0.065352 0.705568
-0.705557 -0.065402 0.705629
-0.705567 0.065356 0.705623
-0.102074 0.080606 0.991506
-0.102076 -0.080597 0.991506
0.996259 -0.086412 -0.001326
0.996258 0.086413 -0.001326
0.705625 0.065407 -0.705560
0.705622 -0.065351 -0.705568
0.705557 -0.065406 -0.705628
0.705566 0.065352 -0.705624
0.102086 0.080643 -0.991502
0.102075 -0.080601 -0.991506
-0.102086 -0.080643 -0.991502
-0.102075 0.080602 -0.991506
-0.705558 0.065406 -0.705628
-0.705566 -0.065351 -0.705624
-0.705626 -0.065406 -0.705560
-0.705622 0.065351 -0.705568
-0.996259 0.086412 -0.001326
-0.996259 -0.086412 -0.001326
0.996259 -0.086411 0.001313
0.996259 0.086411 0.001313
0.996259 0.086411 -0.001313
0.996259 -0.086411 -0.001313
0.102020 -0.080609 0.991511
-0.102020 -0.080609 0.991511
-0.102020 0.080609 0.991511
0.102020 0.080609 0.991511
0.102021 -0.080610 -0.991511
0.102020 0.080608 -0.991511
-0.102020 0.080608 -0.991511
-0.102021 -0.080610 -0.991511
0.107454 0.994209 0.001293
-0.107454 0.994209 0.001293
-0.107454 0.994209 -0.001293
0.107454 0.994209 -0.001293
-0.996259 -0.086411 0.001313
-0.996259 -0.086411 -0.001313
-0.996259 0.086411 -0.001313
-0.996259 0.086411 0.001313
0.107454 -0.994209 0.001293
0.107454 -0.994209 -0.001293
-0.107454 -0.994209 -0.001293
-0.107454 -0.994209 0.001293
0.996255 -0.086449 0.001307
0.707094 -0.707119 0.001000
0.577354 -0.577363 0.577334
0.705584 -0.065430 0.705599
0.107532 -0.994201 0.001322
0.082353 -0.704715 0.704695
0.577337 -0.577353 0.577361
0.707113 -0.707100 0.000981
0.102090 -0.080660 0.991500
0.705580 -0.065394 0.705606
0.577363 -0.577341 0.577347
0.082331 -0.704697 0.704716
0.102082 0.080656 0.991501
0.082351 0.704694 0.704716
0.577336 0.577361 0.577354
0.705600 0.065426 0.705584
0.107537 0.994200 0.001311
0.707120 0.707093 0.000995
0.577363 0.577358 0.577330
0.082335 0.704726 0.704686
0.996256 0.086442 0.001314
0.705607 0.065389 0.705580
0.577353 0.577336 0.577362
0.707101 0.707112 0.000983
0.996256 -0.086446 -0.001315
0.705606 -0.065393 -0.705580
0.577350 -0.577339 -0.577362
0.707123 -0.707090 -0.001011
0.102082 -0.080656 -0.991501
0.082351 -0.704694 -0.704716
0.577336 -0.577361 -0.577354
0.705600 -0.065427 -0.705584
0.107516 -0.994203 -0.001278
0.707124 -0.707089 -0.000999
0.577367 -0.577350 -0.577334
0.082339 -0.704721 -0.704691
0.996255 0.086449 -0.001307
0.707094 0.707119 -0.001000
0.577354 0.577363 -0.577334
0.705584 0.065430 -0.705599
0.107532 0.994201 -0.001322
0.082353 0.704715 -0.704695
0.577337 0.577353 -0.577361
0.707113 0.707100 -0.000981
0.102090 0.080660 -0.991500
0.705580 0.065394 -0.705606
0.577363 0.577341 -0.577347
0.082331 0.704697 -0.704716
-0.102082 -0.080656 0.991501
-0.082351 -0.704694 0.704716
-0.577336 -0.577361 0.577354
-0.705600 -0.065426 0.705584
-0.107537 -0.994200 0.001311
-0.707120 -0.707093 0.000995
-0.577363 -0.577358 0.577330
-0.082335 -0.704726 0.704686
-0.996256 -0.086442 0.001314
-0.705607 -0.065389 0.705580
-0.577353 -0.577336 0.577362
-0.707101 -0.707112 0.000983
-0.102089 0.080642 0.991501
-0.705607 0.065436 0.705575
-0.577365 0.577328 0.577358
-0.082337 0.704683 0.704729
-0.996255 0.086453 0.001307
-0.707090 0.707123 0.000998
-0.577352 0.577366 0.577333
-0.705584 0.065434 0.705599
-0.107532 0.994201 0.001322
-0.082353 0.704715 0.704695
-0.577337 0.577353 0.577361
-0.707113 0.707100 0.000981
-0.996255 -0.086449 -0.001307
-0.707094 -0.707119 -0.001000
-0.577354 -0.577363 -0.577334
-0.705584 -0.065430 -0.705599
-0.107532 -0.994201 -0.001322
-0.082353 -0.704715 -0.704695
-0.577337 -0.577353 -0.577361
-0.707113 -0.707100 -0.000981
-0.102090 -0.080660 -0.991500
-0.705580 -0.065394 -0.705606
-0.577363 -0.577341 -0.577347
-0.082331 -0.704697 -0.704716
-0.102082 0.080656 -0.991501
-0.082351 0.704694 -0.704716
-0.577336 0.577361 -0.577354
-0.705600 0.065426 -0.705584
-0.107537 0.994200 -0.001311
-0.707120 0.707093 -0.000995
-0.577363 0.577358 -0.577330
-0.082335 0.704726 -0.704686
-0.996256 0.086442 -0.001314
-0.705607 0.065389 -0.705580
-0.577353 0.577336 -0.577362
-0.707101 0.707112 -0.000983
0.996255 -0.086459 0.001329
0.996254 -0.086459 -0.001329
0.707133 -0.707080 -0.001027
0.707133 -0.707080 0.001027
0.707080 -0.707133 0.001027
0.707080 -0.707133 -0.001027
0.107548 -0.994199 -0.001280
0.107548 -0.994199 0.001280
0.107501 -0.994204 0.001327
-0.107447 -0.994210 0.001313
-0.082337 -0.704745 0.704667
0.082338 -0.704745 0.704667
0.082338 -0.704674 0.704738
-0.082338 -0.704674 0.704738
-0.102039 -0.080694 0.991502
0.101995 -0.080680 0.991508
-0.107548 -0.994199 0.001280
-0.107548 -0.994199 -0.001280
-0.707080 -0.707133 -0.001027
-0.707080 -0.707133 0.001027
-0.707133 -0.707080 0.001027
-0.707133 -0.707080 -0.001027
-0.996255 -0.086459 -0.001329
-0.996255 -0.086459 0.001329
0.102039 -0.080683 -0.991503
-0.101995 -0.080669 -0.991509
-0.082347 -0.704699 -0.704712
0.082347 -0.704699 -0.704712
0.082347 -0.704711 -0.704700
-0.082338 -0.704745 -0.704667
-0.107501 -0.994204 -0.001327
0.107447 -0.994210 -0.001313
0.102039 0.080683 0.991503
-0.101995 0.080669 0.991509
-0.082347 0.704699 0.704712
0.082347 0.704699 0.704712
0.082347 0.704711 0.704700
-0.107501 0.994204 0.001327
0.107447 0.994210 0.001313
0.107548 0.994199 0.001280
0.107548 0.994199 -0.001280
0.707080 0.707133 -0.001027
0.707080 0.707133 0.001027
0.707133 0.707080 0.001027
0.707133 0.707080 -0.001027
0.996255 0.086459 -0.001329
0.996255 0.086459 0.001329
0.107501 0.994204 -0.001327
-0.107447 0.994210 -0.001313
-0.082337 0.704745 -0.704667
0.082338 0.704745 -0.704667
0.082338 0.704674 -0.704738
-0.082338 0.704674 -0.704738
-0.102039 0.080694 -0.991502
0.101995 0.080680 -0.991508
-0.996255 0.086459 0.001329
-0.996255 0.086459 -0.001329
-0.707133 0.707080 -0.001027
-0.707133 0.707080 0.001027
-0.707080 0.707133 0.001027
-0.707080 0.707133 -0.001027
-0.107548 0.994199 -0.001280
-0.107548 0.994199 0.001321
0.102086 -0.080643 0.991502
0.102075 0.080602 0.991506
0.705558 0.065406 0.705628
0.705566 -0.065351 0.705624
0.705626 -0.065406 0.705560
0.705622 0.065351 0.705568
0.996259 0.086412 0.001326
0.996259 -0.086412 0.001326
-0.996259 -0.086413 0.001326
-0.996259 0.086412 0.001326
-0.705626 0.065406 0.705560
-0.705622 -0.065352 0.705568
-0.705557 -0.065402 0.705629
-0.705567 0.065356 0.705623
-0.102074 0.080606 0.991506
-0.102076 -0.080597 0.991506
0.996259 -0.086412 -0.001326
0.996258 0.086413 -0.001326
0.705625 0.065407 -0.705560
0.705622 -0.065351 -0.705568
0.705557 -0.065406 -0.705628
0.705566 0.065352 -0.705624
0.102086 0.080643 -0.991502
0.102075 -0.080601 -0.991506
-0.102086 -0.080643 -0.991502
-0.102075 0.080602 -0.991506
-0.705558 0.065406 -0.705628
-0.705566 -0.065351 -0.705624
-0.705626 -0.065406 -0.705560
-0.705622 0.065351 -0.705568
-0.996259 0.086412 -0.001326
-0.996259 -0.086412 -0.001326
0.996259 -0.086411 0.001313
0.996259 0.086411 0.001313
0.996259 0.086411 -0.001313
0.996259 -0.086411 -0.001313
0.102020 -0.080609 0.991511
-0.102020 -0.080609 0.991511
-0.102020 0.080609 0.991511
0.102020 0.080609 0.991511
0.102021 -0.080610 -0.991511
0.102020 0.080608 -0.991511
-0.102020 0.080608 -0.991511
-0.102021 -0.080610 -0.991511
0.107454 0.994209 0.001293
-0.107454 0.994209 0.001293
-0.107454 0.994209 -0.001293
0.107454 0.994209 -0.001293
-0.996259 -0.086411 0.001313
-0.996259 -0.086411 -0.001313
-0.996259 0.086411 -0.001313
-0.996259 0.086411 0.001313
0.107454 -0.994209 0.001293
0.107454 -0.994209 -0.001293
-0.107454 -0.994209 -0.001293
-0.107454 -0.994209 0.001293
0.996255 -0.086449 0.001307
0.707094 -0.707119 0.001000
0.577354 -0.577363 0.577334
0.705584 -0.065430 0.705599
0.107532 -0.994201 0.001322
0.082353 -0.704715 0.704695
0.577337 -0.577353 0.577361
0.707113 -0.707100 0.000981
0.102090 -0.080660 0.991500
0.705580 -0.065394 0.705606
0.577363 -0.577341 0.577347
0.082331 -0.704697 0.704716
0.102082 0.080656 0.991501
0.082351 0.704694 0.704716
0.577336 0.577361 0.577354
0.705600 0.065426 0.705584
0.107537 0.994200 0.001311
0.707120 0.707093 0.000995
0.577363 0.577358 0.577330
0.082335 0.704726 0.704686
0.996256 0.086442 0.001314
0.705607 0.065389 0.705580
0.577353 0.577336 0.577362
0.707101 0.707112 0.000983
0.996256 -0.086446 -0.001315
0.705606 -0.065393 -0.705580
0.577350 -0.577339 -0.577362
0.707123 -0.707090 -0.001011
0.102082 -0.080656 -0.991501
0.082351 -0.704694 -0.704716
0.577336 -0.577361 -0.577354
0.705600 -0.065427 -0.705584
0.107516 -0.994203 -0.001278
0.707124 -0.707089 -0.000999
0.577367 -0.577350 -0.577334
0.082339 -0.704721 -0.704691
0.996255 0.086449 -0.001307
0.707094 0.707119 -0.001000
0.577354 0.577363 -0.577334
0.705584 0.065430 -0.705599
0.107532 0.994201 -0.001322
0.082353 0.704715 -0.704695
0.577337 0.577353 -0.577361
0.707113 0.707100 -0.000981
0.102090 0.080660 -0.991500
0.705580 0.065394 -0.705606
0.577363 0.577341 -0.577347
0.082331 0.704697 -0.704716
-0.102082 -0.080656 0.991501
-0.082351 -0.704694 0.704716
-0.577336 -0.577361 0.577354
-0.705600 -0.065426 0.705584
-0.107537 -0.994200 0.001311
-0.707120 -0.707093 0.000995
-0.577363 -0.577358 0.577330
-0.082335 -0.704726 0.704686
-0.996256 -0.086442 0.001314
-0.705607 -0.065389 0.705580
-0.577353 -0.577336 0.577362
-0.707101 -0.707112 0.000983
-0.102089 0.080642 0.991501
-0.705607 0.065436 0.705575
-0.577365 0.577328 0.577358
-0.082337 0.704683 0.704729
-0.996255 0.086453 0.001307
-0.707090 0.707123 0.000998
-0.577352 0.577366 0.577333
-0.705584 0.065434 0.705599
-0.107532 0.994201 0.001322
-0.082353 0.704715 0.704695
-0.577337 0.577353 0.577361
-0.707113 0.707100 0.000981
-0.996255 -0.086449 -0.001307
-0.707094 -0.707119 -0.001000
-0.577354 -0.577363 -0.577334
-0.705584 -0.065430 -0.705599
-0.107532 -0.994201 -0.001322
-0.082353 -0.704715 -0.704695
-0.577337 -0.577353 -0.577361
-0.707113 -0.707100 -0.000981
-0.102090 -0.080660 -0.991500
-0.705580 -0.065394 -0.705606
-0.577363 -0.577341 -0.577347
-0.082331 -0.704697 -0.704716
-0.102082 0.080656 -0.991501
-0.082351 0.704694 -0.704716
-0.577336 0.577361 -0.577354
-0.705600 0.065426 -0.705584
-0.107537 0.994200 -0.001311
-0.707120 0.707093 -0.000995
-0.577363 0.577358 -0.577330
-0.082335 0.704726 -0.704686
-0.996256 0.086442 -0.001314
-0.705607 0.065389 -0.705580
-0.577353 0.577336 -0.577362
-0.707101 0.707112 -0.000983
0.996255 -0.086459 0.001329
0.996254 -0.086459 -0.001329
0.707133 -0.707080 -0.001027
0.707133 -0.707080 0.001027
0.707080 -0.707133 0.001027
0.707080 -0.707133 -0.001027
0.107548 -0.994199 -0.001280
0.107548 -0.994199 0.001280
0.107501 -0.994204 0.001327
-0.107447 -0.994210 0.001313
-0.082337 -0.704745 0.704667
0.082338 -0.704745 0.704667
0.082338 -0.704674 0.704738
-0.082338 -0.704674 0.704738
-0.102039 -0.080694 0.991502
0.101995 -0.080680 0.991508
-0.107548 -0.994199 0.001280
-0.107548 -0.994199 -0.001280
-0.707080 -0.707133 -0.001027
-0.707080 -0.707133 0.001027
-0.707133 -0.707080 0.001027
-0.707133 -0.707080 -0.001027
-0.996255 -0.086459 -0.001329
-0.996255 -0.086459 0.001329
0.102039 -0.080683 -0.991503
-0.101995 -0.080669 -0.991509
-0.082347 -0.704699 -0.704712
0.082347 -0.704699 -0.704712
0.082347 -0.704711 -0.704700
-0.082338 -0.704745 -0.704667
-0.107501 -0.994204 -0.001327
0.107447 -0.994210 -0.001313
0.102039 0.080683 0.991503
-0.101995 0.080669 0.991509
-0.082347 0.704699 0.704712
0.082347 0.704699 0.704712
0.082347 0.704711 0.704700
-0.107501 0.994204 0.001327
0.107447 0.994210 0.001313
0.107548 0.994199 0.001280
0.107548 0.994199 -0.001280
0.707080 0.707133 -0.001027
0.707080 0.707133 0.001027
0.707133 0.707080 0.001027
0.707133 0.707080 -0.001027
0.996255 0.086459 -0.001329
0.996255 0.086459 0.001329
0.107501 0.994204 -0.001327
-0.107447 0.994210 -0.001313
-0.082337 0.704745 -0.704667
0.082338 0.704745 -0.704667
0.082338 0.704674 -0.704738
-0.082338 0.704674 -0.704738
-0.102039 0.080694 -0.991502
0.101995 0.080680 -0.991508
-0.996255 0.086459 0.001329
-0.996255 0.086459 -0.001329
-0.707133 0.707080 -0.001027
-0.707133 0.707080 0.001027
-0.707080 0.707133 0.001027
-0.707080 0.707133 -0.001027
-0.107548 0.994199 -0.001280
-0.107548 0.994199 0.001321
0.102086 -0.080643 0.991502
0.102075 0.080602 0.991506
0.705558 0.065406 0.705628
0.705566 -0.065351 0.705624
0.705626 -0.065406 0.705560
0.705622 0.065351 0.705568
0.996259 0.086412 0.001326
0.996259 -0.086412 0.001326
-0.996259 -0.086413 0.001326
-0.996259 0.086412 0.001326
-0.705626 0.065406 0.705560
-0.705622 -0.065352 0.705568
-0.705557 -0.065402 0.705629
-0.705567 0.065356 0.705623
-0.102074 0.080606 0.991506
-0.102076 -0.080597 0.991506
0.996259 -0.086412 -0.001326
0.996258 0.086413 -0.001326
0.705625 0.065407 -0.705560
0.705622 -0.065351 -0.705568
0.705557 -0.065406 -0.705628
0.705566 0.065352 -0.705624
0.102086 0.080643 -0.991502
0.102075 -0.080601 -0.991506
-0.102086 -0.080643 -0.991502
-0.102075 0.080602 -0.991506
-0.705558 0.065406 -0.705628
-0.705566 -0.065351 -0.705624
-0.705626 -0.065406 -0.705560
-0.705622 0.065351 -0.705568
-0.996259 0.086412 -0.001326
-0.996259 -0.086412 -0.001326
0.996259 -0.086411 0.001313
0.996259 0.086411 0.001313
0.996259 0.086411 -0.001313
0.996259 -0.086411 -0.001313
0.102020 -0.080609 0.991511
-0.102020 -0.080609 0.991511
-0.102020 0.080609 0.991511
0.102020 0.080609 0.991511
0.102021 -0.080610 -0.991511
0.102020 0.080608 -0.991511
-0.102020 0.080608 -0.991511
-0.102021 -0.080610 -0.991511
0.107454 0.994209 0.001293
-0.107454 0.994209 0.001293
-0.107454 0.994209 -0.001293
0.107454 0.994209 -0.001293
-0.996259 -0.086411 0.001313
-0.996259 -0.086411 -0.001313
-0.996259 0.086411 -0.001313
-0.996259 0.086411 0.001313
0.107454 -0.994209 0.001293
0.107454 -0.994209 -0.001293
-0.107454 -0.994209 -0.001293
-0.107454 -0.994209 0.001293
0.996255 -0.086449 0.001307
0.707094 -0.707119 0.001000
0.577354 -0.577363 0.577334
0.705584 -0.065430 0.705599
0.107532 -0.994201 0.001322
0.082353 -0.704715 0.704695
0.577337 -0.577353 0.577361
0.707113 -0.707100 0.000981
0.102090 -0.080660 0.991500
0.705580 -0.065394 0.705606
0.577363 -0.577341 0.577347
0.082331 -0.704697 0.704716
0.102082 0.080656 0.991501
0.082351 0.704694 0.704716
0.577336 0.577361 0.577354
0.705600 0.065426 0.705584
0.107537 0.994200 0.001311
0.707120 0.707093 0.000995
0.577363 0.577358 0.577330
0.082335 0.704726 0.704686
0.996256 0.086442 0.001314
0.705607 0.065389 0.705580
0.577353 0.577336 0.577362
0.707101 0.707112 0.000983
0.996256 -0.086446 -0.001315
0.705606 -0.065393 -0.705580
0.577350 -0.577339 -0.577362
0.707123 -0.707090 -0.001011
0.102082 -0.080656 -0.991501
0.082351 -0.704694 -0.704716
0.577336 -0.577361 -0.577354
0.705600 -0.065427 -0.705584
0.107516 -0.994203 -0.001278
0.707124 -0.707089 -0.000999
0.577367 -0.577350 -0.577334
0.082339 -0.704721 -0.704691
0.996255 0.086449 -0.001307
0.707094 0.707119 -0.001000
0.577354 0.577363 -0.577334
0.705584 0.065430 -0.705599
0.107532 0.994201 -0.001322
0.082353 0.704715 -0.704695
0.577337 0.577353 -0.577361
0.707113 0.707100 -0.000981
0.102090 0.080660 -0.991500
0.705580 0.065394 -0.705606
0.577363 0.577341 -0.577347
0.082331 0.704697 -0.704716
-0.102082 -0.080656 0.991501
-0.082351 -0.704694 0.704716
-0.577336 -0.577361 0.577354
-0.705600 -0.065426 0.705584
-0.107537 -0.994200 0.001311
-0.707120 -0.707093 0.000995
-0.577363 -0.577358 0.577330
-0.082335 -0.704726 0.704686
-0.996256 -0.086442 0.001314
-0.705607 -0.065389 0.705580
-0.577353 -0.577336 0.577362
-0.707101 -0.707112 0.000983
-0.102089 0.080642 0.991501
-0.705607 0.065436 0.705575
-0.577365 0.577328 0.577358
-0.082337 0.704683 0.704729
-0.996255 0.086453 0.001307
-0.707090 0.707123 0.000998
-0.577352 0.577366 0.577333
-0.705584 0.065434 0.705599
-0.107532 0.994201 0.001322
-0.082353 0.704715 0.704695
-0.577337 0.577353 0.577361
-0.707113 0.707100 0.000981
-0.996255 -0.086449 -0.001307
-0.707094 -0.707119 -0.001000
-0.577354 -0.577363 -0.577334
-0.705584 -0.065430 -0.705599
-0.107532 -0.994201 -0.001322
-0.082353 -0.704715 -0.704695
-0.577337 -0.577353 -0.577361
-0.707113 -0.707100 -0.000981
-0.102090 -0.080660 -0.991500
-0.705580 -0.065394 -0.705606
-0.577363 -0.577341 -0.577347
-0.082331 -0.704697 -0.704716
-0.102082 0.080656 -0.991501
-0.082351 0.704694 -0.704716
-0.577336 0.577361 -0.577354
-0.705600 0.065426 -0.705584
-0.107537 0.994200 -0.001311
-0.707120 0.707093 -0.000995
-0.577363 0.577358 -0.577330
-0.082335 0.704726 -0.704686
-0.996256 0.086442 -0.001314
-0.705607 0.065389 -0.705580
-0.577353 0.577336 -0.577362
-0.707101 0.707112 -0.000983
0.996255 -0.086459 0.001329
0.996254 -0.086459 -0.001329
0.707133 -0.707080 -0.001027
0.707133 -0.707080 0.001027
0.707080 -0.707133 0.001027
0.707080 -0.707133 -0.001027
0.107548 -0.994199 -0.001280
0.107548 -0.994199 0.001280
0.107501 -0.994204 0.001327
-0.107447 -0.994210 0.001313
-0.082337 -0.704745 0.704667
0.082338 -0.704745 0.704667
0.082338 -0.704674 0.704738
-0.082338 -0.704674 0.704738
-0.102039 -0.080694 0.991502
0.101995 -0.080680 0.991508
-0.107548 -0.994199 0.001280
-0.107548 -0.994199 -0.001280
-0.707080 -0.707133 -0.001027
-0.707080 -0.707133 0.001027
-0.707133 -0.707080 0.001027
-0.707133 -0.707080 -0.001027
-0.996255 -0.086459 -0.001329
-0.996255 -0.086459 0.001329
0.102039 -0.080683 -0.991503
-0.101995 -0.080669 -0.991509
-0.082347 -0.704699 -0.704712
0.082347 -0.704699 -0.704712
0.082347 -0.704711 -0.704700
-0.082338 -0.704745 -0.704667
-0.107501 -0.994204 -0.001327
0.107447 -0.994210 -0.001313
0.102039 0.080683 0.991503
-0.101995 0.080669 0.991509
-0.082347 0.704699 0.704712
0.082347 0.704699 0.704712
0.082347 0.704711 0.704700
-0.107501 0.994204 0.001327
0.107447 0.994210 0.001313
0.107548 0.994199 0.001280
0.107548 0.994199 -0.001280
0.707080 0.707133 -0.001027
0.707080 0.707133 0.001027
0.707133 0.707080 0.001027
0.707133 0.707080 -0.001027
0.996255 0.086459 -0.001329
0.996255 0.086459 0.001329
0.107501 0.994204 -0.001327
-0.107447 0.994210 -0.001313
-0.082337 0.704745 -0.704667
0.082338 0.704745 -0.704667
0.082338 0.704674 -0.704738
-0.082338 0.704674 -0.704738
-0.102039 0.080694 -0.991502
0.101995 0.080680 -0.991508
-0.996255 0.086459 0.001329
-0.996255 0.086459 -0.001329
-0.707133 0.707080 -0.001027
-0.707133 0.707080 0.001027
-0.707080 0.707133 0.001027
-0.707080 0.707133 -0.001027
-0.107548 0.994199 -0.001280
-0.107548 0.994199 0.001321
0.102086 -0.080643 0.991502
0.102075 0.080602 0.991506
0.705558 0.065406 0.705628
0.705566 -0.065351 0.705624
0.705626 -0.065406 0.705560
0.705622 0.065351 0.705568
0.996259 0.086412 0.001326
0.996259 -0.086412 0.001326
-0.996259 -0.086413 0.001326
-0.996259 0.086412 0.001326
-0.705626 0.065406 0.705560
-0.705622 -0.065352 0.705568
-0.705557 -0.065402 0.705629
-0.705567 0.065356 0.705623
-0.102074 0.080606 0.991506
-0.102076 -0.080597 0.991506
0.996259 -0.086412 -0.001326
0.996258 0.086413 -0.001326
0.705625 0.065407 -0.705560
0.705622 -0.065351 -0.705568
0.705557 -0.065406 -0.705628
0.705566 0.065352 -0.705624
0.102086 0.080643 -0.991502
0.102075 -0.080601 -0.991506
-0.102086 -0.080643 -0.991502
-0.102075 0.080602 -0.991506
-0.705558 0.065406 -0.705628
-0.705566 -0.065351 -0.705624
-0.705626 -0.065406 -0.705560
-0.705622 0.065351 -0.705568
-0.996259 0.086412 -0.001326
-0.996259 -0.086412 -0.001326
0.996259 -0.086411 0.001313
0.996259 0.086411 0.001313
0.996259 0.086411 -0.001313
0.996259 -0.086411 -0.001313
0.102020 -0.080609 0.991511
-0.102020 -0.080609 0.991511
-0.102020 0.080609 0.991511
0.102020 0.080609 0.991511
0.102021 -0.080610 -0.991511
0.102020 0.080608 -0.991511
-0.102020 0.080608 -0.991511
-0.102021 -0.080610 -0.991511
0.107454 0.994209 0.001293
-0.107454 0.994209 0.001293
-0.107454 0.994209 -0.001293
0.107454 0.994209 -0.001293
-0.996259 -0.086411 0.001313
-0.996259 -0.086411 -0.001313
-0.996259 0.086411 -0.001313
-0.996259 0.086411 0.001313
0.107454 -0.994209 0.001293
0.107454 -0.994209 -0.001293
-0.107454 -0.994209 -0.001293
-0.107454 -0.994209 0.001293
0.996255 -0.086449 0.001307
0.707094 -0.707119 0.001000
0.577354 -0.577363 0.577334
0.705584 -0.065430 0.705599
0.107532 -0.994201 0.001322
0.082353 -0.704715 0.704695
0.577337 -0.577353 0.577361
0.707113 -0.707100 0.000981
0.102090 -0.080660 0.991500
0.705580 -0.065394 0.705606
0.577363 -0.577341 0.577347
0.082331 -0.704697 0.704716
0.102082 0.080656 0.991501
0.082351 0.704694 0.704716
0.577336 0.577361 0.577354
0.705600 0.065426 0.705584
0.107537 0.994200 0.001311
0.707120 0.707093 0.000995
0.577363 0.577358 0.577330
0.082335 0.704726 0.704686
0.996256 0.086442 0.001314
0.705607 0.065389 0.705580
0.577353 0.577336 0.577362
0.707101 0.707112 0.000983
0.996256 -0.086446 -0.001315
0.705606 -0.065393 -0.705580
0.577350 -0.577339 -0.577362
0.707123 -0.707090 -0.001011
0.102082 -0.080656 -0.991501
0.082351 -0.704694 -0.704716
0.577336 -0.577361 -0.577354
0.705600 -0.065427 -0.705584
0.107516 -0.994203 -0.001278
0.707124 -0.707089 -0.000999
0.577367 -0.577350 -0.577334
0.082339 -0.704721 -0.704691
0.996255 0.086449 -0.001307
0.707094 0.707119 -0.001000
0.577354 0.577363 -0.577334
0.705584 0.065430 -0.705599
0.107532 0.994201 -0.001322
0.082353 0.704715 -0.704695
0.577337 0.577353 -0.577361
0.707113 0.707100 -0.000981
0.102090 0.080660 -0.991500
0.705580 0.065394 -0.705606
0.577363 0.577341 -0.577347
0.082331 0.704697 -0.704716
-0.102082 -0.080656 0.991501
-0.082351 -0.704694 0.704716
-0.577336 -0.577361 0.577354
-0.705600 -0.065426 0.705584
-0.107537 -0.994200 0.001311
-0.707120 -0.707093 0.000995
-0.577363 -0.577358 0.577330
-0.082335 -0.704726 0.704686
-0.996256 -0.086442 0.001314
-0.705607 -0.065389 0.705580
-0.577353 -0.577336 0.577362
-0.707101 -0.707112 0.000983
-0.102089 0.080642 0.991501
-0.705607 0.065436 0.705575
-0.577365 0.577328 0.577358
-0.082337 0.704683 0.704729
-0.996255 0.086453 0.001307
-0.707090 0.707123 0.000998
-0.577352 0.577366 0.577333
-0.705584 0.065434 0.705599
-0.107532 0.994201 0.001322
-0.082353 0.704715 0.704695
-0.577337 0.577353 0.577361
-0.707113 0.707100 0.000981
-0.996255 -0.086449 -0.001307
-0.707094 -0.707119 -0.001000
-0.577354 -0.577363 -0.577334
-0.705584 -0.065430 -0.705599
-0.107532 -0.994201 -0.001322
-0.082353 -0.704715 -0.704695
-0.577337 -0.577353 -0.577361
-0.707113 -0.707100 -0.000981
-0.102090 -0.080660 -0.991500
-0.705580 -0.065394 -0.705606
-0.577363 -0.577341 -0.577347
-0.082331 -0.704697 -0.704716
-0.102082 0.080656 -0.991501
-0.082351 0.704694 -0.704716
-0.577336 0.577361 -0.577354
-0.705600 0.065426 -0.705584
-0.107537 0.994200 -0.001311
-0.707120 0.707093 -0.000995
-0.577363 0.577358 -0.577330
-0.082335 0.704726 -0.704686
-0.996256 0.086442 -0.001314
-0.705607 0.065389 -0.705580
-0.577353 0.577336 -0.577362
-0.707101 0.707112 -0.000983
0.996255 -0.086459 0.001329
0.996254 -0.086459 -0.001329
0.707133 -0.707080 -0.001027
0.707133 -0.707080 0.001027
0.707080 -0.707133 0.001027
0.707080 -0.707133 -0.001027
0.107548 -0.994199 -0.001280
0.107548 -0.994199 0.001280
0.107501 -0.994204 0.001327
-0.107447 -0.994210 0.001313
-0.082337 -0.704745 0.704667
0.082338 -0.704745 0.704667
0.082338 -0.704674 0.704738
-0.082338 -0.704674 0.704738
-0.102039 -0.080694 0.991502
0.101995 -0.080680 0.991508
-0.107548 -0.994199 0.001280
-0.107548 -0.994199 -0.001280
-0.707080 -0.707133 -0.001027
-0.707080 -0.707133 0.001027
-0.707133 -0.707080 0.001027
-0.707133 -0.707080 -0.001027
-0.996255 -0.086459 -0.001329
-0.996255 -0.086459 0.001329
0.102039 -0.080683 -0.991503
-0.101995 -0.080669 -0.991509
-0.082347 -0.704699 -0.704712
0.082347 -0.704699 -0.704712
0.082347 -0.704711 -0.704700
-0.082338 -0.704745 -0.704667
-0.107501 -0.994204 -0.001327
0.107447 -0.994210 -0.001313
0.102039 0.080683 0.991503
-0.101995 0.080669 0.991509
-0.082347 0.704699 0.704712
0.082347 0.704699 0.704712
0.082347 0.704711 0.704700
-0.107501 0.994204 0.001327
0.107447 0.994210 0.001313
0.107548 0.994199 0.001280
0.107548 0.994199 -0.001280
0.707080 0.707133 -0.001027
0.707080 0.707133 0.001027
0.707133 0.707080 0.001027
0.707133 0.707080 -0.001027
0.996255 0.086459 -0.001329
0.996255 0.086459 0.001329
0.107501 0.994204 -0.001327
-0.107447 0.994210 -0.001313
-0.082337 0.704745 -0.704667
0.082338 0.704745 -0.704667
0.082338 0.704674 -0.704738
-0.082338 0.704674 -0.704738
-0.102039 0.080694 -0.991502
0.101995 0.080680 -0.991508
-0.996255 0.086459 0.001329
-0.996255 0.086459 -0.001329
-0.707133 0.707080 -0.001027
-0.707133 0.707080 0.001027
-0.707080 0.707133 0.001027
-0.707080 0.707133 -0.001027
-0.107548 0.994199 -0.001280
-0.107548 0.994199 0.001321
0.102086 -0.080643 0.991502
0.102075 0.080602 0.991506
0.705558 0.065406 0.705628
0.705566 -0.065351 0.705624
0.705626 -0.065406 0.705560
0.705622 0.065351 0.705568
0.996259 0.086412 0.001326
0.996259 -0.086412 0.001326
-0.996259 -0.086413 0.001326
-0.996259 0.086412 0.001326
-0.705626 0.065406 0.705560
-0.705622 -0.065352 0.705568
-0.705557 -0.065402 0.705629
-0.705567 0.065356 0.705623
-0.102074 0.080606 0.991506
-0.102076 -0.080597 0.991506
0.996259 -0.086412 -0.001326
0.996258 0.086413 -0.001326
0.705625 0.065407 -0.705560
0.705622 -0.065351 -0.705568
0.705557 -0.065406 -0.705628
0.705566 0.065352 -0.705624
0.102086 0.080643 -0.991502
0.102075 -0.080601 -0.991506
-0.102086 -0.080643 -0.991502
-0.102075 0.080602 -0.991506
-0.705558 0.065406 -0.705628
-0.705566 -0.065351 -0.705624
-0.705626 -0.065406 -0.705560
-0.705622 0.065351 -0.705568
-0.996259 0.086412 -0.001326
-0.996259 -0.086412 -0.001326
0.996259 -0.086411 0.001313
0.996259 0.086411 0.001313
0.996259 0.086411 -0.001313
0.996259 -0.086411 -0.001313
0.102020 -0.080609 0.991511
-0.102020 -0.080609 0.991511
-0.102020 0.080609 0.991511
0.102020 0.080609 0.991511
0.102021 -0.080610 -0.991511
0.102020 0.080608 -0.991511
-0.102020 0.080608 -0.991511
-0.102021 -0.080610 -0.991511
0.107454 0.994209 0.001293
-0.107454 0.994209 0.001293
-0.107454 0.994209 -0.001293
0.107454 0.994209 -0.001293
-0.996259 -0.086411 0.001313
-0.996259 -0.086411 -0.001313
-0.996259 0.086411 -0.001313
-0.996259 0.086411 0.001313
0.107454 -0.994209 0.001293
0.107454 -0.994209 -0.001293
-0.107454 -0.994209 -0.001293
-0.107454 -0.994209 0.001293
0.996255 -0.086449 0.001307
0.707094 -0.707119 0.001000
0.577354 -0.577363 0.577334
0.705584 -0.065430 0.705599
0.107532 -0.994201 0.001322
0.082353 -0.704715 0.704695
0.577337 -0.577353 0.577361
0.707113 -0.707100 0.000981
0.102090 -0.080660 0.991500
0.705580 -0.065394 0.705606
0.577363 -0.577341 0.577347
0.082331 -0.704697 0.704716
0.102082 0.080656 0.991501
0.082351 0.704694 0.704716
0.577336 0.577361 0.577354
0.705600 0.065426 0.705584
0.107537 0.994200 0.001311
0.707120 0.707093 0.000995
0.577363 0.577358 0.577330
0.082335 0.704726 0.704686
0.996256 0.086442 0.001314
0.705607 0.065389 0.705580
0.577353 0.577336 0.577362
0.707101 0.707112 0.000983
0.996256 -0.086446 -0.001315
0.705606 -0.065393 -0.705580
0.577350 -0.577339 -0.577362
0.707123 -0.707090 -0.001011
0.102082 -0.080656 -0.991501
0.082351 -0.704694 -0.704716
0.577336 -0.577361 -0.577354
0.705600 -0.065427 -0.705584
0.107516 -0.994203 -0.001278
0.707124 -0.707089 -0.000999
0.577367 -0.577350 -0.577334
0.082339 -0.704721 -0.704691
0.996255 0.086449 -0.001307
0.707094 0.707119 -0.001000
0.577354 0.577363 -0.577334
0.705584 0.065430 -0.705599
0.107532 0.994201 -0.001322
0.082353 0.704715 -0.704695
0.577337 0.577353 -0.577361
0.707113 0.707100 -0.000981
0.102090 0.080660 -0.991500
0.705580 0.065394 -0.705606
0.577363 0.577341 -0.577347
0.082331 0.704697 -0.704716
-0.102082 -0.080656 0.991501
-0.082351 -0.704694 0.704716
-0.577336 -0.577361 0.577354
-0.705600 -0.065426 0.705584
-0.107537 -0.994200 0.001311
-0.707120 -0.707093 0.000995
-0.577363 -0.577358 0.577330
-0.082335 -0.704726 0.704686
-0.996256 -0.086442 0.001314
-0.705607 -0.065389 0.705580
-0.577353 -0.577336 0.577362
-0.707101 -0.707112 0.000983
-0.102089 0.080642 0.991501
-0.705607 0.065436 0.705575
-0.577365 0.577328 0.577358
-0.082337 0.704683 0.704729
-0.996255 0.086453 0.001307
-0.707090 0.707123 0.000998
-0.577352 0.577366 0.577333
-0.705584 0.065434 0.705599
-0.107532 0.994201 0.001322
-0.082353 0.704715 0.704695
-0.577337 0.577353 0.577361
-0.707113 0.707100 0.000981
-0.996255 -0.086449 -0.001307
-0.707094 -0.707119 -0.001000
-0.577354 -0.577363 -0.577334
-0.705584 -0.065430 -0.705599
-0.107532 -0.994201 -0.001322
-0.082353 -0.704715 -0.704695
-0.577337 -0.577353 -0.577361
-0.707113 -0.707100 -0.000981
-0.102090 -0.080660 -0.991500
-0.705580 -0.065394 -0.705606
-0.577363 -0.577341 -0.577347
-0.082331 -0.704697 -0.704716
-0.102082 0.080656 -0.991501
-0.082351 0.704694 -0.704716
-0.577336 0.577361 -0.577354
-0.705600 0.065426 -0.705584
-0.107537 0.994200 -0.001311
-0.707120 0.707093 -0.000995
-0.577363 0.577358 -0.577330
-0.082335 0.704726 -0.704686
-0.996256 0.086442 -0.001314
-0.705607 0.065389 -0.705580
-0.577353 0.577336 -0.577362
-0.707101 0.707112 -0.000983
0.996255 -0.086459 0.001329
0.996254 -0.086459 -0.001329
0.707133 -0.707080 -0.001027
0.707133 -0.707080 0.001027
0.707080 -0.707133 0.001027
0.707080 -0.707133 -0.001027
0.107548 -0.994199 -0.001280
0.107548 -0.994199 0.001280
0.107501 -0.994204 0.001327
-0.107447 -0.994210 0.001313
-0.082337 -0.704745 0.704667
0.082338 -0.704745 0.704667
0.082338 -0.704674 0.704738
-0.082338 -0.704674 0.704738
-0.102039 -0.080694 0.991502
0.101995 -0.080680 0.991508
-0.107548 -0.994199 0.001280
-0.107548 -0.994199 -0.001280
-0.707080 -0.707133 -0.001027
-0.707080 -0.707133 0.001027
-0.707133 -0.707080 0.001027
-0.707133 -0.707080 -0.001027
-0.996255 -0.086459 -0.001329
-0.996255 -0.086459 0.001329
0.102039 -0.080683 -0.991503
-0.101995 -0.080669 -0.991509
-0.082347 -0.704699 -0.704712
0.082347 -0.704699 -0.704712
0.082347 -0.704711 -0.704700
-0.082338 -0.704745 -0.704667
-0.107501 -0.994204 -0.001327
0.107447 -0.994210 -0.001313
0.102039 0.080683 0.991503
-0.101995 0.080669 0.991509
-0.082347 0.704699 0.704712
0.082347 0.704699 0.704712
0.082347 0.704711 0.704700
-0.107501 0.994204 0.001327
0.107447 0.994210 0.001313
0.107548 0.994199 0.001280
0.107548 0.994199 -0.001280
0.707080 0.707133 -0.001027
0.707080 0.707133 0.001027
0.707133 0.707080 0.001027
0.707133 0.707080 -0.001027
0.996255 0.086459 -0.001329
0.996255 0.086459 0.001329
0.107501 0.994204 -0.001327
-0.107447 0.994210 -0.001313
-0.082337 0.704745 -0.704667
0.082338 0.704745 -0.704667
0.082338 0.704674 -0.704738
-0.082338 0.704674 -0.704738
-0.102039 0.080694 -0.991502
0.101995 0.080680 -0.991508
-0.996255 0.086459 0.001329
-0.996255 0.086459 -0.001329
-0.707133 0.707080 -0.001027
-0.707133 0.707080 0.001027
-0.707080 0.707133 0.001027
-0.707080 0.707133 -0.001027
-0.107548 0.994199 -0.001280
-0.107548 0.994199 0.001321
0.102086 -0.080643 0.991502
0.102075 0.080602 0.991506
0.705558 0.065406 0.705628
0.705566 -0.065351 0.705624
0.705626 -0.065406 0.705560
0.705622 0.065351 0.705568
0.996259 0.086412 0.001326
0.996259 -0.086412 0.001326
-0.996259 -0.086413 0.001326
-0.996259 0.086412 0.001326
-0.705626 0.065406 0.705560
-0.705622 -0.065352 0.705568
-0.705557 -0.065402 0.705629
-0.705567 0.065356 0.705623
-0.102074 0.080606 0.991506
-0.102076 -0.080597 0.991506
0.996259 -0.086412 -0.001326
0.996258 0.086413 -0.001326
0.705625 0.065407 -0.705560
0.705622 -0.065351 -0.705568
0.705557 -0.065406 -0.705628
0.705566 0.065352 -0.705624
0.102086 0.080643 -0.991502
0.102075 -0.080601 -0.991506
-0.102086 -0.080643 -0.991502
-0.102075 0.080602 -0.991506
-0.705558 0.065406 -0.705628
-0.705566 -0.065351 -0.705624
-0.705626 -0.065406 -0.705560
-0.705622 0.065351 -0.705568
-0.996259 0.086412 -0.001326
-0.996259 -0.086412 -0.001326
0.996259 -0.086411 0.001313
0.996259 0.086411 0.001313
0.996259 0.086411 -0.001313
0.996259 -0.086411 -0.001313
0.001941 -0.107396 0.994214
-0.001941 -0.107396 0.994214
-0.001941 0.107396 0.994214
0.001941 0.107396 0.994214
0.001941 -0.107396 -0.994214
0.001941 0.107396 -0.994214
-0.001941 0.107396 -0.994214
-0.001941 -0.107396 -0.994214
0.001941 0.994214 0.107396
-0.001941 0.994214 0.107396
-0.001941 0.994214 -0.107396
0.001941 0.994214 -0.107396
-0.989841 -0.100544 0.100529
-0.989841 -0.100530 -0.100546
-0.989841 0.100545 -0.100531
-0.989841 0.100530 0.100543
0.001941 -0.994214 0.107396
0.001941 -0.994214 -0.107396
-0.001941 -0.994214 -0.107396
-0.001941 -0.994214 0.107396
0.989829 -0.100614 0.100575
0.704713 -0.704696 0.082355
0.577347 -0.577365 0.577339
0.704720 -0.082337 0.704692
0.001957 -0.994204 0.107489
0.001497 -0.707100 0.707112
0.577336 -0.577350 0.577365
0.704689 -0.704722 0.082337
0.001961 -0.107477 0.994206
0.704694 -0.082351 0.704716
0.577364 -0.577335 0.577352
0.001481 -0.707101 0.707111
0.001956 0.107487 0.994205
0.001556 0.707144 0.707068
0.577336 0.577364 0.577351
0.704689 0.082336 0.704723
0.001963 0.994205 0.107479
0.704695 0.704714 0.082353
0.577364 0.577350 0.577337
0.001481 0.707109 0.707103
0.989829 0.100573 0.100620
0.704708 0.082351 0.704702
0.577344 0.577336 0.577371
0.704721 0.704690 0.082344
0.989829 -0.100573 -0.100620
0.704708 -0.082351 -0.704702
0.577344 -0.577336 -0.577371
0.704721 -0.704690 -0.082344
0.001956 -0.107487 -0.994205
0.001556 -0.707144 -0.707068
0.577336 -0.577364 -0.577351
0.704689 -0.082336 -0.704723
0.001963 -0.994205 -0.107479
0.704695 -0.704714 -0.082353
0.577364 -0.577350 -0.577337
0.001481 -0.707109 -0.707103
0.989829 0.100614 -0.100575
0.704713 0.704696 -0.082355
0.577347 0.577365 -0.577339
0.704720 0.082337 -0.704692
0.001957 0.994204 -0.107489
0.001497 0.707100 -0.707112
0.577336 0.577350 -0.577365
0.704689 0.704722 -0.082337
0.001961 0.107477 -0.994206
0.704694 0.082351 -0.704716
0.577364 0.577335 -0.577352
0.001481 0.707101 -0.707111
-0.001956 -0.107487 0.994205
-0.001556 -0.707144 0.707068
-0.577336 -0.577364 0.577351
-0.704689 -0.082336 0.704723
-0.001963 -0.994205 0.107479
-0.704695 -0.704714 0.082353
-0.577364 -0.577350 0.577337
-0.001481 -0.707109 0.707103
-0.989829 -0.100573 0.100620
-0.704708 -0.082351 0.704702
-0.577344 -0.577336 0.577371
-0.704721 -0.704690 0.082344
-0.001961 0.107477 0.994206
-0.704694 0.082351 0.704716
-0.577364 0.577335 0.577352
-0.001481 0.707101 0.707111
-0.989828 0.100614 0.100581
-0.704713 0.704696 0.082361
-0.577343 0.577365 0.577344
-0.704715 0.082335 0.704697
-0.001957 0.994204 0.107489
-0.001497 0.707100 0.707112
-0.577336 0.577349 0.577365
-0.704689 0.704722 0.082337
-0.989829 -0.100614 -0.100575
-0.704713 -0.704696 -0.082355
-0.577347 -0.577365 -0.577339
-0.704720 -0.082337 -0.704692
-0.001957 -0.994204 -0.107489
-0.001497 -0.707100 -0.707112
-0.577336 -0.577350 -0.577365
-0.704689 -0.704722 -0.082337
-0.001961 -0.107477 -0.994206
-0.704694 -0.082351 -0.704716
-0.577364 -0.577335 -0.577352
-0.001481 -0.707101 -0.707111
-0.001956 0.107487 -0.994205
-0.001556 0.707144 -0.707068
-0.577336 0.577364 -0.577351
-0.704689 0.082336 -0.704723
-0.001963 0.994205 -0.107479
-0.704695 0.704714 -0.082353
-0.577364 0.577350 -0.577337
-0.001481 0.707109 -0.707103
-0.989829 0.100573 -0.100620
-0.704708 0.082351 -0.704702
-0.577344 0.577336 -0.577371
-0.704721 0.704690 -0.082344
0.989834 -0.100601 0.100542
0.989834 -0.100601 -0.100538
0.704740 -0.704671 -0.082336
0.704740 -0.704672 0.082339
0.704670 -0.704742 0.082338
0.704670 -0.704742 -0.082338
0.001963 -0.994208 -0.107454
0.001949 -0.994214 0.107400
0.001928 -0.994203 0.107503
-0.001928 -0.994203 0.107503
-0.001522 -0.707133 0.707078
0.001522 -0.707133 0.707078
0.001522 -0.707079 0.707133
-0.001522 -0.707079 0.707133
-0.001928 -0.107503 0.994203
0.001928 -0.107503 0.994203
-0.001963 -0.994208 0.107454
-0.001949 -0.994214 -0.107400
-0.704670 -0.704742 -0.082338
-0.704670 -0.704742 0.082338
-0.704740 -0.704671 0.082336
-0.704740 -0.704671 -0.082339
-0.989828 -0.100614 -0.100583
-0.989834 -0.100601 0.100539
0.001928 -0.107503 -0.994203
-0.001928 -0.107503 -0.994203
-0.001522 -0.707079 -0.707133
0.001522 -0.707079 -0.707133
0.001522 -0.707133 -0.707079
-0.001522 -0.707133 -0.707079
-0.001928 -0.994203 -0.107503
0.001928 -0.994203 -0.107503
0.001928 0.107503 0.994203
-0.001928 0.107503 0.994203
-0.001522 0.707079 0.707133
0.001522 0.707079 0.707133
0.001522 0.707133 0.707079
-0.001522 0.707133 0.707079
-0.001928 0.994203 0.107503
0.001928 0.994203 0.107503
0.001963 0.994208 0.107454
0.001949 0.994214 -0.107400
0.704670 0.704742 -0.082338
0.704670 0.704742 0.082338
0.704740 0.704671 0.082336
0.704740 0.704671 -0.082339
0.989834 0.100601 -0.100542
0.989834 0.100601 0.100539
0.001928 0.994203 -0.107503
-0.001928 0.994203 -0.107503
-0.001522 0.707133 -0.707078
0.001522 0.707133 -0.707078
0.001522 0.707079 -0.707133
-0.001522 0.707079 -0.707133
-0.001928 0.107503 -0.994203
0.001928 0.107503 -0.994203
-0.989834 0.100601 0.100541
-0.989834 0.100601 -0.100539
-0.704740 0.704671 -0.082337
-0.704740 0.704672 0.082338
-0.704670 0.704742 0.082337
-0.704670 0.704742 -0.082338
-0.001963 0.994208 -0.107454
-0.001949 0.994214 0.107400
0.001963 -0.107454 0.994208
0.001949 0.107400 0.994214
0.704670 0.082338 0.704742
0.704670 -0.082338 0.704742
0.704712 -0.082347 0.704698
0.989829 0.100582 0.100606
0.989835 -0.100541 0.100593
-0.989829 -0.100582 0.100606
-0.989835 0.100541 0.100593
-0.704712 0.082347 0.704698
-0.704700 -0.082347 0.704710
-0.704667 0.082337 0.704744
-0.001960 0.107454 0.994208
-0.001946 -0.107400 0.994214
0.989829 -0.100582 -0.100606
0.989835 0.100541 -0.100593
0.704712 0.082347 -0.704698
0.704670 -0.082338 -0.704742
0.704670 0.082338 -0.704742
0.001963 0.107454 -0.994208
0.001949 -0.107400 -0.994214
-0.001963 -0.107454 -0.994208
-0.001949 0.107400 -0.994214
-0.704670 0.082338 -0.704742
-0.704670 -0.082338 -0.704742
-0.704712 -0.082347 -0.704698
-0.989829 0.100582 -0.100606
-0.989835 -0.100541 -0.100593
0.989841 -0.100530 0.100544
0.989841 0.100544 0.100530
0.989841 0.100530 -0.100544
0.989841 -0.100544 -0.100530
-0.865242 0.499549 -0.042507
-0.865242 0.499549 -0.042507
-0.865242 0.499549 -0.042507
-0.865242 0.499549 -0.042507
-0.000000 1.000000 -0.000000
-0.000000 1.000000 -0.000000
-0.000000 1.000000 -0.000000
-0.000000 1.000000 -0.000000
0.865242 0.499549 0.042506
0.865242 0.499549 0.042506
0.865242 0.499549 0.042506
0.865242 0.499549 0.042506
0.865242 -0.499549 0.042506
0.865242 -0.499549 0.042506
0.865242 -0.499549 0.042506
0.865242 -0.499549 0.042506
-0.000000 -1.000000 -0.000000
-0.000000 -1.000000 -0.000000
-0.000000 -1.000000 -0.000000
-0.000000 -1.000000 -0.000000
-0.865242 -0.499549 -0.042507
-0.865242 -0.499549 -0.042507
-0.865242 -0.499549 -0.042507
-0.865242 -0.499549 -0.042507
-0.856909 0.499550 -0.127110
-0.856909 0.499550 -0.127110
-0.856909 0.499550 -0.127110
-0.856909 0.499550 -0.127110
-0.000000 1.000000 -0.000000
-0.000000 1.000000 -0.000000
0.856909 0.499550 0.127111
0.856909 0.499550 0.127111
0.856909 0.499550 0.127111
0.856909 0.499550 0.127111
0.856909 -0.499550 0.127111
0.856909 -0.499550 0.127111
0.856909 -0.499550 0.127111
0.856909 -0.499550 0.127111
-0.000000 -1.000000 -0.000000
-0.000000 -1.000000 -0.000000
-0.856909 -0.499550 -0.127110
-0.856909 -0.499550 -0.127110
-0.856909 -0.499550 -0.127110
-0.856909 -0.499550 -0.127110
-0.840321 0.499555 -0.210490
-0.840321 0.499555 -0.210490
-0.840321 0.499555 -0.210490
-0.840321 0.499555 -0.210490
-0.000000 1.000000 -0.000000
-0.000000 1.000000 -0.000000
0.840325 0.499548 0.210490
0.840325 0.499548 0.210490
0.840325 0.499548 0.210490
0.840325 0.499548 0.210490
0.840325 -0.499548 0.210490
0.840325 -0.499548 0.210490
0.840325 -0.499548 0.210490
0.840325 -0.499548 0.210490
-0.000000 -1.000000 -0.000000
-0.000000 -1.000000 -0.000000
-0.840321 -0.499555 -0.210490
-0.840321 -0.499555 -0.210490
-0.840321 -0.499555 -0.210490
-0.840321 -0.499555 -0.210490
-0.815644 0.499552 -0.291843
-0.815644 0.499552 -0.291843
-0.815644 0.499552 -0.291843
-0.815644 0.499552 -0.291843
-0.000000 1.000000 -0.000000
-0.000000 1.000000 -0.000000
0.815648 0.499545 0.291843
0.815648 0.499545 0.291843
0.815648 0.499545 0.291843
0.815648 0.499545 0.291843
0.815648 -0.499545 0.291843
0.815648 -0.499545 0.291843
0.815648 -0.499545 0.291843
0.815648 -0.499545 0.291843
-0.000000 -1.000000 -0.000000
-0.000000 -1.000000 -0.000000
-0.815644 -0.499552 -0.291843
-0.815644 -0.499552 -0.291843
-0.815644 -0.499552 -0.291843
-0.815644 -0.499552 -0.291843
-0.783113 0.499549 -0.370385
-0.783113 0.499549 -0.370385
-0.783113 0.499549 -0.370385
-0.783113 0.499549 -0.370385
0.000000 1.000000 -0.000000
0.000000 1.000000 -0.000000
0.783115 0.499544 0.370387
0.783115 0.499544 0.370387
0.783115 0.499544 0.370387
0.783115 0.499544 0.370387
0.783115 -0.499544 0.370387
0.783115 -0.499544 0.370387
0.783115 -0.499544 0.370387
0.783115 -0.499544 0.370387
0.000000 -1.000000 -0.000000
0.000000 -1.000000 -0.000000
-0.783113 -0.499549 -0.370385
-0.783113 -0.499549 -0.370385
-0.783113 -0.499549 -0.370385
-0.783113 -0.499549 -0.370385
-0.743037 0.499551 -0.445360
-0.743037 0.499551 -0.445360
-0.743037 0.499551 -0.445360
-0.743037 0.499551 -0.445360
-0.000000 1.000000 -0.000000
-0.000000 1.000000 -0.000000
0.743038 0.499548 0.445360
0.743038 0.499548 0.445360
0.743038 0.499548 0.445360
0.743038 0.499548 0.445360
0.743038 -0.499548 0.445360
0.743038 -0.499548 0.445360
0.743038 -0.499548 0.445360
0.743038 -0.499548 0.445360
-0.000000 -1.000000 -0.000000
-0.000000 -1.000000 -0.000000
-0.743036 -0.499553 -0.445359
-0.743036 -0.499553 -0.445359
-0.743036 -0.499553 -0.445359
-0.743036 -0.499553 -0.445359
-0.695807 0.499549 -0.516045
-0.695807 0.499549 -0.516045
-0.695807 0.499549 -0.516045
-0.695807 0.499549 -0.516045
-0.000000 1.000000 -0.000000
-0.000000 1.000000 -0.000000
0.695808 0.499548 0.516046
0.695808 0.499548 0.516046
0.695808 0.499548 0.516046
0.695808 0.499548 0.516046
0.695808 -0.499548 0.516046
0.695808 -0.499548 0.516046
0.695808 -0.499548 0.516046
0.695808 -0.499548 0.516046
-0.000000 -1.000000 -0.000000
-0.000000 -1.000000 -0.000000
-0.695807 -0.499549 -0.516045
-0.695807 -0.499549 -0.516045
-0.695807 -0.499549 -0.516045
-0.695807 -0.499549 -0.516045
-0.641874 0.499553 -0.581760
-0.641874 0.499553 -0.581760
-0.641874 0.499553 -0.581760
-0.641874 0.499553 -0.581760
-0.000000 1.000000 -0.000000
-0.000000 1.000000 -0.000000
0.641874 0.499552 0.581761
0.641874 0.499552 0.581761
0.641874 0.499552 0.581761
0.641874 0.499552 0.581761
0.641874 -0.499552 0.581761
0.641874 -0.499552 0.581761
0.641874 -0.499552 0.581761
0.641874 -0.499552 0.581761
-0.000000 -1.000000 -0.000000
-0.000000 -1.000000 -0.000000
-0.641874 -0.499553 -0.581760
-0.641874 -0.499553 -0.581760
-0.641874 -0.499553 -0.581760
-0.641874 -0.499553 -0.581760
-0.581760 0.499553 -0.641874
-0.581760 0.499553 -0.641874
-0.581760 0.499553 -0.641874
-0.581760 0.499553 -0.641874
-0.000000 1.000000 -0.000000
-0.000000 1.000000 -0.000000
0.581762 0.499548 0.641876
0.581762 0.499548 0.641876
0.581762 0.499548 0.641876
0.581762 0.499548 0.641876
0.581762 -0.499548 0.641876
0.581762 -0.499548 0.641876
0.581762 -0.499548 0.641876
0.581762 -0.499548 0.641876
-0.000000 -1.000000 -0.000000
-0.000000 -1.000000 -0.000000
-0.581760 -0.499553 -0.641874
-0.581760 -0.499553 -0.641874
-0.581760 -0.499553 -0.641874
-0.581760 -0.499553 -0.641874
-0.516047 0.499545 -0.695809
-0.516047 0.499545 -0.695809
-0.516047 0.499545 -0.695809
-0.516047 0.499545 -0.695809
-0.000000 1.000000 -0.000000
-0.000000 1.000000 -0.000000
0.516046 0.499548 0.695808
0.516046 0.499548 0.695808
0.516046 0.499548 0.695808
0.516046 0.499548 0.695808
0.516046 -0.499548 0.695808
0.516046 -0.499548 0.695808
0.516046 -0.499548 0.695808
0.516046 -0.499548 0.695808
-0.000000 -1.000000 -0.000000
-0.000000 -1.000000 -0.000000
-0.516047 -0.499545 -0.695809
-0.516047 -0.499545 -0.695809
-0.516047 -0.499545 -0.695809
-0.516047 -0.499545 -0.695809
-0.445359 0.499553 -0.743036
-0.445359 0.499553 -0.743036
-0.445359 0.499553 -0.743036
-0.445359 0.499553 -0.743036
-0.000000 1.000000 -0.000000
-0.000000 1.000000 -0.000000
0.445362 0.499540 0.743042
0.445362 0.499540 0.743042
0.445362 0.499540 0.743042
0.445362 0.499540 0.743042
0.445362 -0.499540 0.743042
0.445362 -0.499540 0.743042
0.445362 -0.499540 0.743042
0.445362 -0.499540 0.743042
-0.000000 -1.000000 -0.000000
-0.000000 -1.000000 -0.000000
-0.445359 -0.499553 -0.743036
-0.445359 -0.499553 -0.743036
-0.445359 -0.499553 -0.743036
-0.445359 -0.499553 -0.743036
-0.370386 0.499545 -0.783115
-0.370386 0.499545 -0.783115
-0.370386 0.499545 -0.783115
-0.370386 0.499545 -0.783115
-0.000000 1.000000 -0.000000
-0.000000 1.000000 -0.000000
0.370387 0.499540 0.783117
0.370387 0.499540 0.783117
0.370387 0.499540 0.783117
0.370387 0.499540 0.783117
0.370387 -0.499540 0.783117
0.370387 -0.499540 0.783117
0.370387 -0.499540 0.783117
0.370387 -0.499540 0.783117
-0.000000 -1.000000 -0.000000
-0.000000 -1.000000 -0.000000
-0.370386 -0.499545 -0.783115
-0.370386 -0.499545 -0.783115
-0.370386 -0.499545 -0.783115
-0.370386 -0.499545 -0.783115
-0.291842 0.499553 -0.815644
-0.291842 0.499553 -0.815644
-0.291842 0.499553 -0.815644
-0.291842 0.499553 -0.815644
-0.000000 1.000000 -0.000000
-0.000000 1.000000 -0.000000
0.291842 0.499556 0.815642
0.291842 0.499556 0.815642
0.291842 0.499556 0.815642
0.291842 0.499556 0.815642
0.291842 -0.499556 0.815642
0.291842 -0.499556 0.815642
0.291842 -0.499556 0.815642
0.291842 -0.499556 0.815642
-0.000000 -1.000000 -0.000000
-0.000000 -1.000000 -0.000000
-0.291842 -0.499553 -0.815644
-0.291842 -0.499553 -0.815644
-0.291842 -0.499553 -0.815644
-0.291842 -0.499553 -0.815644
-0.210490 0.499553 -0.840322
-0.210490 0.499553 -0.840322
-0.210490 0.499553 -0.840322
-0.210490 0.499553 -0.840322
-0.000000 1.000000 -0.000000
-0.000000 1.000000 -0.000000
0.210490 0.499548 0.840325
0.210490 0.499548 0.840325
0.210490 0.499548 0.840325
0.210490 0.499548 0.840325
0.210490 -0.499548 0.840325
0.210490 -0.499548 0.840325
0.210490 -0.499548 0.840325
0.210490 -0.499548 0.840325
-0.000000 -1.000000 -0.000000
-0.000000 -1.000000 -0.000000
-0.210490 -0.499553 -0.840322
-0.210490 -0.499553 -0.840322
-0.210490 -0.499553 -0.840322
-0.210490 -0.499553 -0.840322
-0.127111 0.499545 -0.856912
-0.127111 0.499545 -0.856912
-0.127111 0.499545 -0.856912
-0.127111 0.499545 -0.856912
-0.000000 1.000000 -0.000000
-0.000000 1.000000 -0.000000
0.127110 0.499563 0.856901
0.127110 0.499563 0.856901
0.127110 0.499563 0.856901
0.127110 0.499563 0.856901
0.127110 -0.499563 0.856901
0.127110 -0.499563 0.856901
0.127110 -0.499563 0.856901
0.127110 -0.499563 0.856901
-0.000000 -1.000000 -0.000000
-0.000000 -1.000000 -0.000000
-0.127111 -0.499545 -0.856912
-0.127111 -0.499545 -0.856912
-0.127111 -0.499545 -0.856912
-0.127111 -0.499545 -0.856912
-0.042506 0.499553 -0.865240
-0.042506 0.499553 -0.865240
-0.042506 0.499553 -0.865240
-0.042506 0.499553 -0.865240
-0.000000 1.000000 -0.000000
-0.000000 1.000000 -0.000000
0.042507 0.499540 0.865247
0.042507 0.499540 0.865247
0.042507 0.499540 0.865247
0.042507 0.499540 0.865247
0.042507 -0.499540 0.865247
0.042507 -0.499540 0.865247
0.042507 -0.499540 0.865247
0.042507 -0.499540 0.865247
-0.000000 -1.000000 -0.000000
-0.000000 -1.000000 -0.000000
-0.042506 -0.499553 -0.865240
-0.042506 -0.499553 -0.865240
-0.042506 -0.499553 -0.865240
-0.042506 -0.499553 -0.865240
0.042506 0.499553 -0.865240
0.042506 0.499553 -0.865240
0.042506 0.499553 -0.865240
0.042506 0.499553 -0.865240
0.000000 1.000000 -0.000000
0.000000 1.000000 -0.000000
-0.042507 0.499540 0.865247
-0.042507 0.499540 0.865247
-0.042507 0.499540 0.865247
-0.042507 0.499540 0.865247
-0.042507 -0.499540 0.865247
-0.042507 -0.499540 0.865247
-0.042507 -0.499540 0.865247
-0.042507 -0.499540 0.865247
0.000000 -1.000000 -0.000000
0.000000 -1.000000 -0.000000
0.042506 -0.499553 -0.865240
0.042506 -0.499553 -0.865240
0.042506 -0.499553 -0.865240
0.042506 -0.499553 -0.865240
0.127111 0.499545 -0.856912
0.127111 0.499545 -0.856912
0.127111 0.499545 -0.856912
0.127111 0.499545 -0.856912
-0.000000 1.000000 -0.000000
-0.000000 1.000000 -0.000000
-0.127110 0.499563 0.856901
-0.127110 0.499563 0.856901
-0.127110 0.499563 0.856901
-0.127110 0.499563 0.856901
-0.127110 -0.499563 0.856901
-0.127110 -0.499563 0.856901
-0.127110 -0.499563 0.856901
-0.127110 -0.499563 0.856901
0.000000 -1.000000 -0.000000
0.000000 -1.000000 -0.000000
0.127111 -0.499545 -0.856912
0.127111 -0.499545 -0.856912
0.127111 -0.499545 -0.856912
0.127111 -0.499545 -0.856912
0.210490 0.499553 -0.840322
0.210490 0.499553 -0.840322
0.210490 0.499553 -0.840322
0.210490 0.499553 -0.840322
-0.000000 1.000000 -0.000000
-0.000000 1.000000 -0.000000
-0.210490 0.499548 0.840325
-0.210490 0.499548 0.840325
-0.210490 0.499548 0.840325
-0.210490 0.499548 0.840325
-0.210490 -0.499548 0.840325
-0.210490 -0.499548 0.840325
-0.210490 -0.499548 0.840325
-0.210490 -0.499548 0.840325
-0.000000 -1.000000 -0.000000
-0.000000 -1.000000 -0.000000
0.210490 -0.499553 -0.840322
0.210490 -0.499553 -0.840322
0.210490 -0.499553 -0.840322
0.210490 -0.499553 -0.840322
0.291842 0.499553 -0.815644
0.291842 0.499553 -0.815644
0.291842 0.499553 -0.815644
0.291842 0.499553 -0.815644
-0.000000 1.000000 -0.000000
-0.000000 1.000000 -0.000000
-0.291842 0.499556 0.815642
-0.291842 0.499556 0.815642
-0.291842 0.499556 0.815642
-0.291842 0.499556 0.815642
-0.291842 -0.499556 0.815642
-0.291842 -0.499556 0.815642
-0.291842 -0.499556 0.815642
-0.291842 -0.499556 0.815642
-0.000000 -1.000000 -0.000000
-0.000000 -1.000000 -0.000000
0.291842 -0.499553 -0.815644
0.291842 -0.499553 -0.815644
0.291842 -0.499553 -0.815644
0.291842 -0.499553 -0.815644
0.370386 0.499545 -0.783115
0.370386 0.499545 -0.783115
0.370386 0.499545 -0.783115
0.370386 0.499545 -0.783115
-0.000000 1.000000 -0.000000
-0.000000 1.000000 -0.000000
-0.370387 0.499540 0.783117
-0.370387 0.499540 0.783117
-0.370387 0.499540 0.783117
-0.370387 0.499540 0.783117
-0.370387 -0.499540 0.783117
-0.370387 -0.499540 0.783117
-0.370387 -0.499540 0.783117
-0.370387 -0.499540 0.783117
-0.000000 -1.000000 -0.000000
-0.000000 -1.000000 -0.000000
0.370386 -0.499545 -0.783115
0.370386 -0.499545 -0.783115
0.370386 -0.499545 -0.783115
0.370386 -0.499545 -0.783115
0.445359 0.499553 -0.743036
0.445359 0.499553 -0.743036
0.445359 0.499553 -0.743036
0.445359 0.499553 -0.743036
-0.000000 1.000000 -0.000000
-0.000000 1.000000 -0.000000
-0.445362 0.499540 0.743042
-0.445362 0.499540 0.743042
-0.445362 0.499540 0.743042
-0.445362 0.499540 0.743042
-0.445362 -0.499540 0.743042
-0.445362 -0.499540 0.743042
-0.445362 -0.499540 0.743042
-0.445362 -0.499540 0.743042
-0.000000 -1.000000 -0.000000
-0.000000 -1.000000 -0.000000
0.445359 -0.499553 -0.743036
0.445359 -0.499553 -0.743036
0.445359 -0.499553 -0.743036
0.445359 -0.499553 -0.743036
0.516047 0.499545 -0.695809
0.516047 0.499545 -0.695809
0.516047 0.499545 -0.695809
0.516047 0.499545 -0.695809
-0.000000 1.000000 -0.000000
-0.000000 1.000000 -0.000000
-0.516046 0.499548 0.695808
-0.516046 0.499548 0.695808
-0.516046 0.499548 0.695808
-0.516046 0.499548 0.695808
-0.516046 -0.499548 0.695808
-0.516046 -0.499548 0.695808
-0.516046 -0.499548 0.695808
-0.516046 -0.499548 0.695808
-0.000000 -1.000000 -0.000000
-0.000000 -1.000000 -0.000000
0.516047 -0.499545 -0.695809
0.516047 -0.499545 -0.695809
0.516047 -0.499545 -0.695809
0.516047 -0.499545 -0.695809
0.581760 0.499553 -0.641874
0.581760 0.499553 -0.641874
0.581760 0.499553 -0.641874
0.581760 0.499553 -0.641874
-0.000000 1.000000 -0.000000
-0.000000 1.000000 -0.000000
-0.581762 0.499548 0.641876
-0.581762 0.499548 0.641876
-0.581762 0.499548 0.641876
-0.581762 0.499548 0.641876
-0.581762 -0.499548 0.641876
-0.581762 -0.499548 0.641876
-0.581762 -0.499548 0.641876
-0.581762 -0.499548 0.641876
-0.000000 -1.000000 -0.000000
-0.000000 -1.000000 -0.000000
0.581760 -0.499553 -0.641874
0.581760 -0.499553 -0.641874
0.581760 -0.499553 -0.641874
0.581760 -0.499553 -0.641874
0.641874 0.499553 -0.581760
0.641874 0.499553 -0.581760
0.641874 0.499553 -0.581760
0.641874 0.499553 -0.581760
-0.000000 1.000000 -0.000000
-0.000000 1.000000 -0.000000
-0.641874 0.499552 0.581761
-0.641874 0.499552 0.581761
-0.641874 0.499552 0.581761
-0.641874 0.499552 0.581761
-0.641874 -0.499552 0.581761
-0.641874 -0.499552 0.581761
-0.641874 -0.499552 0.581761
-0.641874 -0.499552 0.581761
-0.000000 -1.000000 -0.000000
-0.000000 -1.000000 -0.000000
0.641874 -0.499553 -0.581760
0.641874 -0.499553 -0.581760
0.641874 -0.499553 -0.581760
0.641874 -0.499553 -0.581760
0.695807 0.499549 -0.516045
0.695807 0.499549 -0.516045
0.695807 0.499549 -0.516045
0.695807 0.499549 -0.516045
-0.000000 1.000000 -0.000000
-0.000000 1.000000 -0.000000
-0.695808 0.499548 0.516046
-0.695808 0.499548 0.516046
-0.695808 0.499548 0.516046
-0.695808 0.499548 0.516046
-0.695808 -0.499548 0.516046
-0.695808 -0.499548 0.516046
-0.695808 -0.499548 0.516046
-0.695808 -0.499548 0.516046
0.000000 -1.000000 -0.000000
0.000000 -1.000000 -0.000000
0.695807 -0.499549 -0.516045
0.695807 -0.499549 -0.516045
0.695807 -0.499549 -0.516045
0.695807 -0.499549 -0.516045
0.743037 0.499551 -0.445360
0.743037 0.499551 -0.445360
0.743037 0.499551 -0.445360
0.743037 0.499551 -0.445360
-0.000000 1.000000 -0.000000
-0.000000 1.000000 -0.000000
-0.743038 0.499548 0.445360
-0.743038 0.499548 0.445360
-0.743038 0.499548 0.445360
-0.743038 0.499548 0.445360
-0.743038 -0.499548 0.445360
-0.743038 -0.499548 0.445360
-0.743038 -0.499548 0.445360
-0.743038 -0.499548 0.445360
-0.000000 -1.000000 -0.000000
-0.000000 -1.000000 -0.000000
0.743037 -0.499551 -0.445360
0.743037 -0.499551 -0.445360
0.743037 -0.499551 -0.445360
0.743037 -0.499551 -0.445360
0.783113 0.499549 -0.370385
0.783113 0.499549 -0.370385
0.783113 0.499549 -0.370385
0.783113 0.499549 -0.370385
-0.000000 1.000000 -0.000000
-0.000000 1.000000 -0.000000
-0.783115 0.499544 0.370387
-0.783115 0.499544 0.370387
-0.783115 0.499544 0.370387
-0.783115 0.499544 0.370387
-0.783115 -0.499544 0.370387
-0.783115 -0.499544 0.370387
-0.783115 -0.499544 0.370387
-0.783115 -0.499544 0.370387
-0.000000 -1.000000 -0.000000
-0.000000 -1.000000 -0.000000
0.783113 -0.499549 -0.370385
0.783113 -0.499549 -0.370385
0.783113 -0.499549 -0.370385
0.783113 -0.499549 -0.370385
0.815644 0.499552 -0.291843
0.815644 0.499552 -0.291843
0.815644 0.499552 -0.291843
0.815644 0.499552 -0.291843
-0.000000 1.000000 -0.000000
-0.000000 1.000000 -0.000000
-0.815648 0.499545 0.291843
-0.815648 0.499545 0.291843
-0.815648 0.499545 0.291843
-0.815648 0.499545 0.291843
-0.815648 -0.499545 0.291843
-0.815648 -0.499545 0.291843
-0.815648 -0.499545 0.291843
-0.815648 -0.499545 0.291843
-0.000000 -1.000000 -0.000000
-0.000000 -1.000000 -0.000000
0.815644 -0.499552 -0.291843
0.815644 -0.499552 -0.291843
0.815644 -0.499552 -0.291843
0.815644 -0.499552 -0.291843
0.840321 0.499555 -0.210490
0.840321 0.499555 -0.210490
0.840321 0.499555 -0.210490
0.840321 0.499555 -0.210490
-0.000000 1.000000 -0.000000
-0.000000 1.000000 -0.000000
-0.840325 0.499548 0.210490
-0.840325 0.499548 0.210490
-0.840325 0.499548 0.210490
-0.840325 0.499548 0.210490
-0.840325 -0.499548 0.210490
-0.840325 -0.499548 0.210490
-0.840325 -0.499548 0.210490
-0.840325 -0.499548 0.210490
-0.000000 -1.000000 -0.000000
-0.000000 -1.000000 -0.000000
0.840321 -0.499555 -0.210490
0.840321 -0.499555 -0.210490
0.840321 -0.499555 -0.210490
0.840321 -0.499555 -0.210490
0.856909 0.499550 -0.127110
0.856909 0.499550 -0.127110
0.856909 0.499550 -0.127110
0.856909 0.499550 -0.127110
0.000000 1.000000 -0.000000
0.000000 1.000000 -0.000000
-0.856909 0.499550 0.127111
-0.856909 0.499550 0.127111
-0.856909 0.499550 0.127111
-0.856909 0.499550 0.127111
-0.856909 -0.499550 0.127111
-0.856909 -0.499550 0.127111
-0.856909 -0.499550 0.127111
-0.856909 -0.499550 0.127111
0.000000 -1.000000 -0.000000
0.000000 -1.000000 -0.000000
0.856909 -0.499550 -0.127110
0.856909 -0.499550 -0.127110
0.856909 -0.499550 -0.127110
0.856909 -0.499550 -0.127110
0.865242 0.499549 -0.042507
0.865242 0.499549 -0.042507
0.865242 0.499549 -0.042507
0.865242 0.499549 -0.042507
-0.000000 1.000000 -0.000000
-0.000000 1.000000 -0.000000
-0.865242 0.499549 0.042506
-0.865242 0.499549 0.042506
-0.865242 0.499549 0.042506
-0.865242 0.499549 0.042506
-0.865242 -0.499549 0.042506
-0.865242 -0.499549 0.042506
-0.865242 -0.499549 0.042506
-0.865242 -0.499549 0.042506
-0.000000 -1.000000 -0.000000
-0.000000 -1.000000 -0.000000
0.865242 -0.499549 -0.042507
0.865242 -0.499549 -0.042507
0.865242 -0.499549 -0.042507
0.865242 -0.499549 -0.042507
0.865242 0.499549 0.042507
0.865242 0.499549 0.042507
0.865242 0.499549 0.042507
0.865242 0.499549 0.042507
-0.000000 1.000000 -0.000000
-0.000000 1.000000 -0.000000
-0.865242 0.499549 -0.042506
-0.865242 0.499549 -0.042506
-0.865242 0.499549 -0.042506
-0.865242 0.499549 -0.042506
-0.865242 -0.499549 -0.042506
-0.865242 -0.499549 -0.042506
-0.865242 -0.499549 -0.042506
-0.865242 -0.499549 -0.042506
-0.000000 -1.000000 -0.000000
-0.000000 -1.000000 -0.000000
0.865242 -0.499549 0.042507
0.865242 -0.499549 0.042507
0.865242 -0.499549 0.042507
0.865242 -0.499549 0.042507
0.856909 0.499550 0.127110
0.856909 0.499550 0.127110
0.856909 0.499550 0.127110
0.856909 0.499550 0.127110
0.000000 1.000000 -0.000000
0.000000 1.000000 -0.000000
-0.856909 0.499550 -0.127111
-0.856909 0.499550 -0.127111
-0.856909 0.499550 -0.127111
-0.856909 0.499550 -0.127111
-0.856909 -0.499550 -0.127111
-0.856909 -0.499550 -0.127111
-0.856909 -0.499550 -0.127111
-0.856909 -0.499550 -0.127111
0.000000 -1.000000 -0.000000
0.000000 -1.000000 -0.000000
0.856909 -0.499550 0.127110
0.856909 -0.499550 0.127110
0.856909 -0.499550 0.127110
0.856909 -0.499550 0.127110
0.840321 0.499555 0.210490
0.840321 0.499555 0.210490
0.840321 0.499555 0.210490
0.840321 0.499555 0.210490
-0.000000 1.000000 -0.000000
-0.000000 1.000000 -0.000000
-0.840325 0.499548 -0.210490
-0.840325 0.499548 -0.210490
-0.840325 0.499548 -0.210490
-0.840325 0.499548 -0.210490
-0.840325 -0.499548 -0.210490
-0.840325 -0.499548 -0.210490
-0.840325 -0.499548 -0.210490
-0.840325 -0.499548 -0.210490
-0.000000 -1.000000 -0.000000
-0.000000 -1.000000 -0.000000
0.840321 -0.499555 0.210490
0.840321 -0.499555 0.210490
0.840321 -0.499555 0.210490
0.840321 -0.499555 0.210490
0.815644 0.499552 0.291843
0.815644 0.499552 0.291843
0.815644 0.499552 0.291843
0.815644 0.499552 0.291843
-0.000000 1.000000 -0.000000
-0.000000 1.000000 -0.000000
-0.815648 0.499545 -0.291843
-0.815648 0.499545 -0.291843
-0.815648 0.499545 -0.291843
-0.815648 0.499545 -0.291843
-0.815648 -0.499545 -0.291843
-0.815648 -0.499545 -0.291843
-0.815648 -0.499545 -0.291843
-0.815648 -0.499545 -0.291843
-0.000000 -1.000000 -0.000000
-0.000000 -1.000000 -0.000000
0.815644 -0.499552 0.291843
0.815644 -0.499552 0.291843
0.815644 -0.499552 0.291843
0.815644 -0.499552 0.291843
0.783113 0.499549 0.370385
0.783113 0.499549 0.370385
0.783113 0.499549 0.370385
0.783113 0.499549 0.370385
-0.000000 1.000000 -0.000000
-0.000000 1.000000 -0.000000
-0.783115 0.499544 -0.370387
-0.783115 0.499544 -0.370387
-0.783115 0.499544 -0.370387
-0.783115 0.499544 -0.370387
-0.783115 -0.499544 -0.370387
-0.783115 -0.499544 -0.370387
-0.783115 -0.499544 -0.370387
-0.783115 -0.499544 -0.370387
-0.000000 -1.000000 -0.000000
-0.000000 -1.000000 -0.000000
0.783113 -0.499549 0.370385
0.783113 -0.499549 0.370385
0.783113 -0.499549 0.370385
0.783113 -0.499549 0.370385
0.743037 0.499551 0.445360
0.743037 0.499551 0.445360
0.743037 0.499551 0.445360
0.743037 0.499551 0.445360
-0.000000 1.000000 -0.000000
-0.000000 1.000000 -0.000000
-0.743038 0.499548 -0.445360
-0.743038 0.499548 -0.445360
-0.743038 0.499548 -0.445360
-0.743038 0.499548 -0.445360
-0.743038 -0.499548 -0.445360
-0.743038 -0.499548 -0.445360
-0.743038 -0.499548 -0.445360
-0.743038 -0.499548 -0.445360
-0.000000 -1.000000 -0.000000
-0.000000 -1.000000 -0.000000
0.743036 -0.499553 0.445359
0.743036 -0.499553 0.445359
0.743036 -0.499553 0.445359
0.743036 -0.499553 0.445359
0.695807 0.499549 0.516045
0.695807 0.499549 0.516045
0.695807 0.499549 0.516045
0.695807 0.499549 0.516045
0.000000 1.000000 -0.000000
0.000000 1.000000 -0.000000
-0.695808 0.499548 -0.516046
-0.695808 0.499548 -0.516046
-0.695808 0.499548 -0.516046
-0.695808 0.499548 -0.516046
-0.695808 -0.499548 -0.516046
-0.695808 -0.499548 -0.516046
-0.695808 -0.499548 -0.516046
-0.695808 -0.499548 -0.516046
-0.000000 -1.000000 -0.000000
-0.000000 -1.000000 -0.000000
0.695807 -0.499549 0.516045
0.695807 -0.499549 0.516045
0.695807 -0.499549 0.516045
0.695807 -0.499549 0.516045
0.641874 0.499553 0.581760
0.641874 0.499553 0.581760
0.641874 0.499553 0.581760
0.641874 0.499553 0.581760
-0.000000 1.000000 -0.000000
-0.000000 1.000000 -0.000000
-0.641874 0.499552 -0.581761
-0.641874 0.499552 -0.581761
-0.641874 0.499552 -0.581761
-0.641874 0.499552 -0.581761
-0.641874 -0.499552 -0.581761
-0.641874 -0.499552 -0.581761
-0.641874 -0.499552 -0.581761
-0.641874 -0.499552 -0.581761
-0.000000 -1.000000 -0.000000
-0.000000 -1.000000 -0.000000
0.641874 -0.499553 0.581760
0.641874 -0.499553 0.581760
0.641874 -0.499553 0.581760
0.641874 -0.499553 0.581760
0.581760 0.499553 0.641874
0.581760 0.499553 0.641874
0.581760 0.499553 0.641874
0.581760 0.499553 0.641874
-0.000000 1.000000 -0.000000
-0.000000 1.000000 -0.000000
-0.581762 0.499548 -0.641876
-0.581762 0.499548 -0.641876
-0.581762 0.499548 -0.641876
-0.581762 0.499548 -0.641876
-0.581762 -0.499548 -0.641876
-0.581762 -0.499548 -0.641876
-0.581762 -0.499548 -0.641876
-0.581762 -0.499548 -0.641876
-0.000000 -1.000000 -0.000000
-0.000000 -1.000000 -0.000000
0.581760 -0.499553 0.641874
0.581760 -0.499553 0.641874
0.581760 -0.499553 0.641874
0.581760 -0.499553 0.641874
0.516047 0.499545 0.695809
0.516047 0.499545 0.695809
0.516047 0.499545 0.695809
0.516047 0.499545 0.695809
-0.000000 1.000000 -0.000000
-0.000000 1.000000 -0.000000
-0.516046 0.499548 -0.695808
-0.516046 0.499548 -0.695808
-0.516046 0.499548 -0.695808
-0.516046 0.499548 -0.695808
-0.516046 -0.499548 -0.695808
-0.516046 -0.499548 -0.695808
-0.516046 -0.499548 -0.695808
-0.516046 -0.499548 -0.695808
-0.000000 -1.000000 -0.000000
-0.000000 -1.000000 -0.000000
0.516047 -0.499545 0.695809
0.516047 -0.499545 0.695809
0.516047 -0.499545 0.695809
0.516047 -0.499545 0.695809
0.445359 0.499553 0.743036
0.445359 0.499553 0.743036
0.445359 0.499553 0.743036
0.445359 0.499553 0.743036
-0.000000 1.000000 -0.000000
-0.000000 1.000000 -0.000000
-0.445362 0.499540 -0.743042
-0.445362 0.499540 -0.743042
-0.445362 0.499540 -0.743042
-0.445362 0.499540 -0.743042
-0.445362 -0.499540 -0.743042
-0.445362 -0.499540 -0.743042
-0.445362 -0.499540 -0.743042
-0.445362 -0.499540 -0.743042
-0.000000 -1.000000 -0.000000
-0.000000 -1.000000 -0.000000
0.445359 -0.499553 0.743036
0.445359 -0.499553 0.743036
0.445359 -0.499553 0.743036
0.445359 -0.499553 0.743036
0.370386 0.499545 0.783115
0.370386 0.499545 0.783115
0.370386 0.499545 0.783115
0.370386 0.499545 0.783115
-0.000000 1.000000 -0.000000
-0.000000 1.000000 -0.000000
-0.370387 0.499540 -0.783117
-0.370387 0.499540 -0.783117
-0.370387 0.499540 -0.783117
-0.370387 0.499540 -0.783117
-0.370387 -0.499540 -0.783117
-0.370387 -0.499540 -0.783117
-0.370387 -0.499540 -0.783117
-0.370387 -0.499540 -0.783117
-0.000000 -1.000000 -0.000000
-0.000000 -1.000000 -0.000000
0.370386 -0.499545 0.783115
0.370386 -0.499545 0.783115
0.370386 -0.499545 0.783115
0.370386 -0.499545 0.783115
0.291842 0.499553 0.815644
0.291842 0.499553 0.815644
0.291842 0.499553 0.815644
0.291842 0.499553 0.815644
-0.000000 1.000000 -0.000000
-0.000000 1.000000 -0.000000
-0.291842 0.499556 -0.815642
-0.291842 0.499556 -0.815642
-0.291842 0.499556 -0.815642
-0.291842 0.499556 -0.815642
-0.291842 -0.499556 -0.815642
-0.291842 -0.499556 -0.815642
-0.291842 -0.499556 -0.815642
-0.291842 -0.499556 -0.815642
-0.000000 -1.000000 -0.000000
-0.000000 -1.000000 -0.000000
0.291842 -0.499553 0.815644
0.291842 -0.499553 0.815644
0.291842 -0.499553 0.815644
0.291842 -0.499553 0.815644
0.210490 0.499553 0.840322
0.210490 0.499553 0.840322
0.210490 0.499553 0.840322
0.210490 0.499553 0.840322
-0.000000 1.000000 -0.000000
-0.000000 1.000000 -0.000000
-0.210490 0.499548 -0.840325
-0.210490 0.499548 -0.840325
-0.210490 0.499548 -0.840325
-0.210490 0.499548 -0.840325
-0.210490 -0.499548 -0.840325
-0.210490 -0.499548 -0.840325
-0.210490 -0.499548 -0.840325
-0.210490 -0.499548 -0.840325
-0.000000 -1.000000 -0.000000
-0.000000 -1.000000 -0.000000
0.210490 -0.499553 0.840322
0.210490 -0.499553 0.840322
0.210490 -0.499553 0.840322
0.210490 -0.499553 0.840322
0.127111 0.499545 0.856912
0.127111 0.499545 0.856912
0.127111 0.499545 0.856912
0.127111 0.499545 0.856912
0.000000 1.000000 -0.000000
0.000000 1.000000 -0.000000
-0.127110 0.499563 -0.856901
-0.127110 0.499563 -0.856901
-0.127110 0.499563 -0.856901
-0.127110 0.499563 -0.856901
-0.127110 -0.499563 -0.856901
-0.127110 -0.499563 -0.856901
-0.127110 -0.499563 -0.856901
-0.127110 -0.499563 -0.856901
0.000000 -1.000000 -0.000000
0.000000 -1.000000 -0.000000
0.127111 -0.499545 0.856912
0.127111 -0.499545 0.856912
0.127111 -0.499545 0.856912
0.127111 -0.499545 0.856912
0.042506 0.499553 0.865240
0.042506 0.499553 0.865240
0.042506 0.499553 0.865240
0.042506 0.499553 0.865240
-0.000000 1.000000 -0.000000
-0.000000 1.000000 -0.000000
-0.042507 0.499540 -0.865247
-0.042507 0.499540 -0.865247
-0.042507 0.499540 -0.865247
-0.042507 0.499540 -0.865247
-0.042507 -0.499540 -0.865247
-0.042507 -0.499540 -0.865247
-0.042507 -0.499540 -0.865247
-0.042507 -0.499540 -0.865247
0.000000 -1.000000 -0.000000
0.000000 -1.000000 -0.000000
0.042506 -0.499553 0.865240
0.042506 -0.499553 0.865240
0.042506 -0.499553 0.865240
0.042506 -0.499553 0.865240
-0.042506 0.499553 0.865240
-0.042506 0.499553 0.865240
-0.042506 0.499553 0.865240
-0.042506 0.499553 0.865240
-0.000000 1.000000 -0.000000
-0.000000 1.000000 -0.000000
0.042507 0.499540 -0.865247
0.042507 0.499540 -0.865247
0.042507 0.499540 -0.865247
0.042507 0.499540 -0.865247
0.042507 -0.499540 -0.865247
0.042507 -0.499540 -0.865247
0.042507 -0.499540 -0.865247
0.042507 -0.499540 -0.865247
-0.000000 -1.000000 -0.000000
-0.000000 -1.000000 -0.000000
-0.042506 -0.499553 0.865240
-0.042506 -0.499553 0.865240
-0.042506 -0.499553 0.865240
-0.042506 -0.499553 0.865240
-0.127111 0.499545 0.856912
-0.127111 0.499545 0.856912
-0.127111 0.499545 0.856912
-0.127111 0.499545 0.856912
-0.000000 1.000000 -0.000000
-0.000000 1.000000 -0.000000
0.127110 0.499563 -0.856901
0.127110 0.499563 -0.856901
0.127110 0.499563 -0.856901
0.127110 0.499563 -0.856901
0.127110 -0.499563 -0.856901
0.127110 -0.499563 -0.856901
0.127110 -0.499563 -0.856901
0.127110 -0.499563 -0.856901
-0.000000 -1.000000 -0.000000
-0.000000 -1.000000 -0.000000
-0.127111 -0.499545 0.856912
-0.127111 -0.499545 0.856912
-0.127111 -0.499545 0.856912
-0.127111 -0.499545 0.856912
-0.210490 0.499553 0.840322
-0.210490 0.499553 0.840322
-0.210490 0.499553 0.840322
-0.210490 0.499553 0.840322
-0.000000 1.000000 -0.000000
-0.000000 1.000000 -0.000000
0.210490 0.499548 -0.840325
0.210490 0.499548 -0.840325
0.210490 0.499548 -0.840325
0.210490 0.499548 -0.840325
0.210490 -0.499548 -0.840325
0.210490 -0.499548 -0.840325
0.210490 -0.499548 -0.840325
0.210490 -0.499548 -0.840325
-0.000000 -1.000000 -0.000000
-0.000000 -1.000000 -0.000000
-0.210490 -0.499553 0.840322
-0.210490 -0.499553 0.840322
-0.210490 -0.499553 0.840322
-0.210490 -0.499553 0.840322
-0.291842 0.499553 0.815644
-0.291842 0.499553 0.815644
-0.291842 0.499553 0.815644
-0.291842 0.499553 0.815644
-0.000000 1.000000 -0.000000
-0.000000 1.000000 -0.000000
0.291842 0.499556 -0.815642
0.291842 0.499556 -0.815642
0.291842 0.499556 -0.815642
0.291842 0.499556 -0.815642
0.291842 -0.499556 -0.815642
0.291842 -0.499556 -0.815642
0.291842 -0.499556 -0.815642
0.291842 -0.499556 -0.815642
-0.000000 -1.000000 -0.000000
-0.000000 -1.000000 -0.000000
-0.291842 -0.499553 0.815644
-0.291842 -0.499553 0.815644
-0.291842 -0.499553 0.815644
-0.291842 -0.499553 0.815644
-0.370386 0.499545 0.783115
-0.370386 0.499545 0.783115
-0.370386 0.499545 0.783115
-0.370386 0.499545 0.783115
-0.000000 1.000000 -0.000000
-0.000000 1.000000 -0.000000
0.370387 0.499540 -0.783117
0.370387 0.499540 -0.783117
0.370387 0.499540 -0.783117
0.370387 0.499540 -0.783117
0.370387 -0.499540 -0.783117
0.370387 -0.499540 -0.783117
0.370387 -0.499540 -0.783117
0.370387 -0.499540 -0.783117
-0.000000 -1.000000 -0.000000
-0.000000 -1.000000 -0.000000
-0.370386 -0.499545 0.783115
-0.370386 -0.499545 0.783115
-0.370386 -0.499545 0.783115
-0.370386 -0.499545 0.783115
-0.445359 0.499553 0.743036
-0.445359 0.499553 0.743036
-0.445359 0.499553 0.743036
-0.445359 0.499553 0.743036
-0.000000 1.000000 -0.000000
-0.000000 1.000000 -0.000000
0.445362 0.499540 -0.743042
0.445362 0.499540 -0.743042
0.445362 0.499540 -0.743042
0.445362 0.499540 -0.743042
0.445362 -0.499540 -0.743042
0.445362 -0.499540 -0.743042
0.445362 -0.499540 -0.743042
0.445362 -0.499540 -0.743042
-0.000000 -1.000000 -0.000000
-0.000000 -1.000000 -0.000000
-0.445359 -0.499553 0.743036
-0.445359 -0.499553 0.743036
-0.445359 -0.499553 0.743036
-0.445359 -0.499553 0.743036
-0.516047 0.499545 0.695809
-0.516047 0.499545 0.695809
-0.516047 0.499545 0.695809
-0.516047 0.499545 0.695809
-0.000000 1.000000 -0.000000
-0.000000 1.000000 -0.000000
0.516046 0.499548 -0.695808
0.516046 0.499548 -0.695808
0.516046 0.499548 -0.695808
0.516046 0.499548 -0.695808
0.516046 -0.499548 -0.695808
0.516046 -0.499548 -0.695808
0.516046 -0.499548 -0.695808
0.516046 -0.499548 -0.695808
-0.000000 -1.000000 -0.000000
-0.000000 -1.000000 -0.000000
-0.516047 -0.499545 0.695809
-0.516047 -0.499545 0.695809
-0.516047 -0.499545 0.695809
-0.516047 -0.499545 0.695809
-0.581760 0.499553 0.641874
-0.581760 0.499553 0.641874
-0.581760 0.499553 0.641874
-0.581760 0.499553 0.641874
-0.000000 1.000000 -0.000000
-0.000000 1.000000 -0.000000
0.581762 0.499548 -0.641876
0.581762 0.499548 -0.641876
0.581762 0.499548 -0.641876
0.581762 0.499548 -0.641876
0.581762 -0.499548 -0.641876
0.581762 -0.499548 -0.641876
0.581762 -0.499548 -0.641876
0.581762 -0.499548 -0.641876
-0.000000 -1.000000 -0.000000
-0.000000 -1.000000 -0.000000
-0.581760 -0.499553 0.641874
-0.581760 -0.499553 0.641874
-0.581760 -0.499553 0.641874
-0.581760 -0.499553 0.641874
-0.641874 0.499553 0.581760
-0.641874 0.499553 0.581760
-0.641874 0.499553 0.581760
-0.641874 0.499553 0.581760
-0.000000 1.000000 -0.000000
-0.000000 1.000000 -0.000000
0.641874 0.499552 -0.581761
0.641874 0.499552 -0.581761
0.641874 0.499552 -0.581761
0.641874 0.499552 -0.581761
0.641874 -0.499552 -0.581761
0.641874 -0.499552 -0.581761
0.641874 -0.499552 -0.581761
0.641874 -0.499552 -0.581761
-0.000000 -1.000000 -0.000000
-0.000000 -1.000000 -0.000000
-0.641874 -0.499553 0.581760
-0.641874 -0.499553 0.581760
-0.641874 -0.499553 0.581760
-0.641874 -0.499553 0.581760
-0.695807 0.499549 0.516045
-0.695807 0.499549 0.516045
-0.695807 0.499549 0.516045
-0.695807 0.499549 0.516045
-0.000000 1.000000 -0.000000
-0.000000 1.000000 -0.000000
0.695808 0.499548 -0.516046
0.695808 0.499548 -0.516046
0.695808 0.499548 -0.516046
0.695808 0.499548 -0.516046
0.695808 -0.499548 -0.516046
0.695808 -0.499548 -0.516046
0.695808 -0.499548 -0.516046
0.695808 -0.499548 -0.516046
-0.000000 -1.000000 -0.000000
-0.000000 -1.000000 -0.000000
-0.695807 -0.499549 0.516045
-0.695807 -0.499549 0.516045
-0.695807 -0.499549 0.516045
-0.695807 -0.499549 0.516045
-0.743037 0.499551 0.445360
-0.743037 0.499551 0.445360
-0.743037 0.499551 0.445360
-0.743037 0.499551 0.445360
-0.000000 1.000000 -0.000000
-0.000000 1.000000 -0.000000
0.743038 0.499548 -0.445360
0.743038 0.499548 -0.445360
0.743038 0.499548 -0.445360
0.743038 0.499548 -0.445360
0.743038 -0.499548 -0.445360
0.743038 -0.499548 -0.445360
0.743038 -0.499548 -0.445360
0.743038 -0.499548 -0.445360
-0.000000 -1.000000 -0.000000
-0.000000 -1.000000 -0.000000
-0.743037 -0.499551 0.445360
-0.743037 -0.499551 0.445360
-0.743037 -0.499551 0.445360
-0.743037 -0.499551 0.445360
-0.783113 0.499549 0.370385
-0.783113 0.499549 0.370385
-0.783113 0.499549 0.370385
-0.783113 0.499549 0.370385
0.000000 1.000000 -0.000000
0.000000 1.000000 -0.000000
0.783115 0.499544 -0.370387
0.783115 0.499544 -0.370387
0.783115 0.499544 -0.370387
0.783115 0.499544 -0.370387
0.783115 -0.499544 -0.370387
0.783115 -0.499544 -0.370387
0.783115 -0.499544 -0.370387
0.783115 -0.499544 -0.370387
0.000000 -1.000000 -0.000000
0.000000 -1.000000 -0.000000
-0.783113 -0.499549 0.370385
-0.783113 -0.499549 0.370385
-0.783113 -0.499549 0.370385
-0.783113 -0.499549 0.370385
-0.815644 0.499552 0.291843
-0.815644 0.499552 0.291843
-0.815644 0.499552 0.291843
-0.815644 0.499552 0.291843
-0.000000 1.000000 -0.000000
-0.000000 1.000000 -0.000000
0.815648 0.499545 -0.291843
0.815648 0.499545 -0.291843
0.815648 0.499545 -0.291843
0.815648 0.499545 -0.291843
0.815648 -0.499545 -0.291843
0.815648 -0.499545 -0.291843
0.815648 -0.499545 -0.291843
0.815648 -0.499545 -0.291843
-0.000000 -1.000000 -0.000000
-0.000000 -1.000000 -0.000000
-0.815644 -0.499552 0.291843
-0.815644 -0.499552 0.291843
-0.815644 -0.499552 0.291843
-0.815644 -0.499552 0.291843
-0.840321 0.499555 0.210490
-0.840321 0.499555 0.210490
-0.840321 0.499555 0.210490
-0.840321 0.499555 0.210490
-0.000000 1.000000 -0.000000
-0.000000 1.000000 -0.000000
0.840325 0.499548 -0.210490
0.840325 0.499548 -0.210490
0.840325 0.499548 -0.210490
0.840325 0.499548 -0.210490
0.840325 -0.499548 -0.210490
0.840325 -0.499548 -0.210490
0.840325 -0.499548 -0.210490
0.840325 -0.499548 -0.210490
-0.000000 -1.000000 -0.000000
-0.000000 -1.000000 -0.000000
-0.840321 -0.499555 0.210490
-0.840321 -0.499555 0.210490
-0.840321 -0.499555 0.210490
-0.840321 -0.499555 0.210490
-0.856909 0.499550 0.127110
-0.856909 0.499550 0.127110
-0.856909 0.499550 0.127110
-0.856909 0.499550 0.127110
-0.000000 1.000000 -0.000000
-0.000000 1.000000 -0.000000
0.856909 0.499550 -0.127111
0.856909 0.499550 -0.127111
0.856909 0.499550 -0.127111
0.856909 0.499550 -0.127111
0.856909 -0.499550 -0.127111
0.856909 -0.499550 -0.127111
0.856909 -0.499550 -0.127111
0.856909 -0.499550 -0.127111
-0.000000 -1.000000 -0.000000
-0.000000 -1.000000 -0.000000
-0.856909 -0.499550 0.127110
-0.856909 -0.499550 0.127110
-0.856909 -0.499550 0.127110
-0.856909 -0.499550 0.127110
-0.865242 0.499549 0.042507
-0.865242 0.499549 0.042507
-0.865242 0.499549 0.042507
-0.865242 0.499549 0.042507
0.865242 0.499549 -0.042506
0.865242 0.499549 -0.042506
0.865242 0.499549 -0.042506
0.865242 0.499549 -0.042506
0.865242 -0.499549 -0.042506
0.865242 -0.499549 -0.042506
0.865242 -0.499549 -0.042506
0.865242 -0.499549 -0.042506
-0.865242 -0.499549 0.042507
-0.865242 -0.499549 0.042507
-0.865242 -0.499549 0.042507
-0.865242 -0.499549 0.042507
0.107452 -0.001432 0.994209
-0.107452 -0.001432 0.994209
-0.107452 0.001432 0.994209
0.107452 0.001432 0.994209
0.107452 -0.001432 -0.994209
0.107452 0.001432 -0.994209
-0.107452 0.001432 -0.994209
-0.107452 -0.001432 -0.994209
0.102553 0.992020 0.073337
-0.102553 0.992020 0.073337
-0.102553 0.992020 -0.073337
0.102553 0.992020 -0.073337
-0.996900 -0.001467 0.078668
-0.996900 -0.001467 -0.078668
-0.996900 0.001467 -0.078668
-0.996900 0.001467 0.078668
0.102553 -0.992020 0.073337
0.102553 -0.992020 -0.073337
-0.102553 -0.992020 -0.073337
-0.102553 -0.992020 0.073337
0.996897 -0.001488 0.078699
0.705865 -0.705860 0.059301
0.577352 -0.577362 0.577338
0.707116 -0.001099 0.707096
0.102588 -0.992012 0.073403
0.082348 -0.704713 0.704697
0.577334 -0.577352 0.577364
0.705853 -0.705874 0.059281
0.107503 -0.001465 0.994204
0.707105 -0.001116 0.707107
0.577366 -0.577333 0.577352
0.082338 -0.704690 0.704722
0.107493 0.001471 0.994205
0.082353 0.704696 0.704714
0.577337 0.577362 0.577352
0.707096 0.001100 0.707117
0.102633 0.992010 0.073362
0.705860 0.705865 0.059297
0.577363 0.577353 0.577335
0.082333 0.704721 0.704691
0.996897 0.001479 0.078706
0.707109 0.001115 0.707104
0.577354 0.577332 0.577365
0.705874 0.705852 0.059283
0.996897 -0.001479 -0.078706
0.707109 -0.001115 -0.707104
0.577354 -0.577332 -0.577365
0.705874 -0.705852 -0.059283
0.107493 -0.001471 -0.994205
0.082353 -0.704696 -0.704714
0.577337 -0.577362 -0.577352
0.707096 -0.001100 -0.707117
0.102633 -0.992010 -0.073362
0.705860 -0.705865 -0.059297
0.577363 -0.577353 -0.577335
0.082333 -0.704721 -0.704691
0.996897 0.001488 -0.078699
0.705865 0.705860 -0.059301
0.577352 0.577362 -0.577338
0.707116 0.001099 -0.707096
0.102588 0.992012 -0.073403
0.082348 0.704713 -0.704697
0.577334 0.577352 -0.577364
0.705853 0.705874 -0.059281
0.107503 0.001465 -0.994204
0.707105 0.001116 -0.707107
0.577366 0.577333 -0.577352
0.082338 0.704690 -0.704722
-0.107493 -0.001471 0.994205
-0.082353 -0.704696 0.704714
-0.577337 -0.577362 0.577352
-0.707096 -0.001100 0.707117
-0.102633 -0.992010 0.073362
-0.705860 -0.705865 0.059297
-0.577363 -0.577353 0.577335
-0.082333 -0.704721 0.704691
-0.996897 -0.001479 0.078706
-0.707109 -0.001115 0.707104
-0.577354 -0.577332 0.577365
-0.705874 -0.705852 0.059283
-0.107503 0.001465 0.994204
-0.707105 0.001116 0.707108
-0.577366 0.577334 0.577351
-0.082338 0.704690 0.704722
-0.996897 0.001488 0.078699
-0.705865 0.705860 0.059300
-0.577352 0.577362 0.577338
-0.707116 0.001099 0.707096
-0.102588 0.992012 0.073403
-0.082348 0.704713 0.704697
-0.577334 0.577353 0.577364
-0.705853 0.705874 0.059281
-0.996897 -0.001488 -0.078699
-0.705865 -0.705860 -0.059301
-0.577352 -0.577362 -0.577338
-0.707116 -0.001099 -0.707096
-0.102588 -0.992012 -0.073403
-0.082348 -0.704713 -0.704697
-0.577334 -0.577352 -0.577364
-0.705853 -0.705874 -0.059281
-0.107503 -0.001465 -0.994204
-0.707105 -0.001116 -0.707107
-0.577366 -0.577333 -0.577352
-0.082338 -0.704690 -0.704722
-0.107493 0.001471 -0.994205
-0.082353 0.704696 -0.704714
-0.577337 0.577362 -0.577352
-0.707096 0.001100 -0.707117
-0.102633 0.992010 -0.073362
-0.705860 0.705865 -0.059297
-0.577363 0.577353 -0.577335
-0.082333 0.704721 -0.704691
-0.996897 0.001479 -0.078706
-0.707109 0.001115 -0.707104
-0.577354 0.577332 -0.577365
-0.705874 0.705852 -0.059283
0.996901 -0.001481 -0.078650
0.705894 -0.705832 -0.059285
0.705894 -0.705832 0.059284
0.705831 -0.705895 0.059284
0.705831 -0.705895 -0.059284
0.102631 -0.992012 -0.073348
0.102621 -0.992016 0.073307
0.102570 -0.992015 0.073381
-0.102525 -0.992021 0.073367
-0.082347 -0.704713 0.704697
0.082347 -0.704700 0.704711
-0.107465 -0.001467 0.994208
0.107465 -0.001467 0.994208
-0.102631 -0.992012 0.073348
-0.102621 -0.992016 -0.073307
-0.705831 -0.705895 -0.059284
-0.705831 -0.705895 0.059284
-0.705894 -0.705832 0.059285
-0.705894 -0.705832 -0.059284
-0.996901 -0.001481 0.078650
0.107465 -0.001467 -0.994208
-0.107465 -0.001467 -0.994208
-0.082347 -0.704700 -0.704711
0.082347 -0.704713 -0.704697
-0.102570 -0.992015 -0.073381
0.102525 -0.992021 -0.073367
0.107465 0.001467 0.994208
-0.107465 0.001467 0.994208
-0.082347 0.704699 0.704711
0.082347 0.704713 0.704697
-0.102570 0.992016 0.073380
0.102525 0.992021 0.073367
0.102631 0.992012 0.073348
0.102621 0.992016 -0.073307
0.705831 0.705895 -0.059284
0.705831 0.705895 0.059284
0.705894 0.705832 0.059285
0.705894 0.705832 -0.059284
0.996901 0.001481 0.078650
0.102570 0.992015 -0.073381
-0.102525 0.992021 -0.073367
-0.082347 0.704713 -0.704697
0.082347 0.704700 -0.704711
-0.107465 0.001467 -0.994208
0.107465 0.001467 -0.994208
-0.996901 0.001481 -0.078650
-0.705894 0.705832 -0.059285
-0.705894 0.705832 0.059284
-0.705831 0.705895 0.059284
-0.705831 0.705895 -0.059284
-0.102631 0.992012 -0.073348
-0.102621 0.992016 0.073307
0.107501 -0.001442 0.994204
0.107501 0.001442 0.994204
0.707080 0.001137 0.707133
0.707080 -0.001137 0.707133
0.707133 -0.001137 0.707080
0.707133 0.001137 0.707080
0.996896 0.001451 0.078720
0.996896 -0.001451 0.078720
-0.996896 -0.001451 0.078720
-0.996896 0.001451 0.078720
-0.707133 0.001137 0.707080
-0.707133 -0.001137 0.707080
-0.707080 -0.001137 0.707133
-0.707080 0.001137 0.707133
-0.107501 0.001442 0.994204
-0.107501 -0.001442 0.994204
0.996896 -0.001451 -0.078720
0.996896 0.001451 -0.078720
0.707133 0.001137 -0.707080
0.707133 -0.001137 -0.707080
0.707080 -0.001137 -0.707133
0.707080 0.001137 -0.707133
0.107501 0.001442 -0.994204
0.107501 -0.001442 -0.994204
-0.107501 -0.001442 -0.994204
-0.107501 0.001442 -0.994204
-0.707080 0.001137 -0.707133
-0.707080 -0.001137 -0.707133
-0.707133 -0.001137 -0.707080
-0.707133 0.001137 -0.707080
-0.996896 0.001451 -0.078720
-0.996896 -0.001451 -0.078720
0.996900 -0.001467 0.078668
0.996900 0.001467 0.078668
0.996900 0.001467 -0.078668
0.996900 -0.001467 -0.078668
0.107452 -0.001432 0.994209
-0.107452 -0.001432 0.994209
-0.107452 0.001432 0.994209
0.107452 0.001432 0.994209
0.107452 -0.001432 -0.994209
0.107452 0.001432 -0.994209
-0.107452 0.001432 -0.994209
-0.107452 -0.001432 -0.994209
0.102553 0.992020 0.073337
-0.102553 0.992020 0.073337
-0.102553 0.992020 -0.073337
0.102553 0.992020 -0.073337
-0.996900 -0.001467 0.078668
-0.996900 -0.001467 -0.078668
-0.996900 0.001467 -0.078668
-0.996900 0.001467 0.078668
0.102553 -0.992020 0.073337
0.102553 -0.992020 -0.073337
-0.102553 -0.992020 -0.073337
-0.102553 -0.992020 0.073337
0.996897 -0.001488 0.078699
0.705865 -0.705860 0.059301
0.577352 -0.577362 0.577338
0.707116 -0.001099 0.707096
0.102588 -0.992012 0.073403
0.082348 -0.704713 0.704697
0.577334 -0.577352 0.577364
0.705853 -0.705874 0.059281
0.107503 -0.001465 0.994204
0.707105 -0.001116 0.707107
0.577366 -0.577333 0.577352
0.082338 -0.704690 0.704722
0.107493 0.001471 0.994205
0.082353 0.704696 0.704714
0.577337 0.577362 0.577352
0.707096 0.001100 0.707117
0.102633 0.992010 0.073362
0.705860 0.705865 0.059297
0.577363 0.577353 0.577335
0.082333 0.704721 0.704691
0.996897 0.001479 0.078706
0.707109 0.001115 0.707104
0.577354 0.577332 0.577365
0.705874 0.705852 0.059283
0.996897 -0.001479 -0.078706
0.707109 -0.001115 -0.707104
0.577354 -0.577332 -0.577365
0.705874 -0.705852 -0.059283
0.107493 -0.001471 -0.994205
0.082353 -0.704696 -0.704714
0.577337 -0.577362 -0.577352
0.707096 -0.001100 -0.707117
0.102633 -0.992010 -0.073362
0.705860 -0.705865 -0.059297
0.577363 -0.577353 -0.577335
0.082333 -0.704721 -0.704691
0.996897 0.001488 -0.078699
0.705865 0.705860 -0.059301
0.577352 0.577362 -0.577338
0.707116 0.001099 -0.707096
0.102588 0.992012 -0.073403
0.082348 0.704713 -0.704697
0.577334 0.577352 -0.577364
0.705853 0.705874 -0.059281
0.107503 0.001465 -0.994204
0.707105 0.001116 -0.707107
0.577366 0.577333 -0.577352
0.082338 0.704690 -0.704722
-0.107493 -0.001471 0.994205
-0.082353 -0.704696 0.704714
-0.577337 -0.577362 0.577352
-0.707096 -0.001100 0.707117
-0.102633 -0.992010 0.073362
-0.705860 -0.705865 0.059297
-0.577363 -0.577353 0.577335
-0.082333 -0.704721 0.704691
-0.996897 -0.001479 0.078706
-0.707109 -0.001115 0.707104
-0.577354 -0.577332 0.577365
-0.705874 -0.705852 0.059283
-0.107503 0.001465 0.994204
-0.707105 0.001116 0.707108
-0.577366 0.577334 0.577351
-0.082338 0.704690 0.704722
-0.996897 0.001488 0.078699
-0.705865 0.705860 0.059300
-0.577352 0.577362 0.577338
-0.707116 0.001099 0.707096
-0.102588 0.992012 0.073403
-0.082348 0.704713 0.704697
-0.577334 0.577353 0.577364
-0.705853 0.705874 0.059281
-0.996897 -0.001488 -0.078699
-0.705865 -0.705860 -0.059301
-0.577352 -0.577362 -0.577338
-0.707116 -0.001099 -0.707096
-0.102588 -0.992012 -0.073403
-0.082348 -0.704713 -0.704697
-0.577334 -0.577352 -0.577364
-0.705853 -0.705874 -0.059281
-0.107503 -0.001465 -0.994204
-0.707105 -0.001116 -0.707107
-0.577366 -0.577333 -0.577352
-0.082338 -0.704690 -0.704722
-0.107493 0.001471 -0.994205
-0.082353 0.704696 -0.704714
-0.577337 0.577362 -0.577352
-0.707096 0.001100 -0.707117
-0.102633 0.992010 -0.073362
-0.705860 0.705865 -0.059297
-0.577363 0.577353 -0.577335
-0.082333 0.704721 -0.704691
-0.996897 0.001479 -0.078706
-0.707109 0.001115 -0.707104
-0.577354 0.577332 -0.577365
-0.705874 0.705852 -0.059283
0.996901 -0.001481 -0.078650
0.705894 -0.705832 -0.059285
0.705894 -0.705832 0.059284
0.705831 -0.705895 0.059284
0.705831 -0.705895 -0.059284
0.102631 -0.992012 -0.073348
0.102621 -0.992016 0.073307
0.102570 -0.992015 0.073381
-0.102525 -0.992021 0.073367
-0.082347 -0.704713 0.704697
0.082347 -0.704700 0.704711
-0.107465 -0.001467 0.994208
0.107465 -0.001467 0.994208
-0.102631 -0.992012 0.073348
-0.102621 -0.992016 -0.073307
-0.705831 -0.705895 -0.059284
-0.705831 -0.705895 0.059284
-0.705894 -0.705832 0.059285
-0.705894 -0.705832 -0.059284
-0.996901 -0.001481 0.078650
0.107465 -0.001467 -0.994208
-0.107465 -0.001467 -0.994208
-0.082347 -0.704700 -0.704711
0.082347 -0.704713 -0.704697
-0.102570 -0.992015 -0.073381
0.102525 -0.992021 -0.073367
0.107465 0.001467 0.994208
-0.107465 0.001467 0.994208
-0.082347 0.704699 0.704711
0.082347 0.704713 0.704697
-0.102570 0.992016 0.073380
0.102525 0.992021 0.073367
0.102631 0.992012 0.073348
0.102621 0.992016 -0.073307
0.705831 0.705895 -0.059284
0.705831 0.705895 0.059284
0.705894 0.705832 0.059285
0.705894 0.705832 -0.059284
0.996901 0.001481 0.078650
0.102570 0.992015 -0.073381
-0.102525 0.992021 -0.073367
-0.082347 0.704713 -0.704697
0.082347 0.704700 -0.704711
-0.107465 0.001467 -0.994208
0.107465 0.001467 -0.994208
-0.996901 0.001481 -0.078650
-0.705894 0.705832 -0.059285
-0.705894 0.705832 0.059284
-0.705831 0.705895 0.059284
-0.705831 0.705895 -0.059284
-0.102631 0.992012 -0.073348
-0.102621 0.992016 0.073307
0.107501 -0.001442 0.994204
0.107501 0.001442 0.994204
0.707080 0.001137 0.707133
0.707080 -0.001137 0.707133
0.707133 -0.001137 0.707080
0.707133 0.001137 0.707080
0.996896 0.001451 0.078720
0.996896 -0.001451 0.078720
-0.996896 -0.001451 0.078720
-0.996896 0.001451 0.078720
-0.707133 0.001137 0.707080
-0.707133 -0.001137 0.707080
-0.707080 -0.001137 0.707133
-0.707080 0.001137 0.707133
-0.107501 0.001442 0.994204
-0.107501 -0.001442 0.994204
0.996896 -0.001451 -0.078720
0.996896 0.001451 -0.078720
0.707133 0.001137 -0.707080
0.707133 -0.001137 -0.707080
0.707080 -0.001137 -0.707133
0.707080 0.001137 -0.707133
0.107501 0.001442 -0.994204
0.107501 -0.001442 -0.994204
-0.107501 -0.001442 -0.994204
-0.107501 0.001442 -0.994204
-0.707080 0.001137 -0.707133
-0.707080 -0.001137 -0.707133
-0.707133 -0.001137 -0.707080
-0.707133 0.001137 -0.707080
-0.996896 0.001451 -0.078720
-0.996896 -0.001451 -0.078720
0.996900 -0.001467 0.078668
0.996900 0.001467 0.078668
0.996900 0.001467 -0.078668
0.996900 -0.001467 -0.078668
0.001263 -0.095769 0.995403
-0.001263 -0.095769 0.995403
-0.001263 0.095769 0.995403
0.001263 0.095769 0.995403
0.001263 -0.095769 -0.995403
0.001263 0.095769 -0.995403
-0.001263 0.095769 -0.995403
-0.001263 -0.095769 -0.995403
0.001286 0.996900 0.078671
-0.001286 0.996900 0.078671
-0.001286 0.996900 -0.078671
0.001286 0.996900 -0.078671
-0.993071 -0.091317 0.073962
-0.993071 -0.091307 -0.073975
-0.993071 0.091317 -0.073962
-0.993071 0.091307 0.073975
0.001286 -0.996900 0.078671
0.001286 -0.996900 -0.078671
-0.001286 -0.996900 -0.078671
-0.001286 -0.996900 0.078671
0.993066 -0.091345 0.073994
0.705868 -0.705857 0.059296
0.577356 -0.577359 0.577335
0.705227 -0.072947 0.705219
0.001286 -0.996897 0.078709
0.001000 -0.707094 0.707119
0.577333 -0.577357 0.577361
0.705852 -0.705875 0.059278
0.001299 -0.095845 0.995395
0.705228 -0.072888 0.705224
0.577361 -0.577337 0.577354
0.000982 -0.707114 0.707099
0.001292 0.095854 0.995395
0.000998 0.707123 0.707090
0.577332 0.577365 0.577354
0.705221 0.072872 0.705232
0.001293 0.996898 0.078699
0.705859 0.705866 0.059294
0.577361 0.577357 0.577333
0.000984 0.707103 0.707110
0.993067 0.091337 0.074001
0.705249 0.072904 0.705201
0.577356 0.577331 0.577364
0.705877 0.705850 0.059280
0.993067 -0.091337 -0.074001
0.705249 -0.072904 -0.705201
0.577356 -0.577331 -0.577364
0.705877 -0.705850 -0.059280
0.001292 -0.095854 -0.995395
0.000998 -0.707123 -0.707090
0.577332 -0.577365 -0.577354
0.705221 -0.072872 -0.705232
0.001293 -0.996898 -0.078699
0.705859 -0.705866 -0.059294
0.577361 -0.577357 -0.577333
0.000984 -0.707103 -0.707110
0.993066 0.091345 -0.073994
0.705868 0.705857 -0.059296
0.577356 0.577359 -0.577335
0.705227 0.072947 -0.705219
0.001286 0.996897 -0.078709
0.001000 0.707094 -0.707119
0.577333 0.577357 -0.577361
0.705852 0.705875 -0.059278
0.001299 0.095845 -0.995395
0.705228 0.072888 -0.705224
0.577361 0.577337 -0.577354
0.000982 0.707114 -0.707099
-0.001292 -0.095854 0.995395
-0.000998 -0.707123 0.707090
-0.577332 -0.577365 0.577354
-0.705221 -0.072872 0.705232
-0.001293 -0.996898 0.078699
-0.705859 -0.705866 0.059294
-0.577361 -0.577357 0.577333
-0.000984 -0.707103 0.707110
-0.993067 -0.091337 0.074001
-0.705249 -0.072904 0.705201
-0.577356 -0.577331 0.577364
-0.705877 -0.705850 0.059280
-0.001299 0.095845 0.995395
-0.705228 0.072888 0.705224
-0.577361 0.577337 0.577354
-0.000982 0.707114 0.707099
-0.993066 0.091345 0.073994
-0.705868 0.705857 0.059296
-0.577356 0.577359 0.577335
-0.705227 0.072947 0.705219
-0.001286 0.996897 0.078709
-0.001000 0.707094 0.707119
-0.577333 0.577357 0.577361
-0.705852 0.705875 0.059278
-0.993066 -0.091345 -0.073994
-0.705868 -0.705857 -0.059296
-0.577356 -0.577359 -0.577335
-0.705227 -0.072947 -0.705219
-0.001286 -0.996897 -0.078709
-0.001000 -0.707094 -0.707119
-0.577333 -0.577357 -0.577361
-0.705852 -0.705875 -0.059278
-0.001299 -0.095845 -0.995395
-0.705228 -0.072888 -0.705224
-0.577361 -0.577337 -0.577354
-0.000982 -0.707114 -0.707099
-0.001292 0.095854 -0.995395
-0.000998 0.707123 -0.707090
-0.577332 0.577365 -0.577354
-0.705221 0.072872 -0.705232
-0.001293 0.996898 -0.078699
-0.705859 0.705866 -0.059294
-0.577361 0.577357 -0.577333
-0.000984 0.707103 -0.707110
-0.993067 0.091337 -0.074001
-0.705249 0.072904 -0.705201
-0.577356 0.577331 -0.577364
-0.705877 0.705850 -0.059280
0.993067 -0.091373 0.073956
0.993067 -0.091373 -0.073956
0.705869 -0.705856 -0.059291
0.705869 -0.705856 0.059291
0.705829 -0.705897 0.059284
0.705829 -0.705897 -0.059284
0.001289 -0.996899 -0.078686
0.001289 -0.996899 0.078686
0.001272 -0.996896 0.078720
-0.001272 -0.996896 0.078720
-0.000974 -0.707133 0.707080
0.000974 -0.707133 0.707080
0.000974 -0.707080 0.707133
-0.000974 -0.707080 0.707133
-0.001246 -0.095864 0.995394
0.001246 -0.095864 0.995394
-0.001289 -0.996899 0.078686
-0.001289 -0.996899 -0.078686
-0.705829 -0.705897 -0.059284
-0.705829 -0.705897 0.059284
-0.705869 -0.705856 0.059291
-0.705869 -0.705856 -0.059291
-0.993067 -0.091373 -0.073956
-0.993067 -0.091373 0.073956
0.001246 -0.095864 -0.995394
-0.001246 -0.095864 -0.995394
-0.000974 -0.707080 -0.707133
0.000974 -0.707080 -0.707133
0.000974 -0.707133 -0.707080
-0.000974 -0.707133 -0.707080
-0.001272 -0.996896 -0.078720
0.001272 -0.996896 -0.078720
0.001246 0.095864 0.995394
-0.001246 0.095864 0.995394
-0.000974 0.707080 0.707133
0.000974 0.707080 0.707133
0.000974 0.707133 0.707080
-0.000974 0.707133 0.707080
-0.001272 0.996896 0.078720
0.001272 0.996896 0.078720
0.001289 0.996899 0.078686
0.001289 0.996899 -0.078686
0.705829 0.705897 -0.059284
0.705829 0.705897 0.059284
0.705869 0.705856 0.059291
0.705869 0.705856 -0.059291
0.993067 0.091373 -0.073956
0.993067 0.091373 0.073956
0.001272 0.996896 -0.078720
-0.001272 0.996896 -0.078720
-0.000974 0.707133 -0.707080
0.000974 0.707133 -0.707080
0.000974 0.707080 -0.707133
-0.000974 0.707080 -0.707133
-0.001246 0.095864 -0.995394
0.001246 0.095864 -0.995394
-0.993067 0.091373 0.073956
-0.993067 0.091373 -0.073956
-0.705869 0.705856 -0.059291
-0.705869 0.705856 0.059291
-0.705829 0.705897 0.059284
-0.705829 0.705897 -0.059284
-0.001289 0.996899 -0.078686
-0.001289 0.996899 0.078686
0.001296 -0.095815 0.995398
0.001296 0.095815 0.995398
0.705195 0.072913 0.705255
0.705204 -0.072858 0.705251
0.705264 -0.072913 0.705186
0.705260 0.072858 0.705195
0.993064 0.091343 0.074029
0.993069 -0.091298 0.074016
-0.993064 -0.091343 0.074029
-0.993069 0.091298 0.074016
-0.705264 0.072913 0.705186
-0.705260 -0.072858 0.705195
-0.705195 -0.072913 0.705255
-0.705204 0.072858 0.705251
-0.001296 0.095815 0.995398
-0.001296 -0.095815 0.995398
0.993064 -0.091343 -0.074029
0.993069 0.091298 -0.074016
0.705264 0.072913 -0.705186
0.705260 -0.072858 -0.705195
0.705195 -0.072913 -0.705255
0.705204 0.072858 -0.705251
0.001296 0.095815 -0.995398
0.001296 -0.095815 -0.995398
-0.001296 -0.095815 -0.995398
-0.001296 0.095815 -0.995398
-0.705195 0.072913 -0.705255
-0.705204 -0.072858 -0.705251
-0.705264 -0.072913 -0.705186
-0.705260 0.072858 -0.705195
-0.993064 0.091343 -0.074029
-0.993069 -0.091298 -0.074016
0.993071 -0.091307 0.073975
0.993071 0.091317 0.073962
0.993071 0.091307 -0.073975
0.993071 -0.091317 -0.073962
-0.053768 -0.998553 0.000001
-0.053768 -0.998553 0.000001
-0.053768 -0.998553 0.000001
-0.053768 -0.998553 0.000001
-0.053768 -0.998553 0.000001
-0.053768 -0.998553 0.000001
-0.053768 -0.998553 0.000001
-0.053768 -0.998553 0.000001
0.053768 0.998553 -0.000003
0.053768 0.998553 -0.000003
0.053768 0.998553 -0.000003
0.053768 0.998553 -0.000003
0.053768 0.998553 -0.000003
0.053768 0.998553 -0.000003
0.053768 0.998553 -0.000003
0.053768 0.998553 -0.000003
-0.382130 0.020577 0.923880
-0.382130 0.020577 0.923880
-0.382130 0.020577 0.923880
-0.382130 0.020577 0.923880
-0.922543 0.049676 0.382683
-0.922543 0.049676 0.382683
-0.922543 0.049676 0.382683
-0.922543 0.049676 0.382683
-0.922543 0.049675 -0.382683
-0.922543 0.049675 -0.382683
-0.922543 0.049675 -0.382683
-0.922543 0.049675 -0.382683
-0.382130 0.020575 -0.923880
-0.382130 0.020575 -0.923880
-0.382130 0.020575 -0.923880
-0.382130 0.020575 -0.923880
0.382130 -0.020577 -0.923880
0.382130 -0.020577 -0.923880
0.382130 -0.020577 -0.923880
0.382130 -0.020577 -0.923880
0.922543 -0.049676 -0.382683
0.922543 -0.049676 -0.382683
0.922543 -0.049676 -0.382683
0.922543 -0.049676 -0.382683
0.922543 -0.049675 0.382683
0.922543 -0.049675 0.382683
0.922543 -0.049675 0.382683
0.922543 -0.049675 0.382683
0.382130 -0.020575 0.923880
0.382130 -0.020575 0.923880
0.382130 -0.020575 0.923880
0.382130 -0.020575 0.923880
0.026885 -0.998553 -0.046565
0.026885 -0.998553 -0.046565
0.026885 -0.998553 -0.046565
0.026885 -0.998553 -0.046565
0.026885 -0.998553 -0.046565
0.026885 -0.998553 -0.046565
0.026885 -0.998553 -0.046565
0.026885 -0.998553 -0.046565
-0.026883 0.998553 0.046566
-0.026883 0.998553 0.046566
-0.026883 0.998553 0.046566
-0.026883 0.998553 0.046566
-0.026883 0.998553 0.046566
-0.026883 0.998553 0.046566
-0.026883 0.998553 0.046566
-0.026883 0.998553 0.046566
-0.609037 0.020576 -0.792875
-0.609037 0.020576 -0.792875
-0.609037 0.020576 -0.792875
-0.609037 0.020576 -0.792875
0.129859 0.049676 -0.990287
0.129859 0.049676 -0.990287
0.129859 0.049676 -0.990287
0.129859 0.049676 -0.990287
0.792686 0.049676 -0.607603
0.792686 0.049676 -0.607603
0.792686 0.049676 -0.607603
0.792686 0.049676 -0.607603
0.991168 0.020577 0.131007
0.991168 0.020577 0.131007
0.991168 0.020577 0.131007
0.991168 0.020577 0.131007
0.609037 -0.020576 0.792875
0.609037 -0.020576 0.792875
0.609037 -0.020576 0.792875
0.609037 -0.020576 0.792875
-0.129859 -0.049676 0.990287
-0.129859 -0.049676 0.990287
-0.129859 -0.049676 0.990287
-0.129859 -0.049676 0.990287
-0.792686 -0.049676 0.607603
-0.792686 -0.049676 0.607603
-0.792686 -0.049676 0.607603
-0.792686 -0.049676 0.607603
-0.991168 -0.020577 -0.131007
-0.991168 -0.020577 -0.131007
-0.991168 -0.020577 -0.131007
-0.991168 -0.020577 -0.131007
0.026883 -0.998554 0.046564
0.026883 -0.998554 0.046564
0.026883 -0.998554 0.046564
0.026883 -0.998554 0.046564
0.026883 -0.998554 0.046564
0.026883 -0.998554 0.046564
0.026883 -0.998554 0.046564
0.026883 -0.998554 0.046564
-0.026885 0.998554 -0.046563
-0.026885 0.998554 -0.046563
-0.026885 0.998554 -0.046563
-0.026885 0.998554 -0.046563
-0.026885 0.998554 -0.046563
-0.026885 0.998554 -0.046563
-0.026885 0.998554 -0.046563
-0.026885 0.998554 -0.046563
0.991168 0.020575 -0.131006
0.991168 0.020575 -0.131006
0.991168 0.020575 -0.131006
0.991168 0.020575 -0.131006
0.792686 0.049674 0.607603
0.792686 0.049674 0.607603
0.792686 0.049674 0.607603
0.792686 0.049674 0.607603
0.129859 0.049675 0.990287
0.129859 0.049675 0.990287
0.129859 0.049675 0.990287
0.129859 0.049675 0.990287
-0.609038 0.020576 0.792874
-0.609038 0.020576 0.792874
-0.609038 0.020576 0.792874
-0.609038 0.020576 0.792874
-0.991168 -0.020575 0.131006
-0.991168 -0.020575 0.131006
-0.991168 -0.020575 0.131006
-0.991168 -0.020575 0.131006
-0.792686 -0.049674 -0.607603
-0.792686 -0.049674 -0.607603
-0.792686 -0.049674 -0.607603
-0.792686 -0.049674 -0.607603
-0.129859 -0.049675 -0.990287
-0.129859 -0.049675 -0.990287
-0.129859 -0.049675 -0.990287
-0.129859 -0.049675 -0.990287
0.609038 -0.020576 -0.792874
0.609038 -0.020576 -0.792874
0.609038 -0.020576 -0.792874
0.609038 -0.020576 -0.792874
0.035971 -0.076947 0.996386
-0.035960 -0.076953 0.996386
-0.035971 0.076947 0.996386
0.035960 0.076953 0.996386
0.035960 -0.076953 -0.996386
0.035971 0.076947 -0.996386
-0.035960 0.076953 -0.996386
-0.035971 -0.076947 -0.996386
0.025792 0.924771 0.379648
-0.025792 0.924771 0.379648
-0.025792 0.924771 -0.379648
0.025792 0.924771 -0.379648
-0.925027 -0.054646 0.375952
-0.925027 -0.054646 -0.375952
-0.925027 0.054646 -0.375952
-0.925027 0.054646 0.375952
0.025792 -0.924771 0.379648
0.025792 -0.924771 -0.379648
-0.025792 -0.924771 -0.379648
-0.025792 -0.924771 0.379648
0.925022 -0.054676 0.375959
0.661244 -0.661201 0.354357
0.577352 -0.577364 0.577335
0.705875 -0.059282 0.705852
0.025821 -0.924765 0.379661
0.027947 -0.706844 0.706818
0.577335 -0.577352 0.577364
0.661205 -0.661248 0.354342
0.036015 -0.076949 0.996384
0.705859 -0.059297 0.705867
0.577364 -0.577335 0.577352
0.027931 -0.706809 0.706852
0.035970 0.077001 0.996382
0.027947 0.706818 0.706844
0.577335 0.577364 0.577352
0.705852 0.059282 0.705875
0.025820 0.924769 0.379653
0.661201 0.661245 0.354357
0.577363 0.577352 0.577335
0.027931 0.706852 0.706810
0.925019 0.054677 0.375966
0.705866 0.059297 0.705859
0.577352 0.577335 0.577364
0.661248 0.661205 0.354343
0.925019 -0.054677 -0.375966
0.705866 -0.059297 -0.705859
0.577352 -0.577335 -0.577364
0.661248 -0.661205 -0.354343
0.035970 -0.077001 -0.996382
0.027947 -0.706818 -0.706844
0.577335 -0.577364 -0.577352
0.705852 -0.059282 -0.705875
0.025820 -0.924769 -0.379653
0.661201 -0.661245 -0.354357
0.577363 -0.577352 -0.577335
0.027931 -0.706852 -0.706810
0.925022 0.054676 -0.375959
0.661244 0.661201 -0.354357
0.577352 0.577364 -0.577335
0.705875 0.059282 -0.705852
0.025821 0.924765 -0.379661
0.027947 0.706844 -0.706818
0.577335 0.577352 -0.577364
0.661205 0.661248 -0.354342
0.036015 0.076949 -0.996384
0.705859 0.059297 -0.705867
0.577364 0.577335 -0.577352
0.027931 0.706809 -0.706852
-0.035970 -0.077001 0.996382
-0.027947 -0.706818 0.706844
-0.577335 -0.577364 0.577352
-0.705852 -0.059282 0.705875
-0.025820 -0.924769 0.379653
-0.661201 -0.661245 0.354357
-0.577363 -0.577352 0.577335
-0.027931 -0.706852 0.706810
-0.925019 -0.054677 0.375966
-0.705866 -0.059297 0.705859
-0.577352 -0.577335 0.577364
-0.661248 -0.661205 0.354343
-0.036015 0.076949 0.996384
-0.705859 0.059297 0.705867
-0.577364 0.577335 0.577352
-0.027931 0.706809 0.706852
-0.925022 0.054676 0.375959
-0.661244 0.661201 0.354357
-0.577352 0.577364 0.577335
-0.705875 0.059282 0.705852
-0.025821 0.924765 0.379661
-0.027947 0.706844 0.706818
-0.577335 0.577352 0.577364
-0.661205 0.661248 0.354342
-0.925022 -0.054676 -0.375959
-0.661244 -0.661201 -0.354357
-0.577352 -0.577364 -0.577335
-0.705875 -0.059282 -0.705852
-0.025821 -0.924765 -0.379661
-0.027947 -0.706844 -0.706818
-0.577335 -0.577352 -0.577364
-0.661205 -0.661248 -0.354342
-0.036015 -0.076949 -0.996384
-0.705859 -0.059297 -0.705867
-0.577364 -0.577335 -0.577352
-0.027931 -0.706809 -0.706852
-0.035970 0.077001 -0.996382
-0.027947 0.706818 -0.706844
-0.577335 0.577364 -0.577352
-0.705852 0.059282 -0.705875
-0.025820 0.924769 -0.379653
-0.661201 0.661245 -0.354357
-0.577363 0.577352 -0.577335
-0.027931 0.706852 -0.706810
-0.925019 0.054677 -0.375966
-0.705866 0.059297 -0.705859
-0.577352 0.577335 -0.577364
-0.661248 0.661205 -0.354343
0.925031 -0.054648 0.375940
0.925031 -0.054648 -0.375940
0.661231 -0.661232 -0.354323
0.661251 -0.661185 0.354375
0.661232 -0.661231 0.354323
0.661185 -0.661251 -0.354375
0.025777 -0.924785 -0.379616
0.025827 -0.924764 0.379664
0.025790 -0.924768 0.379656
-0.025790 -0.924768 0.379656
-0.027922 -0.706844 0.706819
0.027922 -0.706844 0.706819
0.027922 -0.706819 0.706843
-0.027922 -0.706819 0.706843
-0.035963 -0.077004 0.996382
0.035963 -0.077004 0.996382
-0.025777 -0.924785 0.379616
-0.025827 -0.924764 -0.379664
-0.661232 -0.661231 -0.354323
-0.661185 -0.661251 0.354375
-0.661231 -0.661232 0.354323
-0.661251 -0.661185 -0.354375
-0.925031 -0.054648 -0.375940
-0.925031 -0.054648 0.375940
0.035963 -0.077004 -0.996382
-0.035963 -0.077004 -0.996382
-0.027922 -0.706819 -0.706843
0.027922 -0.706819 -0.706843
0.027922 -0.706844 -0.706819
-0.027922 -0.706844 -0.706819
-0.025790 -0.924768 -0.379656
0.025790 -0.924768 -0.379656
0.035963 0.077004 0.996382
-0.035963 0.077004 0.996382
-0.027922 0.706819 0.706843
0.027922 0.706819 0.706843
0.027922 0.706844 0.706819
-0.027922 0.706844 0.706819
-0.025790 0.924768 0.379656
0.025790 0.924768 0.379656
0.025777 0.924785 0.379616
0.025827 0.924764 -0.379664
0.661232 0.661231 -0.354323
0.661185 0.661251 0.354375
0.661231 0.661232 0.354323
0.661251 0.661185 -0.354375
0.925031 0.054648 -0.375940
0.925031 0.054648 0.375940
0.025790 0.924768 -0.379656
-0.025790 0.924768 -0.379656
-0.027922 0.706844 -0.706819
0.027922 0.706844 -0.706819
0.027922 0.706819 -0.706843
-0.027922 0.706819 -0.706843
-0.035963 0.077004 -0.996382
0.035963 0.077004 -0.996382
-0.925031 0.054648 0.375940
-0.925031 0.054648 -0.375940
-0.661231 0.661232 -0.354323
-0.661251 0.661185 0.354375
-0.661232 0.661231 0.354323
-0.661185 0.661251 -0.354375
-0.025777 0.924785 -0.379616
-0.025827 0.924764 0.379664
0.035982 -0.076935 0.996387
0.035982 0.076935 0.996387
0.705833 0.059284 0.705893
0.705833 -0.059284 0.705893
0.705893 -0.059284 0.705833
0.705893 0.059284 0.705833
0.925022 0.054651 0.375961
0.925022 -0.054651 0.375961
-0.925022 -0.054651 0.375961
-0.925022 0.054651 0.375961
-0.705893 0.059284 0.705833
-0.705893 -0.059284 0.705833
-0.705833 -0.059284 0.705893
-0.705833 0.059284 0.705893
-0.035982 0.076935 0.996387
-0.035982 -0.076935 0.996387
0.925022 -0.054651 -0.375961
0.925022 0.054651 -0.375961
0.705893 0.059284 -0.705833
0.705893 -0.059284 -0.705833
0.705833 -0.059284 -0.705893
0.705833 0.059284 -0.705893
0.035982 0.076935 -0.996387
0.035982 -0.076935 -0.996387
-0.035982 -0.076935 -0.996387
-0.035982 0.076935 -0.996387
-0.705833 0.059284 -0.705893
-0.705833 -0.059284 -0.705893
-0.705893 -0.059284 -0.705833
-0.705893 0.059284 -0.705833
-0.925022 0.054651 -0.375961
-0.925022 -0.054651 -0.375961
0.925027 -0.054646 0.375952
0.925027 0.054646 0.375952
0.925027 0.054646 -0.375952
0.925027 -0.054646 -0.375952
0.035971 -0.076947 0.996386
-0.035960 -0.076953 0.996386
-0.035971 0.076947 0.996386
0.035960 0.076953 0.996386
0.035960 -0.076953 -0.996386
0.035971 0.076947 -0.996386
-0.035960 0.076953 -0.996386
-0.035971 -0.076947 -0.996386
0.025792 0.924771 0.379648
-0.025792 0.924771 0.379648
-0.025792 0.924771 -0.379648
0.025792 0.924771 -0.379648
-0.925027 -0.054646 0.375952
-0.925027 -0.054646 -0.375952
-0.925027 0.054646 -0.375952
-0.925027 0.054646 0.375952
0.025792 -0.924771 0.379648
0.025792 -0.924771 -0.379648
-0.025792 -0.924771 -0.379648
-0.025792 -0.924771 0.379648
0.925022 -0.054676 0.375959
0.661244 -0.661201 0.354357
0.577352 -0.577364 0.577335
0.705875 -0.059282 0.705852
0.025821 -0.924765 0.379661
0.027947 -0.706844 0.706818
0.577335 -0.577352 0.577364
0.661205 -0.661248 0.354342
0.036015 -0.076949 0.996384
0.705859 -0.059297 0.705867
0.577364 -0.577335 0.577352
0.027931 -0.706809 0.706852
0.035970 0.077001 0.996382
0.027947 0.706818 0.706844
0.577335 0.577364 0.577352
0.705852 0.059282 0.705875
0.025820 0.924769 0.379653
0.661201 0.661245 0.354357
0.577363 0.577352 0.577335
0.027931 0.706852 0.706810
0.925019 0.054677 0.375966
0.705866 0.059297 0.705859
0.577352 0.577335 0.577364
0.661248 0.661205 0.354343
0.925019 -0.054677 -0.375966
0.705866 -0.059297 -0.705859
0.577352 -0.577335 -0.577364
0.661248 -0.661205 -0.354343
0.035970 -0.077001 -0.996382
0.027947 -0.706818 -0.706844
0.577335 -0.577364 -0.577352
0.705852 -0.059282 -0.705875
0.025820 -0.924769 -0.379653
0.661201 -0.661245 -0.354357
0.577363 -0.577352 -0.577335
0.027931 -0.706852 -0.706810
0.925022 0.054676 -0.375959
0.661244 0.661201 -0.354357
0.577352 0.577364 -0.577335
0.705875 0.059282 -0.705852
0.025821 0.924765 -0.379661
0.027947 0.706844 -0.706818
0.577335 0.577352 -0.577364
0.661205 0.661248 -0.354342
0.036015 0.076949 -0.996384
0.705859 0.059297 -0.705867
0.577364 0.577335 -0.577352
0.027931 0.706809 -0.706852
-0.035970 -0.077001 0.996382
-0.027947 -0.706818 0.706844
-0.577335 -0.577364 0.577352
-0.705852 -0.059282 0.705875
-0.025820 -0.924769 0.379653
-0.661201 -0.661245 0.354357
-0.577363 -0.577352 0.577335
-0.027931 -0.706852 0.706810
-0.925019 -0.054677 0.375966
-0.705866 -0.059297 0.705859
-0.577352 -0.577335 0.577364
-0.661248 -0.661205 0.354343
-0.036015 0.076949 0.996384
-0.705859 0.059297 0.705867
-0.577364 0.577335 0.577352
-0.027931 0.706809 0.706852
-0.925022 0.054676 0.375959
-0.661244 0.661201 0.354357
-0.577352 0.577364 0.577335
-0.705875 0.059282 0.705852
-0.025821 0.924765 0.379661
-0.027947 0.706844 0.706818
-0.577335 0.577352 0.577364
-0.661205 0.661248 0.354342
-0.925022 -0.054676 -0.375959
-0.661244 -0.661201 -0.354357
-0.577352 -0.577364 -0.577335
-0.705875 -0.059282 -0.705852
-0.025821 -0.924765 -0.379661
-0.027947 -0.706844 -0.706818
-0.577335 -0.577352 -0.577364
-0.661205 -0.661248 -0.354342
-0.036015 -0.076949 -0.996384
-0.705859 -0.059297 -0.705867
-0.577364 -0.577335 -0.577352
-0.027931 -0.706809 -0.706852
-0.035970 0.077001 -0.996382
-0.027947 0.706818 -0.706844
-0.577335 0.577364 -0.577352
-0.705852 0.059282 -0.705875
-0.025820 0.924769 -0.379653
-0.661201 0.661245 -0.354357
-0.577363 0.577352 -0.577335
-0.027931 0.706852 -0.706810
-0.925019 0.054677 -0.375966
-0.705866 0.059297 -0.705859
-0.577352 0.577335 -0.577364
-0.661248 0.661205 -0.354343
0.925031 -0.054648 0.375940
0.925031 -0.054648 -0.375940
0.661231 -0.661232 -0.354323
0.661251 -0.661185 0.354375
0.661232 -0.661231 0.354323
0.661185 -0.661251 -0.354375
0.025777 -0.924785 -0.379616
0.025827 -0.924764 0.379664
0.025790 -0.924768 0.379656
-0.025790 -0.924768 0.379656
-0.027922 -0.706844 0.706819
0.027922 -0.706844 0.706819
0.027922 -0.706819 0.706843
-0.027922 -0.706819 0.706843
-0.035963 -0.077004 0.996382
0.035963 -0.077004 0.996382
-0.025777 -0.924785 0.379616
-0.025827 -0.924764 -0.379664
-0.661232 -0.661231 -0.354323
-0.661185 -0.661251 0.354375
-0.661231 -0.661232 0.354323
-0.661251 -0.661185 -0.354375
-0.925031 -0.054648 -0.375940
-0.925031 -0.054648 0.375940
0.035963 -0.077004 -0.996382
-0.035963 -0.077004 -0.996382
-0.027922 -0.706819 -0.706843
0.027922 -0.706819 -0.706843
0.027922 -0.706844 -0.706819
-0.027922 -0.706844 -0.706819
-0.025790 -0.924768 -0.379656
0.025790 -0.924768 -0.379656
0.035963 0.077004 0.996382
-0.035963 0.077004 0.996382
-0.027922 0.706819 0.706843
0.027922 0.706819 0.706843
0.027922 0.706844 0.706819
-0.027922 0.706844 0.706819
-0.025790 0.924768 0.379656
0.025790 0.924768 0.379656
0.025777 0.924785 0.379616
0.025827 0.924764 -0.379664
0.661232 0.661231 -0.354323
0.661185 0.661251 0.354375
0.661231 0.661232 0.354323
0.661251 0.661185 -0.354375
0.925031 0.054648 -0.375940
0.925031 0.054648 0.375940
0.025790 0.924768 -0.379656
-0.025790 0.924768 -0.379656
-0.027922 0.706844 -0.706819
0.027922 0.706844 -0.706819
0.027922 0.706819 -0.706843
-0.027922 0.706819 -0.706843
-0.035963 0.077004 -0.996382
0.035963 0.077004 -0.996382
-0.925031 0.054648 0.375940
-0.925031 0.054648 -0.375940
-0.661231 0.661232 -0.354323
-0.661251 0.661185 0.354375
-0.661232 0.661231 0.354323
-0.661185 0.661251 -0.354375
-0.025777 0.924785 -0.379616
-0.025827 0.924764 0.379664
0.035982 -0.076935 0.996387
0.035982 0.076935 0.996387
0.705833 0.059284 0.705893
0.705833 -0.059284 0.705893
0.705893 -0.059284 0.705833
0.705893 0.059284 0.705833
0.925022 0.054651 0.375961
0.925022 -0.054651 0.375961
-0.925022 -0.054651 0.375961
-0.925022 0.054651 0.375961
-0.705893 0.059284 0.705833
-0.705893 -0.059284 0.705833
-0.705833 -0.059284 0.705893
-0.705833 0.059284 0.705893
-0.035982 0.076935 0.996387
-0.035982 -0.076935 0.996387
0.925022 -0.054651 -0.375961
0.925022 0.054651 -0.375961
0.705893 0.059284 -0.705833
0.705893 -0.059284 -0.705833
0.705833 -0.059284 -0.705893
0.705833 0.059284 -0.705893
0.035982 0.076935 -0.996387
0.035982 -0.076935 -0.996387
-0.035982 -0.076935 -0.996387
-0.035982 0.076935 -0.996387
-0.705833 0.059284 -0.705893
-0.705833 -0.059284 -0.705893
-0.705893 -0.059284 -0.705833
-0.705893 0.059284 -0.705833
-0.925022 0.054651 -0.375961
-0.925022 -0.054651 -0.375961
0.925027 -0.054646 0.375952
0.925027 0.054646 0.375952
0.925027 0.054646 -0.375952
0.925027 -0.054646 -0.375952
-0.000000 -1.000000 -0.000000
-0.000000 -1.000000 -0.000000
-0.000000 -1.000000 -0.000000
-0.000000 -1.000000 -0.000000
-0.000000 -1.000000 -0.000000
-0.000000 -1.000000 -0.000000
-0.000000 -1.000000 -0.000000
-0.000000 -1.000000 -0.000000
0.000000 1.000000 -0.000000
0.000000 1.000000 -0.000000
0.000000 1.000000 -0.000000
0.000000 1.000000 -0.000000
0.000000 1.000000 -0.000000
0.000000 1.000000 -0.000000
0.000000 1.000000 -0.000000
0.000000 1.000000 -0.000000
-0.923880 0.000000 -0.382683
-0.923880 0.000000 -0.382683
-0.923880 0.000000 -0.382683
-0.923880 0.000000 -0.382683
-0.382683 0.000000 -0.923880
-0.382683 0.000000 -0.923880
-0.382683 0.000000 -0.923880
-0.382683 0.000000 -0.923880
0.382683 0.000000 -0.923880
0.382683 0.000000 -0.923880
0.382683 0.000000 -0.923880
0.382683 0.000000 -0.923880
0.923880 0.000000 -0.382683
0.923880 0.000000 -0.382683
0.923880 0.000000 -0.382683
0.923880 0.000000 -0.382683
0.923880 0.000000 0.382683
0.923880 0.000000 0.382683
0.923880 0.000000 0.382683
0.923880 0.000000 0.382683
0.382683 0.000000 0.923880
0.382683 0.000000 0.923880
0.382683 0.000000 0.923880
0.382683 0.000000 0.923880
-0.382683 0.000000 0.923880
-0.382683 0.000000 0.923880
-0.382683 0.000000 0.923880
-0.382683 0.000000 0.923880
-0.923880 0.000000 0.382683
-0.923880 0.000000 0.382683
-0.923880 0.000000 0.382683
-0.923880 0.000000 0.382683
-0.000000 -1.000000 -0.000000
-0.000000 -1.000000 -0.000000
-0.000000 -1.000000 -0.000000
-0.000000 -1.000000 -0.000000
-0.000000 -1.000000 -0.000000
-0.000000 -1.000000 -0.000000
-0.000000 -1.000000 -0.000000
-0.000000 -1.000000 -0.000000
0.000000 1.000000 -0.000000
0.000000 1.000000 -0.000000
0.000000 1.000000 -0.000000
0.000000 1.000000 -0.000000
0.000000 1.000000 -0.000000
0.000000 1.000000 -0.000000
0.000000 1.000000 -0.000000
0.000000 1.000000 -0.000000
-0.923880 0.000000 -0.382683
-0.923880 0.000000 -0.382683
-0.923880 0.000000 -0.382683
-0.923880 0.000000 -0.382683
-0.382683 0.000000 -0.923880
-0.382683 0.000000 -0.923880
-0.382683 0.000000 -0.923880
-0.382683 0.000000 -0.923880
0.382683 0.000000 -0.923880
0.382683 0.000000 -0.923880
0.382683 0.000000 -0.923880
0.382683 0.000000 -0.923880
0.923880 0.000000 -0.382683
0.923880 0.000000 -0.382683
0.923880 0.000000 -0.382683
0.923880 0.000000 -0.382683
0.923880 0.000000 0.382683
0.923880 0.000000 0.382683
0.923880 0.000000 0.382683
0.923880 0.000000 0.382683
0.382683 0.000000 0.923880
0.382683 0.000000 0.923880
0.382683 0.000000 0.923880
0.382683 0.000000 0.923880
-0.382683 0.000000 0.923880
-0.382683 0.000000 0.923880
-0.382683 0.000000 0.923880
-0.382683 0.000000 0.923880
-0.923880 0.000000 0.382683
-0.923880 0.000000 0.382683
-0.923880 0.000000 0.382683
-0.923880 0.000000 0.382683
-0.000000 -1.000000 -0.000000
-0.000000 -1.000000 -0.000000
-0.000000 -1.000000 -0.000000
-0.000000 -1.000000 -0.000000
-0.000000 -1.000000 -0.000000
-0.000000 -1.000000 -0.000000
-0.000000 -1.000000 -0.000000
-0.000000 -1.000000 -0.000000
0.000000 1.000000 -0.000000
0.000000 1.000000 -0.000000
0.000000 1.000000 -0.000000
0.000000 1.000000 -0.000000
0.000000 1.000000 -0.000000
0.000000 1.000000 -0.000000
0.000000 1.000000 -0.000000
0.000000 1.000000 -0.000000
-0.923880 0.000000 -0.382683
-0.923880 0.000000 -0.382683
-0.923880 0.000000 -0.382683
-0.923880 0.000000 -0.382683
-0.382683 0.000000 -0.923880
-0.382683 0.000000 -0.923880
-0.382683 0.000000 -0.923880
-0.382683 0.000000 -0.923880
0.382683 0.000000 -0.923880
0.382683 0.000000 -0.923880
0.382683 0.000000 -0.923880
0.382683 0.000000 -0.923880
0.923880 0.000000 -0.382683
0.923880 0.000000 -0.382683
0.923880 0.000000 -0.382683
0.923880 0.000000 -0.382683
0.923880 0.000000 0.382683
0.923880 0.000000 0.382683
0.923880 0.000000 0.382683
0.923880 0.000000 0.382683
0.382683 0.000000 0.923880
0.382683 0.000000 0.923880
0.382683 0.000000 0.923880
0.382683 0.000000 0.923880
-0.382683 0.000000 0.923880
-0.382683 0.000000 0.923880
-0.382683 0.000000 0.923880
-0.382683 0.000000 0.923880
-0.923880 0.000000 0.382683
-0.923880 0.000000 0.382683
-0.923880 0.000000 0.382683
-0.923880 0.000000 0.382683
-0.000000 -1.000000 -0.000000
-0.000000 -1.000000 -0.000000
-0.000000 -1.000000 -0.000000
-0.000000 -1.000000 -0.000000
-0.000000 -1.000000 -0.000000
-0.000000 -1.000000 -0.000000
-0.000000 -1.000000 -0.000000
-0.000000 -1.000000 -0.000000
0.000000 1.000000 -0.000000
0.000000 1.000000 -0.000000
0.000000 1.000000 -0.000000
0.000000 1.000000 -0.000000
0.000000 1.000000 -0.000000
0.000000 1.000000 -0.000000
0.000000 1.000000 -0.000000
0.000000 1.000000 -0.000000
-0.923880 0.000000 -0.382683
-0.923880 0.000000 -0.382683
-0.923880 0.000000 -0.382683
-0.923880 0.000000 -0.382683
-0.382683 0.000000 -0.923880
-0.382683 0.000000 -0.923880
-0.382683 0.000000 -0.923880
-0.382683 0.000000 -0.923880
0.382683 0.000000 -0.923880
0.382683 0.000000 -0.923880
0.382683 0.000000 -0.923880
0.382683 0.000000 -0.923880
0.923880 0.000000 -0.382683
0.923880 0.000000 -0.382683
0.923880 0.000000 -0.382683
0.923880 0.000000 -0.382683
0.923880 0.000000 0.382683
0.923880 0.000000 0.382683
0.923880 0.000000 0.382683
0.923880 0.000000 0.382683
0.382683 0.000000 0.923880
0.382683 0.000000 0.923880
0.382683 0.000000 0.923880
0.382683 0.000000 0.923880
-0.382683 0.000000 0.923880
-0.382683 0.000000 0.923880
-0.382683 0.000000 0.923880
-0.382683 0.000000 0.923880
-0.923880 0.000000 0.382683
-0.923880 0.000000 0.382683
-0.923880 0.000000 0.382683
-0.923880 0.000000 0.382683
-0.000000 -1.000000 -0.000000
-0.000000 -1.000000 -0.000000
-0.000000 -1.000000 -0.000000
-0.000000 -1.000000 -0.000000
-0.000000 -1.000000 -0.000000
-0.000000 -1.000000 -0.000000
-0.000000 -1.000000 -0.000000
-0.000000 -1.000000 -0.000000
0.000000 1.000000 -0.000000
0.000000 1.000000 -0.000000
0.000000 1.000000 -0.000000
0.000000 1.000000 -0.000000
0.000000 1.000000 -0.000000
0.000000 1.000000 -0.000000
0.000000 1.000000 -0.000000
0.000000 1.000000 -0.000000
-0.923880 0.000000 -0.382683
-0.923880 0.000000 -0.382683
-0.923880 0.000000 -0.382683
-0.923880 0.000000 -0.382683
-0.382683 0.000000 -0.923880
-0.382683 0.000000 -0.923880
-0.382683 0.000000 -0.923880
-0.382683 0.000000 -0.923880
0.382683 0.000000 -0.923880
0.382683 0.000000 -0.923880
0.382683 0.000000 -0.923880
0.382683 0.000000 -0.923880
0.923880 0.000000 -0.382683
0.923880 0.000000 -0.382683
0.923880 0.000000 -0.382683
0.923880 0.000000 -0.382683
0.923880 0.000000 0.382683
0.923880 0.000000 0.382683
0.923880 0.000000 0.382683
0.923880 0.000000 0.382683
0.382683 0.000000 0.923880
0.382683 0.000000 0.923880
0.382683 0.000000 0.923880
0.382683 0.000000 0.923880
-0.382683 0.000000 0.923880
-0.382683 0.000000 0.923880
-0.382683 0.000000 0.923880
-0.382683 0.000000 0.923880
-0.923880 0.000000 0.382683
-0.923880 0.000000 0.382683
-0.923880 0.000000 0.382683
-0.923880 0.000000 0.382683
<Colors>: 5772
0.240000 0.790000 1.000000 1.000000
0.240000 0.790000 1.000000 1.000000
0.240000 0.790000 1.000000 1.000000
0.240000 0.790000 1.000000 1.000000
0.240000 0.790000 1.000000 1.000000
0.240000 0.790000 1.000000 1.000000
0.240000 0.790000 1.000000 1.000000
0.240000 0.790000 1.000000 1.000000
0.240000 0.790000 1.000000 1.000000
0.240000 0.790000 1.000000 1.000000
0.240000 0.790000 1.000000 1.000000
0.240000 0.790000 1.000000 1.000000
0.240000 0.790000 1.000000 1.000000
0.240000 0.790000 1.000000 1.000000
0.240000 0.790000 1.000000 1.000000
0.240000 0.790000 1.000000 1.000000
0.240000 0.790000 1.000000 1.000000
0.240000 0.790000 1.000000 1.000000
0.240000 0.790000 1.000000 1.000000
0.240000 0.790000 1.000000 1.000000
0.240000 0.790000 1.000000 1.000000
0.240000 0.790000 1.000000 1.000000
0.240000 0.790000 1.000000 1.000000
0.240000 0.790000 1.000000 1.000000
0.240000 0.790000 1.000000 1.000000
0.240000 0.790000 1.000000 1.000000
0.240000 0.790000 1.000000 1.000000
0.240000 0.790000 1.000000 1.000000
0.240000 0.790000 1.000000 1.000000
0.240000 0.790000 1.000000 1.000000
0.240000 0.790000 1.000000 1.000000
0.240000 0.790000 1.000000 1.000000
0.240000 0.790000 1.000000 1.000000
0.240000 0.790000 1.000000 1.000000
0.240000 0.790000 1.000000 1.000000
0.240000 0.790000 1.000000 1.000000
0.240000 0.790000 1.000000 1.000000
0.240000 0.790000 1.000000 1.000000
0.240000 0.790000 1.000000 1.000000
0.240000 0.790000 1.000000 1.000000
0.240000 0.790000 1.000000 1.000000
0.240000 0.790000 1.000000 1.000000
0.240000 0.790000 1.000000 1.000000
0.240000 0.790000 1.000000 1.000000
0.240000 0.790000 1.000000 1.000000
0.240000 0.790000 1.000000 1.000000
0.240000 0.790000 1.000000 1.000000
0.240000 0.790000 1.000000 1.000000
0.240000 0.790000 1.000000 1.000000
0.240000 0.790000 1.000000 1.000000
0.240000 0.790000 1.000000 1.000000
0.240000 0.790000 1.000000 1.000000
0.240000 0.790000 1.000000 1.000000
0.240000 0.790000 1.000000 1.000000
0.240000 0.790000 1.000000 1.000000
0.240000 0.790000 1.000000 1.000000
0.240000 0.790000 1.000000 1.000000
0.240000 0.790000 1.000000 1.000000
0.240000 0.790000 1.000000 1.000000
0.240000 0.790000 1.000000 1.000000
0.240000 0.790000 1.000000 1.000000
0.240000 0.790000 1.000000 1.000000
0.240000 0.790000 1.000000 1.000000
0.240000 0.790000 1.000000 1.000000
0.240000 0.790000 1.000000 1.000000
0.240000 0.790000 1.000000 1.000000
0.240000 0.790000 1.000000 1.000000
0.240000 0.790000 1.000000 1.000000
0.240000 0.790000 1.000000 1.000000
0.240000 0.790000 1.000000 1.000000
0.240000 0.790000 1.000000 1.000000
0.240000 0.790000 1.000000 1.000000
0.240000 0.790000 1.000000 1.000000
0.240000 0.790000 1.000000 1.000000
0.240000 0.790000 1.000000 1.000000
0.240000 0.790000 1.000000 1.000000
0.240000 0.790000 1.000000 1.000000
0.240000 0.790000 1.000000 1.000000
0.240000 0.790000 1.000000 1.000000
0.240000 0.790000 1.000000 1.000000
0.240000 0.790000 1.000000 1.000000
0.240000 0.790000 1.000000 1.000000
0.240000 0.790000 1.000000 1.000000
0.240000 0.790000 1.000000 1.000000
0.240000 0.790000 1.000000 1.000000
0.240000 0.790000 1.000000 1.000000
0.240000 0.790000 1.000000 1.000000
0.240000 0.790000 1.000000 1.000000
0.240000 0.790000 1.000000 1.000000
0.240000 0.790000 1.000000 1.000000
0.240000 0.790000 1.000000 1.000000
0.240000 0.790000 1.000000 1.000000
0.240000 0.790000 1.000000 1.000000
0.240000 0.790000 1.000000 1.000000
0.240000 0.790000 1.000000 1.000000
0.240000 0.790000 1.000000 1.000000
0.240000 0.790000 1.000000 1.000000
0.240000 0.790000 1.000000 1.000000
0.240000 0.790000 1.000000 1.000000
0.240000 0.790000 1.000000 1.000000
0.240000 0.790000 1.000000 1.000000
0.240000 0.790000 1.000000 1.000000
0.240000 0.790000 1.000000 1.000000
0.240000 0.790000 1.000000 1.000000
0.240000 0.790000 1.000000 1.000000
0.240000 0.790000 1.000000 1.000000
0.240000 0.790000 1.000000 1.000000
0.240000 0.790000 1.000000 1.000000
0.240000 0.790000 1.000000 1.000000
0.240000 0.790000 1.000000 1.000000
0.240000 0.790000 1.000000 1.000000
0.240000 0.790000 1.000000 1.000000
0.240000 0.790000 1.000000 1.000000
0.240000 0.790000 1.000000 1.000000
0.240000 0.790000 1.000000 1.000000
0.240000 0.790000 1.000000 1.000000
0.240000 0.790000 1.000000 1.000000
0.240000 0.790000 1.000000 1.000000
0.240000 0.790000 1.000000 1.000000
0.240000 0.790000 1.000000 1.000000
0.240000 0.790000 1.000000 1.000000
0.240000 0.790000 1.000000 1.000000
0.240000 0.790000 1.000000 1.000000
0.240000 0.790000 1.000000 1.000000
0.240000 0.790000 1.000000 1.000000
0.240000 0.790000 1.000000 1.000000
0.240000 0.790000 1.000000 1.000000
0.240000 0.790000 1.000000 1.000000
0.240000 0.790000 1.000000 1.000000
0.240000 0.790000 1.000000 1.000000
0.240000 0.790000 1.000000 1.000000
0.240000 0.790000 1.000000 1.000000
0.240000 0.790000 1.000000 1.000000
0.240000 0.790000 1.000000 1.000000
0.240000 0.790000 1.000000 1.000000
0.240000 0.790000 1.000000 1.000000
0.240000 0.790000 1.000000 1.000000
0.240000 0.790000 1.000000 1.000000
0.240000 0.790000 1.000000 1.000000
0.240000 0.790000 1.000000 1.000000
0.240000 0.790000 1.000000 1.000000
0.240000 0.790000 1.000000 1.000000
0.240000 0.790000 1.000000 1.000000
0.240000 0.790000 1.000000 1.000000
0.240000 0.790000 1.000000 1.000000
0.240000 0.790000 1.000000 1.000000
0.240000 0.790000 1.000000 1.000000
0.240000 0.790000 1.000000 1.000000
0.240000 0.790000 1.000000 1.000000
0.240000 0.790000 1.000000 1.000000
0.240000 0.790000 1.000000 1.000000
0.240000 0.790000 1.000000 1.000000
0.240000 0.790000 1.000000 1.000000
0.240000 0.790000 1.000000 1.000000
0.240000 0.790000 1.000000 1.000000
0.240000 0.790000 1.000000 1.000000
0.240000 0.790000 1.000000 1.000000
0.240000 0.790000 1.000000 1.000000
0.240000 0.790000 1.000000 1.000000
0.240000 0.790000 1.000000 1.000000
0.240000 0.790000 1.000000 1.000000
0.240000 0.790000 1.000000 1.000000
0.240000 0.790000 1.000000 1.000000
0.240000 0.790000 1.000000 1.000000
0.240000 0.790000 1.000000 1.000000
0.240000 0.790000 1.000000 1.000000
0.240000 0.790000 1.000000 1.000000
0.240000 0.790000 1.000000 1.000000
0.240000 0.790000 1.000000 1.000000
0.240000 0.790000 1.000000 1.000000
0.240000 0.790000 1.000000 1.000000
0.240000 0.790000 1.000000 1.000000
0.240000 0.790000 1.000000 1.000000
0.240000 0.790000 1.000000 1.000000
0.240000 0.790000 1.000000 1.000000
0.240000 0.790000 1.000000 1.000000
0.240000 0.790000 1.000000 1.000000
0.240000 0.790000 1.000000 1.000000
0.240000 0.790000 1.000000 1.000000
0.240000 0.790000 1.000000 1.000000
0.240000 0.790000 1.000000 1.000000
0.240000 0.790000 1.000000 1.000000
0.240000 0.790000 1.000000 1.000000
0.240000 0.790000 1.000000 1.000000
0.240000 0.790000 1.000000 1.000000
0.240000 0.790000 1.000000 1.000000
0.240000 0.790000 1.000000 1.000000
0.240000 0.790000 1.000000 1.000000
0.240000 0.790000 1.000000 1.000000
0.240000 0.790000 1.000000 1.000000
0.240000 0.790000 1.000000 1.000000
0.240000 0.790000 1.000000 1.000000
0.240000 0.790000 1.000000 1.000000
0.240000 0.790000 1.000000 1.000000
0.240000 0.790000 1.000000 1.000000
0.240000 0.790000 1.000000 1.000000
0.240000 0.790000 1.000000 1.000000
0.240000 0.790000 1.000000 1.000000
0.240000 0.790000 1.000000 1.000000
0.240000 0.790000 1.000000 1.000000
0.240000 0.790000 1.000000 1.000000
0.240000 0.790000 1.000000 1.000000
0.240000 0.790000 1.000000 1.000000
0.240000 0.790000 1.000000 1.000000
0.240000 0.790000 1.000000 1.000000
0.240000 0.790000 1.000000 1.000000
0.240000 0.790000 1.000000 1.000000
0.240000 0.790000 1.000000 1.000000
0.240000 0.790000 1.000000 1.000000
0.240000 0.790000 1.000000 1.000000
0.240000 0.790000 1.000000 1.000000
0.240000 0.790000 1.000000 1.000000
0.240000 0.790000 1.000000 1.000000
0.240000 0.790000 1.000000 1.000000
0.240000 0.790000 1.000000 1.000000
0.240000 0.790000 1.000000 1.000000
0.240000 0.790000 1.000000 1.000000
0.240000 0.790000 1.000000 1.000000
0.240000 0.790000 1.000000 1.000000
0.240000 0.790000 1.000000 1.000000
0.240000 0.790000 1.000000 1.000000
0.240000 0.790000 1.000000 1.000000
0.240000 0.790000 1.000000 1.000000
0.240000 0.790000 1.000000 1.000000
0.240000 0.790000 1.000000 1.000000
0.240000 0.790000 1.000000 1.000000
0.240000 0.790000 1.000000 1.000000
0.240000 0.790000 1.000000 1.000000
0.240000 0.790000 1.000000 1.000000
0.240000 0.790000 1.000000 1.000000
0.240000 0.790000 1.000000 1.000000
0.240000 0.790000 1.000000 1.000000
0.240000 0.790000 1.000000 1.000000
0.240000 0.790000 1.000000 1.000000
0.240000 0.790000 1.000000 1.000000
0.240000 0.790000 1.000000 1.000000
0.240000 0.790000 1.000000 1.000000
0.240000 0.790000 1.000000 1.000000
0.240000 0.790000 1.000000 1.000000
0.240000 0.790000 1.000000 1.000000
0.240000 0.790000 1.000000 1.000000
0.240000 0.790000 1.000000 1.000000
0.240000 0.790000 1.000000 1.000000
0.240000 0.790000 1.000000 1.000000
0.240000 0.790000 1.000000 1.000000
0.240000 0.790000 1.000000 1.000000
0.240000 0.790000 1.000000 1.000000
0.240000 0.790000 1.000000 1.000000
0.240000 0.790000 1.000000 1.000000
0.240000 0.790000 1.000000 1.000000
0.240000 0.790000 1.000000 1.000000
0.240000 0.790000 1.000000 1.000000
0.240000 0.790000 1.000000 1.000000
0.240000 0.790000 1.000000 1.000000
0.240000 0.790000 1.000000 1.000000
0.240000 0.790000 1.000000 1.000000
0.240000 0.790000 1.000000 1.000000
0.240000 0.790000 1.000000 1.000000
0.240000 0.790000 1.000000 1.000000
0.240000 0.790000 1.000000 1.000000
0.240000 0.790000 1.000000 1.000000
0.240000 0.790000 1.000000 1.000000
0.240000 0.790000 1.000000 1.000000
0.240000 0.790000 1.000000 1.000000
0.240000 0.790000 1.000000 1.000000
0.240000 0.790000 1.000000 1.000000
0.240000 0.790000 1.000000 1.000000
0.240000 0.790000 1.000000 1.000000
0.240000 0.790000 1.000000 1.000000
0.240000 0.790000 1.000000 1.000000
0.240000 0.790000 1.000000 1.000000
0.240000 0.790000 1.000000 1.000000
0.240000 0.790000 1.000000 1.000000
0.240000 0.790000 1.000000 1.000000
0.240000 0.790000 1.000000 1.000000
0.240000 0.790000 1.000000 1.000000
0.240000 0.790000 1.000000 1.000000
0.240000 0.790000 1.000000 1.000000
0.240000 0.790000 1.000000 1.000000
0.240000 0.790000 1.000000 1.000000
0.240000 0.790000 1.000000 1.000000
0.240000 0.790000 1.000000 1.000000
0.240000 0.790000 1.000000 1.000000
0.240000 0.790000 1.000000 1.000000
0.240000 0.790000 1.000000 1.000000
0.240000 0.790000 1.000000 1.000000
0.240000 0.790000 1.000000 1.000000
0.240000 0.790000 1.000000 1.000000
0.240000 0.790000 1.000000 1.000000
0.240000 0.790000 1.000000 1.000000
0.240000 0.790000 1.000000 1.000000
0.240000 0.790000 1.000000 1.000000
0.240000 0.790000 1.000000 1.000000
0.240000 0.790000 1.000000 1.000000
0.240000 0.790000 1.000000 1.000000
0.240000 0.790000 1.000000 1.000000
0.240000 0.790000 1.000000 1.000000
0.240000 0.790000 1.000000 1.000000
0.240000 0.790000 1.000000 1.000000
0.240000 0.790000 1.000000 1.000000
0.240000 0.790000 1.000000 1.000000
0.240000 0.790000 1.000000 1.000000
0.240000 0.790000 1.000000 1.000000
0.240000 0.790000 1.000000 1.000000
0.240000 0.790000 1.000000 1.000000
0.240000 0.790000 1.000000 1.000000
0.240000 0.790000 1.000000 1.000000
0.240000 0.790000 1.000000 1.000000
0.240000 0.790000 1.000000 1.000000
0.240000 0.790000 1.000000 1.000000
0.240000 0.790000 1.000000 1.000000
0.240000 0.790000 1.000000 1.000000
0.240000 0.790000 1.000000 1.000000
0.240000 0.790000 1.000000 1.000000
0.240000 0.790000 1.000000 1.000000
0.240000 0.790000 1.000000 1.000000
0.240000 0.790000 1.000000 1.000000
0.240000 0.790000 1.000000 1.000000
0.240000 0.790000 1.000000 1.000000
0.240000 0.790000 1.000000 1.000000
0.240000 0.790000 1.000000 1.000000
0.240000 0.790000 1.000000 1.000000
0.240000 0.790000 1.000000 1.000000
0.240000 0.790000 1.000000 1.000000
0.240000 0.790000 1.000000 1.000000
0.240000 0.790000 1.000000 1.000000
0.240000 0.790000 1.000000 1.000000
0.240000 0.790000 1.000000 1.000000
0.240000 0.790000 1.000000 1.000000
0.240000 0.790000 1.000000 1.000000
0.240000 0.790000 1.000000 1.000000
0.240000 0.790000 1.000000 1.000000
0.240000 0.790000 1.000000 1.000000
0.240000 0.790000 1.000000 1.000000
0.240000 0.790000 1.000000 1.000000
0.240000 0.790000 1.000000 1.000000
0.240000 0.790000 1.000000 1.000000
0.240000 0.790000 1.000000 1.000000
0.240000 0.790000 1.000000 1.000000
0.240000 0.790000 1.000000 1.000000
0.240000 0.790000 1.000000 1.000000
0.240000 0.790000 1.000000 1.000000
0.240000 0.790000 1.000000 1.000000
0.240000 0.790000 1.000000 1.000000
0.240000 0.790000 1.000000 1.000000
0.240000 0.790000 1.000000 1.000000
0.240000 0.790000 1.000000 1.000000
0.240000 0.790000 1.000000 1.000000
0.240000 0.790000 1.000000 1.000000
0.240000 0.790000 1.000000 1.000000
0.240000 0.790000 1.000000 1.000000
0.240000 0.790000 1.000000 1.000000
0.240000 0.790000 1.000000 1.000000
0.240000 0.790000 1.000000 1.000000
0.240000 0.790000 1.000000 1.000000
0.240000 0.790000 1.000000 1.000000
0.240000 0.790000 1.000000 1.000000
0.240000 0.790000 1.000000 1.000000
0.240000 0.790000 1.000000 1.000000
0.240000 0.790000 1.000000 1.000000
0.240000 0.790000 1.000000 1.000000
0.240000 0.790000 1.000000 1.000000
0.240000 0.790000 1.000000 1.000000
0.240000 0.790000 1.000000 1.000000
0.240000 0.790000 1.000000 1.000000
0.240000 0.790000 1.000000 1.000000
0.240000 0.790000 1.000000 1.000000
0.240000 0.790000 1.000000 1.000000
0.240000 0.790000 1.000000 1.000000
0.240000 0.790000 1.000000 1.000000
0.240000 0.790000 1.000000 1.000000
0.240000 0.790000 1.000000 1.000000
0.240000 0.790000 1.000000 1.000000
0.240000 0.790000 1.000000 1.000000
0.240000 0.790000 1.000000 1.000000
0.240000 0.790000 1.000000 1.000000
0.240000 0.790000 1.000000 1.000000
0.240000 0.790000 1.000000 1.000000
0.240000 0.790000 1.000000 1.000000
0.240000 0.790000 1.000000 1.000000
0.240000 0.790000 1.000000 1.000000
0.240000 0.790000 1.000000 1.000000
0.240000 0.790000 1.000000 1.000000
0.240000 0.790000 1.000000 1.000000
0.240000 0.790000 1.000000 1.000000
0.240000 0.790000 1.000000 1.000000
0.240000 0.790000 1.000000 1.000000
0.240000 0.790000 1.000000 1.000000
0.240000 0.790000 1.000000 1.000000
0.240000 0.790000 1.000000 1.000000
0.240000 0.790000 1.000000 1.000000
0.240000 0.790000 1.000000 1.000000
0.240000 0.790000 1.000000 1.000000
0.240000 0.790000 1.000000 1.000000
0.240000 0.790000 1.000000 1.000000
0.240000 0.790000 1.000000 1.000000
0.240000 0.790000 1.000000 1.000000
0.240000 0.790000 1.000000 1.000000
0.240000 0.790000 1.000000 1.000000
0.240000 0.790000 1.000000 1.000000
0.240000 0.790000 1.000000 1.000000
0.240000 0.790000 1.000000 1.000000
0.240000 0.790000 1.000000 1.000000
0.240000 0.790000 1.000000 1.000000
0.240000 0.790000 1.000000 1.000000
0.240000 0.790000 1.000000 1.000000
0.240000 0.790000 1.000000 1.000000
0.240000 0.790000 1.000000 1.000000
0.240000 0.790000 1.000000 1.000000
0.240000 0.790000 1.000000 1.000000
0.240000 0.790000 1.000000 1.000000
0.240000 0.790000 1.000000 1.000000
0.240000 0.790000 1.000000 1.000000
0.240000 0.790000 1.000000 1.000000
0.240000 0.790000 1.000000 1.000000
0.240000 0.790000 1.000000 1.000000
0.240000 0.790000 1.000000 1.000000
0.240000 0.790000 1.000000 1.000000
0.240000 0.790000 1.000000 1.000000
0.240000 0.790000 1.000000 1.000000
0.240000 0.790000 1.000000 1.000000
0.240000 0.790000 1.000000 1.000000
0.240000 0.790000 1.000000 1.000000
0.240000 0.790000 1.000000 1.000000
0.240000 0.790000 1.000000 1.000000
0.240000 0.790000 1.000000 1.000000
0.240000 0.790000 1.000000 1.000000
0.240000 0.790000 1.000000 1.000000
0.240000 0.790000 1.000000 1.000000
0.240000 0.790000 1.000000 1.000000
0.240000 0.790000 1.000000 1.000000
0.240000 0.790000 1.000000 1.000000
0.240000 0.790000 1.000000 1.000000
0.240000 0.790000 1.000000 1.000000
0.240000 0.790000 1.000000 1.000000
0.240000 0.790000 1.000000 1.000000
0.240000 0.790000 1.000000 1.000000
0.240000 0.790000 1.000000 1.000000
0.240000 0.790000 1.000000 1.000000
0.240000 0.790000 1.000000 1.000000
0.240000 0.790000 1.000000 1.000000
0.240000 0.790000 1.000000 1.000000
0.240000 0.790000 1.000000 1.000000
0.240000 0.790000 1.000000 1.000000
0.240000 0.790000 1.000000 1.000000
0.240000 0.790000 1.000000 1.000000
0.240000 0.790000 1.000000 1.000000
0.240000 0.790000 1.000000 1.000000
0.240000 0.790000 1.000000 1.000000
0.240000 0.790000 1.000000 1.000000
0.240000 0.790000 1.000000 1.000000
0.240000 0.790000 1.000000 1.000000
0.240000 0.790000 1.000000 1.000000
0.240000 0.790000 1.000000 1.000000
0.240000 0.790000 1.000000 1.000000
0.240000 0.790000 1.000000 1.000000
0.240000 0.790000 1.000000 1.000000
0.240000 0.790000 1.000000 1.000000
0.240000 0.790000 1.000000 1.000000
0.240000 0.790000 1.000000 1.000000
0.240000 0.790000 1.000000 1.000000
0.240000 0.790000 1.000000 1.000000
0.240000 0.790000 1.000000 1.000000
0.240000 0.790000 1.000000 1.000000
0.240000 0.790000 1.000000 1.000000
0.240000 0.790000 1.000000 1.000000
0.240000 0.790000 1.000000 1.000000
0.240000 0.790000 1.000000 1.000000
0.240000 0.790000 1.000000 1.000000
0.240000 0.790000 1.000000 1.000000
0.240000 0.790000 1.000000 1.000000
0.240000 0.790000 1.000000 1.000000
0.240000 0.790000 1.000000 1.000000
0.240000 0.790000 1.000000 1.000000
0.240000 0.790000 1.000000 1.000000
0.240000 0.790000 1.000000 1.000000
0.240000 0.790000 1.000000 1.000000
0.240000 0.790000 1.000000 1.000000
0.240000 0.790000 1.000000 1.000000
0.240000 0.790000 1.000000 1.000000
0.240000 0.790000 1.000000 1.000000
0.240000 0.790000 1.000000 1.000000
0.240000 0.790000 1.000000 1.000000
0.240000 0.790000 1.000000 1.000000
0.240000 0.790000 1.000000 1.000000
0.240000 0.790000 1.000000 1.000000
0.240000 0.790000 1.000000 1.000000
0.240000 0.790000 1.000000 1.000000
0.240000 0.790000 1.000000 1.000000
0.240000 0.790000 1.000000 1.000000
0.240000 0.790000 1.000000 1.000000
0.240000 0.790000 1.000000 1.000000
0.240000 0.790000 1.000000 1.000000
0.240000 0.790000 1.000000 1.000000
0.240000 0.790000 1.000000 1.000000
0.240000 0.790000 1.000000 1.000000
0.240000 0.790000 1.000000 1.000000
0.240000 0.790000 1.000000 1.000000
0.240000 0.790000 1.000000 1.000000
0.240000 0.790000 1.000000 1.000000
0.240000 0.790000 1.000000 1.000000
0.240000 0.790000 1.000000 1.000000
0.240000 0.790000 1.000000 1.000000
0.240000 0.790000 1.000000 1.000000
0.240000 0.790000 1.000000 1.000000
0.240000 0.790000 1.000000 1.000000
0.240000 0.790000 1.000000 1.000000
0.240000 0.790000 1.000000 1.000000
0.240000 0.790000 1.000000 1.000000
0.240000 0.790000 1.000000 1.000000
0.240000 0.790000 1.000000 1.000000
0.240000 0.790000 1.000000 1.000000
0.240000 0.790000 1.000000 1.000000
0.240000 0.790000 1.000000 1.000000
0.240000 0.790000 1.000000 1.000000
0.240000 0.790000 1.000000 1.000000
0.240000 0.790000 1.000000 1.000000
0.240000 0.790000 1.000000 1.000000
0.240000 0.790000 1.000000 1.000000
0.240000 0.790000 1.000000 1.000000
0.240000 0.790000 1.000000 1.000000
0.240000 0.790000 1.000000 1.000000
0.240000 0.790000 1.000000 1.000000
0.240000 0.790000 1.000000 1.000000
0.240000 0.790000 1.000000 1.000000
0.240000 0.790000 1.000000 1.000000
0.240000 0.790000 1.000000 1.000000
0.240000 0.790000 1.000000 1.000000
0.240000 0.790000 1.000000 1.000000
0.240000 0.790000 1.000000 1.000000
0.240000 0.790000 1.000000 1.000000
0.240000 0.790000 1.000000 1.000000
0.240000 0.790000 1.000000 1.000000
0.240000 0.790000 1.000000 1.000000
0.240000 0.790000 1.000000 1.000000
0.240000 0.790000 1.000000 1.000000
0.240000 0.790000 1.000000 1.000000
0.240000 0.790000 1.000000 1.000000
0.240000 0.790000 1.000000 1.000000
0.240000 0.790000 1.000000 1.000000
0.240000 0.790000 1.000000 1.000000
0.240000 0.790000 1.000000 1.000000
0.240000 0.790000 1.000000 1.000000
0.240000 0.790000 1.000000 1.000000
0.240000 0.790000 1.000000 1.000000
0.240000 0.790000 1.000000 1.000000
0.240000 0.790000 1.000000 1.000000
0.240000 0.790000 1.000000 1.000000
0.240000 0.790000 1.000000 1.000000
0.240000 0.790000 1.000000 1.000000
0.240000 0.790000 1.000000 1.000000
0.240000 0.790000 1.000000 1.000000
0.240000 0.790000 1.000000 1.000000
0.240000 0.790000 1.000000 1.000000
0.240000 0.790000 1.000000 1.000000
0.240000 0.790000 1.000000 1.000000
0.240000 0.790000 1.000000 1.000000
0.240000 0.790000 1.000000 1.000000
0.240000 0.790000 1.000000 1.000000
0.240000 0.790000 1.000000 1.000000
0.240000 0.790000 1.000000 1.000000
0.240000 0.790000 1.000000 1.000000
0.240000 0.790000 1.000000 1.000000
0.240000 0.790000 1.000000 1.000000
0.240000 0.790000 1.000000 1.000000
0.240000 0.790000 1.000000 1.000000
0.240000 0.790000 1.000000 1.000000
0.240000 0.790000 1.000000 1.000000
0.240000 0.790000 1.000000 1.000000
0.240000 0.790000 1.000000 1.000000
0.240000 0.790000 1.000000 1.000000
0.240000 0.790000 1.000000 1.000000
0.240000 0.790000 1.000000 1.000000
0.240000 0.790000 1.000000 1.000000
0.240000 0.790000 1.000000 1.000000
0.240000 0.790000 1.000000 1.000000
0.240000 0.790000 1.000000 1.000000
0.240000 0.790000 1.000000 1.000000
0.240000 0.790000 1.000000 1.000000
0.240000 0.790000 1.000000 1.000000
0.240000 0.790000 1.000000 1.000000
0.240000 0.790000 1.000000 1.000000
0.240000 0.790000 1.000000 1.000000
0.240000 0.790000 1.000000 1.000000
0.240000 0.790000 1.000000 1.000000
0.240000 0.790000 1.000000 1.000000
0.240000 0.790000 1.000000 1.000000
0.240000 0.790000 1.000000 1.000000
0.240000 0.790000 1.000000 1.000000
0.240000 0.790000 1.000000 1.000000
0.240000 0.790000 1.000000 1.000000
0.240000 0.790000 1.000000 1.000000
0.240000 0.790000 1.000000 1.000000
0.240000 0.790000 1.000000 1.000000
0.240000 0.790000 1.000000 1.000000
0.240000 0.790000 1.000000 1.000000
0.240000 0.790000 1.000000 1.000000
0.240000 0.790000 1.000000 1.000000
0.240000 0.790000 1.000000 1.000000
0.240000 0.790000 1.000000 1.000000
0.240000 0.790000 1.000000 1.000000
0.240000 0.790000 1.000000 1.000000
0.240000 0.790000 1.000000 1.000000
0.240000 0.790000 1.000000 1.000000
0.240000 0.790000 1.000000 1.000000
0.240000 0.790000 1.000000 1.000000
0.240000 0.790000 1.000000 1.000000
0.240000 0.790000 1.000000 1.000000
0.240000 0.790000 1.000000 1.000000
0.240000 0.790000 1.000000 1.000000
0.240000 0.790000 1.000000 1.000000
0.240000 0.790000 1.000000 1.000000
0.240000 0.790000 1.000000 1.000000
0.240000 0.790000 1.000000 1.000000
0.240000 0.790000 1.000000 1.000000
0.240000 0.790000 1.000000 1.000000
0.240000 0.790000 1.000000 1.000000
0.240000 0.790000 1.000000 1.000000
0.240000 0.790000 1.000000 1.000000
0.240000 0.790000 1.000000 1.000000
0.240000 0.790000 1.000000 1.000000
0.240000 0.790000 1.000000 1.000000
0.240000 0.790000 1.000000 1.000000
0.240000 0.790000 1.000000 1.000000
0.240000 0.790000 1.000000 1.000000
0.240000 0.790000 1.000000 1.000000
0.240000 0.790000 1.000000 1.000000
0.240000 0.790000 1.000000 1.000000
0.240000 0.790000 1.000000 1.000000
0.240000 0.790000 1.000000 1.000000
0.240000 0.790000 1.000000 1.000000
0.240000 0.790000 1.000000 1.000000
0.240000 0.790000 1.000000 1.000000
0.240000 0.790000 1.000000 1.000000
0.240000 0.790000 1.000000 1.000000
0.240000 0.790000 1.000000 1.000000
0.240000 0.790000 1.000000 1.000000
0.240000 0.790000 1.000000 1.000000
0.240000 0.790000 1.000000 1.000000
0.240000 0.790000 1.000000 1.000000
0.240000 0.790000 1.000000 1.000000
0.240000 0.790000 1.000000 1.000000
0.240000 0.790000 1.000000 1.000000
0.240000 0.790000 1.000000 1.000000
0.240000 0.790000 1.000000 1.000000
0.240000 0.790000 1.000000 1.000000
0.240000 0.790000 1.000000 1.000000
0.240000 0.790000 1.000000 1.000000
0.240000 0.790000 1.000000 1.000000
0.240000 0.790000 1.000000 1.000000
0.240000 0.790000 1.000000 1.000000
0.240000 0.790000 1.000000 1.000000
0.240000 0.790000 1.000000 1.000000
0.240000 0.790000 1.000000 1.000000
0.240000 0.790000 1.000000 1.000000
0.240000 0.790000 1.000000 1.000000
0.240000 0.790000 1.000000 1.000000
0.240000 0.790000 1.000000 1.000000
0.240000 0.790000 1.000000 1.000000
0.240000 0.790000 1.000000 1.000000
0.240000 0.790000 1.000000 1.000000
0.240000 0.790000 1.000000 1.000000
0.240000 0.790000 1.000000 1.000000
0.240000 0.790000 1.000000 1.000000
0.240000 0.790000 1.000000 1.000000
0.240000 0.790000 1.000000 1.000000
0.240000 0.790000 1.000000 1.000000
0.240000 0.790000 1.000000 1.000000
0.240000 0.790000 1.000000 1.000000
0.240000 0.790000 1.000000 1.000000
0.240000 0.790000 1.000000 1.000000
0.240000 0.790000 1.000000 1.000000
0.240000 0.790000 1.000000 1.000000
0.240000 0.790000 1.000000 1.000000
0.240000 0.790000 1.000000 1.000000
0.240000 0.790000 1.000000 1.000000
0.240000 0.790000 1.000000 1.000000
0.240000 0.790000 1.000000 1.000000
0.240000 0.790000 1.000000 1.000000
0.240000 0.790000 1.000000 1.000000
0.240000 0.790000 1.000000 1.000000
0.240000 0.790000 1.000000 1.000000
0.240000 0.790000 1.000000 1.000000
0.240000 0.790000 1.000000 1.000000
0.240000 0.790000 1.000000 1.000000
0.240000 0.790000 1.000000 1.000000
0.240000 0.790000 1.000000 1.000000
0.240000 0.790000 1.000000 1.000000
0.240000 0.790000 1.000000 1.000000
0.240000 0.790000 1.000000 1.000000
0.240000 0.790000 1.000000 1.000000
0.240000 0.790000 1.000000 1.000000
0.240000 0.790000 1.000000 1.000000
0.240000 0.790000 1.000000 1.000000
0.240000 0.790000 1.000000 1.000000
0.240000 0.790000 1.000000 1.000000
0.240000 0.790000 1.000000 1.000000
0.240000 0.790000 1.000000 1.000000
0.240000 0.790000 1.000000 1.000000
0.240000 0.790000 1.000000 1.000000
0.240000 0.790000 1.000000 1.000000
0.240000 0.790000 1.000000 1.000000
0.240000 0.790000 1.000000 1.000000
0.240000 0.790000 1.000000 1.000000
0.240000 0.790000 1.000000 1.000000
0.240000 0.790000 1.000000 1.000000
0.240000 0.790000 1.000000 1.000000
0.240000 0.790000 1.000000 1.000000
0.240000 0.790000 1.000000 1.000000
0.240000 0.790000 1.000000 1.000000
0.240000 0.790000 1.000000 1.000000
0.240000 0.790000 1.000000 1.000000
0.240000 0.790000 1.000000 1.000000
0.240000 0.790000 1.000000 1.000000
0.240000 0.790000 1.000000 1.000000
0.240000 0.790000 1.000000 1.000000
0.240000 0.790000 1.000000 1.000000
0.240000 0.790000 1.000000 1.000000
0.240000 0.790000 1.000000 1.000000
0.240000 0.790000 1.000000 1.000000
0.240000 0.790000 1.000000 1.000000
0.240000 0.790000 1.000000 1.000000
0.240000 0.790000 1.000000 1.000000
0.240000 0.790000 1.000000 1.000000
0.240000 0.790000 1.000000 1.000000
0.240000 0.790000 1.000000 1.000000
0.240000 0.790000 1.000000 1.000000
0.240000 0.790000 1.000000 1.000000
0.240000 0.790000 1.000000 1.000000
0.240000 0.790000 1.000000 1.000000
0.240000 0.790000 1.000000 1.000000
0.240000 0.790000 1.000000 1.000000
0.240000 0.790000 1.000000 1.000000
0.240000 0.790000 1.000000 1.000000
0.240000 0.790000 1.000000 1.000000
0.240000 0.790000 1.000000 1.000000
0.240000 0.790000 1.000000 1.000000
0.240000 0.790000 1.000000 1.000000
0.240000 0.790000 1.000000 1.000000
0.240000 0.790000 1.000000 1.000000
0.240000 0.790000 1.000000 1.000000
0.240000 0.790000 1.000000 1.000000
0.240000 0.790000 1.000000 1.000000
0.240000 0.790000 1.000000 1.000000
0.240000 0.790000 1.000000 1.000000
0.240000 0.790000 1.000000 1.000000
0.240000 0.790000 1.000000 1.000000
0.240000 0.790000 1.000000 1.000000
0.240000 0.790000 1.000000 1.000000
0.240000 0.790000 1.000000 1.000000
0.240000 0.790000 1.000000 1.000000
0.240000 0.790000 1.000000 1.000000
0.240000 0.790000 1.000000 1.000000
0.240000 0.790000 1.000000 1.000000
0.240000 0.790000 1.000000 1.000000
0.240000 0.790000 1.000000 1.000000
0.240000 0.790000 1.000000 1.000000
0.240000 0.790000 1.000000 1.000000
0.240000 0.790000 1.000000 1.000000
0.240000 0.790000 1.000000 1.000000
0.240000 0.790000 1.000000 1.000000
0.240000 0.790000 1.000000 1.000000
0.240000 0.790000 1.000000 1.000000
0.240000 0.790000 1.000000 1.000000
0.240000 0.790000 1.000000 1.000000
0.240000 0.790000 1.000000 1.000000
0.240000 0.790000 1.000000 1.000000
0.240000 0.790000 1.000000 1.000000
0.240000 0.790000 1.000000 1.000000
0.240000 0.790000 1.000000 1.000000
0.240000 0.790000 1.000000 1.000000
0.240000 0.790000 1.000000 1.000000
0.240000 0.790000 1.000000 1.000000
0.240000 0.790000 1.000000 1.000000
0.240000 0.790000 1.000000 1.000000
0.240000 0.790000 1.000000 1.000000
0.240000 0.790000 1.000000 1.000000
0.240000 0.790000 1.000000 1.000000
0.240000 0.790000 1.000000 1.000000
0.240000 0.790000 1.000000 1.000000
0.240000 0.790000 1.000000 1.000000
0.240000 0.790000 1.000000 1.000000
0.240000 0.790000 1.000000 1.000000
0.240000 0.790000 1.000000 1.000000
0.240000 0.790000 1.000000 1.000000
0.240000 0.790000 1.000000 1.000000
0.240000 0.790000 1.000000 1.000000
0.240000 0.790000 1.000000 1.000000
0.240000 0.790000 1.000000 1.000000
0.240000 0.790000 1.000000 1.000000
0.240000 0.790000 1.000000 1.000000
0.240000 0.790000 1.000000 1.000000
0.240000 0.790000 1.000000 1.000000
0.240000 0.790000 1.000000 1.000000
0.240000 0.790000 1.000000 1.000000
0.240000 0.790000 1.000000 1.000000
0.240000 0.790000 1.000000 1.000000
0.240000 0.790000 1.000000 1.000000
0.240000 0.790000 1.000000 1.000000
0.240000 0.790000 1.000000 1.000000
0.240000 0.790000 1.000000 1.000000
0.240000 0.790000 1.000000 1.000000
0.240000 0.790000 1.000000 1.000000
0.240000 0.790000 1.000000 1.000000
0.240000 0.790000 1.000000 1.000000
0.240000 0.790000 1.000000 1.000000
0.240000 0.790000 1.000000 1.000000
0.240000 0.790000 1.000000 1.000000
0.240000 0.790000 1.000000 1.000000
0.240000 0.790000 1.000000 1.000000
0.240000 0.790000 1.000000 1.000000
0.240000 0.790000 1.000000 1.000000
0.240000 0.790000 1.000000 1.000000
0.240000 0.790000 1.000000 1.000000
0.240000 0.790000 1.000000 1.000000
0.240000 0.790000 1.000000 1.000000
0.240000 0.790000 1.000000 1.000000
0.240000 0.790000 1.000000 1.000000
0.240000 0.790000 1.000000 1.000000
0.240000 0.790000 1.000000 1.000000
0.240000 0.790000 1.000000 1.000000
0.240000 0.790000 1.000000 1.000000
0.240000 0.790000 1.000000 1.000000
0.240000 0.790000 1.000000 1.000000
0.240000 0.790000 1.000000 1.000000
0.240000 0.790000 1.000000 1.000000
0.240000 0.790000 1.000000 1.000000
0.240000 0.790000 1.000000 1.000000
0.240000 0.790000 1.000000 1.000000
0.240000 0.790000 1.000000 1.000000
0.240000 0.790000 1.000000 1.000000
0.240000 0.790000 1.000000 1.000000
0.240000 0.790000 1.000000 1.000000
0.240000 0.790000 1.000000 1.000000
0.240000 0.790000 1.000000 1.000000
0.240000 0.790000 1.000000 1.000000
0.240000 0.790000 1.000000 1.000000
0.240000 0.790000 1.000000 1.000000
0.240000 0.790000 1.000000 1.000000
0.240000 0.790000 1.000000 1.000000
0.240000 0.790000 1.000000 1.000000
0.240000 0.790000 1.000000 1.000000
0.240000 0.790000 1.000000 1.000000
0.240000 0.790000 1.000000 1.000000
0.240000 0.790000 1.000000 1.000000
0.240000 0.790000 1.000000 1.000000
0.240000 0.790000 1.000000 1.000000
0.240000 0.790000 1.000000 1.000000
0.240000 0.790000 1.000000 1.000000
0.240000 0.790000 1.000000 1.000000
0.240000 0.790000 1.000000 1.000000
0.240000 0.790000 1.000000 1.000000
0.240000 0.790000 1.000000 1.000000
0.240000 0.790000 1.000000 1.000000
0.240000 0.790000 1.000000 1.000000
0.240000 0.790000 1.000000 1.000000
0.240000 0.790000 1.000000 1.000000
0.240000 0.790000 1.000000 1.000000
0.240000 0.790000 1.000000 1.000000
0.240000 0.790000 1.000000 1.000000
0.240000 0.790000 1.000000 1.000000
0.240000 0.790000 1.000000 1.000000
0.240000 0.790000 1.000000 1.000000
0.240000 0.790000 1.000000 1.000000
0.240000 0.790000 1.000000 1.000000
0.240000 0.790000 1.000000 1.000000
0.240000 0.790000 1.000000 1.000000
0.240000 0.790000 1.000000 1.000000
0.240000 0.790000 1.000000 1.000000
0.240000 0.790000 1.000000 1.000000
0.240000 0.790000 1.000000 1.000000
0.240000 0.790000 1.000000 1.000000
0.240000 0.790000 1.000000 1.000000
0.240000 0.790000 1.000000 1.000000
0.240000 0.790000 1.000000 1.000000
0.240000 0.790000 1.000000 1.000000
0.240000 0.790000 1.000000 1.000000
0.240000 0.790000 1.000000 1.000000
0.240000 0.790000 1.000000 1.000000
0.240000 0.790000 1.000000 1.000000
0.240000 0.790000 1.000000 1.000000
0.240000 0.790000 1.000000 1.000000
0.240000 0.790000 1.000000 1.000000
0.240000 0.790000 1.000000 1.000000
0.240000 0.790000 1.000000 1.000000
0.240000 0.790000 1.000000 1.000000
0.240000 0.790000 1.000000 1.000000
0.240000 0.790000 1.000000 1.000000
0.240000 0.790000 1.000000 1.000000
0.240000 0.790000 1.000000 1.000000
0.240000 0.790000 1.000000 1.000000
0.240000 0.790000 1.000000 1.000000
0.240000 0.790000 1.000000 1.000000
0.240000 0.790000 1.000000 1.000000
0.240000 0.790000 1.000000 1.000000
0.240000 0.790000 1.000000 1.000000
0.240000 0.790000 1.000000 1.000000
0.240000 0.790000 1.000000 1.000000
0.240000 0.790000 1.000000 1.000000
0.240000 0.790000 1.000000 1.000000
0.240000 0.790000 1.000000 1.000000
0.240000 0.790000 1.000000 1.000000
0.240000 0.790000 1.000000 1.000000
0.240000 0.790000 1.000000 1.000000
0.240000 0.790000 1.000000 1.000000
0.240000 0.790000 1.000000 1.000000
0.240000 0.790000 1.000000 1.000000
0.240000 0.790000 1.000000 1.000000
0.240000 0.790000 1.000000 1.000000
0.240000 0.790000 1.000000 1.000000
0.240000 0.790000 1.000000 1.000000
0.240000 0.790000 1.000000 1.000000
0.240000 0.790000 1.000000 1.000000
0.240000 0.790000 1.000000 1.000000
0.240000 0.790000 1.000000 1.000000
0.240000 0.790000 1.000000 1.000000
0.240000 0.790000 1.000000 1.000000
0.240000 0.790000 1.000000 1.000000
0.240000 0.790000 1.000000 1.000000
0.240000 0.790000 1.000000 1.000000
0.240000 0.790000 1.000000 1.000000
0.240000 0.790000 1.000000 1.000000
0.240000 0.790000 1.000000 1.000000
0.240000 0.790000 1.000000 1.000000
0.240000 0.790000 1.000000 1.000000
0.240000 0.790000 1.000000 1.000000
0.240000 0.790000 1.000000 1.000000
0.240000 0.790000 1.000000 1.000000
0.240000 0.790000 1.000000 1.000000
0.240000 0.790000 1.000000 1.000000
0.240000 0.790000 1.000000 1.000000
0.240000 0.790000 1.000000 1.000000
0.240000 0.790000 1.000000 1.000000
0.240000 0.790000 1.000000 1.000000
0.240000 0.790000 1.000000 1.000000
0.240000 0.790000 1.000000 1.000000
0.240000 0.790000 1.000000 1.000000
0.240000 0.790000 1.000000 1.000000
0.240000 0.790000 1.000000 1.000000
0.240000 0.790000 1.000000 1.000000
0.240000 0.790000 1.000000 1.000000
0.240000 0.790000 1.000000 1.000000
0.240000 0.790000 1.000000 1.000000
0.240000 0.790000 1.000000 1.000000
0.240000 0.790000 1.000000 1.000000
0.240000 0.790000 1.000000 1.000000
0.240000 0.790000 1.000000 1.000000
0.240000 0.790000 1.000000 1.000000
0.240000 0.790000 1.000000 1.000000
0.240000 0.790000 1.000000 1.000000
0.240000 0.790000 1.000000 1.000000
0.240000 0.790000 1.000000 1.000000
0.240000 0.790000 1.000000 1.000000
0.240000 0.790000 1.000000 1.000000
0.240000 0.790000 1.000000 1.000000
0.240000 0.790000 1.000000 1.000000
0.240000 0.790000 1.000000 1.000000
0.240000 0.790000 1.000000 1.000000
0.240000 0.790000 1.000000 1.000000
0.240000 0.790000 1.000000 1.000000
0.240000 0.790000 1.000000 1.000000
0.240000 0.790000 1.000000 1.000000
0.240000 0.790000 1.000000 1.000000
0.240000 0.790000 1.000000 1.000000
0.240000 0.790000 1.000000 1.000000
0.240000 0.790000 1.000000 1.000000
0.240000 0.790000 1.000000 1.000000
0.240000 0.790000 1.000000 1.000000
0.240000 0.790000 1.000000 1.000000
0.240000 0.790000 1.000000 1.000000
0.240000 0.790000 1.000000 1.000000
0.240000 0.790000 1.000000 1.000000
0.240000 0.790000 1.000000 1.000000
0.240000 0.790000 1.000000 1.000000
0.240000 0.790000 1.000000 1.000000
0.240000 0.790000 1.000000 1.000000
0.240000 0.790000 1.000000 1.000000
0.240000 0.790000 1.000000 1.000000
0.240000 0.790000 1.000000 1.000000
0.240000 0.790000 1.000000 1.000000
0.240000 0.790000 1.000000 1.000000
0.240000 0.790000 1.000000 1.000000
0.240000 0.790000 1.000000 1.000000
0.240000 0.790000 1.000000 1.000000
0.240000 0.790000 1.000000 1.000000
0.240000 0.790000 1.000000 1.000000
0.240000 0.790000 1.000000 1.000000
0.240000 0.790000 1.000000 1.000000
0.240000 0.790000 1.000000 1.000000
0.240000 0.790000 1.000000 1.000000
0.240000 0.790000 1.000000 1.000000
0.240000 0.790000 1.000000 1.000000
0.240000 0.790000 1.000000 1.000000
0.240000 0.790000 1.000000 1.000000
0.240000 0.790000 1.000000 1.000000
0.240000 0.790000 1.000000 1.000000
0.240000 0.790000 1.000000 1.000000
0.240000 0.790000 1.000000 1.000000
0.240000 0.790000 1.000000 1.000000
0.240000 0.790000 1.000000 1.000000
0.240000 0.790000 1.000000 1.000000
0.240000 0.790000 1.000000 1.000000
0.240000 0.790000 1.000000 1.000000
0.240000 0.790000 1.000000 1.000000
0.240000 0.790000 1.000000 1.000000
0.240000 0.790000 1.000000 1.000000
0.240000 0.790000 1.000000 1.000000
0.240000 0.790000 1.000000 1.000000
0.240000 0.790000 1.000000 1.000000
0.240000 0.790000 1.000000 1.000000
0.240000 0.790000 1.000000 1.000000
0.240000 0.790000 1.000000 1.000000
0.240000 0.790000 1.000000 1.000000
0.240000 0.790000 1.000000 1.000000
0.240000 0.790000 1.000000 1.000000
0.240000 0.790000 1.000000 1.000000
0.240000 0.790000 1.000000 1.000000
0.240000 0.790000 1.000000 1.000000
0.240000 0.790000 1.000000 1.000000
0.240000 0.790000 1.000000 1.000000
0.240000 0.790000 1.000000 1.000000
0.240000 0.790000 1.000000 1.000000
0.240000 0.790000 1.000000 1.000000
0.240000 0.790000 1.000000 1.000000
0.240000 0.790000 1.000000 1.000000
0.240000 0.790000 1.000000 1.000000
0.240000 0.790000 1.000000 1.000000
0.240000 0.790000 1.000000 1.000000
0.240000 0.790000 1.000000 1.000000
0.240000 0.790000 1.000000 1.000000
0.240000 0.790000 1.000000 1.000000
0.240000 0.790000 1.000000 1.000000
0.240000 0.790000 1.000000 1.000000
0.240000 0.790000 1.000000 1.000000
0.240000 0.790000 1.000000 1.000000
0.240000 0.790000 1.000000 1.000000
0.240000 0.790000 1.000000 1.000000
0.240000 0.790000 1.000000 1.000000
0.240000 0.790000 1.000000 1.000000
0.240000 0.790000 1.000000 1.000000
0.240000 0.790000 1.000000 1.000000
0.240000 0.790000 1.000000 1.000000
0.240000 0.790000 1.000000 1.000000
0.240000 0.790000 1.000000 1.000000
0.240000 0.790000 1.000000 1.000000
0.240000 0.790000 1.000000 1.000000
0.240000 0.790000 1.000000 1.000000
0.240000 0.790000 1.000000 1.000000
0.240000 0.790000 1.000000 1.000000
0.240000 0.790000 1.000000 1.000000
0.240000 0.790000 1.000000 1.000000
0.240000 0.790000 1.000000 1.000000
0.240000 0.790000 1.000000 1.000000
0.240000 0.790000 1.000000 1.000000
0.240000 0.790000 1.000000 1.000000
0.240000 0.790000 1.000000 1.000000
0.240000 0.790000 1.000000 1.000000
0.240000 0.790000 1.000000 1.000000
0.240000 0.790000 1.000000 1.000000
0.240000 0.790000 1.000000 1.000000
0.240000 0.790000 1.000000 1.000000
0.240000 0.790000 1.000000 1.000000
0.240000 0.790000 1.000000 1.000000
0.240000 0.790000 1.000000 1.000000
0.240000 0.790000 1.000000 1.000000
0.240000 0.790000 1.000000 1.000000
0.240000 0.790000 1.000000 1.000000
0.240000 0.790000 1.000000 1.000000
0.240000 0.790000 1.000000 1.000000
0.240000 0.790000 1.000000 1.000000
0.240000 0.790000 1.000000 1.000000
0.240000 0.790000 1.000000 1.000000
0.240000 0.790000 1.000000 1.000000
0.240000 0.790000 1.000000 1.000000
0.240000 0.790000 1.000000 1.000000
0.240000 0.790000 1.000000 1.000000
0.240000 0.790000 1.000000 1.000000
0.240000 0.790000 1.000000 1.000000
0.240000 0.790000 1.000000 1.000000
0.240000 0.790000 1.000000 1.000000
0.240000 0.790000 1.000000 1.000000
0.240000 0.790000 1.000000 1.000000
0.240000 0.790000 1.000000 1.000000
0.240000 0.790000 1.000000 1.000000
0.240000 0.790000 1.000000 1.000000
0.240000 0.790000 1.000000 1.000000
0.240000 0.790000 1.000000 1.000000
0.240000 0.790000 1.000000 1.000000
0.240000 0.790000 1.000000 1.000000
0.240000 0.790000 1.000000 1.000000
0.240000 0.790000 1.000000 1.000000
0.240000 0.790000 1.000000 1.000000
0.240000 0.790000 1.000000 1.000000
0.240000 0.790000 1.000000 1.000000
0.240000 0.790000 1.000000 1.000000
0.240000 0.790000 1.000000 1.000000
0.240000 0.790000 1.000000 1.000000
0.240000 0.790000 1.000000 1.000000
0.240000 0.790000 1.000000 1.000000
0.240000 0.790000 1.000000 1.000000
0.240000 0.790000 1.000000 1.000000
0.240000 0.790000 1.000000 1.000000
0.240000 0.790000 1.000000 1.000000
0.240000 0.790000 1.000000 1.000000
0.240000 0.790000 1.000000 1.000000
0.240000 0.790000 1.000000 1.000000
0.240000 0.790000 1.000000 1.000000
0.240000 0.790000 1.000000 1.000000
0.240000 0.790000 1.000000 1.000000
0.240000 0.790000 1.000000 1.000000
0.240000 0.790000 1.000000 1.000000
0.240000 0.790000 1.000000 1.000000
0.240000 0.790000 1.000000 1.000000
0.240000 0.790000 1.000000 1.000000
0.240000 0.790000 1.000000 1.000000
0.240000 0.790000 1.000000 1.000000
0.240000 0.790000 1.000000 1.000000
0.240000 0.790000 1.000000 1.000000
0.240000 0.790000 1.000000 1.000000
0.240000 0.790000 1.000000 1.000000
0.240000 0.790000 1.000000 1.000000
0.240000 0.790000 1.000000 1.000000
0.240000 0.790000 1.000000 1.000000
0.240000 0.790000 1.000000 1.000000
0.240000 0.790000 1.000000 1.000000
0.240000 0.790000 1.000000 1.000000
0.240000 0.790000 1.000000 1.000000
0.240000 0.790000 1.000000 1.000000
0.240000 0.790000 1.000000 1.000000
0.240000 0.790000 1.000000 1.000000
0.240000 0.790000 1.000000 1.000000
0.240000 0.790000 1.000000 1.000000
0.240000 0.790000 1.000000 1.000000
0.240000 0.790000 1.000000 1.000000
0.240000 0.790000 1.000000 1.000000
0.240000 0.790000 1.000000 1.000000
0.240000 0.790000 1.000000 1.000000
0.240000 0.790000 1.000000 1.000000
0.240000 0.790000 1.000000 1.000000
0.240000 0.790000 1.000000 1.000000
0.240000 0.790000 1.000000 1.000000
0.240000 0.790000 1.000000 1.000000
0.240000 0.790000 1.000000 1.000000
0.240000 0.790000 1.000000 1.000000
0.240000 0.790000 1.000000 1.000000
0.240000 0.790000 1.000000 1.000000
0.240000 0.790000 1.000000 1.000000
0.240000 0.790000 1.000000 1.000000
0.240000 0.790000 1.000000 1.000000
0.240000 0.790000 1.000000 1.000000
0.240000 0.790000 1.000000 1.000000
0.240000 0.790000 1.000000 1.000000
0.240000 0.790000 1.000000 1.000000
0.240000 0.790000 1.000000 1.000000
0.240000 0.790000 1.000000 1.000000
0.240000 0.790000 1.000000 1.000000
0.240000 0.790000 1.000000 1.000000
0.240000 0.790000 1.000000 1.000000
0.240000 0.790000 1.000000 1.000000
0.240000 0.790000 1.000000 1.000000
0.240000 0.790000 1.000000 1.000000
0.240000 0.790000 1.000000 1.000000
0.240000 0.790000 1.000000 1.000000
0.240000 0.790000 1.000000 1.000000
0.240000 0.790000 1.000000 1.000000
0.240000 0.790000 1.000000 1.000000
0.240000 0.790000 1.000000 1.000000
0.240000 0.790000 1.000000 1.000000
0.240000 0.790000 1.000000 1.000000
0.240000 0.790000 1.000000 1.000000
0.240000 0.790000 1.000000 1.000000
0.240000 0.790000 1.000000 1.000000
0.240000 0.790000 1.000000 1.000000
0.240000 0.790000 1.000000 1.000000
0.240000 0.790000 1.000000 1.000000
0.240000 0.790000 1.000000 1.000000
0.240000 0.790000 1.000000 1.000000
0.240000 0.790000 1.000000 1.000000
0.240000 0.790000 1.000000 1.000000
0.240000 0.790000 1.000000 1.000000
0.240000 0.790000 1.000000 1.000000
0.240000 0.790000 1.000000 1.000000
0.240000 0.790000 1.000000 1.000000
0.240000 0.790000 1.000000 1.000000
0.240000 0.790000 1.000000 1.000000
0.240000 0.790000 1.000000 1.000000
0.240000 0.790000 1.000000 1.000000
0.240000 0.790000 1.000000 1.000000
0.240000 0.790000 1.000000 1.000000
0.240000 0.790000 1.000000 1.000000
0.240000 0.790000 1.000000 1.000000
0.240000 0.790000 1.000000 1.000000
0.240000 0.790000 1.000000 1.000000
0.240000 0.790000 1.000000 1.000000
0.240000 0.790000 1.000000 1.000000
0.240000 0.790000 1.000000 1.000000
0.240000 0.790000 1.000000 1.000000
0.240000 0.790000 1.000000 1.000000
0.240000 0.790000 1.000000 1.000000
0.240000 0.790000 1.000000 1.000000
0.240000 0.790000 1.000000 1.000000
0.240000 0.790000 1.000000 1.000000
0.240000 0.790000 1.000000 1.000000
0.240000 0.790000 1.000000 1.000000
0.240000 0.790000 1.000000 1.000000
0.240000 0.790000 1.000000 1.000000
0.240000 0.790000 1.000000 1.000000
0.240000 0.790000 1.000000 1.000000
0.240000 0.790000 1.000000 1.000000
0.240000 0.790000 1.000000 1.000000
0.240000 0.790000 1.000000 1.000000
0.240000 0.790000 1.000000 1.000000
0.240000 0.790000 1.000000 1.000000
0.240000 0.790000 1.000000 1.000000
0.240000 0.790000 1.000000 1.000000
0.240000 0.790000 1.000000 1.000000
0.240000 0.790000 1.000000 1.000000
0.240000 0.790000 1.000000 1.000000
0.240000 0.790000 1.000000 1.000000
0.240000 0.790000 1.000000 1.000000
0.240000 0.790000 1.000000 1.000000
0.240000 0.790000 1.000000 1.000000
0.240000 0.790000 1.000000 1.000000
0.240000 0.790000 1.000000 1.000000
0.240000 0.790000 1.000000 1.000000
0.240000 0.790000 1.000000 1.000000
0.240000 0.790000 1.000000 1.000000
0.240000 0.790000 1.000000 1.000000
0.240000 0.790000 1.000000 1.000000
0.240000 0.790000 1.000000 1.000000
0.240000 0.790000 1.000000 1.000000
0.240000 0.790000 1.000000 1.000000
0.240000 0.790000 1.000000 1.000000
0.240000 0.790000 1.000000 1.000000
0.240000 0.790000 1.000000 1.000000
0.240000 0.790000 1.000000 1.000000
0.240000 0.790000 1.000000 1.000000
0.240000 0.790000 1.000000 1.000000
0.240000 0.790000 1.000000 1.000000
0.240000 0.790000 1.000000 1.000000
0.240000 0.790000 1.000000 1.000000
0.240000 0.790000 1.000000 1.000000
0.240000 0.790000 1.000000 1.000000
0.240000 0.790000 1.000000 1.000000
0.240000 0.790000 1.000000 1.000000
0.240000 0.790000 1.000000 1.000000
0.240000 0.790000 1.000000 1.000000
0.240000 0.790000 1.000000 1.000000
0.240000 0.790000 1.000000 1.000000
0.240000 0.790000 1.000000 1.000000
0.240000 0.790000 1.000000 1.000000
0.240000 0.790000 1.000000 1.000000
0.240000 0.790000 1.000000 1.000000
0.240000 0.790000 1.000000 1.000000
0.240000 0.790000 1.000000 1.000000
0.240000 0.790000 1.000000 1.000000
0.240000 0.790000 1.000000 1.000000
0.240000 0.790000 1.000000 1.000000
0.240000 0.790000 1.000000 1.000000
0.240000 0.790000 1.000000 1.000000
0.240000 0.790000 1.000000 1.000000
0.240000 0.790000 1.000000 1.000000
0.240000 0.790000 1.000000 1.000000
0.240000 0.790000 1.000000 1.000000
0.240000 0.790000 1.000000 1.000000
0.240000 0.790000 1.000000 1.000000
0.240000 0.790000 1.000000 1.000000
0.240000 0.790000 1.000000 1.000000
0.240000 0.790000 1.000000 1.000000
0.240000 0.790000 1.000000 1.000000
0.240000 0.790000 1.000000 1.000000
0.240000 0.790000 1.000000 1.000000
0.240000 0.790000 1.000000 1.000000
0.240000 0.790000 1.000000 1.000000
0.240000 0.790000 1.000000 1.000000
0.240000 0.790000 1.000000 1.000000
0.240000 0.790000 1.000000 1.000000
0.240000 0.790000 1.000000 1.000000
0.240000 0.790000 1.000000 1.000000
0.240000 0.790000 1.000000 1.000000
0.240000 0.790000 1.000000 1.000000
0.240000 0.790000 1.000000 1.000000
0.240000 0.790000 1.000000 1.000000
0.240000 0.790000 1.000000 1.000000
0.240000 0.790000 1.000000 1.000000
0.240000 0.790000 1.000000 1.000000
0.240000 0.790000 1.000000 1.000000
0.240000 0.790000 1.000000 1.000000
0.240000 0.790000 1.000000 1.000000
0.240000 0.790000 1.000000 1.000000
0.240000 0.790000 1.000000 1.000000
0.240000 0.790000 1.000000 1.000000
0.240000 0.790000 1.000000 1.000000
0.240000 0.790000 1.000000 1.000000
0.240000 0.790000 1.000000 1.000000
0.240000 0.790000 1.000000 1.000000
0.240000 0.790000 1.000000 1.000000
0.240000 0.790000 1.000000 1.000000
0.240000 0.790000 1.000000 1.000000
0.240000 0.790000 1.000000 1.000000
0.240000 0.790000 1.000000 1.000000
0.240000 0.790000 1.000000 1.000000
0.240000 0.790000 1.000000 1.000000
0.240000 0.790000 1.000000 1.000000
0.240000 0.790000 1.000000 1.000000
0.240000 0.790000 1.000000 1.000000
0.240000 0.790000 1.000000 1.000000
0.240000 0.790000 1.000000 1.000000
0.240000 0.790000 1.000000 1.000000
0.240000 0.790000 1.000000 1.000000
0.240000 0.790000 1.000000 1.000000
0.240000 0.790000 1.000000 1.000000
0.240000 0.790000 1.000000 1.000000
0.240000 0.790000 1.000000 1.000000
0.240000 0.790000 1.000000 1.000000
0.240000 0.790000 1.000000 1.000000
0.240000 0.790000 1.000000 1.000000
0.240000 0.790000 1.000000 1.000000
0.240000 0.790000 1.000000 1.000000
0.240000 0.790000 1.000000 1.000000
0.240000 0.790000 1.000000 1.000000
0.240000 0.790000 1.000000 1.000000
0.240000 0.790000 1.000000 1.000000
0.240000 0.790000 1.000000 1.000000
0.240000 0.790000 1.000000 1.000000
0.240000 0.790000 1.000000 1.000000
0.240000 0.790000 1.000000 1.000000
0.240000 0.790000 1.000000 1.000000
0.240000 0.790000 1.000000 1.000000
0.240000 0.790000 1.000000 1.000000
0.240000 0.790000 1.000000 1.000000
0.240000 0.790000 1.000000 1.000000
0.240000 0.790000 1.000000 1.000000
0.240000 0.790000 1.000000 1.000000
0.240000 0.790000 1.000000 1.000000
0.240000 0.790000 1.000000 1.000000
0.240000 0.790000 1.000000 1.000000
0.240000 0.790000 1.000000 1.000000
0.240000 0.790000 1.000000 1.000000
0.240000 0.790000 1.000000 1.000000
0.240000 0.790000 1.000000 1.000000
0.240000 0.790000 1.000000 1.000000
0.240000 0.790000 1.000000 1.000000
0.240000 0.790000 1.000000 1.000000
0.240000 0.790000 1.000000 1.000000
0.240000 0.790000 1.000000 1.000000
0.240000 0.790000 1.000000 1.000000
0.240000 0.790000 1.000000 1.000000
0.240000 0.790000 1.000000 1.000000
0.240000 0.790000 1.000000 1.000000
0.240000 0.790000 1.000000 1.000000
0.240000 0.790000 1.000000 1.000000
0.240000 0.790000 1.000000 1.000000
0.240000 0.790000 1.000000 1.000000
0.240000 0.790000 1.000000 1.000000
0.240000 0.790000 1.000000 1.000000
0.240000 0.790000 1.000000 1.000000
0.240000 0.790000 1.000000 1.000000
0.240000 0.790000 1.000000 1.000000
0.240000 0.790000 1.000000 1.000000
0.240000 0.790000 1.000000 1.000000
0.240000 0.790000 1.000000 1.000000
0.240000 0.790000 1.000000 1.000000
0.240000 0.790000 1.000000 1.000000
0.240000 0.790000 1.000000 1.000000
0.240000 0.790000 1.000000 1.000000
0.240000 0.790000 1.000000 1.000000
0.240000 0.790000 1.000000 1.000000
0.240000 0.790000 1.000000 1.000000
0.240000 0.790000 1.000000 1.000000
0.240000 0.790000 1.000000 1.000000
0.240000 0.790000 1.000000 1.000000
0.240000 0.790000 1.000000 1.000000
0.240000 0.790000 1.000000 1.000000
0.240000 0.790000 1.000000 1.000000
0.240000 0.790000 1.000000 1.000000
0.240000 0.790000 1.000000 1.000000
0.240000 0.790000 1.000000 1.000000
0.240000 0.790000 1.000000 1.000000
0.240000 0.790000 1.000000 1.000000
0.240000 0.790000 1.000000 1.000000
0.240000 0.790000 1.000000 1.000000
0.240000 0.790000 1.000000 1.000000
0.240000 0.790000 1.000000 1.000000
0.240000 0.790000 1.000000 1.000000
0.240000 0.790000 1.000000 1.000000
0.240000 0.790000 1.000000 1.000000
0.240000 0.790000 1.000000 1.000000
0.240000 0.790000 1.000000 1.000000
0.240000 0.790000 1.000000 1.000000
0.240000 0.790000 1.000000 1.000000
0.240000 0.790000 1.000000 1.000000
0.240000 0.790000 1.000000 1.000000
0.240000 0.790000 1.000000 1.000000
0.240000 0.790000 1.000000 1.000000
0.240000 0.790000 1.000000 1.000000
0.240000 0.790000 1.000000 1.000000
0.240000 0.790000 1.000000 1.000000
0.240000 0.790000 1.000000 1.000000
0.240000 0.790000 1.000000 1.000000
0.240000 0.790000 1.000000 1.000000
0.240000 0.790000 1.000000 1.000000
0.240000 0.790000 1.000000 1.000000
0.240000 0.790000 1.000000 1.000000
0.240000 0.790000 1.000000 1.000000
0.240000 0.790000 1.000000 1.000000
0.240000 0.790000 1.000000 1.000000
0.240000 0.790000 1.000000 1.000000
0.240000 0.790000 1.000000 1.000000
0.240000 0.790000 1.000000 1.000000
0.240000 0.790000 1.000000 1.000000
0.240000 0.790000 1.000000 1.000000
0.240000 0.790000 1.000000 1.000000
0.240000 0.790000 1.000000 1.000000
0.240000 0.790000 1.000000 1.000000
0.240000 0.790000 1.000000 1.000000
0.240000 0.790000 1.000000 1.000000
0.240000 0.790000 1.000000 1.000000
0.240000 0.790000 1.000000 1.000000
0.240000 0.790000 1.000000 1.000000
0.240000 0.790000 1.000000 1.000000
0.240000 0.790000 1.000000 1.000000
0.240000 0.790000 1.000000 1.000000
0.240000 0.790000 1.000000 1.000000
0.240000 0.790000 1.000000 1.000000
0.240000 0.790000 1.000000 1.000000
0.240000 0.790000 1.000000 1.000000
0.240000 0.790000 1.000000 1.000000
0.240000 0.790000 1.000000 1.000000
0.240000 0.790000 1.000000 1.000000
0.240000 0.790000 1.000000 1.000000
0.240000 0.790000 1.000000 1.000000
0.240000 0.790000 1.000000 1.000000
0.240000 0.790000 1.000000 1.000000
0.240000 0.790000 1.000000 1.000000
0.240000 0.790000 1.000000 1.000000
0.240000 0.790000 1.000000 1.000000
0.240000 0.790000 1.000000 1.000000
0.240000 0.790000 1.000000 1.000000
0.240000 0.790000 1.000000 1.000000
0.240000 0.790000 1.000000 1.000000
0.240000 0.790000 1.000000 1.000000
0.240000 0.790000 1.000000 1.000000
0.240000 0.790000 1.000000 1.000000
0.240000 0.790000 1.000000 1.000000
0.240000 0.790000 1.000000 1.000000
0.240000 0.790000 1.000000 1.000000
0.240000 0.790000 1.000000 1.000000
0.240000 0.790000 1.000000 1.000000
0.240000 0.790000 1.000000 1.000000
0.240000 0.790000 1.000000 1.000000
0.240000 0.790000 1.000000 1.000000
0.240000 0.790000 1.000000 1.000000
0.240000 0.790000 1.000000 1.000000
0.240000 0.790000 1.000000 1.000000
0.240000 0.790000 1.000000 1.000000
0.240000 0.790000 1.000000 1.000000
0.240000 0.790000 1.000000 1.000000
0.240000 0.790000 1.000000 1.000000
0.240000 0.790000 1.000000 1.000000
0.240000 0.790000 1.000000 1.000000
0.240000 0.790000 1.000000 1.000000
0.240000 0.790000 1.000000 1.000000
0.240000 0.790000 1.000000 1.000000
0.240000 0.790000 1.000000 1.000000
0.240000 0.790000 1.000000 1.000000
0.240000 0.790000 1.000000 1.000000
0.240000 0.790000 1.000000 1.000000
0.240000 0.790000 1.000000 1.000000
0.240000 0.790000 1.000000 1.000000
0.240000 0.790000 1.000000 1.000000
0.240000 0.790000 1.000000 1.000000
0.240000 0.790000 1.000000 1.000000
0.240000 0.790000 1.000000 1.000000
0.240000 0.790000 1.000000 1.000000
0.240000 0.790000 1.000000 1.000000
0.240000 0.790000 1.000000 1.000000
0.240000 0.790000 1.000000 1.000000
0.240000 0.790000 1.000000 1.000000
0.240000 0.790000 1.000000 1.000000
0.240000 0.790000 1.000000 1.000000
0.240000 0.790000 1.000000 1.000000
0.240000 0.790000 1.000000 1.000000
0.240000 0.790000 1.000000 1.000000
0.240000 0.790000 1.000000 1.000000
0.240000 0.790000 1.000000 1.000000
0.240000 0.790000 1.000000 1.000000
0.240000 0.790000 1.000000 1.000000
0.240000 0.790000 1.000000 1.000000
0.240000 0.790000 1.000000 1.000000
0.240000 0.790000 1.000000 1.000000
0.240000 0.790000 1.000000 1.000000
0.240000 0.790000 1.000000 1.000000
0.240000 0.790000 1.000000 1.000000
0.240000 0.790000 1.000000 1.000000
0.240000 0.790000 1.000000 1.000000
0.240000 0.790000 1.000000 1.000000
0.240000 0.790000 1.000000 1.000000
0.240000 0.790000 1.000000 1.000000
0.240000 0.790000 1.000000 1.000000
0.240000 0.790000 1.000000 1.000000
0.240000 0.790000 1.000000 1.000000
0.240000 0.790000 1.000000 1.000000
0.240000 0.790000 1.000000 1.000000
0.240000 0.790000 1.000000 1.000000
0.240000 0.790000 1.000000 1.000000
0.240000 0.790000 1.000000 1.000000
0.240000 0.790000 1.000000 1.000000
0.240000 0.790000 1.000000 1.000000
0.240000 0.790000 1.000000 1.000000
0.240000 0.790000 1.000000 1.000000
0.240000 0.790000 1.000000 1.000000
0.240000 0.790000 1.000000 1.000000
0.240000 0.790000 1.000000 1.000000
0.240000 0.790000 1.000000 1.000000
0.240000 0.790000 1.000000 1.000000
0.240000 0.790000 1.000000 1.000000
0.240000 0.790000 1.000000 1.000000
0.240000 0.790000 1.000000 1.000000
0.240000 0.790000 1.000000 1.000000
0.240000 0.790000 1.000000 1.000000
0.240000 0.790000 1.000000 1.000000
0.240000 0.790000 1.000000 1.000000
0.240000 0.790000 1.000000 1.000000
0.240000 0.790000 1.000000 1.000000
0.240000 0.790000 1.000000 1.000000
0.240000 0.790000 1.000000 1.000000
0.240000 0.790000 1.000000 1.000000
0.240000 0.790000 1.000000 1.000000
0.240000 0.790000 1.000000 1.000000
0.240000 0.790000 1.000000 1.000000
0.240000 0.790000 1.000000 1.000000
0.240000 0.790000 1.000000 1.000000
0.240000 0.790000 1.000000 1.000000
0.240000 0.790000 1.000000 1.000000
0.240000 0.790000 1.000000 1.000000
0.240000 0.790000 1.000000 1.000000
0.240000 0.790000 1.000000 1.000000
0.240000 0.790000 1.000000 1.000000
0.240000 0.790000 1.000000 1.000000
0.240000 0.790000 1.000000 1.000000
0.240000 0.790000 1.000000 1.000000
0.240000 0.790000 1.000000 1.000000
0.240000 0.790000 1.000000 1.000000
0.240000 0.790000 1.000000 1.000000
0.240000 0.790000 1.000000 1.000000
0.240000 0.790000 1.000000 1.000000
0.240000 0.790000 1.000000 1.000000
0.240000 0.790000 1.000000 1.000000
0.240000 0.790000 1.000000 1.000000
0.240000 0.790000 1.000000 1.000000
0.240000 0.790000 1.000000 1.000000
0.240000 0.790000 1.000000 1.000000
0.240000 0.790000 1.000000 1.000000
0.240000 0.790000 1.000000 1.000000
0.240000 0.790000 1.000000 1.000000
0.240000 0.790000 1.000000 1.000000
0.240000 0.790000 1.000000 1.000000
0.240000 0.790000 1.000000 1.000000
0.240000 0.790000 1.000000 1.000000
0.240000 0.790000 1.000000 1.000000
0.240000 0.790000 1.000000 1.000000
0.240000 0.790000 1.000000 1.000000
0.240000 0.790000 1.000000 1.000000
0.240000 0.790000 1.000000 1.000000
0.240000 0.790000 1.000000 1.000000
0.240000 0.790000 1.000000 1.000000
0.240000 0.790000 1.000000 1.000000
0.240000 0.790000 1.000000 1.000000
0.240000 0.790000 1.000000 1.000000
0.240000 0.790000 1.000000 1.000000
0.240000 0.790000 1.000000 1.000000
0.240000 0.790000 1.000000 1.000000
0.240000 0.790000 1.000000 1.000000
0.240000 0.790000 1.000000 1.000000
0.240000 0.790000 1.000000 1.000000
0.240000 0.790000 1.000000 1.000000
0.240000 0.790000 1.000000 1.000000
0.240000 0.790000 1.000000 1.000000
0.240000 0.790000 1.000000 1.000000
0.240000 0.790000 1.000000 1.000000
0.240000 0.790000 1.000000 1.000000
0.240000 0.790000 1.000000 1.000000
0.240000 0.790000 1.000000 1.000000
0.240000 0.790000 1.000000 1.000000
0.240000 0.790000 1.000000 1.000000
0.240000 0.790000 1.000000 1.000000
0.240000 0.790000 1.000000 1.000000
0.240000 0.790000 1.000000 1.000000
0.240000 0.790000 1.000000 1.000000
0.240000 0.790000 1.000000 1.000000
0.240000 0.790000 1.000000 1.000000
0.240000 0.790000 1.000000 1.000000
0.240000 0.790000 1.000000 1.000000
0.240000 0.790000 1.000000 1.000000
0.240000 0.790000 1.000000 1.000000
0.240000 0.790000 1.000000 1.000000
0.240000 0.790000 1.000000 1.000000
0.240000 0.790000 1.000000 1.000000
0.240000 0.790000 1.000000 1.000000
0.240000 0.790000 1.000000 1.000000
0.240000 0.790000 1.000000 1.000000
0.240000 0.790000 1.000000 1.000000
0.240000 0.790000 1.000000 1.000000
0.240000 0.790000 1.000000 1.000000
0.240000 0.790000 1.000000 1.000000
0.240000 0.790000 1.000000 1.000000
0.240000 0.790000 1.000000 1.000000
0.240000 0.790000 1.000000 1.000000
0.240000 0.790000 1.000000 1.000000
0.240000 0.790000 1.000000 1.000000
0.240000 0.790000 1.000000 1.000000
0.240000 0.790000 1.000000 1.000000
0.240000 0.790000 1.000000 1.000000
0.240000 0.790000 1.000000 1.000000
0.240000 0.790000 1.000000 1.000000
0.240000 0.790000 1.000000 1.000000
0.240000 0.790000 1.000000 1.000000
0.240000 0.790000 1.000000 1.000000
0.240000 0.790000 1.000000 1.000000
0.240000 0.790000 1.000000 1.000000
0.240000 0.790000 1.000000 1.000000
0.240000 0.790000 1.000000 1.000000
0.240000 0.790000 1.000000 1.000000
0.240000 0.790000 1.000000 1.000000
0.240000 0.790000 1.000000 1.000000
0.240000 0.790000 1.000000 1.000000
0.240000 0.790000 1.000000 1.000000
0.240000 0.790000 1.000000 1.000000
0.240000 0.790000 1.000000 1.000000
0.240000 0.790000 1.000000 1.000000
0.240000 0.790000 1.000000 1.000000
0.240000 0.790000 1.000000 1.000000
0.240000 0.790000 1.000000 1.000000
0.240000 0.790000 1.000000 1.000000
0.240000 0.790000 1.000000 1.000000
0.240000 0.790000 1.000000 1.000000
0.240000 0.790000 1.000000 1.000000
0.240000 0.790000 1.000000 1.000000
0.240000 0.790000 1.000000 1.000000
0.240000 0.790000 1.000000 1.000000
0.240000 0.790000 1.000000 1.000000
0.240000 0.790000 1.000000 1.000000
0.240000 0.790000 1.000000 1.000000
0.240000 0.790000 1.000000 1.000000
0.240000 0.790000 1.000000 1.000000
0.240000 0.790000 1.000000 1.000000
0.240000 0.790000 1.000000 1.000000
0.240000 0.790000 1.000000 1.000000
0.240000 0.790000 1.000000 1.000000
0.240000 0.790000 1.000000 1.000000
0.240000 0.790000 1.000000 1.000000
0.240000 0.790000 1.000000 1.000000
0.240000 0.790000 1.000000 1.000000
0.240000 0.790000 1.000000 1.000000
0.240000 0.790000 1.000000 1.000000
0.240000 0.790000 1.000000 1.000000
0.240000 0.790000 1.000000 1.000000
0.240000 0.790000 1.000000 1.000000
0.240000 0.790000 1.000000 1.000000
0.240000 0.790000 1.000000 1.000000
0.240000 0.790000 1.000000 1.000000
0.240000 0.790000 1.000000 1.000000
0.240000 0.790000 1.000000 1.000000
0.240000 0.790000 1.000000 1.000000
0.240000 0.790000 1.000000 1.000000
0.240000 0.790000 1.000000 1.000000
0.240000 0.790000 1.000000 1.000000
0.240000 0.790000 1.000000 1.000000
0.240000 0.790000 1.000000 1.000000
0.240000 0.790000 1.000000 1.000000
0.240000 0.790000 1.000000 1.000000
0.240000 0.790000 1.000000 1.000000
0.240000 0.790000 1.000000 1.000000
0.240000 0.790000 1.000000 1.000000
0.240000 0.790000 1.000000 1.000000
0.240000 0.790000 1.000000 1.000000
0.240000 0.790000 1.000000 1.000000
0.240000 0.790000 1.000000 1.000000
0.240000 0.790000 1.000000 1.000000
0.240000 0.790000 1.000000 1.000000
0.240000 0.790000 1.000000 1.000000
0.240000 0.790000 1.000000 1.000000
0.240000 0.790000 1.000000 1.000000
0.240000 0.790000 1.000000 1.000000
0.240000 0.790000 1.000000 1.000000
0.240000 0.790000 1.000000 1.000000
0.240000 0.790000 1.000000 1.000000
0.240000 0.790000 1.000000 1.000000
0.240000 0.790000 1.000000 1.000000
0.240000 0.790000 1.000000 1.000000
0.240000 0.790000 1.000000 1.000000
0.240000 0.790000 1.000000 1.000000
0.240000 0.790000 1.000000 1.000000
0.240000 0.790000 1.000000 1.000000
0.240000 0.790000 1.000000 1.000000
0.240000 0.790000 1.000000 1.000000
0.240000 0.790000 1.000000 1.000000
0.240000 0.790000 1.000000 1.000000
0.240000 0.790000 1.000000 1.000000
0.240000 0.790000 1.000000 1.000000
0.240000 0.790000 1.000000 1.000000
0.240000 0.790000 1.000000 1.000000
0.240000 0.790000 1.000000 1.000000
0.240000 0.790000 1.000000 1.000000
0.240000 0.790000 1.000000 1.000000
0.240000 0.790000 1.000000 1.000000
0.240000 0.790000 1.000000 1.000000
0.240000 0.790000 1.000000 1.000000
0.240000 0.790000 1.000000 1.000000
0.240000 0.790000 1.000000 1.000000
0.240000 0.790000 1.000000 1.000000
0.240000 0.790000 1.000000 1.000000
0.240000 0.790000 1.000000 1.000000
0.240000 0.790000 1.000000 1.000000
0.240000 0.790000 1.000000 1.000000
0.240000 0.790000 1.000000 1.000000
0.240000 0.790000 1.000000 1.000000
0.240000 0.790000 1.000000 1.000000
0.240000 0.790000 1.000000 1.000000
0.240000 0.790000 1.000000 1.000000
0.240000 0.790000 1.000000 1.000000
0.240000 0.790000 1.000000 1.000000
0.240000 0.790000 1.000000 1.000000
0.240000 0.790000 1.000000 1.000000
0.240000 0.790000 1.000000 1.000000
0.240000 0.790000 1.000000 1.000000
0.240000 0.790000 1.000000 1.000000
0.240000 0.790000 1.000000 1.000000
0.240000 0.790000 1.000000 1.000000
0.240000 0.790000 1.000000 1.000000
0.240000 0.790000 1.000000 1.000000
0.240000 0.790000 1.000000 1.000000
0.240000 0.790000 1.000000 1.000000
0.240000 0.790000 1.000000 1.000000
0.240000 0.790000 1.000000 1.000000
0.240000 0.790000 1.000000 1.000000
0.240000 0.790000 1.000000 1.000000
0.240000 0.790000 1.000000 1.000000
0.240000 0.790000 1.000000 1.000000
0.240000 0.790000 1.000000 1.000000
0.240000 0.790000 1.000000 1.000000
0.240000 0.790000 1.000000 1.000000
0.240000 0.790000 1.000000 1.000000
0.240000 0.790000 1.000000 1.000000
0.240000 0.790000 1.000000 1.000000
0.240000 0.790000 1.000000 1.000000
0.240000 0.790000 1.000000 1.000000
0.240000 0.790000 1.000000 1.000000
0.240000 0.790000 1.000000 1.000000
0.240000 0.790000 1.000000 1.000000
0.240000 0.790000 1.000000 1.000000
0.240000 0.790000 1.000000 1.000000
0.240000 0.790000 1.000000 1.000000
0.240000 0.790000 1.000000 1.000000
0.240000 0.790000 1.000000 1.000000
0.240000 0.790000 1.000000 1.000000
0.240000 0.790000 1.000000 1.000000
0.240000 0.790000 1.000000 1.000000
0.240000 0.790000 1.000000 1.000000
0.240000 0.790000 1.000000 1.000000
0.240000 0.790000 1.000000 1.000000
0.240000 0.790000 1.000000 1.000000
0.240000 0.790000 1.000000 1.000000
0.240000 0.790000 1.000000 1.000000
0.240000 0.790000 1.000000 1.000000
0.240000 0.790000 1.000000 1.000000
0.240000 0.790000 1.000000 1.000000
0.240000 0.790000 1.000000 1.000000
0.240000 0.790000 1.000000 1.000000
0.240000 0.790000 1.000000 1.000000
0.240000 0.790000 1.000000 1.000000
0.240000 0.790000 1.000000 1.000000
0.240000 0.790000 1.000000 1.000000
0.240000 0.790000 1.000000 1.000000
0.240000 0.790000 1.000000 1.000000
0.240000 0.790000 1.000000 1.000000
0.240000 0.790000 1.000000 1.000000
0.240000 0.790000 1.000000 1.000000
0.240000 0.790000 1.000000 1.000000
0.240000 0.790000 1.000000 1.000000
0.240000 0.790000 1.000000 1.000000
0.240000 0.790000 1.000000 1.000000
0.240000 0.790000 1.000000 1.000000
0.240000 0.790000 1.000000 1.000000
0.240000 0.790000 1.000000 1.000000
0.240000 0.790000 1.000000 1.000000
0.240000 0.790000 1.000000 1.000000
0.240000 0.790000 1.000000 1.000000
0.240000 0.790000 1.000000 1.000000
0.240000 0.790000 1.000000 1.000000
0.240000 0.790000 1.000000 1.000000
0.240000 0.790000 1.000000 1.000000
0.240000 0.790000 1.000000 1.000000
0.240000 0.790000 1.000000 1.000000
0.240000 0.790000 1.000000 1.000000
0.240000 0.790000 1.000000 1.000000
0.240000 0.790000 1.000000 1.000000
0.240000 0.790000 1.000000 1.000000
0.240000 0.790000 1.000000 1.000000
0.240000 0.790000 1.000000 1.000000
0.240000 0.790000 1.000000 1.000000
0.240000 0.790000 1.000000 1.000000
0.240000 0.790000 1.000000 1.000000
0.240000 0.790000 1.000000 1.000000
0.240000 0.790000 1.000000 1.000000
0.240000 0.790000 1.000000 1.000000
0.240000 0.790000 1.000000 1.000000
0.240000 0.790000 1.000000 1.000000
0.240000 0.790000 1.000000 1.000000
0.240000 0.790000 1.000000 1.000000
0.240000 0.790000 1.000000 1.000000
0.240000 0.790000 1.000000 1.000000
0.240000 0.790000 1.000000 1.000000
0.240000 0.790000 1.000000 1.000000
0.240000 0.790000 1.000000 1.000000
0.240000 0.790000 1.000000 1.000000
0.240000 0.790000 1.000000 1.000000
0.240000 0.790000 1.000000 1.000000
0.240000 0.790000 1.000000 1.000000
0.240000 0.790000 1.000000 1.000000
0.240000 0.790000 1.000000 1.000000
0.240000 0.790000 1.000000 1.000000
0.240000 0.790000 1.000000 1.000000
0.240000 0.790000 1.000000 1.000000
0.240000 0.790000 1.000000 1.000000
0.240000 0.790000 1.000000 1.000000
0.240000 0.790000 1.000000 1.000000
0.240000 0.790000 1.000000 1.000000
0.240000 0.790000 1.000000 1.000000
0.240000 0.790000 1.000000 1.000000
0.240000 0.790000 1.000000 1.000000
0.240000 0.790000 1.000000 1.000000
0.240000 0.790000 1.000000 1.000000
0.240000 0.790000 1.000000 1.000000
0.240000 0.790000 1.000000 1.000000
0.240000 0.790000 1.000000 1.000000
0.240000 0.790000 1.000000 1.000000
0.240000 0.790000 1.000000 1.000000
0.240000 0.790000 1.000000 1.000000
0.240000 0.790000 1.000000 1.000000
0.240000 0.790000 1.000000 1.000000
0.240000 0.790000 1.000000 1.000000
0.240000 0.790000 1.000000 1.000000
0.240000 0.790000 1.000000 1.000000
0.240000 0.790000 1.000000 1.000000
0.240000 0.790000 1.000000 1.000000
0.240000 0.790000 1.000000 1.000000
0.240000 0.790000 1.000000 1.000000
0.240000 0.790000 1.000000 1.000000
0.240000 0.790000 1.000000 1.000000
0.240000 0.790000 1.000000 1.000000
0.240000 0.790000 1.000000 1.000000
0.240000 0.790000 1.000000 1.000000
0.240000 0.790000 1.000000 1.000000
0.240000 0.790000 1.000000 1.000000
0.240000 0.790000 1.000000 1.000000
0.240000 0.790000 1.000000 1.000000
0.240000 0.790000 1.000000 1.000000
0.240000 0.790000 1.000000 1.000000
0.240000 0.790000 1.000000 1.000000
0.240000 0.790000 1.000000 1.000000
0.240000 0.790000 1.000000 1.000000
0.240000 0.790000 1.000000 1.000000
0.240000 0.790000 1.000000 1.000000
0.240000 0.790000 1.000000 1.000000
0.240000 0.790000 1.000000 1.000000
0.240000 0.790000 1.000000 1.000000
0.240000 0.790000 1.000000 1.000000
0.240000 0.790000 1.000000 1.000000
0.240000 0.790000 1.000000 1.000000
0.240000 0.790000 1.000000 1.000000
0.240000 0.790000 1.000000 1.000000
0.240000 0.790000 1.000000 1.000000
0.240000 0.790000 1.000000 1.000000
0.240000 0.790000 1.000000 1.000000
0.240000 0.790000 1.000000 1.000000
0.240000 0.790000 1.000000 1.000000
0.240000 0.790000 1.000000 1.000000
0.240000 0.790000 1.000000 1.000000
0.240000 0.790000 1.000000 1.000000
0.240000 0.790000 1.000000 1.000000
0.240000 0.790000 1.000000 1.000000
0.240000 0.790000 1.000000 1.000000
0.240000 0.790000 1.000000 1.000000
0.240000 0.790000 1.000000 1.000000
0.240000 0.790000 1.000000 1.000000
0.240000 0.790000 1.000000 1.000000
0.240000 0.790000 1.000000 1.000000
0.240000 0.790000 1.000000 1.000000
0.240000 0.790000 1.000000 1.000000
0.240000 0.790000 1.000000 1.000000
0.240000 0.790000 1.000000 1.000000
0.240000 0.790000 1.000000 1.000000
0.240000 0.790000 1.000000 1.000000
0.240000 0.790000 1.000000 1.000000
0.240000 0.790000 1.000000 1.000000
0.240000 0.790000 1.000000 1.000000
0.240000 0.790000 1.000000 1.000000
0.240000 0.790000 1.000000 1.000000
0.240000 0.790000 1.000000 1.000000
0.240000 0.790000 1.000000 1.000000
0.240000 0.790000 1.000000 1.000000
0.240000 0.790000 1.000000 1.000000
0.240000 0.790000 1.000000 1.000000
0.240000 0.790000 1.000000 1.000000
0.240000 0.790000 1.000000 1.000000
0.240000 0.790000 1.000000 1.000000
0.240000 0.790000 1.000000 1.000000
0.240000 0.790000 1.000000 1.000000
0.240000 0.790000 1.000000 1.000000
0.240000 0.790000 1.000000 1.000000
0.240000 0.790000 1.000000 1.000000
0.240000 0.790000 1.000000 1.000000
0.240000 0.790000 1.000000 1.000000
0.240000 0.790000 1.000000 1.000000
0.240000 0.790000 1.000000 1.000000
0.240000 0.790000 1.000000 1.000000
0.240000 0.790000 1.000000 1.000000
0.240000 0.790000 1.000000 1.000000
0.240000 0.790000 1.000000 1.000000
0.240000 0.790000 1.000000 1.000000
0.240000 0.790000 1.000000 1.000000
0.240000 0.790000 1.000000 1.000000
0.240000 0.790000 1.000000 1.000000
0.240000 0.790000 1.000000 1.000000
0.240000 0.790000 1.000000 1.000000
0.240000 0.790000 1.000000 1.000000
0.240000 0.790000 1.000000 1.000000
0.240000 0.790000 1.000000 1.000000
0.240000 0.790000 1.000000 1.000000
0.240000 0.790000 1.000000 1.000000
0.240000 0.790000 1.000000 1.000000
0.240000 0.790000 1.000000 1.000000
0.240000 0.790000 1.000000 1.000000
0.240000 0.790000 1.000000 1.000000
0.240000 0.790000 1.000000 1.000000
0.240000 0.790000 1.000000 1.000000
0.240000 0.790000 1.000000 1.000000
0.240000 0.790000 1.000000 1.000000
0.240000 0.790000 1.000000 1.000000
0.240000 0.790000 1.000000 1.000000
0.240000 0.790000 1.000000 1.000000
0.240000 0.790000 1.000000 1.000000
0.240000 0.790000 1.000000 1.000000
0.240000 0.790000 1.000000 1.000000
0.240000 0.790000 1.000000 1.000000
0.240000 0.790000 1.000000 1.000000
0.240000 0.790000 1.000000 1.000000
0.240000 0.790000 1.000000 1.000000
0.240000 0.790000 1.000000 1.000000
0.240000 0.790000 1.000000 1.000000
0.240000 0.790000 1.000000 1.000000
0.240000 0.790000 1.000000 1.000000
0.240000 0.790000 1.000000 1.000000
0.240000 0.790000 1.000000 1.000000
0.240000 0.790000 1.000000 1.000000
0.240000 0.790000 1.000000 1.000000
0.240000 0.790000 1.000000 1.000000
0.240000 0.790000 1.000000 1.000000
0.240000 0.790000 1.000000 1.000000
0.240000 0.790000 1.000000 1.000000
0.240000 0.790000 1.000000 1.000000
0.240000 0.790000 1.000000 1.000000
0.240000 0.790000 1.000000 1.000000
0.240000 0.790000 1.000000 1.000000
0.240000 0.790000 1.000000 1.000000
0.240000 0.790000 1.000000 1.000000
0.240000 0.790000 1.000000 1.000000
0.240000 0.790000 1.000000 1.000000
0.240000 0.790000 1.000000 1.000000
0.240000 0.790000 1.000000 1.000000
0.240000 0.790000 1.000000 1.000000
0.240000 0.790000 1.000000 1.000000
0.240000 0.790000 1.000000 1.000000
0.240000 0.790000 1.000000 1.000000
0.240000 0.790000 1.000000 1.000000
0.240000 0.790000 1.000000 1.000000
0.240000 0.790000 1.000000 1.000000
0.240000 0.790000 1.000000 1.000000
0.240000 0.790000 1.000000 1.000000
0.240000 0.790000 1.000000 1.000000
0.240000 0.790000 1.000000 1.000000
0.240000 0.790000 1.000000 1.000000
0.240000 0.790000 1.000000 1.000000
0.240000 0.790000 1.000000 1.000000
0.240000 0.790000 1.000000 1.000000
0.240000 0.790000 1.000000 1.000000
0.240000 0.790000 1.000000 1.000000
0.240000 0.790000 1.000000 1.000000
0.240000 0.790000 1.000000 1.000000
0.240000 0.790000 1.000000 1.000000
0.240000 0.790000 1.000000 1.000000
0.240000 0.790000 1.000000 1.000000
0.240000 0.790000 1.000000 1.000000
0.240000 0.790000 1.000000 1.000000
0.240000 0.790000 1.000000 1.000000
0.240000 0.790000 1.000000 1.000000
0.240000 0.790000 1.000000 1.000000
0.240000 0.790000 1.000000 1.000000
0.240000 0.790000 1.000000 1.000000
0.240000 0.790000 1.000000 1.000000
0.240000 0.790000 1.000000 1.000000
0.240000 0.790000 1.000000 1.000000
0.240000 0.790000 1.000000 1.000000
0.240000 0.790000 1.000000 1.000000
0.240000 0.790000 1.000000 1.000000
0.240000 0.790000 1.000000 1.000000
0.240000 0.790000 1.000000 1.000000
0.240000 0.790000 1.000000 1.000000
0.240000 0.790000 1.000000 1.000000
0.240000 0.790000 1.000000 1.000000
0.240000 0.790000 1.000000 1.000000
0.240000 0.790000 1.000000 1.000000
0.240000 0.790000 1.000000 1.000000
0.240000 0.790000 1.000000 1.000000
0.240000 0.790000 1.000000 1.000000
0.240000 0.790000 1.000000 1.000000
0.240000 0.790000 1.000000 1.000000
0.240000 0.790000 1.000000 1.000000
0.240000 0.790000 1.000000 1.000000
0.240000 0.790000 1.000000 1.000000
0.240000 0.790000 1.000000 1.000000
0.240000 0.790000 1.000000 1.000000
0.240000 0.790000 1.000000 1.000000
0.240000 0.790000 1.000000 1.000000
0.240000 0.790000 1.000000 1.000000
0.240000 0.790000 1.000000 1.000000
0.240000 0.790000 1.000000 1.000000
0.240000 0.790000 1.000000 1.000000
0.240000 0.790000 1.000000 1.000000
0.240000 0.790000 1.000000 1.000000
0.240000 0.790000 1.000000 1.000000
0.240000 0.790000 1.000000 1.000000
0.240000 0.790000 1.000000 1.000000
0.240000 0.790000 1.000000 1.000000
0.240000 0.790000 1.000000 1.000000
0.240000 0.790000 1.000000 1.000000
0.240000 0.790000 1.000000 1.000000
0.240000 0.790000 1.000000 1.000000
0.240000 0.790000 1.000000 1.000000
0.240000 0.790000 1.000000 1.000000
0.240000 0.790000 1.000000 1.000000
0.240000 0.790000 1.000000 1.000000
0.240000 0.790000 1.000000 1.000000
0.240000 0.790000 1.000000 1.000000
0.240000 0.790000 1.000000 1.000000
0.240000 0.790000 1.000000 1.000000
0.240000 0.790000 1.000000 1.000000
0.240000 0.790000 1.000000 1.000000
0.240000 0.790000 1.000000 1.000000
0.240000 0.790000 1.000000 1.000000
0.240000 0.790000 1.000000 1.000000
0.240000 0.790000 1.000000 1.000000
0.240000 0.790000 1.000000 1.000000
0.240000 0.790000 1.000000 1.000000
0.240000 0.790000 1.000000 1.000000
0.240000 0.790000 1.000000 1.000000
0.240000 0.790000 1.000000 1.000000
0.240000 0.790000 1.000000 1.000000
0.240000 0.790000 1.000000 1.000000
0.240000 0.790000 1.000000 1.000000
0.240000 0.790000 1.000000 1.000000
0.240000 0.790000 1.000000 1.000000
0.240000 0.790000 1.000000 1.000000
0.240000 0.790000 1.000000 1.000000
0.240000 0.790000 1.000000 1.000000
0.240000 0.790000 1.000000 1.000000
0.240000 0.790000 1.000000 1.000000
0.240000 0.790000 1.000000 1.000000
0.240000 0.790000 1.000000 1.000000
0.240000 0.790000 1.000000 1.000000
0.240000 0.790000 1.000000 1.000000
0.240000 0.790000 1.000000 1.000000
0.240000 0.790000 1.000000 1.000000
0.240000 0.790000 1.000000 1.000000
0.240000 0.790000 1.000000 1.000000
0.240000 0.790000 1.000000 1.000000
0.240000 0.790000 1.000000 1.000000
0.240000 0.790000 1.000000 1.000000
0.240000 0.790000 1.000000 1.000000
0.240000 0.790000 1.000000 1.000000
0.240000 0.790000 1.000000 1.000000
0.240000 0.790000 1.000000 1.000000
0.240000 0.790000 1.000000 1.000000
0.240000 0.790000 1.000000 1.000000
0.240000 0.790000 1.000000 1.000000
0.240000 0.790000 1.000000 1.000000
0.240000 0.790000 1.000000 1.000000
0.240000 0.790000 1.000000 1.000000
0.240000 0.790000 1.000000 1.000000
0.240000 0.790000 1.000000 1.000000
0.240000 0.790000 1.000000 1.000000
0.240000 0.790000 1.000000 1.000000
0.240000 0.790000 1.000000 1.000000
0.240000 0.790000 1.000000 1.000000
0.240000 0.790000 1.000000 1.000000
0.240000 0.790000 1.000000 1.000000
0.240000 0.790000 1.000000 1.000000
0.240000 0.790000 1.000000 1.000000
0.240000 0.790000 1.000000 1.000000
0.240000 0.790000 1.000000 1.000000
0.240000 0.790000 1.000000 1.000000
0.240000 0.790000 1.000000 1.000000
0.240000 0.790000 1.000000 1.000000
0.240000 0.790000 1.000000 1.000000
0.240000 0.790000 1.000000 1.000000
0.240000 0.790000 1.000000 1.000000
0.240000 0.790000 1.000000 1.000000
0.240000 0.790000 1.000000 1.000000
0.240000 0.790000 1.000000 1.000000
0.240000 0.790000 1.000000 1.000000
0.240000 0.790000 1.000000 1.000000
0.240000 0.790000 1.000000 1.000000
0.240000 0.790000 1.000000 1.000000
0.240000 0.790000 1.000000 1.000000
0.240000 0.790000 1.000000 1.000000
0.240000 0.790000 1.000000 1.000000
0.240000 0.790000 1.000000 1.000000
0.240000 0.790000 1.000000 1.000000
0.240000 0.790000 1.000000 1.000000
0.240000 0.790000 1.000000 1.000000
0.240000 0.790000 1.000000 1.000000
0.240000 0.790000 1.000000 1.000000
0.240000 0.790000 1.000000 1.000000
0.240000 0.790000 1.000000 1.000000
0.240000 0.790000 1.000000 1.000000
0.240000 0.790000 1.000000 1.000000
0.240000 0.790000 1.000000 1.000000
0.240000 0.790000 1.000000 1.000000
0.240000 0.790000 1.000000 1.000000
0.240000 0.790000 1.000000 1.000000
0.240000 0.790000 1.000000 1.000000
0.240000 0.790000 1.000000 1.000000
0.240000 0.790000 1.000000 1.000000
0.240000 0.790000 1.000000 1.000000
0.240000 0.790000 1.000000 1.000000
0.240000 0.790000 1.000000 1.000000
0.240000 0.790000 1.000000 1.000000
0.240000 0.790000 1.000000 1.000000
0.240000 0.790000 1.000000 1.000000
0.240000 0.790000 1.000000 1.000000
0.240000 0.790000 1.000000 1.000000
0.240000 0.790000 1.000000 1.000000
0.240000 0.790000 1.000000 1.000000
0.240000 0.790000 1.000000 1.000000
0.240000 0.790000 1.000000 1.000000
0.240000 0.790000 1.000000 1.000000
0.240000 0.790000 1.000000 1.000000
0.240000 0.790000 1.000000 1.000000
0.240000 0.790000 1.000000 1.000000
0.240000 0.790000 1.000000 1.000000
0.240000 0.790000 1.000000 1.000000
0.240000 0.790000 1.000000 1.000000
0.240000 0.790000 1.000000 1.000000
0.240000 0.790000 1.000000 1.000000
0.240000 0.790000 1.000000 1.000000
0.240000 0.790000 1.000000 1.000000
0.240000 0.790000 1.000000 1.000000
0.240000 0.790000 1.000000 1.000000
0.240000 0.790000 1.000000 1.000000
0.240000 0.790000 1.000000 1.000000
0.240000 0.790000 1.000000 1.000000
0.240000 0.790000 1.000000 1.000000
0.240000 0.790000 1.000000 1.000000
0.240000 0.790000 1.000000 1.000000
0.240000 0.790000 1.000000 1.000000
0.240000 0.790000 1.000000 1.000000
0.240000 0.790000 1.000000 1.000000
0.240000 0.790000 1.000000 1.000000
0.240000 0.790000 1.000000 1.000000
0.240000 0.790000 1.000000 1.000000
0.240000 0.790000 1.000000 1.000000
0.240000 0.790000 1.000000 1.000000
0.240000 0.790000 1.000000 1.000000
0.240000 0.790000 1.000000 1.000000
0.240000 0.790000 1.000000 1.000000
0.240000 0.790000 1.000000 1.000000
0.240000 0.790000 1.000000 1.000000
0.240000 0.790000 1.000000 1.000000
0.240000 0.790000 1.000000 1.000000
0.240000 0.790000 1.000000 1.000000
0.240000 0.790000 1.000000 1.000000
0.240000 0.790000 1.000000 1.000000
0.240000 0.790000 1.000000 1.000000
0.240000 0.790000 1.000000 1.000000
0.240000 0.790000 1.000000 1.000000
0.240000 0.790000 1.000000 1.000000
0.240000 0.790000 1.000000 1.000000
0.240000 0.790000 1.000000 1.000000
0.240000 0.790000 1.000000 1.000000
0.240000 0.790000 1.000000 1.000000
0.240000 0.790000 1.000000 1.000000
0.240000 0.790000 1.000000 1.000000
0.240000 0.790000 1.000000 1.000000
0.240000 0.790000 1.000000 1.000000
0.240000 0.790000 1.000000 1.000000
0.240000 0.790000 1.000000 1.000000
0.240000 0.790000 1.000000 1.000000
0.240000 0.790000 1.000000 1.000000
0.240000 0.790000 1.000000 1.000000
0.240000 0.790000 1.000000 1.000000
0.240000 0.790000 1.000000 1.000000
0.240000 0.790000 1.000000 1.000000
0.240000 0.790000 1.000000 1.000000
0.240000 0.790000 1.000000 1.000000
0.240000 0.790000 1.000000 1.000000
0.240000 0.790000 1.000000 1.000000
0.240000 0.790000 1.000000 1.000000
0.240000 0.790000 1.000000 1.000000
0.240000 0.790000 1.000000 1.000000
0.240000 0.790000 1.000000 1.000000
0.240000 0.790000 1.000000 1.000000
0.240000 0.790000 1.000000 1.000000
0.240000 0.790000 1.000000 1.000000
0.240000 0.790000 1.000000 1.000000
0.240000 0.790000 1.000000 1.000000
0.240000 0.790000 1.000000 1.000000
0.240000 0.790000 1.000000 1.000000
0.240000 0.790000 1.000000 1.000000
0.240000 0.790000 1.000000 1.000000
0.240000 0.790000 1.000000 1.000000
0.240000 0.790000 1.000000 1.000000
0.240000 0.790000 1.000000 1.000000
0.240000 0.790000 1.000000 1.000000
0.240000 0.790000 1.000000 1.000000
0.240000 0.790000 1.000000 1.000000
0.240000 0.790000 1.000000 1.000000
0.240000 0.790000 1.000000 1.000000
0.240000 0.790000 1.000000 1.000000
0.240000 0.790000 1.000000 1.000000
0.240000 0.790000 1.000000 1.000000
0.240000 0.790000 1.000000 1.000000
0.240000 0.790000 1.000000 1.000000
0.240000 0.790000 1.000000 1.000000
0.240000 0.790000 1.000000 1.000000
0.240000 0.790000 1.000000 1.000000
0.240000 0.790000 1.000000 1.000000
0.240000 0.790000 1.000000 1.000000
0.240000 0.790000 1.000000 1.000000
0.240000 0.790000 1.000000 1.000000
0.240000 0.790000 1.000000 1.000000
0.240000 0.790000 1.000000 1.000000
0.240000 0.790000 1.000000 1.000000
0.240000 0.790000 1.000000 1.000000
0.240000 0.790000 1.000000 1.000000
0.240000 0.790000 1.000000 1.000000
0.240000 0.790000 1.000000 1.000000
0.240000 0.790000 1.000000 1.000000
0.240000 0.790000 1.000000 1.000000
0.240000 0.790000 1.000000 1.000000
0.240000 0.790000 1.000000 1.000000
0.240000 0.790000 1.000000 1.000000
0.240000 0.790000 1.000000 1.000000
0.240000 0.790000 1.000000 1.000000
0.240000 0.790000 1.000000 1.000000
0.240000 0.790000 1.000000 1.000000
0.240000 0.790000 1.000000 1.000000
0.240000 0.790000 1.000000 1.000000
0.240000 0.790000 1.000000 1.000000
0.240000 0.790000 1.000000 1.000000
0.240000 0.790000 1.000000 1.000000
0.240000 0.790000 1.000000 1.000000
0.240000 0.790000 1.000000 1.000000
0.240000 0.790000 1.000000 1.000000
0.240000 0.790000 1.000000 1.000000
0.240000 0.790000 1.000000 1.000000
0.240000 0.790000 1.000000 1.000000
0.240000 0.790000 1.000000 1.000000
0.240000 0.790000 1.000000 1.000000
0.240000 0.790000 1.000000 1.000000
0.240000 0.790000 1.000000 1.000000
0.240000 0.790000 1.000000 1.000000
0.240000 0.790000 1.000000 1.000000
0.240000 0.790000 1.000000 1.000000
0.240000 0.790000 1.000000 1.000000
0.240000 0.790000 1.000000 1.000000
0.240000 0.790000 1.000000 1.000000
0.240000 0.790000 1.000000 1.000000
0.240000 0.790000 1.000000 1.000000
0.240000 0.790000 1.000000 1.000000
0.240000 0.790000 1.000000 1.000000
0.240000 0.790000 1.000000 1.000000
0.240000 0.790000 1.000000 1.000000
0.240000 0.790000 1.000000 1.000000
0.240000 0.790000 1.000000 1.000000
0.240000 0.790000 1.000000 1.000000
0.240000 0.790000 1.000000 1.000000
0.240000 0.790000 1.000000 1.000000
0.240000 0.790000 1.000000 1.000000
0.240000 0.790000 1.000000 1.000000
0.240000 0.790000 1.000000 1.000000
0.240000 0.790000 1.000000 1.000000
0.240000 0.790000 1.000000 1.000000
0.240000 0.790000 1.000000 1.000000
0.240000 0.790000 1.000000 1.000000
0.240000 0.790000 1.000000 1.000000
0.240000 0.790000 1.000000 1.000000
0.240000 0.790000 1.000000 1.000000
0.240000 0.790000 1.000000 1.000000
0.240000 0.790000 1.000000 1.000000
0.240000 0.790000 1.000000 1.000000
0.240000 0.790000 1.000000 1.000000
0.240000 0.790000 1.000000 1.000000
0.240000 0.790000 1.000000 1.000000
0.240000 0.790000 1.000000 1.000000
0.240000 0.790000 1.000000 1.000000
0.240000 0.790000 1.000000 1.000000
0.240000 0.790000 1.000000 1.000000
0.240000 0.790000 1.000000 1.000000
0.240000 0.790000 1.000000 1.000000
0.240000 0.790000 1.000000 1.000000
0.240000 0.790000 1.000000 1.000000
0.240000 0.790000 1.000000 1.000000
0.240000 0.790000 1.000000 1.000000
0.240000 0.790000 1.000000 1.000000
0.240000 0.790000 1.000000 1.000000
0.240000 0.790000 1.000000 1.000000
0.240000 0.790000 1.000000 1.000000
0.240000 0.790000 1.000000 1.000000
0.240000 0.790000 1.000000 1.000000
0.240000 0.790000 1.000000 1.000000
0.240000 0.790000 1.000000 1.000000
0.240000 0.790000 1.000000 1.000000
0.240000 0.790000 1.000000 1.000000
0.240000 0.790000 1.000000 1.000000
0.240000 0.790000 1.000000 1.000000
0.240000 0.790000 1.000000 1.000000
0.240000 0.790000 1.000000 1.000000
0.240000 0.790000 1.000000 1.000000
0.240000 0.790000 1.000000 1.000000
0.240000 0.790000 1.000000 1.000000
0.240000 0.790000 1.000000 1.000000
0.240000 0.790000 1.000000 1.000000
0.240000 0.790000 1.000000 1.000000
0.240000 0.790000 1.000000 1.000000
0.240000 0.790000 1.000000 1.000000
0.240000 0.790000 1.000000 1.000000
0.240000 0.790000 1.000000 1.000000
0.240000 0.790000 1.000000 1.000000
0.240000 0.790000 1.000000 1.000000
0.240000 0.790000 1.000000 1.000000
0.240000 0.790000 1.000000 1.000000
0.240000 0.790000 1.000000 1.000000
0.240000 0.790000 1.000000 1.000000
0.240000 0.790000 1.000000 1.000000
0.240000 0.790000 1.000000 1.000000
0.240000 0.790000 1.000000 1.000000
0.240000 0.790000 1.000000 1.000000
0.240000 0.790000 1.000000 1.000000
0.240000 0.790000 1.000000 1.000000
0.240000 0.790000 1.000000 1.000000
0.240000 0.790000 1.000000 1.000000
0.240000 0.790000 1.000000 1.000000
0.240000 0.790000 1.000000 1.000000
0.240000 0.790000 1.000000 1.000000
0.240000 0.790000 1.000000 1.000000
0.240000 0.790000 1.000000 1.000000
0.240000 0.790000 1.000000 1.000000
0.240000 0.790000 1.000000 1.000000
0.240000 0.790000 1.000000 1.000000
0.240000 0.790000 1.000000 1.000000
0.240000 0.790000 1.000000 1.000000
0.240000 0.790000 1.000000 1.000000
0.240000 0.790000 1.000000 1.000000
0.240000 0.790000 1.000000 1.000000
0.240000 0.790000 1.000000 1.000000
0.240000 0.790000 1.000000 1.000000
0.240000 0.790000 1.000000 1.000000
0.240000 0.790000 1.000000 1.000000
0.240000 0.790000 1.000000 1.000000
0.240000 0.790000 1.000000 1.000000
0.240000 0.790000 1.000000 1.000000
0.240000 0.790000 1.000000 1.000000
0.240000 0.790000 1.000000 1.000000
0.240000 0.790000 1.000000 1.000000
0.240000 0.790000 1.000000 1.000000
0.240000 0.790000 1.000000 1.000000
0.240000 0.790000 1.000000 1.000000
0.240000 0.790000 1.000000 1.000000
0.240000 0.790000 1.000000 1.000000
0.240000 0.790000 1.000000 1.000000
0.240000 0.790000 1.000000 1.000000
0.240000 0.790000 1.000000 1.000000
0.240000 0.790000 1.000000 1.000000
0.240000 0.790000 1.000000 1.000000
0.240000 0.790000 1.000000 1.000000
0.240000 0.790000 1.000000 1.000000
0.240000 0.790000 1.000000 1.000000
0.240000 0.790000 1.000000 1.000000
0.240000 0.790000 1.000000 1.000000
0.240000 0.790000 1.000000 1.000000
0.240000 0.790000 1.000000 1.000000
0.240000 0.790000 1.000000 1.000000
0.240000 0.790000 1.000000 1.000000
0.240000 0.790000 1.000000 1.000000
0.240000 0.790000 1.000000 1.000000
0.240000 0.790000 1.000000 1.000000
0.240000 0.790000 1.000000 1.000000
0.240000 0.790000 1.000000 1.000000
0.240000 0.790000 1.000000 1.000000
0.240000 0.790000 1.000000 1.000000
0.240000 0.790000 1.000000 1.000000
0.240000 0.790000 1.000000 1.000000
0.240000 0.790000 1.000000 1.000000
0.240000 0.790000 1.000000 1.000000
0.240000 0.790000 1.000000 1.000000
0.240000 0.790000 1.000000 1.000000
0.240000 0.790000 1.000000 1.000000
0.240000 0.790000 1.000000 1.000000
0.240000 0.790000 1.000000 1.000000
0.240000 0.790000 1.000000 1.000000
0.240000 0.790000 1.000000 1.000000
0.240000 0.790000 1.000000 1.000000
0.240000 0.790000 1.000000 1.000000
0.240000 0.790000 1.000000 1.000000
0.240000 0.790000 1.000000 1.000000
0.240000 0.790000 1.000000 1.000000
0.240000 0.790000 1.000000 1.000000
0.240000 0.790000 1.000000 1.000000
0.240000 0.790000 1.000000 1.000000
0.240000 0.790000 1.000000 1.000000
0.240000 0.790000 1.000000 1.000000
0.240000 0.790000 1.000000 1.000000
0.240000 0.790000 1.000000 1.000000
0.240000 0.790000 1.000000 1.000000
0.240000 0.790000 1.000000 1.000000
0.240000 0.790000 1.000000 1.000000
0.240000 0.790000 1.000000 1.000000
0.240000 0.790000 1.000000 1.000000
0.240000 0.790000 1.000000 1.000000
0.240000 0.790000 1.000000 1.000000
0.240000 0.790000 1.000000 1.000000
0.240000 0.790000 1.000000 1.000000
0.240000 0.790000 1.000000 1.000000
0.240000 0.790000 1.000000 1.000000
0.240000 0.790000 1.000000 1.000000
0.240000 0.790000 1.000000 1.000000
0.240000 0.790000 1.000000 1.000000
0.240000 0.790000 1.000000 1.000000
0.240000 0.790000 1.000000 1.000000
0.240000 0.790000 1.000000 1.000000
0.240000 0.790000 1.000000 1.000000
0.240000 0.790000 1.000000 1.000000
0.240000 0.790000 1.000000 1.000000
0.240000 0.790000 1.000000 1.000000
0.240000 0.790000 1.000000 1.000000
0.240000 0.790000 1.000000 1.000000
0.240000 0.790000 1.000000 1.000000
0.240000 0.790000 1.000000 1.000000
0.240000 0.790000 1.000000 1.000000
0.240000 0.790000 1.000000 1.000000
0.240000 0.790000 1.000000 1.000000
0.240000 0.790000 1.000000 1.000000
0.240000 0.790000 1.000000 1.000000
0.240000 0.790000 1.000000 1.000000
0.240000 0.790000 1.000000 1.000000
0.240000 0.790000 1.000000 1.000000
0.240000 0.790000 1.000000 1.000000
0.240000 0.790000 1.000000 1.000000
0.240000 0.790000 1.000000 1.000000
0.240000 0.790000 1.000000 1.000000
0.240000 0.790000 1.000000 1.000000
0.240000 0.790000 1.000000 1.000000
0.240000 0.790000 1.000000 1.000000
0.240000 0.790000 1.000000 1.000000
0.240000 0.790000 1.000000 1.000000
0.240000 0.790000 1.000000 1.000000
0.240000 0.790000 1.000000 1.000000
0.240000 0.790000 1.000000 1.000000
0.240000 0.790000 1.000000 1.000000
0.240000 0.790000 1.000000 1.000000
0.240000 0.790000 1.000000 1.000000
0.240000 0.790000 1.000000 1.000000
0.240000 0.790000 1.000000 1.000000
0.240000 0.790000 1.000000 1.000000
0.240000 0.790000 1.000000 1.000000
0.240000 0.790000 1.000000 1.000000
0.240000 0.790000 1.000000 1.000000
0.240000 0.790000 1.000000 1.000000
0.240000 0.790000 1.000000 1.000000
0.240000 0.790000 1.000000 1.000000
0.240000 0.790000 1.000000 1.000000
0.240000 0.790000 1.000000 1.000000
0.240000 0.790000 1.000000 1.000000
0.240000 0.790000 1.000000 1.000000
0.240000 0.790000 1.000000 1.000000
0.240000 0.790000 1.000000 1.000000
0.240000 0.790000 1.000000 1.000000
0.240000 0.790000 1.000000 1.000000
0.240000 0.790000 1.000000 1.000000
0.240000 0.790000 1.000000 1.000000
0.240000 0.790000 1.000000 1.000000
0.240000 0.790000 1.000000 1.000000
0.240000 0.790000 1.000000 1.000000
0.240000 0.790000 1.000000 1.000000
0.240000 0.790000 1.000000 1.000000
0.240000 0.790000 1.000000 1.000000
0.240000 0.790000 1.000000 1.000000
0.240000 0.790000 1.000000 1.000000
0.240000 0.790000 1.000000 1.000000
0.240000 0.790000 1.000000 1.000000
0.240000 0.790000 1.000000 1.000000
0.240000 0.790000 1.000000 1.000000
0.240000 0.790000 1.000000 1.000000
0.240000 0.790000 1.000000 1.000000
0.240000 0.790000 1.000000 1.000000
0.240000 0.790000 1.000000 1.000000
0.240000 0.790000 1.000000 1.000000
0.240000 0.790000 1.000000 1.000000
0.240000 0.790000 1.000000 1.000000
0.240000 0.790000 1.000000 1.000000
0.240000 0.790000 1.000000 1.000000
0.240000 0.790000 1.000000 1.000000
0.240000 0.790000 1.000000 1.000000
0.240000 0.790000 1.000000 1.000000
0.240000 0.790000 1.000000 1.000000
0.240000 0.790000 1.000000 1.000000
0.240000 0.790000 1.000000 1.000000
0.240000 0.790000 1.000000 1.000000
0.240000 0.790000 1.000000 1.000000
0.240000 0.790000 1.000000 1.000000
0.240000 0.790000 1.000000 1.000000
0.240000 0.790000 1.000000 1.000000
0.240000 0.790000 1.000000 1.000000
0.240000 0.790000 1.000000 1.000000
0.240000 0.790000 1.000000 1.000000
0.240000 0.790000 1.000000 1.000000
0.240000 0.790000 1.000000 1.000000
0.240000 0.790000 1.000000 1.000000
0.240000 0.790000 1.000000 1.000000
0.240000 0.790000 1.000000 1.000000
0.240000 0.790000 1.000000 1.000000
0.240000 0.790000 1.000000 1.000000
0.240000 0.790000 1.000000 1.000000
0.240000 0.790000 1.000000 1.000000
0.240000 0.790000 1.000000 1.000000
0.240000 0.790000 1.000000 1.000000
0.240000 0.790000 1.000000 1.000000
0.240000 0.790000 1.000000 1.000000
0.240000 0.790000 1.000000 1.000000
0.240000 0.790000 1.000000 1.000000
0.240000 0.790000 1.000000 1.000000
0.240000 0.790000 1.000000 1.000000
0.240000 0.790000 1.000000 1.000000
0.240000 0.790000 1.000000 1.000000
0.240000 0.790000 1.000000 1.000000
0.240000 0.790000 1.000000 1.000000
0.240000 0.790000 1.000000 1.000000
0.240000 0.790000 1.000000 1.000000
0.240000 0.790000 1.000000 1.000000
0.240000 0.790000 1.000000 1.000000
0.240000 0.790000 1.000000 1.000000
0.240000 0.790000 1.000000 1.000000
0.240000 0.790000 1.000000 1.000000
0.240000 0.790000 1.000000 1.000000
0.240000 0.790000 1.000000 1.000000
0.240000 0.790000 1.000000 1.000000
0.240000 0.790000 1.000000 1.000000
0.240000 0.790000 1.000000 1.000000
0.240000 0.790000 1.000000 1.000000
0.240000 0.790000 1.000000 1.000000
0.240000 0.790000 1.000000 1.000000
0.240000 0.790000 1.000000 1.000000
0.240000 0.790000 1.000000 1.000000
0.240000 0.790000 1.000000 1.000000
0.240000 0.790000 1.000000 1.000000
0.240000 0.790000 1.000000 1.000000
0.240000 0.790000 1.000000 1.000000
0.240000 0.790000 1.000000 1.000000
0.240000 0.790000 1.000000 1.000000
0.240000 0.790000 1.000000 1.000000
0.240000 0.790000 1.000000 1.000000
0.240000 0.790000 1.000000 1.000000
0.240000 0.790000 1.000000 1.000000
0.240000 0.790000 1.000000 1.000000
0.240000 0.790000 1.000000 1.000000
0.240000 0.790000 1.000000 1.000000
0.240000 0.790000 1.000000 1.000000
0.240000 0.790000 1.000000 1.000000
0.240000 0.790000 1.000000 1.000000
0.240000 0.790000 1.000000 1.000000
0.240000 0.790000 1.000000 1.000000
0.240000 0.790000 1.000000 1.000000
0.240000 0.790000 1.000000 1.000000
0.240000 0.790000 1.000000 1.000000
0.240000 0.790000 1.000000 1.000000
0.240000 0.790000 1.000000 1.000000
0.240000 0.790000 1.000000 1.000000
0.240000 0.790000 1.000000 1.000000
0.240000 0.790000 1.000000 1.000000
0.240000 0.790000 1.000000 1.000000
0.240000 0.790000 1.000000 1.000000
0.240000 0.790000 1.000000 1.000000
0.240000 0.790000 1.000000 1.000000
0.240000 0.790000 1.000000 1.000000
0.240000 0.790000 1.000000 1.000000
0.240000 0.790000 1.000000 1.000000
0.240000 0.790000 1.000000 1.000000
0.240000 0.790000 1.000000 1.000000
0.240000 0.790000 1.000000 1.000000
0.240000 0.790000 1.000000 1.000000
0.240000 0.790000 1.000000 1.000000
0.240000 0.790000 1.000000 1.000000
0.240000 0.790000 1.000000 1.000000
0.240000 0.790000 1.000000 1.000000
0.240000 0.790000 1.000000 1.000000
0.240000 0.790000 1.000000 1.000000
0.240000 0.790000 1.000000 1.000000
0.240000 0.790000 1.000000 1.000000
0.240000 0.790000 1.000000 1.000000
0.240000 0.790000 1.000000 1.000000
0.240000 0.790000 1.000000 1.000000
0.240000 0.790000 1.000000 1.000000
0.240000 0.790000 1.000000 1.000000
0.240000 0.790000 1.000000 1.000000
0.240000 0.790000 1.000000 1.000000
0.240000 0.790000 1.000000 1.000000
0.240000 0.790000 1.000000 1.000000
0.240000 0.790000 1.000000 1.000000
0.240000 0.790000 1.000000 1.000000
0.240000 0.790000 1.000000 1.000000
0.240000 0.790000 1.000000 1.000000
0.240000 0.790000 1.000000 1.000000
0.240000 0.790000 1.000000 1.000000
0.240000 0.790000 1.000000 1.000000
0.240000 0.790000 1.000000 1.000000
0.240000 0.790000 1.000000 1.000000
0.240000 0.790000 1.000000 1.000000
0.240000 0.790000 1.000000 1.000000
0.240000 0.790000 1.000000 1.000000
0.240000 0.790000 1.000000 1.000000
0.240000 0.790000 1.000000 1.000000
0.240000 0.790000 1.000000 1.000000
0.240000 0.790000 1.000000 1.000000
0.240000 0.790000 1.000000 1.000000
0.240000 0.790000 1.000000 1.000000
0.240000 0.790000 1.000000 1.000000
0.240000 0.790000 1.000000 1.000000
0.240000 0.790000 1.000000 1.000000
0.240000 0.790000 1.000000 1.000000
0.240000 0.790000 1.000000 1.000000
0.240000 0.790000 1.000000 1.000000
0.240000 0.790000 1.000000 1.000000
0.240000 0.790000 1.000000 1.000000
0.240000 0.790000 1.000000 1.000000
0.240000 0.790000 1.000000 1.000000
0.240000 0.790000 1.000000 1.000000
0.240000 0.790000 1.000000 1.000000
0.240000 0.790000 1.000000 1.000000
0.240000 0.790000 1.000000 1.000000
0.240000 0.790000 1.000000 1.000000
0.240000 0.790000 1.000000 1.000000
0.240000 0.790000 1.000000 1.000000
0.240000 0.790000 1.000000 1.000000
0.240000 0.790000 1.000000 1.000000
0.240000 0.790000 1.000000 1.000000
0.240000 0.790000 1.000000 1.000000
0.240000 0.790000 1.000000 1.000000
0.240000 0.790000 1.000000 1.000000
0.240000 0.790000 1.000000 1.000000
0.240000 0.790000 1.000000 1.000000
0.240000 0.790000 1.000000 1.000000
0.240000 0.790000 1.000000 1.000000
0.240000 0.790000 1.000000 1.000000
0.240000 0.790000 1.000000 1.000000
0.240000 0.790000 1.000000 1.000000
0.240000 0.790000 1.000000 1.000000
0.240000 0.790000 1.000000 1.000000
0.240000 0.790000 1.000000 1.000000
0.240000 0.790000 1.000000 1.000000
0.240000 0.790000 1.000000 1.000000
0.240000 0.790000 1.000000 1.000000
0.240000 0.790000 1.000000 1.000000
0.240000 0.790000 1.000000 1.000000
0.240000 0.790000 1.000000 1.000000
0.240000 0.790000 1.000000 1.000000
0.240000 0.790000 1.000000 1.000000
0.240000 0.790000 1.000000 1.000000
0.240000 0.790000 1.000000 1.000000
0.240000 0.790000 1.000000 1.000000
0.240000 0.790000 1.000000 1.000000
0.240000 0.790000 1.000000 1.000000
0.240000 0.790000 1.000000 1.000000
0.240000 0.790000 1.000000 1.000000
0.240000 0.790000 1.000000 1.000000
0.240000 0.790000 1.000000 1.000000
0.240000 0.790000 1.000000 1.000000
0.240000 0.790000 1.000000 1.000000
0.240000 0.790000 1.000000 1.000000
0.240000 0.790000 1.000000 1.000000
0.240000 0.790000 1.000000 1.000000
0.240000 0.790000 1.000000 1.000000
0.240000 0.790000 1.000000 1.000000
0.240000 0.790000 1.000000 1.000000
0.240000 0.790000 1.000000 1.000000
0.240000 0.790000 1.000000 1.000000
0.240000 0.790000 1.000000 1.000000
0.240000 0.790000 1.000000 1.000000
0.240000 0.790000 1.000000 1.000000
0.240000 0.790000 1.000000 1.000000
0.240000 0.790000 1.000000 1.000000
0.240000 0.790000 1.000000 1.000000
0.240000 0.790000 1.000000 1.000000
0.240000 0.790000 1.000000 1.000000
0.240000 0.790000 1.000000 1.000000
0.240000 0.790000 1.000000 1.000000
0.240000 0.790000 1.000000 1.000000
0.240000 0.790000 1.000000 1.000000
0.240000 0.790000 1.000000 1.000000
0.240000 0.790000 1.000000 1.000000
0.240000 0.790000 1.000000 1.000000
0.240000 0.790000 1.000000 1.000000
0.240000 0.790000 1.000000 1.000000
0.240000 0.790000 1.000000 1.000000
0.240000 0.790000 1.000000 1.000000
0.240000 0.790000 1.000000 1.000000
0.240000 0.790000 1.000000 1.000000
0.240000 0.790000 1.000000 1.000000
0.240000 0.790000 1.000000 1.000000
0.240000 0.790000 1.000000 1.000000
0.240000 0.790000 1.000000 1.000000
0.240000 0.790000 1.000000 1.000000
0.240000 0.790000 1.000000 1.000000
0.240000 0.790000 1.000000 1.000000
0.240000 0.790000 1.000000 1.000000
0.240000 0.790000 1.000000 1.000000
0.240000 0.790000 1.000000 1.000000
0.240000 0.790000 1.000000 1.000000
0.240000 0.790000 1.000000 1.000000
0.240000 0.790000 1.000000 1.000000
0.240000 0.790000 1.000000 1.000000
0.240000 0.790000 1.000000 1.000000
0.240000 0.790000 1.000000 1.000000
0.240000 0.790000 1.000000 1.000000
0.240000 0.790000 1.000000 1.000000
0.240000 0.790000 1.000000 1.000000
0.240000 0.790000 1.000000 1.000000
0.240000 0.790000 1.000000 1.000000
0.240000 0.790000 1.000000 1.000000
0.240000 0.790000 1.000000 1.000000
0.240000 0.790000 1.000000 1.000000
0.240000 0.790000 1.000000 1.000000
0.240000 0.790000 1.000000 1.000000
0.240000 0.790000 1.000000 1.000000
0.240000 0.790000 1.000000 1.000000
0.240000 0.790000 1.000000 1.000000
0.240000 0.790000 1.000000 1.000000
0.240000 0.790000 1.000000 1.000000
0.240000 0.790000 1.000000 1.000000
0.240000 0.790000 1.000000 1.000000
0.240000 0.790000 1.000000 1.000000
0.240000 0.790000 1.000000 1.000000
0.240000 0.790000 1.000000 1.000000
0.240000 0.790000 1.000000 1.000000
0.240000 0.790000 1.000000 1.000000
0.240000 0.790000 1.000000 1.000000
0.240000 0.790000 1.000000 1.000000
0.240000 0.790000 1.000000 1.000000
0.240000 0.790000 1.000000 1.000000
0.240000 0.790000 1.000000 1.000000
0.240000 0.790000 1.000000 1.000000
0.240000 0.790000 1.000000 1.000000
0.240000 0.790000 1.000000 1.000000
0.240000 0.790000 1.000000 1.000000
0.240000 0.790000 1.000000 1.000000
0.240000 0.790000 1.000000 1.000000
0.240000 0.790000 1.000000 1.000000
0.240000 0.790000 1.000000 1.000000
0.240000 0.790000 1.000000 1.000000
0.240000 0.790000 1.000000 1.000000
0.240000 0.790000 1.000000 1.000000
0.240000 0.790000 1.000000 1.000000
0.240000 0.790000 1.000000 1.000000
0.240000 0.790000 1.000000 1.000000
0.240000 0.790000 1.000000 1.000000
0.240000 0.790000 1.000000 1.000000
0.240000 0.790000 1.000000 1.000000
0.240000 0.790000 1.000000 1.000000
0.240000 0.790000 1.000000 1.000000
0.240000 0.790000 1.000000 1.000000
0.240000 0.790000 1.000000 1.000000
0.240000 0.790000 1.000000 1.000000
0.240000 0.790000 1.000000 1.000000
0.240000 0.790000 1.000000 1.000000
0.240000 0.790000 1.000000 1.000000
0.240000 0.790000 1.000000 1.000000
0.240000 0.790000 1.000000 1.000000
0.240000 0.790000 1.000000 1.000000
0.240000 0.790000 1.000000 1.000000
0.240000 0.790000 1.000000 1.000000
0.240000 0.790000 1.000000 1.000000
0.240000 0.790000 1.000000 1.000000
0.240000 0.790000 1.000000 1.000000
0.240000 0.790000 1.000000 1.000000
0.240000 0.790000 1.000000 1.000000
0.240000 0.790000 1.000000 1.000000
0.240000 0.790000 1.000000 1.000000
0.240000 0.790000 1.000000 1.000000
0.240000 0.790000 1.000000 1.000000
0.240000 0.790000 1.000000 1.000000
0.240000 0.790000 1.000000 1.000000
0.240000 0.790000 1.000000 1.000000
0.240000 0.790000 1.000000 1.000000
0.240000 0.790000 1.000000 1.000000
0.240000 0.790000 1.000000 1.000000
0.240000 0.790000 1.000000 1.000000
0.240000 0.790000 1.000000 1.000000
0.240000 0.790000 1.000000 1.000000
0.240000 0.790000 1.000000 1.000000
0.240000 0.790000 1.000000 1.000000
0.240000 0.790000 1.000000 1.000000
0.240000 0.790000 1.000000 1.000000
0.240000 0.790000 1.000000 1.000000
0.240000 0.790000 1.000000 1.000000
0.240000 0.790000 1.000000 1.000000
0.240000 0.790000 1.000000 1.000000
0.240000 0.790000 1.000000 1.000000
0.240000 0.790000 1.000000 1.000000
0.240000 0.790000 1.000000 1.000000
0.240000 0.790000 1.000000 1.000000
0.240000 0.790000 1.000000 1.000000
0.240000 0.790000 1.000000 1.000000
0.240000 0.790000 1.000000 1.000000
0.240000 0.790000 1.000000 1.000000
0.240000 0.790000 1.000000 1.000000
0.240000 0.790000 1.000000 1.000000
0.240000 0.790000 1.000000 1.000000
0.240000 0.790000 1.000000 1.000000
0.240000 0.790000 1.000000 1.000000
0.240000 0.790000 1.000000 1.000000
0.240000 0.790000 1.000000 1.000000
0.240000 0.790000 1.000000 1.000000
0.240000 0.790000 1.000000 1.000000
0.240000 0.790000 1.000000 1.000000
0.240000 0.790000 1.000000 1.000000
0.240000 0.790000 1.000000 1.000000
0.240000 0.790000 1.000000 1.000000
0.240000 0.790000 1.000000 1.000000
0.240000 0.790000 1.000000 1.000000
0.240000 0.790000 1.000000 1.000000
0.240000 0.790000 1.000000 1.000000
0.240000 0.790000 1.000000 1.000000
0.240000 0.790000 1.000000 1.000000
0.240000 0.790000 1.000000 1.000000
0.240000 0.790000 1.000000 1.000000
0.240000 0.790000 1.000000 1.000000
0.240000 0.790000 1.000000 1.000000
0.240000 0.790000 1.000000 1.000000
0.240000 0.790000 1.000000 1.000000
0.240000 0.790000 1.000000 1.000000
0.240000 0.790000 1.000000 1.000000
0.240000 0.790000 1.000000 1.000000
0.240000 0.790000 1.000000 1.000000
0.240000 0.790000 1.000000 1.000000
0.240000 0.790000 1.000000 1.000000
0.240000 0.790000 1.000000 1.000000
0.240000 0.790000 1.000000 1.000000
0.240000 0.790000 1.000000 1.000000
0.240000 0.790000 1.000000 1.000000
0.240000 0.790000 1.000000 1.000000
0.240000 0.790000 1.000000 1.000000
0.240000 0.790000 1.000000 1.000000
0.240000 0.790000 1.000000 1.000000
0.240000 0.790000 1.000000 1.000000
0.240000 0.790000 1.000000 1.000000
0.240000 0.790000 1.000000 1.000000
0.240000 0.790000 1.000000 1.000000
0.240000 0.790000 1.000000 1.000000
0.240000 0.790000 1.000000 1.000000
0.240000 0.790000 1.000000 1.000000
0.240000 0.790000 1.000000 1.000000
0.240000 0.790000 1.000000 1.000000
0.240000 0.790000 1.000000 1.000000
0.240000 0.790000 1.000000 1.000000
0.240000 0.790000 1.000000 1.000000
0.240000 0.790000 1.000000 1.000000
0.240000 0.790000 1.000000 1.000000
0.240000 0.790000 1.000000 1.000000
0.240000 0.790000 1.000000 1.000000
0.240000 0.790000 1.000000 1.000000
0.240000 0.790000 1.000000 1.000000
0.240000 0.790000 1.000000 1.000000
0.240000 0.790000 1.000000 1.000000
0.240000 0.790000 1.000000 1.000000
0.240000 0.790000 1.000000 1.000000
0.240000 0.790000 1.000000 1.000000
0.240000 0.790000 1.000000 1.000000
0.240000 0.790000 1.000000 1.000000
0.240000 0.790000 1.000000 1.000000
0.240000 0.790000 1.000000 1.000000
0.240000 0.790000 1.000000 1.000000
0.240000 0.790000 1.000000 1.000000
0.240000 0.790000 1.000000 1.000000
0.240000 0.790000 1.000000 1.000000
0.240000 0.790000 1.000000 1.000000
0.240000 0.790000 1.000000 1.000000
0.240000 0.790000 1.000000 1.000000
0.240000 0.790000 1.000000 1.000000
0.240000 0.790000 1.000000 1.000000
0.240000 0.790000 1.000000 1.000000
0.240000 0.790000 1.000000 1.000000
0.240000 0.790000 1.000000 1.000000
0.240000 0.790000 1.000000 1.000000
0.240000 0.790000 1.000000 1.000000
0.240000 0.790000 1.000000 1.000000
0.240000 0.790000 1.000000 1.000000
0.240000 0.790000 1.000000 1.000000
0.240000 0.790000 1.000000 1.000000
0.240000 0.790000 1.000000 1.000000
0.240000 0.790000 1.000000 1.000000
0.240000 0.790000 1.000000 1.000000
0.240000 0.790000 1.000000 1.000000
0.240000 0.790000 1.000000 1.000000
0.240000 0.790000 1.000000 1.000000
0.240000 0.790000 1.000000 1.000000
0.240000 0.790000 1.000000 1.000000
0.240000 0.790000 1.000000 1.000000
0.240000 0.790000 1.000000 1.000000
0.240000 0.790000 1.000000 1.000000
0.240000 0.790000 1.000000 1.000000
0.240000 0.790000 1.000000 1.000000
0.240000 0.790000 1.000000 1.000000
0.240000 0.790000 1.000000 1.000000
0.240000 0.790000 1.000000 1.000000
0.240000 0.790000 1.000000 1.000000
0.240000 0.790000 1.000000 1.000000
0.240000 0.790000 1.000000 1.000000
0.240000 0.790000 1.000000 1.000000
0.240000 0.790000 1.000000 1.000000
0.240000 0.790000 1.000000 1.000000
0.240000 0.790000 1.000000 1.000000
0.240000 0.790000 1.000000 1.000000
0.240000 0.790000 1.000000 1.000000
0.240000 0.790000 1.000000 1.000000
0.240000 0.790000 1.000000 1.000000
0.240000 0.790000 1.000000 1.000000
0.240000 0.790000 1.000000 1.000000
0.240000 0.790000 1.000000 1.000000
0.240000 0.790000 1.000000 1.000000
0.240000 0.790000 1.000000 1.000000
0.240000 0.790000 1.000000 1.000000
0.240000 0.790000 1.000000 1.000000
0.240000 0.790000 1.000000 1.000000
0.240000 0.790000 1.000000 1.000000
0.240000 0.790000 1.000000 1.000000
0.240000 0.790000 1.000000 1.000000
0.240000 0.790000 1.000000 1.000000
0.240000 0.790000 1.000000 1.000000
0.240000 0.790000 1.000000 1.000000
0.240000 0.790000 1.000000 1.000000
0.240000 0.790000 1.000000 1.000000
0.240000 0.790000 1.000000 1.000000
0.240000 0.790000 1.000000 1.000000
0.240000 0.790000 1.000000 1.000000
0.240000 0.790000 1.000000 1.000000
0.240000 0.790000 1.000000 1.000000
0.240000 0.790000 1.000000 1.000000
0.240000 0.790000 1.000000 1.000000
0.240000 0.790000 1.000000 1.000000
0.240000 0.790000 1.000000 1.000000
0.240000 0.790000 1.000000 1.000000
0.240000 0.790000 1.000000 1.000000
0.240000 0.790000 1.000000 1.000000
0.240000 0.790000 1.000000 1.000000
0.240000 0.790000 1.000000 1.000000
0.240000 0.790000 1.000000 1.000000
0.240000 0.790000 1.000000 1.000000
0.240000 0.790000 1.000000 1.000000
0.240000 0.790000 1.000000 1.000000
0.240000 0.790000 1.000000 1.000000
0.240000 0.790000 1.000000 1.000000
0.240000 0.790000 1.000000 1.000000
0.240000 0.790000 1.000000 1.000000
0.240000 0.790000 1.000000 1.000000
0.240000 0.790000 1.000000 1.000000
0.240000 0.790000 1.000000 1.000000
0.240000 0.790000 1.000000 1.000000
0.240000 0.790000 1.000000 1.000000
0.240000 0.790000 1.000000 1.000000
0.240000 0.790000 1.000000 1.000000
0.240000 0.790000 1.000000 1.000000
0.240000 0.790000 1.000000 1.000000
0.240000 0.790000 1.000000 1.000000
0.240000 0.790000 1.000000 1.000000
0.240000 0.790000 1.000000 1.000000
0.240000 0.790000 1.000000 1.000000
0.240000 0.790000 1.000000 1.000000
0.240000 0.790000 1.000000 1.000000
0.240000 0.790000 1.000000 1.000000
0.240000 0.790000 1.000000 1.000000
0.240000 0.790000 1.000000 1.000000
0.240000 0.790000 1.000000 1.000000
0.240000 0.790000 1.000000 1.000000
0.240000 0.790000 1.000000 1.000000
0.240000 0.790000 1.000000 1.000000
0.240000 0.790000 1.000000 1.000000
0.240000 0.790000 1.000000 1.000000
0.240000 0.790000 1.000000 1.000000
0.240000 0.790000 1.000000 1.000000
0.240000 0.790000 1.000000 1.000000
0.240000 0.790000 1.000000 1.000000
0.240000 0.790000 1.000000 1.000000
0.240000 0.790000 1.000000 1.000000
0.240000 0.790000 1.000000 1.000000
0.240000 0.790000 1.000000 1.000000
0.240000 0.790000 1.000000 1.000000
0.240000 0.790000 1.000000 1.000000
0.240000 0.790000 1.000000 1.000000
0.240000 0.790000 1.000000 1.000000
0.240000 0.790000 1.000000 1.000000
0.240000 0.790000 1.000000 1.000000
0.240000 0.790000 1.000000 1.000000
0.240000 0.790000 1.000000 1.000000
0.240000 0.790000 1.000000 1.000000
0.240000 0.790000 1.000000 1.000000
0.240000 0.790000 1.000000 1.000000
0.240000 0.790000 1.000000 1.000000
0.240000 0.790000 1.000000 1.000000
0.240000 0.790000 1.000000 1.000000
0.240000 0.790000 1.000000 1.000000
0.240000 0.790000 1.000000 1.000000
0.240000 0.790000 1.000000 1.000000
0.240000 0.790000 1.000000 1.000000
0.240000 0.790000 1.000000 1.000000
0.240000 0.790000 1.000000 1.000000
0.240000 0.790000 1.000000 1.000000
0.240000 0.790000 1.000000 1.000000
0.240000 0.790000 1.000000 1.000000
0.240000 0.790000 1.000000 1.000000
0.240000 0.790000 1.000000 1.000000
0.240000 0.790000 1.000000 1.000000
0.240000 0.790000 1.000000 1.000000
0.240000 0.790000 1.000000 1.000000
0.240000 0.790000 1.000000 1.000000
0.240000 0.790000 1.000000 1.000000
0.240000 0.790000 1.000000 1.000000
0.240000 0.790000 1.000000 1.000000
0.240000 0.790000 1.000000 1.000000
0.240000 0.790000 1.000000 1.000000
0.240000 0.790000 1.000000 1.000000
0.240000 0.790000 1.000000 1.000000
0.240000 0.790000 1.000000 1.000000
0.240000 0.790000 1.000000 1.000000
0.240000 0.790000 1.000000 1.000000
0.240000 0.790000 1.000000 1.000000
0.240000 0.790000 1.000000 1.000000
0.240000 0.790000 1.000000 1.000000
0.240000 0.790000 1.000000 1.000000
0.240000 0.790000 1.000000 1.000000
0.240000 0.790000 1.000000 1.000000
0.240000 0.790000 1.000000 1.000000
0.240000 0.790000 1.000000 1.000000
0.240000 0.790000 1.000000 1.000000
0.240000 0.790000 1.000000 1.000000
0.240000 0.790000 1.000000 1.000000
0.240000 0.790000 1.000000 1.000000
0.240000 0.790000 1.000000 1.000000
0.240000 0.790000 1.000000 1.000000
0.240000 0.790000 1.000000 1.000000
0.240000 0.790000 1.000000 1.000000
0.240000 0.790000 1.000000 1.000000
0.240000 0.790000 1.000000 1.000000
0.240000 0.790000 1.000000 1.000000
0.240000 0.790000 1.000000 1.000000
0.240000 0.790000 1.000000 1.000000
0.240000 0.790000 1.000000 1.000000
0.240000 0.790000 1.000000 1.000000
0.240000 0.790000 1.000000 1.000000
0.240000 0.790000 1.000000 1.000000
0.240000 0.790000 1.000000 1.000000
0.240000 0.790000 1.000000 1.000000
0.240000 0.790000 1.000000 1.000000
0.240000 0.790000 1.000000 1.000000
0.240000 0.790000 1.000000 1.000000
0.240000 0.790000 1.000000 1.000000
0.240000 0.790000 1.000000 1.000000
0.240000 0.790000 1.000000 1.000000
0.240000 0.790000 1.000000 1.000000
0.240000 0.790000 1.000000 1.000000
0.240000 0.790000 1.000000 1.000000
0.240000 0.790000 1.000000 1.000000
0.240000 0.790000 1.000000 1.000000
0.240000 0.790000 1.000000 1.000000
0.240000 0.790000 1.000000 1.000000
0.240000 0.790000 1.000000 1.000000
0.240000 0.790000 1.000000 1.000000
0.240000 0.790000 1.000000 1.000000
0.240000 0.790000 1.000000 1.000000
0.240000 0.790000 1.000000 1.000000
0.240000 0.790000 1.000000 1.000000
0.240000 0.790000 1.000000 1.000000
0.240000 0.790000 1.000000 1.000000
0.240000 0.790000 1.000000 1.000000
0.240000 0.790000 1.000000 1.000000
0.240000 0.790000 1.000000 1.000000
0.240000 0.790000 1.000000 1.000000
0.240000 0.790000 1.000000 1.000000
0.240000 0.790000 1.000000 1.000000
0.240000 0.790000 1.000000 1.000000
0.240000 0.790000 1.000000 1.000000
0.240000 0.790000 1.000000 1.000000
0.240000 0.790000 1.000000 1.000000
0.240000 0.790000 1.000000 1.000000
0.240000 0.790000 1.000000 1.000000
0.240000 0.790000 1.000000 1.000000
0.240000 0.790000 1.000000 1.000000
0.240000 0.790000 1.000000 1.000000
0.240000 0.790000 1.000000 1.000000
0.240000 0.790000 1.000000 1.000000
0.240000 0.790000 1.000000 1.000000
0.240000 0.790000 1.000000 1.000000
0.240000 0.790000 1.000000 1.000000
0.240000 0.790000 1.000000 1.000000
0.240000 0.790000 1.000000 1.000000
0.240000 0.790000 1.000000 1.000000
0.240000 0.790000 1.000000 1.000000
0.240000 0.790000 1.000000 1.000000
0.240000 0.790000 1.000000 1.000000
0.240000 0.790000 1.000000 1.000000
0.240000 0.790000 1.000000 1.000000
0.240000 0.790000 1.000000 1.000000
0.240000 0.790000 1.000000 1.000000
0.240000 0.790000 1.000000 1.000000
0.240000 0.790000 1.000000 1.000000
0.240000 0.790000 1.000000 1.000000
0.240000 0.790000 1.000000 1.000000
0.240000 0.790000 1.000000 1.000000
0.240000 0.790000 1.000000 1.000000
0.240000 0.790000 1.000000 1.000000
0.240000 0.790000 1.000000 1.000000
0.240000 0.790000 1.000000 1.000000
0.240000 0.790000 1.000000 1.000000
0.240000 0.790000 1.000000 1.000000
0.240000 0.790000 1.000000 1.000000
0.240000 0.790000 1.000000 1.000000
0.240000 0.790000 1.000000 1.000000
0.240000 0.790000 1.000000 1.000000
0.240000 0.790000 1.000000 1.000000
0.240000 0.790000 1.000000 1.000000
0.240000 0.790000 1.000000 1.000000
0.240000 0.790000 1.000000 1.000000
0.240000 0.790000 1.000000 1.000000
0.240000 0.790000 1.000000 1.000000
0.240000 0.790000 1.000000 1.000000
0.240000 0.790000 1.000000 1.000000
0.240000 0.790000 1.000000 1.000000
0.240000 0.790000 1.000000 1.000000
0.240000 0.790000 1.000000 1.000000
0.240000 0.790000 1.000000 1.000000
0.240000 0.790000 1.000000 1.000000
0.240000 0.790000 1.000000 1.000000
0.240000 0.790000 1.000000 1.000000
0.240000 0.790000 1.000000 1.000000
0.240000 0.790000 1.000000 1.000000
0.240000 0.790000 1.000000 1.000000
0.240000 0.790000 1.000000 1.000000
0.240000 0.790000 1.000000 1.000000
0.240000 0.790000 1.000000 1.000000
0.240000 0.790000 1.000000 1.000000
0.240000 0.790000 1.000000 1.000000
0.240000 0.790000 1.000000 1.000000
0.240000 0.790000 1.000000 1.000000
0.240000 0.790000 1.000000 1.000000
0.240000 0.790000 1.000000 1.000000
0.240000 0.790000 1.000000 1.000000
0.240000 0.790000 1.000000 1.000000
0.240000 0.790000 1.000000 1.000000
0.240000 0.790000 1.000000 1.000000
0.240000 0.790000 1.000000 1.000000
0.240000 0.790000 1.000000 1.000000
0.240000 0.790000 1.000000 1.000000
0.240000 0.790000 1.000000 1.000000
0.240000 0.790000 1.000000 1.000000
0.240000 0.790000 1.000000 1.000000
0.240000 0.790000 1.000000 1.000000
0.240000 0.790000 1.000000 1.000000
0.240000 0.790000 1.000000 1.000000
0.240000 0.790000 1.000000 1.000000
0.240000 0.790000 1.000000 1.000000
0.240000 0.790000 1.000000 1.000000
0.240000 0.790000 1.000000 1.000000
0.240000 0.790000 1.000000 1.000000
0.240000 0.790000 1.000000 1.000000
0.240000 0.790000 1.000000 1.000000
0.240000 0.790000 1.000000 1.000000
0.240000 0.790000 1.000000 1.000000
0.240000 0.790000 1.000000 1.000000
0.240000 0.790000 1.000000 1.000000
0.240000 0.790000 1.000000 1.000000
0.240000 0.790000 1.000000 1.000000
0.240000 0.790000 1.000000 1.000000
0.240000 0.790000 1.000000 1.000000
0.240000 0.790000 1.000000 1.000000
0.240000 0.790000 1.000000 1.000000
0.240000 0.790000 1.000000 1.000000
0.240000 0.790000 1.000000 1.000000
0.240000 0.790000 1.000000 1.000000
0.240000 0.790000 1.000000 1.000000
0.240000 0.790000 1.000000 1.000000
0.240000 0.790000 1.000000 1.000000
0.240000 0.790000 1.000000 1.000000
0.240000 0.790000 1.000000 1.000000
0.240000 0.790000 1.000000 1.000000
0.240000 0.790000 1.000000 1.000000
0.240000 0.790000 1.000000 1.000000
0.240000 0.790000 1.000000 1.000000
0.240000 0.790000 1.000000 1.000000
0.240000 0.790000 1.000000 1.000000
0.240000 0.790000 1.000000 1.000000
0.240000 0.790000 1.000000 1.000000
0.240000 0.790000 1.000000 1.000000
0.240000 0.790000 1.000000 1.000000
0.240000 0.790000 1.000000 1.000000
0.240000 0.790000 1.000000 1.000000
0.240000 0.790000 1.000000 1.000000
0.240000 0.790000 1.000000 1.000000
0.240000 0.790000 1.000000 1.000000
0.240000 0.790000 1.000000 1.000000
0.240000 0.790000 1.000000 1.000000
0.240000 0.790000 1.000000 1.000000
0.240000 0.790000 1.000000 1.000000
0.240000 0.790000 1.000000 1.000000
0.240000 0.790000 1.000000 1.000000
0.240000 0.790000 1.000000 1.000000
0.240000 0.790000 1.000000 1.000000
0.240000 0.790000 1.000000 1.000000
0.240000 0.790000 1.000000 1.000000
0.240000 0.790000 1.000000 1.000000
0.240000 0.790000 1.000000 1.000000
0.240000 0.790000 1.000000 1.000000
0.240000 0.790000 1.000000 1.000000
0.240000 0.790000 1.000000 1.000000
0.240000 0.790000 1.000000 1.000000
0.240000 0.790000 1.000000 1.000000
0.240000 0.790000 1.000000 1.000000
0.240000 0.790000 1.000000 1.000000
0.240000 0.790000 1.000000 1.000000
0.240000 0.790000 1.000000 1.000000
0.240000 0.790000 1.000000 1.000000
0.240000 0.790000 1.000000 1.000000
0.240000 0.790000 1.000000 1.000000
0.240000 0.790000 1.000000 1.000000
0.240000 0.790000 1.000000 1.000000
0.240000 0.790000 1.000000 1.000000
0.240000 0.790000 1.000000 1.000000
0.240000 0.790000 1.000000 1.000000
0.240000 0.790000 1.000000 1.000000
0.240000 0.790000 1.000000 1.000000
0.240000 0.790000 1.000000 1.000000
0.240000 0.790000 1.000000 1.000000
0.240000 0.790000 1.000000 1.000000
0.240000 0.790000 1.000000 1.000000
0.240000 0.790000 1.000000 1.000000
0.240000 0.790000 1.000000 1.000000
0.240000 0.790000 1.000000 1.000000
0.240000 0.790000 1.000000 1.000000
0.240000 0.790000 1.000000 1.000000
0.240000 0.790000 1.000000 1.000000
0.240000 0.790000 1.000000 1.000000
0.240000 0.790000 1.000000 1.000000
0.240000 0.790000 1.000000 1.000000
0.240000 0.790000 1.000000 1.000000
0.240000 0.790000 1.000000 1.000000
0.240000 0.790000 1.000000 1.000000
0.240000 0.790000 1.000000 1.000000
0.240000 0.790000 1.000000 1.000000
0.240000 0.790000 1.000000 1.000000
0.240000 0.790000 1.000000 1.000000
0.240000 0.790000 1.000000 1.000000
0.240000 0.790000 1.000000 1.000000
0.240000 0.790000 1.000000 1.000000
0.240000 0.790000 1.000000 1.000000
0.240000 0.790000 1.000000 1.000000
0.240000 0.790000 1.000000 1.000000
0.240000 0.790000 1.000000 1.000000
0.240000 0.790000 1.000000 1.000000
0.240000 0.790000 1.000000 1.000000
0.240000 0.790000 1.000000 1.000000
0.240000 0.790000 1.000000 1.000000
0.240000 0.790000 1.000000 1.000000
0.240000 0.790000 1.000000 1.000000
0.240000 0.790000 1.000000 1.000000
0.240000 0.790000 1.000000 1.000000
0.240000 0.790000 1.000000 1.000000
0.240000 0.790000 1.000000 1.000000
0.240000 0.790000 1.000000 1.000000
0.240000 0.790000 1.000000 1.000000
0.240000 0.790000 1.000000 1.000000
0.240000 0.790000 1.000000 1.000000
0.240000 0.790000 1.000000 1.000000
0.240000 0.790000 1.000000 1.000000
0.240000 0.790000 1.000000 1.000000
0.240000 0.790000 1.000000 1.000000
0.240000 0.790000 1.000000 1.000000
0.240000 0.790000 1.000000 1.000000
0.240000 0.790000 1.000000 1.000000
0.240000 0.790000 1.000000 1.000000
0.240000 0.790000 1.000000 1.000000
0.240000 0.790000 1.000000 1.000000
0.240000 0.790000 1.000000 1.000000
0.240000 0.790000 1.000000 1.000000
0.240000 0.790000 1.000000 1.000000
0.240000 0.790000 1.000000 1.000000
0.240000 0.790000 1.000000 1.000000
0.240000 0.790000 1.000000 1.000000
0.240000 0.790000 1.000000 1.000000
0.240000 0.790000 1.000000 1.000000
0.240000 0.790000 1.000000 1.000000
0.240000 0.790000 1.000000 1.000000
0.240000 0.790000 1.000000 1.000000
0.240000 0.790000 1.000000 1.000000
0.240000 0.790000 1.000000 1.000000
0.240000 0.790000 1.000000 1.000000
0.240000 0.790000 1.000000 1.000000
0.240000 0.790000 1.000000 1.000000
0.240000 0.790000 1.000000 1.000000
0.240000 0.790000 1.000000 1.000000
0.240000 0.790000 1.000000 1.000000
0.240000 0.790000 1.000000 1.000000
0.240000 0.790000 1.000000 1.000000
0.240000 0.790000 1.000000 1.000000
0.240000 0.790000 1.000000 1.000000
0.240000 0.790000 1.000000 1.000000
0.240000 0.790000 1.000000 1.000000
0.240000 0.790000 1.000000 1.000000
0.240000 0.790000 1.000000 1.000000
0.240000 0.790000 1.000000 1.000000
0.240000 0.790000 1.000000 1.000000
0.240000 0.790000 1.000000 1.000000
0.240000 0.790000 1.000000 1.000000
0.240000 0.790000 1.000000 1.000000
0.240000 0.790000 1.000000 1.000000
0.240000 0.790000 1.000000 1.000000
0.240000 0.790000 1.000000 1.000000
0.240000 0.790000 1.000000 1.000000
0.240000 0.790000 1.000000 1.000000
0.240000 0.790000 1.000000 1.000000
0.240000 0.790000 1.000000 1.000000
0.240000 0.790000 1.000000 1.000000
0.240000 0.790000 1.000000 1.000000
0.240000 0.790000 1.000000 1.000000
0.240000 0.790000 1.000000 1.000000
0.240000 0.790000 1.000000 1.000000
0.240000 0.790000 1.000000 1.000000
0.240000 0.790000 1.000000 1.000000
0.240000 0.790000 1.000000 1.000000
0.240000 0.790000 1.000000 1.000000
0.240000 0.790000 1.000000 1.000000
0.240000 0.790000 1.000000 1.000000
0.240000 0.790000 1.000000 1.000000
0.240000 0.790000 1.000000 1.000000
0.240000 0.790000 1.000000 1.000000
0.240000 0.790000 1.000000 1.000000
0.240000 0.790000 1.000000 1.000000
0.240000 0.790000 1.000000 1.000000
0.240000 0.790000 1.000000 1.000000
0.240000 0.790000 1.000000 1.000000
0.240000 0.790000 1.000000 1.000000
0.240000 0.790000 1.000000 1.000000
0.240000 0.790000 1.000000 1.000000
0.240000 0.790000 1.000000 1.000000
0.240000 0.790000 1.000000 1.000000
0.240000 0.790000 1.000000 1.000000
0.240000 0.790000 1.000000 1.000000
0.240000 0.790000 1.000000 1.000000
0.240000 0.790000 1.000000 1.000000
0.240000 0.790000 1.000000 1.000000
0.240000 0.790000 1.000000 1.000000
0.240000 0.790000 1.000000 1.000000
0.240000 0.790000 1.000000 1.000000
0.240000 0.790000 1.000000 1.000000
0.240000 0.790000 1.000000 1.000000
0.240000 0.790000 1.000000 1.000000
0.240000 0.790000 1.000000 1.000000
0.240000 0.790000 1.000000 1.000000
0.240000 0.790000 1.000000 1.000000
0.240000 0.790000 1.000000 1.000000
0.240000 0.790000 1.000000 1.000000
0.240000 0.790000 1.000000 1.000000
0.240000 0.790000 1.000000 1.000000
0.240000 0.790000 1.000000 1.000000
0.240000 0.790000 1.000000 1.000000
0.240000 0.790000 1.000000 1.000000
0.240000 0.790000 1.000000 1.000000
0.240000 0.790000 1.000000 1.000000
0.240000 0.790000 1.000000 1.000000
0.240000 0.790000 1.000000 1.000000
0.240000 0.790000 1.000000 1.000000
0.240000 0.790000 1.000000 1.000000
0.240000 0.790000 1.000000 1.000000
0.240000 0.790000 1.000000 1.000000
0.240000 0.790000 1.000000 1.000000
0.240000 0.790000 1.000000 1.000000
0.240000 0.790000 1.000000 1.000000
0.240000 0.790000 1.000000 1.000000
0.240000 0.790000 1.000000 1.000000
0.240000 0.790000 1.000000 1.000000
0.240000 0.790000 1.000000 1.000000
0.240000 0.790000 1.000000 1.000000
0.240000 0.790000 1.000000 1.000000
0.240000 0.790000 1.000000 1.000000
0.240000 0.790000 1.000000 1.000000
0.240000 0.790000 1.000000 1.000000
0.240000 0.790000 1.000000 1.000000
0.240000 0.790000 1.000000 1.000000
0.240000 0.790000 1.000000 1.000000
0.240000 0.790000 1.000000 1.000000
0.240000 0.790000 1.000000 1.000000
0.240000 0.790000 1.000000 1.000000
0.240000 0.790000 1.000000 1.000000
0.240000 0.790000 1.000000 1.000000
0.240000 0.790000 1.000000 1.000000
0.240000 0.790000 1.000000 1.000000
0.240000 0.790000 1.000000 1.000000
0.240000 0.790000 1.000000 1.000000
0.240000 0.790000 1.000000 1.000000
0.240000 0.790000 1.000000 1.000000
0.240000 0.790000 1.000000 1.000000
0.240000 0.790000 1.000000 1.000000
0.240000 0.790000 1.000000 1.000000
0.240000 0.790000 1.000000 1.000000
0.240000 0.790000 1.000000 1.000000
0.240000 0.790000 1.000000 1.000000
0.240000 0.790000 1.000000 1.000000
0.240000 0.790000 1.000000 1.000000
0.240000 0.790000 1.000000 1.000000
0.240000 0.790000 1.000000 1.000000
0.240000 0.790000 1.000000 1.000000
0.240000 0.790000 1.000000 1.000000
0.240000 0.790000 1.000000 1.000000
0.240000 0.790000 1.000000 1.000000
0.240000 0.790000 1.000000 1.000000
0.240000 0.790000 1.000000 1.000000
0.240000 0.790000 1.000000 1.000000
0.240000 0.790000 1.000000 1.000000
0.240000 0.790000 1.000000 1.000000
0.240000 0.790000 1.000000 1.000000
0.240000 0.790000 1.000000 1.000000
0.240000 0.790000 1.000000 1.000000
0.240000 0.790000 1.000000 1.000000
0.240000 0.790000 1.000000 1.000000
0.240000 0.790000 1.000000 1.000000
0.240000 0.790000 1.000000 1.000000
0.240000 0.790000 1.000000 1.000000
0.240000 0.790000 1.000000 1.000000
0.240000 0.790000 1.000000 1.000000
0.240000 0.790000 1.000000 1.000000
0.240000 0.790000 1.000000 1.000000
0.240000 0.790000 1.000000 1.000000
0.240000 0.790000 1.000000 1.000000
0.240000 0.790000 1.000000 1.000000
0.240000 0.790000 1.000000 1.000000
0.240000 0.790000 1.000000 1.000000
0.240000 0.790000 1.000000 1.000000
0.240000 0.790000 1.000000 1.000000
0.240000 0.790000 1.000000 1.000000
0.240000 0.790000 1.000000 1.000000
0.240000 0.790000 1.000000 1.000000
0.240000 0.790000 1.000000 1.000000
0.240000 0.790000 1.000000 1.000000
0.240000 0.790000 1.000000 1.000000
0.240000 0.790000 1.000000 1.000000
0.240000 0.790000 1.000000 1.000000
0.240000 0.790000 1.000000 1.000000
0.240000 0.790000 1.000000 1.000000
0.240000 0.790000 1.000000 1.000000
0.240000 0.790000 1.000000 1.000000
0.240000 0.790000 1.000000 1.000000
0.240000 0.790000 1.000000 1.000000
0.240000 0.790000 1.000000 1.000000
0.240000 0.790000 1.000000 1.000000
0.240000 0.790000 1.000000 1.000000
0.240000 0.790000 1.000000 1.000000
0.240000 0.790000 1.000000 1.000000
0.240000 0.790000 1.000000 1.000000
0.240000 0.790000 1.000000 1.000000
0.240000 0.790000 1.000000 1.000000
0.240000 0.790000 1.000000 1.000000
0.240000 0.790000 1.000000 1.000000
0.240000 0.790000 1.000000 1.000000
0.240000 0.790000 1.000000 1.000000
0.240000 0.790000 1.000000 1.000000
0.240000 0.790000 1.000000 1.000000
0.240000 0.790000 1.000000 1.000000
0.240000 0.790000 1.000000 1.000000
0.240000 0.790000 1.000000 1.000000
0.240000 0.790000 1.000000 1.000000
0.240000 0.790000 1.000000 1.000000
0.240000 0.790000 1.000000 1.000000
0.240000 0.790000 1.000000 1.000000
0.240000 0.790000 1.000000 1.000000
0.240000 0.790000 1.000000 1.000000
0.240000 0.790000 1.000000 1.000000
0.240000 0.790000 1.000000 1.000000
0.240000 0.790000 1.000000 1.000000
0.240000 0.790000 1.000000 1.000000
0.240000 0.790000 1.000000 1.000000
0.240000 0.790000 1.000000 1.000000
0.240000 0.790000 1.000000 1.000000
0.240000 0.790000 1.000000 1.000000
0.240000 0.790000 1.000000 1.000000
0.240000 0.790000 1.000000 1.000000
0.240000 0.790000 1.000000 1.000000
0.240000 0.790000 1.000000 1.000000
0.240000 0.790000 1.000000 1.000000
0.240000 0.790000 1.000000 1.000000
0.240000 0.790000 1.000000 1.000000
0.240000 0.790000 1.000000 1.000000
0.240000 0.790000 1.000000 1.000000
0.240000 0.790000 1.000000 1.000000
0.240000 0.790000 1.000000 1.000000
0.240000 0.790000 1.000000 1.000000
0.240000 0.790000 1.000000 1.000000
0.240000 0.790000 1.000000 1.000000
0.240000 0.790000 1.000000 1.000000
0.240000 0.790000 1.000000 1.000000
0.240000 0.790000 1.000000 1.000000
0.240000 0.790000 1.000000 1.000000
0.240000 0.790000 1.000000 1.000000
0.240000 0.790000 1.000000 1.000000
0.240000 0.790000 1.000000 1.000000
0.240000 0.790000 1.000000 1.000000
0.240000 0.790000 1.000000 1.000000
0.240000 0.790000 1.000000 1.000000
0.240000 0.790000 1.000000 1.000000
0.240000 0.790000 1.000000 1.000000
0.240000 0.790000 1.000000 1.000000
0.240000 0.790000 1.000000 1.000000
0.240000 0.790000 1.000000 1.000000
0.240000 0.790000 1.000000 1.000000
0.240000 0.790000 1.000000 1.000000
0.240000 0.790000 1.000000 1.000000
0.240000 0.790000 1.000000 1.000000
0.240000 0.790000 1.000000 1.000000
0.240000 0.790000 1.000000 1.000000
0.240000 0.790000 1.000000 1.000000
0.240000 0.790000 1.000000 1.000000
0.240000 0.790000 1.000000 1.000000
0.240000 0.790000 1.000000 1.000000
0.240000 0.790000 1.000000 1.000000
0.240000 0.790000 1.000000 1.000000
0.240000 0.790000 1.000000 1.000000
0.240000 0.790000 1.000000 1.000000
0.240000 0.790000 1.000000 1.000000
0.240000 0.790000 1.000000 1.000000
0.240000 0.790000 1.000000 1.000000
0.240000 0.790000 1.000000 1.000000
0.240000 0.790000 1.000000 1.000000
0.240000 0.790000 1.000000 1.000000
0.240000 0.790000 1.000000 1.000000
0.240000 0.790000 1.000000 1.000000
0.240000 0.790000 1.000000 1.000000
0.240000 0.790000 1.000000 1.000000
0.240000 0.790000 1.000000 1.000000
0.240000 0.790000 1.000000 1.000000
0.240000 0.790000 1.000000 1.000000
0.240000 0.790000 1.000000 1.000000
0.240000 0.790000 1.000000 1.000000
0.240000 0.790000 1.000000 1.000000
0.240000 0.790000 1.000000 1.000000
0.240000 0.790000 1.000000 1.000000
0.240000 0.790000 1.000000 1.000000
0.240000 0.790000 1.000000 1.000000
0.240000 0.790000 1.000000 1.000000
0.240000 0.790000 1.000000 1.000000
0.240000 0.790000 1.000000 1.000000
0.240000 0.790000 1.000000 1.000000
0.240000 0.790000 1.000000 1.000000
0.240000 0.790000 1.000000 1.000000
0.240000 0.790000 1.000000 1.000000
0.240000 0.790000 1.000000 1.000000
0.240000 0.790000 1.000000 1.000000
0.240000 0.790000 1.000000 1.000000
0.240000 0.790000 1.000000 1.000000
0.240000 0.790000 1.000000 1.000000
0.240000 0.790000 1.000000 1.000000
0.240000 0.790000 1.000000 1.000000
0.240000 0.790000 1.000000 1.000000
0.240000 0.790000 1.000000 1.000000
0.240000 0.790000 1.000000 1.000000
0.240000 0.790000 1.000000 1.000000
0.240000 0.790000 1.000000 1.000000
0.240000 0.790000 1.000000 1.000000
0.240000 0.790000 1.000000 1.000000
0.240000 0.790000 1.000000 1.000000
0.240000 0.790000 1.000000 1.000000
0.240000 0.790000 1.000000 1.000000
0.240000 0.790000 1.000000 1.000000
0.240000 0.790000 1.000000 1.000000
0.240000 0.790000 1.000000 1.000000
0.240000 0.790000 1.000000 1.000000
0.240000 0.790000 1.000000 1.000000
0.240000 0.790000 1.000000 1.000000
0.240000 0.790000 1.000000 1.000000
0.240000 0.790000 1.000000 1.000000
0.240000 0.790000 1.000000 1.000000
0.240000 0.790000 1.000000 1.000000
0.240000 0.790000 1.000000 1.000000
0.240000 0.790000 1.000000 1.000000
0.240000 0.790000 1.000000 1.000000
0.240000 0.790000 1.000000 1.000000
0.240000 0.790000 1.000000 1.000000
0.240000 0.790000 1.000000 1.000000
0.240000 0.790000 1.000000 1.000000
0.240000 0.790000 1.000000 1.000000
0.240000 0.790000 1.000000 1.000000
0.240000 0.790000 1.000000 1.000000
0.240000 0.790000 1.000000 1.000000
0.240000 0.790000 1.000000 1.000000
0.240000 0.790000 1.000000 1.000000
0.240000 0.790000 1.000000 1.000000
0.240000 0.790000 1.000000 1.000000
0.240000 0.790000 1.000000 1.000000
0.240000 0.790000 1.000000 1.000000
0.240000 0.790000 1.000000 1.000000
0.240000 0.790000 1.000000 1.000000
0.240000 0.790000 1.000000 1.000000
0.240000 0.790000 1.000000 1.000000
0.240000 0.790000 1.000000 1.000000
0.240000 0.790000 1.000000 1.000000
0.240000 0.790000 1.000000 1.000000
0.240000 0.790000 1.000000 1.000000
0.240000 0.790000 1.000000 1.000000
0.240000 0.790000 1.000000 1.000000
0.240000 0.790000 1.000000 1.000000
0.240000 0.790000 1.000000 1.000000
0.240000 0.790000 1.000000 1.000000
0.240000 0.790000 1.000000 1.000000
0.240000 0.790000 1.000000 1.000000
0.240000 0.790000 1.000000 1.000000
0.240000 0.790000 1.000000 1.000000
0.240000 0.790000 1.000000 1.000000
0.240000 0.790000 1.000000 1.000000
0.240000 0.790000 1.000000 1.000000
0.240000 0.790000 1.000000 1.000000
0.240000 0.790000 1.000000 1.000000
0.240000 0.790000 1.000000 1.000000
0.240000 0.790000 1.000000 1.000000
0.240000 0.790000 1.000000 1.000000
0.240000 0.790000 1.000000 1.000000
0.240000 0.790000 1.000000 1.000000
0.240000 0.790000 1.000000 1.000000
0.240000 0.790000 1.000000 1.000000
0.240000 0.790000 1.000000 1.000000
0.240000 0.790000 1.000000 1.000000
0.240000 0.790000 1.000000 1.000000
0.240000 0.790000 1.000000 1.000000
0.240000 0.790000 1.000000 1.000000
0.240000 0.790000 1.000000 1.000000
0.240000 0.790000 1.000000 1.000000
0.240000 0.790000 1.000000 1.000000
0.240000 0.790000 1.000000 1.000000
0.240000 0.790000 1.000000 1.000000
0.240000 0.790000 1.000000 1.000000
0.240000 0.790000 1.000000 1.000000
0.240000 0.790000 1.000000 1.000000
0.240000 0.790000 1.000000 1.000000
0.240000 0.790000 1.000000 1.000000
0.240000 0.790000 1.000000 1.000000
0.240000 0.790000 1.000000 1.000000
0.240000 0.790000 1.000000 1.000000
0.240000 0.790000 1.000000 1.000000
0.240000 0.790000 1.000000 1.000000
0.240000 0.790000 1.000000 1.000000
0.240000 0.790000 1.000000 1.000000
0.240000 0.790000 1.000000 1.000000
0.240000 0.790000 1.000000 1.000000
0.240000 0.790000 1.000000 1.000000
0.240000 0.790000 1.000000 1.000000
0.240000 0.790000 1.000000 1.000000
0.240000 0.790000 1.000000 1.000000
0.240000 0.790000 1.000000 1.000000
0.240000 0.790000 1.000000 1.000000
0.240000 0.790000 1.000000 1.000000
0.240000 0.790000 1.000000 1.000000
0.240000 0.790000 1.000000 1.000000
0.240000 0.790000 1.000000 1.000000
0.240000 0.790000 1.000000 1.000000
0.240000 0.790000 1.000000 1.000000
0.240000 0.790000 1.000000 1.000000
0.240000 0.790000 1.000000 1.000000
0.240000 0.790000 1.000000 1.000000
0.240000 0.790000 1.000000 1.000000
0.240000 0.790000 1.000000 1.000000
0.240000 0.790000 1.000000 1.000000
0.240000 0.790000 1.000000 1.000000
0.240000 0.790000 1.000000 1.000000
0.240000 0.790000 1.000000 1.000000
0.240000 0.790000 1.000000 1.000000
0.240000 0.790000 1.000000 1.000000
0.240000 0.790000 1.000000 1.000000
0.240000 0.790000 1.000000 1.000000
0.240000 0.790000 1.000000 1.000000
0.240000 0.790000 1.000000 1.000000
0.240000 0.790000 1.000000 1.000000
0.240000 0.790000 1.000000 1.000000
0.240000 0.790000 1.000000 1.000000
0.240000 0.790000 1.000000 1.000000
0.240000 0.790000 1.000000 1.000000
0.240000 0.790000 1.000000 1.000000
0.240000 0.790000 1.000000 1.000000
0.240000 0.790000 1.000000 1.000000
0.240000 0.790000 1.000000 1.000000
0.240000 0.790000 1.000000 1.000000
0.240000 0.790000 1.000000 1.000000
0.240000 0.790000 1.000000 1.000000
0.240000 0.790000 1.000000 1.000000
0.240000 0.790000 1.000000 1.000000
0.240000 0.790000 1.000000 1.000000
0.240000 0.790000 1.000000 1.000000
0.240000 0.790000 1.000000 1.000000
0.240000 0.790000 1.000000 1.000000
0.240000 0.790000 1.000000 1.000000
0.240000 0.790000 1.000000 1.000000
0.240000 0.790000 1.000000 1.000000
0.240000 0.790000 1.000000 1.000000
0.240000 0.790000 1.000000 1.000000
0.240000 0.790000 1.000000 1.000000
0.240000 0.790000 1.000000 1.000000
0.240000 0.790000 1.000000 1.000000
0.240000 0.790000 1.000000 1.000000
0.240000 0.790000 1.000000 1.000000
0.240000 0.790000 1.000000 1.000000
0.240000 0.790000 1.000000 1.000000
0.240000 0.790000 1.000000 1.000000
0.240000 0.790000 1.000000 1.000000
0.240000 0.790000 1.000000 1.000000
0.240000 0.790000 1.000000 1.000000
0.240000 0.790000 1.000000 1.000000
0.240000 0.790000 1.000000 1.000000
0.240000 0.790000 1.000000 1.000000
0.240000 0.790000 1.000000 1.000000
0.240000 0.790000 1.000000 1.000000
0.240000 0.790000 1.000000 1.000000
0.240000 0.790000 1.000000 1.000000
0.240000 0.790000 1.000000 1.000000
0.240000 0.790000 1.000000 1.000000
0.240000 0.790000 1.000000 1.000000
0.240000 0.790000 1.000000 1.000000
0.240000 0.790000 1.000000 1.000000
0.240000 0.790000 1.000000 1.000000
0.240000 0.790000 1.000000 1.000000
0.240000 0.790000 1.000000 1.000000
0.240000 0.790000 1.000000 1.000000
0.240000 0.790000 1.000000 1.000000
0.240000 0.790000 1.000000 1.000000
0.240000 0.790000 1.000000 1.000000
0.240000 0.790000 1.000000 1.000000
0.240000 0.790000 1.000000 1.000000
0.240000 0.790000 1.000000 1.000000
0.240000 0.790000 1.000000 1.000000
0.240000 0.790000 1.000000 1.000000
0.240000 0.790000 1.000000 1.000000
0.240000 0.790000 1.000000 1.000000
0.240000 0.790000 1.000000 1.000000
0.240000 0.790000 1.000000 1.000000
0.240000 0.790000 1.000000 1.000000
0.240000 0.790000 1.000000 1.000000
0.240000 0.790000 1.000000 1.000000
0.240000 0.790000 1.000000 1.000000
0.240000 0.790000 1.000000 1.000000
0.240000 0.790000 1.000000 1.000000
0.240000 0.790000 1.000000 1.000000
0.240000 0.790000 1.000000 1.000000
0.240000 0.790000 1.000000 1.000000
0.240000 0.790000 1.000000 1.000000
0.240000 0.790000 1.000000 1.000000
0.240000 0.790000 1.000000 1.000000
0.240000 0.790000 1.000000 1.000000
0.240000 0.790000 1.000000 1.000000
0.240000 0.790000 1.000000 1.000000
0.240000 0.790000 1.000000 1.000000
0.240000 0.790000 1.000000 1.000000
0.240000 0.790000 1.000000 1.000000
0.240000 0.790000 1.000000 1.000000
0.240000 0.790000 1.000000 1.000000
0.240000 0.790000 1.000000 1.000000
0.240000 0.790000 1.000000 1.000000
0.240000 0.790000 1.000000 1.000000
0.240000 0.790000 1.000000 1.000000
0.240000 0.790000 1.000000 1.000000
0.240000 0.790000 1.000000 1.000000
0.240000 0.790000 1.000000 1.000000
0.240000 0.790000 1.000000 1.000000
0.240000 0.790000 1.000000 1.000000
0.240000 0.790000 1.000000 1.000000
0.240000 0.790000 1.000000 1.000000
0.240000 0.790000 1.000000 1.000000
0.240000 0.790000 1.000000 1.000000
0.240000 0.790000 1.000000 1.000000
0.240000 0.790000 1.000000 1.000000
0.240000 0.790000 1.000000 1.000000
0.240000 0.790000 1.000000 1.000000
0.240000 0.790000 1.000000 1.000000
0.240000 0.790000 1.000000 1.000000
0.240000 0.790000 1.000000 1.000000
0.240000 0.790000 1.000000 1.000000
0.240000 0.790000 1.000000 1.000000
0.240000 0.790000 1.000000 1.000000
0.240000 0.790000 1.000000 1.000000
0.240000 0.790000 1.000000 1.000000
0.240000 0.790000 1.000000 1.000000
0.240000 0.790000 1.000000 1.000000
0.240000 0.790000 1.000000 1.000000
0.240000 0.790000 1.000000 1.000000
0.240000 0.790000 1.000000 1.000000
0.240000 0.790000 1.000000 1.000000
0.240000 0.790000 1.000000 1.000000
0.240000 0.790000 1.000000 1.000000
0.240000 0.790000 1.000000 1.000000
0.240000 0.790000 1.000000 1.000000
0.240000 0.790000 1.000000 1.000000
0.240000 0.790000 1.000000 1.000000
0.240000 0.790000 1.000000 1.000000
0.240000 0.790000 1.000000 1.000000
0.240000 0.790000 1.000000 1.000000
0.240000 0.790000 1.000000 1.000000
0.240000 0.790000 1.000000 1.000000
0.240000 0.790000 1.000000 1.000000
0.240000 0.790000 1.000000 1.000000
0.240000 0.790000 1.000000 1.000000
0.240000 0.790000 1.000000 1.000000
0.240000 0.790000 1.000000 1.000000
0.240000 0.790000 1.000000 1.000000
0.240000 0.790000 1.000000 1.000000
0.240000 0.790000 1.000000 1.000000
0.240000 0.790000 1.000000 1.000000
0.240000 0.790000 1.000000 1.000000
0.240000 0.790000 1.000000 1.000000
0.240000 0.790000 1.000000 1.000000
0.240000 0.790000 1.000000 1.000000
0.240000 0.790000 1.000000 1.000000
0.240000 0.790000 1.000000 1.000000
0.240000 0.790000 1.000000 1.000000
0.240000 0.790000 1.000000 1.000000
0.240000 0.790000 1.000000 1.000000
0.240000 0.790000 1.000000 1.000000
0.240000 0.790000 1.000000 1.000000
0.240000 0.790000 1.000000 1.000000
0.240000 0.790000 1.000000 1.000000
0.240000 0.790000 1.000000 1.000000
0.240000 0.790000 1.000000 1.000000
0.240000 0.790000 1.000000 1.000000
0.240000 0.790000 1.000000 1.000000
0.240000 0.790000 1.000000 1.000000
0.240000 0.790000 1.000000 1.000000
0.240000 0.790000 1.000000 1.000000
0.240000 0.790000 1.000000 1.000000
0.240000 0.790000 1.000000 1.000000
0.240000 0.790000 1.000000 1.000000
0.240000 0.790000 1.000000 1.000000
0.240000 0.790000 1.000000 1.000000
0.240000 0.790000 1.000000 1.000000
0.240000 0.790000 1.000000 1.000000
0.240000 0.790000 1.000000 1.000000
0.240000 0.790000 1.000000 1.000000
0.240000 0.790000 1.000000 1.000000
0.240000 0.790000 1.000000 1.000000
0.240000 0.790000 1.000000 1.000000
0.240000 0.790000 1.000000 1.000000
0.240000 0.790000 1.000000 1.000000
0.240000 0.790000 1.000000 1.000000
0.240000 0.790000 1.000000 1.000000
0.240000 0.790000 1.000000 1.000000
0.240000 0.790000 1.000000 1.000000
0.240000 0.790000 1.000000 1.000000
0.240000 0.790000 1.000000 1.000000
0.240000 0.790000 1.000000 1.000000
0.240000 0.790000 1.000000 1.000000
0.240000 0.790000 1.000000 1.000000
0.240000 0.790000 1.000000 1.000000
0.240000 0.790000 1.000000 1.000000
0.240000 0.790000 1.000000 1.000000
0.240000 0.790000 1.000000 1.000000
0.240000 0.790000 1.000000 1.000000
0.240000 0.790000 1.000000 1.000000
0.240000 0.790000 1.000000 1.000000
0.240000 0.790000 1.000000 1.000000
0.240000 0.790000 1.000000 1.000000
0.240000 0.790000 1.000000 1.000000
0.240000 0.790000 1.000000 1.000000
0.240000 0.790000 1.000000 1.000000
0.240000 0.790000 1.000000 1.000000
0.240000 0.790000 1.000000 1.000000
0.240000 0.790000 1.000000 1.000000
0.240000 0.790000 1.000000 1.000000
0.240000 0.790000 1.000000 1.000000
0.240000 0.790000 1.000000 1.000000
0.240000 0.790000 1.000000 1.000000
0.240000 0.790000 1.000000 1.000000
0.240000 0.790000 1.000000 1.000000
0.240000 0.790000 1.000000 1.000000
0.240000 0.790000 1.000000 1.000000
0.240000 0.790000 1.000000 1.000000
0.240000 0.790000 1.000000 1.000000
0.240000 0.790000 1.000000 1.000000
0.240000 0.790000 1.000000 1.000000
0.240000 0.790000 1.000000 1.000000
0.240000 0.790000 1.000000 1.000000
0.240000 0.790000 1.000000 1.000000
0.240000 0.790000 1.000000 1.000000
0.240000 0.790000 1.000000 1.000000
0.240000 0.790000 1.000000 1.000000
0.240000 0.790000 1.000000 1.000000
0.240000 0.790000 1.000000 1.000000
0.240000 0.790000 1.000000 1.000000
0.240000 0.790000 1.000000 1.000000
0.240000 0.790000 1.000000 1.000000
0.240000 0.790000 1.000000 1.000000
0.240000 0.790000 1.000000 1.000000
0.240000 0.790000 1.000000 1.000000
0.240000 0.790000 1.000000 1.000000
0.240000 0.790000 1.000000 1.000000
0.240000 0.790000 1.000000 1.000000
0.240000 0.790000 1.000000 1.000000
0.240000 0.790000 1.000000 1.000000
0.240000 0.790000 1.000000 1.000000
0.240000 0.790000 1.000000 1.000000
0.240000 0.790000 1.000000 1.000000
0.240000 0.790000 1.000000 1.000000
0.240000 0.790000 1.000000 1.000000
0.240000 0.790000 1.000000 1.000000
0.240000 0.790000 1.000000 1.000000
0.240000 0.790000 1.000000 1.000000
0.240000 0.790000 1.000000 1.000000
0.240000 0.790000 1.000000 1.000000
0.240000 0.790000 1.000000 1.000000
0.240000 0.790000 1.000000 1.000000
0.240000 0.790000 1.000000 1.000000
0.240000 0.790000 1.000000 1.000000
0.240000 0.790000 1.000000 1.000000
0.240000 0.790000 1.000000 1.000000
0.240000 0.790000 1.000000 1.000000
0.240000 0.790000 1.000000 1.000000
0.240000 0.790000 1.000000 1.000000
0.240000 0.790000 1.000000 1.000000
0.240000 0.790000 1.000000 1.000000
0.240000 0.790000 1.000000 1.000000
0.240000 0.790000 1.000000 1.000000
0.240000 0.790000 1.000000 1.000000
0.240000 0.790000 1.000000 1.000000
0.240000 0.790000 1.000000 1.000000
0.240000 0.790000 1.000000 1.000000
0.240000 0.790000 1.000000 1.000000
0.240000 0.790000 1.000000 1.000000
0.240000 0.790000 1.000000 1.000000
0.240000 0.790000 1.000000 1.000000
0.240000 0.790000 1.000000 1.000000
0.240000 0.790000 1.000000 1.000000
0.240000 0.790000 1.000000 1.000000
0.240000 0.790000 1.000000 1.000000
0.240000 0.790000 1.000000 1.000000
0.240000 0.790000 1.000000 1.000000
0.240000 0.790000 1.000000 1.000000
0.240000 0.790000 1.000000 1.000000
0.240000 0.790000 1.000000 1.000000
0.240000 0.790000 1.000000 1.000000
0.240000 0.790000 1.000000 1.000000
0.240000 0.790000 1.000000 1.000000
0.240000 0.790000 1.000000 1.000000
0.240000 0.790000 1.000000 1.000000
0.240000 0.790000 1.000000 1.000000
0.240000 0.790000 1.000000 1.000000
0.240000 0.790000 1.000000 1.000000
0.240000 0.790000 1.000000 1.000000
0.240000 0.790000 1.000000 1.000000
0.240000 0.790000 1.000000 1.000000
0.240000 0.790000 1.000000 1.000000
0.240000 0.790000 1.000000 1.000000
0.240000 0.790000 1.000000 1.000000
0.240000 0.790000 1.000000 1.000000
0.240000 0.790000 1.000000 1.000000
0.240000 0.790000 1.000000 1.000000
0.240000 0.790000 1.000000 1.000000
0.240000 0.790000 1.000000 1.000000
0.240000 0.790000 1.000000 1.000000
0.240000 0.790000 1.000000 1.000000
0.240000 0.790000 1.000000 1.000000
0.240000 0.790000 1.000000 1.000000
0.240000 0.790000 1.000000 1.000000
0.240000 0.790000 1.000000 1.000000
0.240000 0.790000 1.000000 1.000000
0.240000 0.790000 1.000000 1.000000
0.240000 0.790000 1.000000 1.000000
0.240000 0.790000 1.000000 1.000000
0.240000 0.790000 1.000000 1.000000
0.240000 0.790000 1.000000 1.000000
0.240000 0.790000 1.000000 1.000000
0.240000 0.790000 1.000000 1.000000
0.240000 0.790000 1.000000 1.000000
0.240000 0.790000 1.000000 1.000000
0.240000 0.790000 1.000000 1.000000
0.240000 0.790000 1.000000 1.000000
0.240000 0.790000 1.000000 1.000000
0.240000 0.790000 1.000000 1.000000
0.240000 0.790000 1.000000 1.000000
0.240000 0.790000 1.000000 1.000000
0.240000 0.790000 1.000000 1.000000
0.240000 0.790000 1.000000 1.000000
0.240000 0.790000 1.000000 1.000000
0.240000 0.790000 1.000000 1.000000
0.240000 0.790000 1.000000 1.000000
0.240000 0.790000 1.000000 1.000000
0.240000 0.790000 1.000000 1.000000
0.240000 0.790000 1.000000 1.000000
0.240000 0.790000 1.000000 1.000000
0.240000 0.790000 1.000000 1.000000
0.240000 0.790000 1.000000 1.000000
0.240000 0.790000 1.000000 1.000000
0.240000 0.790000 1.000000 1.000000
0.240000 0.790000 1.000000 1.000000
0.240000 0.790000 1.000000 1.000000
0.240000 0.790000 1.000000 1.000000
0.240000 0.790000 1.000000 1.000000
0.240000 0.790000 1.000000 1.000000
0.240000 0.790000 1.000000 1.000000
0.240000 0.790000 1.000000 1.000000
0.240000 0.790000 1.000000 1.000000
0.240000 0.790000 1.000000 1.000000
0.240000 0.790000 1.000000 1.000000
0.240000 0.790000 1.000000 1.000000
0.240000 0.790000 1.000000 1.000000
0.240000 0.790000 1.000000 1.000000
0.240000 0.790000 1.000000 1.000000
0.240000 0.790000 1.000000 1.000000
0.240000 0.790000 1.000000 1.000000
0.240000 0.790000 1.000000 1.000000
0.240000 0.790000 1.000000 1.000000
0.240000 0.790000 1.000000 1.000000
0.240000 0.790000 1.000000 1.000000
0.240000 0.790000 1.000000 1.000000
0.240000 0.790000 1.000000 1.000000
0.240000 0.790000 1.000000 1.000000
0.240000 0.790000 1.000000 1.000000
0.240000 0.790000 1.000000 1.000000
0.240000 0.790000 1.000000 1.000000
0.240000 0.790000 1.000000 1.000000
0.240000 0.790000 1.000000 1.000000
0.240000 0.790000 1.000000 1.000000
0.240000 0.790000 1.000000 1.000000
0.240000 0.790000 1.000000 1.000000
0.240000 0.790000 1.000000 1.000000
0.240000 0.790000 1.000000 1.000000
0.240000 0.790000 1.000000 1.000000
0.240000 0.790000 1.000000 1.000000
0.240000 0.790000 1.000000 1.000000
0.240000 0.790000 1.000000 1.000000
0.240000 0.790000 1.000000 1.000000
0.240000 0.790000 1.000000 1.000000
0.240000 0.790000 1.000000 1.000000
0.240000 0.790000 1.000000 1.000000
0.240000 0.790000 1.000000 1.000000
0.240000 0.790000 1.000000 1.000000
0.240000 0.790000 1.000000 1.000000
0.240000 0.790000 1.000000 1.000000
0.240000 0.790000 1.000000 1.000000
0.240000 0.790000 1.000000 1.000000
0.240000 0.790000 1.000000 1.000000
0.240000 0.790000 1.000000 1.000000
0.240000 0.790000 1.000000 1.000000
0.240000 0.790000 1.000000 1.000000
0.240000 0.790000 1.000000 1.000000
0.240000 0.790000 1.000000 1.000000
0.240000 0.790000 1.000000 1.000000
0.240000 0.790000 1.000000 1.000000
0.240000 0.790000 1.000000 1.000000
0.240000 0.790000 1.000000 1.000000
0.240000 0.790000 1.000000 1.000000
0.240000 0.790000 1.000000 1.000000
0.240000 0.790000 1.000000 1.000000
0.240000 0.790000 1.000000 1.000000
0.240000 0.790000 1.000000 1.000000
0.240000 0.790000 1.000000 1.000000
0.240000 0.790000 1.000000 1.000000
0.240000 0.790000 1.000000 1.000000
0.240000 0.790000 1.000000 1.000000
0.240000 0.790000 1.000000 1.000000
0.240000 0.790000 1.000000 1.000000
0.240000 0.790000 1.000000 1.000000
0.240000 0.790000 1.000000 1.000000
0.240000 0.790000 1.000000 1.000000
0.240000 0.790000 1.000000 1.000000
0.240000 0.790000 1.000000 1.000000
0.240000 0.790000 1.000000 1.000000
0.240000 0.790000 1.000000 1.000000
0.240000 0.790000 1.000000 1.000000
0.240000 0.790000 1.000000 1.000000
0.240000 0.790000 1.000000 1.000000
0.240000 0.790000 1.000000 1.000000
0.240000 0.790000 1.000000 1.000000
0.240000 0.790000 1.000000 1.000000
0.240000 0.790000 1.000000 1.000000
0.240000 0.790000 1.000000 1.000000
0.240000 0.790000 1.000000 1.000000
0.240000 0.790000 1.000000 1.000000
0.240000 0.790000 1.000000 1.000000
0.240000 0.790000 1.000000 1.000000
0.240000 0.790000 1.000000 1.000000
0.240000 0.790000 1.000000 1.000000
0.240000 0.790000 1.000000 1.000000
0.240000 0.790000 1.000000 1.000000
0.240000 0.790000 1.000000 1.000000
0.240000 0.790000 1.000000 1.000000
0.240000 0.790000 1.000000 1.000000
0.240000 0.790000 1.000000 1.000000
0.240000 0.790000 1.000000 1.000000
0.240000 0.790000 1.000000 1.000000
0.240000 0.790000 1.000000 1.000000
0.240000 0.790000 1.000000 1.000000
0.240000 0.790000 1.000000 1.000000
0.240000 0.790000 1.000000 1.000000
0.240000 0.790000 1.000000 1.000000
0.240000 0.790000 1.000000 1.000000
0.240000 0.790000 1.000000 1.000000
0.240000 0.790000 1.000000 1.000000
0.240000 0.790000 1.000000 1.000000
0.240000 0.790000 1.000000 1.000000
0.240000 0.790000 1.000000 1.000000
0.240000 0.790000 1.000000 1.000000
0.240000 0.790000 1.000000 1.000000
0.240000 0.790000 1.000000 1.000000
0.240000 0.790000 1.000000 1.000000
0.240000 0.790000 1.000000 1.000000
0.240000 0.790000 1.000000 1.000000
0.240000 0.790000 1.000000 1.000000
0.240000 0.790000 1.000000 1.000000
0.240000 0.790000 1.000000 1.000000
0.240000 0.790000 1.000000 1.000000
0.240000 0.790000 1.000000 1.000000
0.240000 0.790000 1.000000 1.000000
0.240000 0.790000 1.000000 1.000000
0.240000 0.790000 1.000000 1.000000
0.240000 0.790000 1.000000 1.000000
0.240000 0.790000 1.000000 1.000000
0.240000 0.790000 1.000000 1.000000
0.240000 0.790000 1.000000 1.000000
0.240000 0.790000 1.000000 1.000000
0.240000 0.790000 1.000000 1.000000
0.240000 0.790000 1.000000 1.000000
0.240000 0.790000 1.000000 1.000000
0.240000 0.790000 1.000000 1.000000
0.240000 0.790000 1.000000 1.000000
0.240000 0.790000 1.000000 1.000000
0.240000 0.790000 1.000000 1.000000
0.240000 0.790000 1.000000 1.000000
0.240000 0.790000 1.000000 1.000000
0.240000 0.790000 1.000000 1.000000
0.240000 0.790000 1.000000 1.000000
0.240000 0.790000 1.000000 1.000000
0.240000 0.790000 1.000000 1.000000
0.240000 0.790000 1.000000 1.000000
0.240000 0.790000 1.000000 1.000000
0.240000 0.790000 1.000000 1.000000
0.240000 0.790000 1.000000 1.000000
0.240000 0.790000 1.000000 1.000000
0.240000 0.790000 1.000000 1.000000
0.240000 0.790000 1.000000 1.000000
0.240000 0.790000 1.000000 1.000000
0.240000 0.790000 1.000000 1.000000
0.240000 0.790000 1.000000 1.000000
0.240000 0.790000 1.000000 1.000000
0.240000 0.790000 1.000000 1.000000
0.240000 0.790000 1.000000 1.000000
0.240000 0.790000 1.000000 1.000000
0.240000 0.790000 1.000000 1.000000
0.240000 0.790000 1.000000 1.000000
0.240000 0.790000 1.000000 1.000000
0.240000 0.790000 1.000000 1.000000
0.240000 0.790000 1.000000 1.000000
0.240000 0.790000 1.000000 1.000000
0.240000 0.790000 1.000000 1.000000
0.240000 0.790000 1.000000 1.000000
0.240000 0.790000 1.000000 1.000000
0.240000 0.790000 1.000000 1.000000
0.240000 0.790000 1.000000 1.000000
0.240000 0.790000 1.000000 1.000000
0.240000 0.790000 1.000000 1.000000
0.240000 0.790000 1.000000 1.000000
0.240000 0.790000 1.000000 1.000000
0.240000 0.790000 1.000000 1.000000
0.240000 0.790000 1.000000 1.000000
0.240000 0.790000 1.000000 1.000000
0.240000 0.790000 1.000000 1.000000
0.240000 0.790000 1.000000 1.000000
0.240000 0.790000 1.000000 1.000000
0.240000 0.790000 1.000000 1.000000
0.240000 0.790000 1.000000 1.000000
0.240000 0.790000 1.000000 1.000000
0.240000 0.790000 1.000000 1.000000
0.240000 0.790000 1.000000 1.000000
0.240000 0.790000 1.000000 1.000000
0.240000 0.790000 1.000000 1.000000
0.240000 0.790000 1.000000 1.000000
0.240000 0.790000 1.000000 1.000000
0.240000 0.790000 1.000000 1.000000
0.240000 0.790000 1.000000 1.000000
0.240000 0.790000 1.000000 1.000000
0.240000 0.790000 1.000000 1.000000
0.240000 0.790000 1.000000 1.000000
0.240000 0.790000 1.000000 1.000000
0.240000 0.790000 1.000000 1.000000
0.240000 0.790000 1.000000 1.000000
0.240000 0.790000 1.000000 1.000000
0.240000 0.790000 1.000000 1.000000
0.240000 0.790000 1.000000 1.000000
0.240000 0.790000 1.000000 1.000000
0.240000 0.790000 1.000000 1.000000
0.240000 0.790000 1.000000 1.000000
0.240000 0.790000 1.000000 1.000000
0.240000 0.790000 1.000000 1.000000
0.240000 0.790000 1.000000 1.000000
0.240000 0.790000 1.000000 1.000000
0.240000 0.790000 1.000000 1.000000
0.240000 0.790000 1.000000 1.000000
0.240000 0.790000 1.000000 1.000000
0.240000 0.790000 1.000000 1.000000
0.240000 0.790000 1.000000 1.000000
0.240000 0.790000 1.000000 1.000000
0.240000 0.790000 1.000000 1.000000
0.240000 0.790000 1.000000 1.000000
0.240000 0.790000 1.000000 1.000000
0.240000 0.790000 1.000000 1.000000
0.240000 0.790000 1.000000 1.000000
0.240000 0.790000 1.000000 1.000000
0.240000 0.790000 1.000000 1.000000
0.240000 0.790000 1.000000 1.000000
0.240000 0.790000 1.000000 1.000000
0.240000 0.790000 1.000000 1.000000
0.240000 0.790000 1.000000 1.000000
0.240000 0.790000 1.000000 1.000000
0.240000 0.790000 1.000000 1.000000
0.240000 0.790000 1.000000 1.000000
0.240000 0.790000 1.000000 1.000000
0.240000 0.790000 1.000000 1.000000
0.240000 0.790000 1.000000 1.000000
0.240000 0.790000 1.000000 1.000000
0.240000 0.790000 1.000000 1.000000
0.240000 0.790000 1.000000 1.000000
0.240000 0.790000 1.000000 1.000000
0.240000 0.790000 1.000000 1.000000
0.240000 0.790000 1.000000 1.000000
0.240000 0.790000 1.000000 1.000000
0.240000 0.790000 1.000000 1.000000
0.240000 0.790000 1.000000 1.000000
0.240000 0.790000 1.000000 1.000000
0.240000 0.790000 1.000000 1.000000
0.240000 0.790000 1.000000 1.000000
0.240000 0.790000 1.000000 1.000000
0.240000 0.790000 1.000000 1.000000
0.240000 0.790000 1.000000 1.000000
0.240000 0.790000 1.000000 1.000000
0.240000 0.790000 1.000000 1.000000
0.240000 0.790000 1.000000 1.000000
0.240000 0.790000 1.000000 1.000000
0.240000 0.790000 1.000000 1.000000
0.240000 0.790000 1.000000 1.000000
0.240000 0.790000 1.000000 1.000000
0.240000 0.790000 1.000000 1.000000
0.240000 0.790000 1.000000 1.000000
0.240000 0.790000 1.000000 1.000000
0.240000 0.790000 1.000000 1.000000
0.240000 0.790000 1.000000 1.000000
0.240000 0.790000 1.000000 1.000000
0.240000 0.790000 1.000000 1.000000
0.240000 0.790000 1.000000 1.000000
0.240000 0.790000 1.000000 1.000000
0.240000 0.790000 1.000000 1.000000
0.240000 0.790000 1.000000 1.000000
0.240000 0.790000 1.000000 1.000000
0.240000 0.790000 1.000000 1.000000
0.240000 0.790000 1.000000 1.000000
0.240000 0.790000 1.000000 1.000000
0.240000 0.790000 1.000000 1.000000
0.240000 0.790000 1.000000 1.000000
0.240000 0.790000 1.000000 1.000000
0.240000 0.790000 1.000000 1.000000
0.240000 0.790000 1.000000 1.000000
0.240000 0.790000 1.000000 1.000000
0.240000 0.790000 1.000000 1.000000
0.240000 0.790000 1.000000 1.000000
0.240000 0.790000 1.000000 1.000000
0.240000 0.790000 1.000000 1.000000
0.240000 0.790000 1.000000 1.000000
0.240000 0.790000 1.000000 1.000000
0.240000 0.790000 1.000000 1.000000
0.240000 0.790000 1.000000 1.000000
0.240000 0.790000 1.000000 1.000000
0.240000 0.790000 1.000000 1.000000
0.240000 0.790000 1.000000 1.000000
0.240000 0.790000 1.000000 1.000000
0.240000 0.790000 1.000000 1.000000
0.240000 0.790000 1.000000 1.000000
0.240000 0.790000 1.000000 1.000000
0.240000 0.790000 1.000000 1.000000
0.240000 0.790000 1.000000 1.000000
0.240000 0.790000 1.000000 1.000000
0.240000 0.790000 1.000000 1.000000
0.240000 0.790000 1.000000 1.000000
0.240000 0.790000 1.000000 1.000000
0.240000 0.790000 1.000000 1.000000
0.240000 0.790000 1.000000 1.000000
0.240000 0.790000 1.000000 1.000000
0.240000 0.790000 1.000000 1.000000
0.240000 0.790000 1.000000 1.000000
0.240000 0.790000 1.000000 1.000000
0.240000 0.790000 1.000000 1.000000
0.240000 0.790000 1.000000 1.000000
0.240000 0.790000 1.000000 1.000000
0.240000 0.790000 1.000000 1.000000
0.240000 0.790000 1.000000 1.000000
0.240000 0.790000 1.000000 1.000000
0.240000 0.790000 1.000000 1.000000
0.240000 0.790000 1.000000 1.000000
0.240000 0.790000 1.000000 1.000000
0.240000 0.790000 1.000000 1.000000
0.240000 0.790000 1.000000 1.000000
0.240000 0.790000 1.000000 1.000000
0.240000 0.790000 1.000000 1.000000
0.240000 0.790000 1.000000 1.000000
0.240000 0.790000 1.000000 1.000000
0.240000 0.790000 1.000000 1.000000
0.240000 0.790000 1.000000 1.000000
0.240000 0.790000 1.000000 1.000000
0.240000 0.790000 1.000000 1.000000
0.240000 0.790000 1.000000 1.000000
0.240000 0.790000 1.000000 1.000000
0.240000 0.790000 1.000000 1.000000
0.240000 0.790000 1.000000 1.000000
0.240000 0.790000 1.000000 1.000000
0.240000 0.790000 1.000000 1.000000
0.240000 0.790000 1.000000 1.000000
0.240000 0.790000 1.000000 1.000000
0.240000 0.790000 1.000000 1.000000
0.240000 0.790000 1.000000 1.000000
0.240000 0.790000 1.000000 1.000000
0.240000 0.790000 1.000000 1.000000
0.240000 0.790000 1.000000 1.000000
0.240000 0.790000 1.000000 1.000000
0.240000 0.790000 1.000000 1.000000
0.240000 0.790000 1.000000 1.000000
0.240000 0.790000 1.000000 1.000000
0.240000 0.790000 1.000000 1.000000
0.240000 0.790000 1.000000 1.000000
0.240000 0.790000 1.000000 1.000000
0.240000 0.790000 1.000000 1.000000
0.240000 0.790000 1.000000 1.000000
0.240000 0.790000 1.000000 1.000000
0.240000 0.790000 1.000000 1.000000
0.240000 0.790000 1.000000 1.000000
0.240000 0.790000 1.000000 1.000000
0.240000 0.790000 1.000000 1.000000
0.240000 0.790000 1.000000 1.000000
0.240000 0.790000 1.000000 1.000000
0.240000 0.790000 1.000000 1.000000
0.240000 0.790000 1.000000 1.000000
0.240000 0.790000 1.000000 1.000000
0.240000 0.790000 1.000000 1.000000
0.240000 0.790000 1.000000 1.000000
0.240000 0.790000 1.000000 1.000000
0.240000 0.790000 1.000000 1.000000
0.240000 0.790000 1.000000 1.000000
0.240000 0.790000 1.000000 1.000000
0.240000 0.790000 1.000000 1.000000
0.240000 0.790000 1.000000 1.000000
0.240000 0.790000 1.000000 1.000000
0.240000 0.790000 1.000000 1.000000
0.240000 0.790000 1.000000 1.000000
0.240000 0.790000 1.000000 1.000000
0.240000 0.790000 1.000000 1.000000
0.240000 0.790000 1.000000 1.000000
0.240000 0.790000 1.000000 1.000000
0.240000 0.790000 1.000000 1.000000
0.240000 0.790000 1.000000 1.000000
0.240000 0.790000 1.000000 1.000000
0.240000 0.790000 1.000000 1.000000
0.240000 0.790000 1.000000 1.000000
0.240000 0.790000 1.000000 1.000000
0.240000 0.790000 1.000000 1.000000
0.240000 0.790000 1.000000 1.000000
0.240000 0.790000 1.000000 1.000000
0.240000 0.790000 1.000000 1.000000
0.240000 0.790000 1.000000 1.000000
0.240000 0.790000 1.000000 1.000000
0.240000 0.790000 1.000000 1.000000
0.240000 0.790000 1.000000 1.000000
0.240000 0.790000 1.000000 1.000000
0.240000 0.790000 1.000000 1.000000
0.240000 0.790000 1.000000 1.000000
0.240000 0.790000 1.000000 1.000000
0.240000 0.790000 1.000000 1.000000
0.240000 0.790000 1.000000 1.000000
0.240000 0.790000 1.000000 1.000000
0.240000 0.790000 1.000000 1.000000
0.240000 0.790000 1.000000 1.000000
0.240000 0.790000 1.000000 1.000000
0.240000 0.790000 1.000000 1.000000
0.240000 0.790000 1.000000 1.000000
0.240000 0.790000 1.000000 1.000000
0.240000 0.790000 1.000000 1.000000
0.240000 0.790000 1.000000 1.000000
0.240000 0.790000 1.000000 1.000000
0.240000 0.790000 1.000000 1.000000
0.240000 0.790000 1.000000 1.000000
0.240000 0.790000 1.000000 1.000000
0.240000 0.790000 1.000000 1.000000
0.240000 0.790000 1.000000 1.000000
0.240000 0.790000 1.000000 1.000000
0.240000 0.790000 1.000000 1.000000
0.240000 0.790000 1.000000 1.000000
0.240000 0.790000 1.000000 1.000000
0.240000 0.790000 1.000000 1.000000
0.240000 0.790000 1.000000 1.000000
0.240000 0.790000 1.000000 1.000000
0.240000 0.790000 1.000000 1.000000
0.240000 0.790000 1.000000 1.000000
0.240000 0.790000 1.000000 1.000000
0.240000 0.790000 1.000000 1.000000
0.240000 0.790000 1.000000 1.000000
0.240000 0.790000 1.000000 1.000000
0.240000 0.790000 1.000000 1.000000
0.240000 0.790000 1.000000 1.000000
0.240000 0.790000 1.000000 1.000000
0.240000 0.790000 1.000000 1.000000
0.240000 0.790000 1.000000 1.000000
0.240000 0.790000 1.000000 1.000000
0.240000 0.790000 1.000000 1.000000
0.240000 0.790000 1.000000 1.000000
0.240000 0.790000 1.000000 1.000000
0.240000 0.790000 1.000000 1.000000
0.240000 0.790000 1.000000 1.000000
0.240000 0.790000 1.000000 1.000000
0.240000 0.790000 1.000000 1.000000
0.240000 0.790000 1.000000 1.000000
0.240000 0.790000 1.000000 1.000000
0.240000 0.790000 1.000000 1.000000
0.240000 0.790000 1.000000 1.000000
0.240000 0.790000 1.000000 1.000000
0.240000 0.790000 1.000000 1.000000
0.240000 0.790000 1.000000 1.000000
0.240000 0.790000 1.000000 1.000000
0.240000 0.790000 1.000000 1.000000
0.240000 0.790000 1.000000 1.000000
0.240000 0.790000 1.000000 1.000000
0.240000 0.790000 1.000000 1.000000
0.240000 0.790000 1.000000 1.000000
0.240000 0.790000 1.000000 1.000000
0.240000 0.790000 1.000000 1.000000
0.240000 0.790000 1.000000 1.000000
0.240000 0.790000 1.000000 1.000000
0.240000 0.790000 1.000000 1.000000
0.240000 0.790000 1.000000 1.000000
0.240000 0.790000 1.000000 1.000000
0.240000 0.790000 1.000000 1.000000
0.240000 0.790000 1.000000 1.000000
0.240000 0.790000 1.000000 1.000000
0.240000 0.790000 1.000000 1.000000
0.240000 0.790000 1.000000 1.000000
0.240000 0.790000 1.000000 1.000000
0.240000 0.790000 1.000000 1.000000
0.240000 0.790000 1.000000 1.000000
0.240000 0.790000 1.000000 1.000000
0.240000 0.790000 1.000000 1.000000
0.240000 0.790000 1.000000 1.000000
0.240000 0.790000 1.000000 1.000000
0.240000 0.790000 1.000000 1.000000
0.240000 0.790000 1.000000 1.000000
0.240000 0.790000 1.000000 1.000000
0.240000 0.790000 1.000000 1.000000
0.240000 0.790000 1.000000 1.000000
0.240000 0.790000 1.000000 1.000000
0.240000 0.790000 1.000000 1.000000
0.240000 0.790000 1.000000 1.000000
0.240000 0.790000 1.000000 1.000000
0.240000 0.790000 1.000000 1.000000
0.240000 0.790000 1.000000 1.000000
0.240000 0.790000 1.000000 1.000000
0.240000 0.790000 1.000000 1.000000
0.240000 0.790000 1.000000 1.000000
0.240000 0.790000 1.000000 1.000000
0.240000 0.790000 1.000000 1.000000
0.240000 0.790000 1.000000 1.000000
0.240000 0.790000 1.000000 1.000000
0.240000 0.790000 1.000000 1.000000
0.240000 0.790000 1.000000 1.000000
0.240000 0.790000 1.000000 1.000000
0.240000 0.790000 1.000000 1.000000
0.240000 0.790000 1.000000 1.000000
0.240000 0.790000 1.000000 1.000000
0.240000 0.790000 1.000000 1.000000
0.240000 0.790000 1.000000 1.000000
0.240000 0.790000 1.000000 1.000000
0.240000 0.790000 1.000000 1.000000
0.240000 0.790000 1.000000 1.000000
0.240000 0.790000 1.000000 1.000000
0.240000 0.790000 1.000000 1.000000
0.240000 0.790000 1.000000 1.000000
0.240000 0.790000 1.000000 1.000000
0.240000 0.790000 1.000000 1.000000
0.240000 0.790000 1.000000 1.000000
0.240000 0.790000 1.000000 1.000000
0.240000 0.790000 1.000000 1.000000
0.240000 0.790000 1.000000 1.000000
0.240000 0.790000 1.000000 1.000000
0.240000 0.790000 1.000000 1.000000
0.240000 0.790000 1.000000 1.000000
0.240000 0.790000 1.000000 1.000000
0.240000 0.790000 1.000000 1.000000
0.240000 0.790000 1.000000 1.000000
0.240000 0.790000 1.000000 1.000000
0.240000 0.790000 1.000000 1.000000
0.240000 0.790000 1.000000 1.000000
0.240000 0.790000 1.000000 1.000000
0.240000 0.790000 1.000000 1.000000
0.240000 0.790000 1.000000 1.000000
0.240000 0.790000 1.000000 1.000000
0.240000 0.790000 1.000000 1.000000
0.240000 0.790000 1.000000 1.000000
0.240000 0.790000 1.000000 1.000000
0.240000 0.790000 1.000000 1.000000
0.240000 0.790000 1.000000 1.000000
0.240000 0.790000 1.000000 1.000000
0.240000 0.790000 1.000000 1.000000
0.240000 0.790000 1.000000 1.000000
0.240000 0.790000 1.000000 1.000000
0.240000 0.790000 1.000000 1.000000
0.240000 0.790000 1.000000 1.000000
0.240000 0.790000 1.000000 1.000000
0.240000 0.790000 1.000000 1.000000
0.240000 0.790000 1.000000 1.000000
0.240000 0.790000 1.000000 1.000000
0.240000 0.790000 1.000000 1.000000
0.240000 0.790000 1.000000 1.000000
0.240000 0.790000 1.000000 1.000000
0.240000 0.790000 1.000000 1.000000
0.240000 0.790000 1.000000 1.000000
0.240000 0.790000 1.000000 1.000000
0.240000 0.790000 1.000000 1.000000
0.240000 0.790000 1.000000 1.000000
0.240000 0.790000 1.000000 1.000000
0.240000 0.790000 1.000000 1.000000
0.240000 0.790000 1.000000 1.000000
0.240000 0.790000 1.000000 1.000000
0.240000 0.790000 1.000000 1.000000
0.240000 0.790000 1.000000 1.000000
0.240000 0.790000 1.000000 1.000000
0.240000 0.790000 1.000000 1.000000
0.240000 0.790000 1.000000 1.000000
0.240000 0.790000 1.000000 1.000000
0.240000 0.790000 1.000000 1.000000
0.240000 0.790000 1.000000 1.000000
0.240000 0.790000 1.000000 1.000000
0.240000 0.790000 1.000000 1.000000
0.240000 0.790000 1.000000 1.000000
0.240000 0.790000 1.000000 1.000000
0.240000 0.790000 1.000000 1.000000
0.240000 0.790000 1.000000 1.000000
0.240000 0.790000 1.000000 1.000000
0.240000 0.790000 1.000000 1.000000
0.240000 0.790000 1.000000 1.000000
0.240000 0.790000 1.000000 1.000000
0.240000 0.790000 1.000000 1.000000
0.240000 0.790000 1.000000 1.000000
0.240000 0.790000 1.000000 1.000000
0.240000 0.790000 1.000000 1.000000
0.240000 0.790000 1.000000 1.000000
0.240000 0.790000 1.000000 1.000000
0.240000 0.790000 1.000000 1.000000
0.240000 0.790000 1.000000 1.000000
0.240000 0.790000 1.000000 1.000000
0.240000 0.790000 1.000000 1.000000
0.240000 0.790000 1.000000 1.000000
0.240000 0.790000 1.000000 1.000000
0.240000 0.790000 1.000000 1.000000
0.240000 0.790000 1.000000 1.000000
0.240000 0.790000 1.000000 1.000000
0.240000 0.790000 1.000000 1.000000
0.240000 0.790000 1.000000 1.000000
0.240000 0.790000 1.000000 1.000000
0.240000 0.790000 1.000000 1.000000
0.240000 0.790000 1.000000 1.000000
0.240000 0.790000 1.000000 1.000000
0.240000 0.790000 1.000000 1.000000
0.240000 0.790000 1.000000 1.000000
0.240000 0.790000 1.000000 1.000000
0.240000 0.790000 1.000000 1.000000
0.240000 0.790000 1.000000 1.000000
0.240000 0.790000 1.000000 1.000000
0.240000 0.790000 1.000000 1.000000
0.240000 0.790000 1.000000 1.000000
0.240000 0.790000 1.000000 1.000000
0.240000 0.790000 1.000000 1.000000
0.240000 0.790000 1.000000 1.000000
0.240000 0.790000 1.000000 1.000000
0.240000 0.790000 1.000000 1.000000
0.240000 0.790000 1.000000 1.000000
0.240000 0.790000 1.000000 1.000000
0.240000 0.790000 1.000000 1.000000
0.240000 0.790000 1.000000 1.000000
0.240000 0.790000 1.000000 1.000000
0.240000 0.790000 1.000000 1.000000
0.240000 0.790000 1.000000 1.000000
0.240000 0.790000 1.000000 1.000000
0.240000 0.790000 1.000000 1.000000
0.240000 0.790000 1.000000 1.000000
0.240000 0.790000 1.000000 1.000000
0.240000 0.790000 1.000000 1.000000
0.240000 0.790000 1.000000 1.000000
0.240000 0.790000 1.000000 1.000000
0.240000 0.790000 1.000000 1.000000
0.240000 0.790000 1.000000 1.000000
0.240000 0.790000 1.000000 1.000000
0.240000 0.790000 1.000000 1.000000
0.240000 0.790000 1.000000 1.000000
0.240000 0.790000 1.000000 1.000000
0.240000 0.790000 1.000000 1.000000
0.240000 0.790000 1.000000 1.000000
0.240000 0.790000 1.000000 1.000000
0.240000 0.790000 1.000000 1.000000
0.240000 0.790000 1.000000 1.000000
0.240000 0.790000 1.000000 1.000000
0.240000 0.790000 1.000000 1.000000
0.240000 0.790000 1.000000 1.000000
0.240000 0.790000 1.000000 1.000000
0.240000 0.790000 1.000000 1.000000
0.240000 0.790000 1.000000 1.000000
0.240000 0.790000 1.000000 1.000000
0.240000 0.790000 1.000000 1.000000
0.240000 0.790000 1.000000 1.000000
0.240000 0.790000 1.000000 1.000000
0.240000 0.790000 1.000000 1.000000
0.240000 0.790000 1.000000 1.000000
0.240000 0.790000 1.000000 1.000000
0.240000 0.790000 1.000000 1.000000
0.240000 0.790000 1.000000 1.000000
0.240000 0.790000 1.000000 1.000000
0.240000 0.790000 1.000000 1.000000
0.240000 0.790000 1.000000 1.000000
0.240000 0.790000 1.000000 1.000000
0.240000 0.790000 1.000000 1.000000
0.240000 0.790000 1.000000 1.000000
0.240000 0.790000 1.000000 1.000000
0.240000 0.790000 1.000000 1.000000
0.240000 0.790000 1.000000 1.000000
0.240000 0.790000 1.000000 1.000000
0.240000 0.790000 1.000000 1.000000
0.240000 0.790000 1.000000 1.000000
0.240000 0.790000 1.000000 1.000000
0.240000 0.790000 1.000000 1.000000
0.240000 0.790000 1.000000 1.000000
0.240000 0.790000 1.000000 1.000000
0.240000 0.790000 1.000000 1.000000
0.240000 0.790000 1.000000 1.000000
0.240000 0.790000 1.000000 1.000000
0.240000 0.790000 1.000000 1.000000
0.240000 0.790000 1.000000 1.000000
0.240000 0.790000 1.000000 1.000000
0.240000 0.790000 1.000000 1.000000
0.240000 0.790000 1.000000 1.000000
0.240000 0.790000 1.000000 1.000000
0.240000 0.790000 1.000000 1.000000
0.240000 0.790000 1.000000 1.000000
0.240000 0.790000 1.000000 1.000000
0.240000 0.790000 1.000000 1.000000
0.240000 0.790000 1.000000 1.000000
0.240000 0.790000 1.000000 1.000000
0.240000 0.790000 1.000000 1.000000
0.240000 0.790000 1.000000 1.000000
0.240000 0.790000 1.000000 1.000000
0.240000 0.790000 1.000000 1.000000
0.240000 0.790000 1.000000 1.000000
0.240000 0.790000 1.000000 1.000000
0.240000 0.790000 1.000000 1.000000
0.240000 0.790000 1.000000 1.000000
0.240000 0.790000 1.000000 1.000000
0.240000 0.790000 1.000000 1.000000
0.240000 0.790000 1.000000 1.000000
0.240000 0.790000 1.000000 1.000000
0.240000 0.790000 1.000000 1.000000
0.240000 0.790000 1.000000 1.000000
0.240000 0.790000 1.000000 1.000000
0.240000 0.790000 1.000000 1.000000
0.240000 0.790000 1.000000 1.000000
0.240000 0.790000 1.000000 1.000000
0.240000 0.790000 1.000000 1.000000
0.240000 0.790000 1.000000 1.000000
0.240000 0.790000 1.000000 1.000000
0.240000 0.790000 1.000000 1.000000
0.240000 0.790000 1.000000 1.000000
0.240000 0.790000 1.000000 1.000000
0.240000 0.790000 1.000000 1.000000
0.240000 0.790000 1.000000 1.000000
0.240000 0.790000 1.000000 1.000000
0.240000 0.790000 1.000000 1.000000
0.240000 0.790000 1.000000 1.000000
0.240000 0.790000 1.000000 1.000000
0.240000 0.790000 1.000000 1.000000
0.240000 0.790000 1.000000 1.000000
0.240000 0.790000 1.000000 1.000000
0.240000 0.790000 1.000000 1.000000
0.240000 0.790000 1.000000 1.000000
0.240000 0.790000 1.000000 1.000000
0.240000 0.790000 1.000000 1.000000
0.240000 0.790000 1.000000 1.000000
0.240000 0.790000 1.000000 1.000000
0.240000 0.790000 1.000000 1.000000
0.240000 0.790000 1.000000 1.000000
0.240000 0.790000 1.000000 1.000000
0.240000 0.790000 1.000000 1.000000
0.240000 0.790000 1.000000 1.000000
0.240000 0.790000 1.000000 1.000000
0.240000 0.790000 1.000000 1.000000
0.240000 0.790000 1.000000 1.000000
0.240000 0.790000 1.000000 1.000000
0.240000 0.790000 1.000000 1.000000
0.240000 0.790000 1.000000 1.000000
0.240000 0.790000 1.000000 1.000000
0.240000 0.790000 1.000000 1.000000
0.240000 0.790000 1.000000 1.000000
0.240000 0.790000 1.000000 1.000000
0.240000 0.790000 1.000000 1.000000
0.240000 0.790000 1.000000 1.000000
0.240000 0.790000 1.000000 1.000000
0.240000 0.790000 1.000000 1.000000
0.240000 0.790000 1.000000 1.000000
0.240000 0.790000 1.000000 1.000000
0.240000 0.790000 1.000000 1.000000
0.240000 0.790000 1.000000 1.000000
0.240000 0.790000 1.000000 1.000000
0.240000 0.790000 1.000000 1.000000
0.240000 0.790000 1.000000 1.000000
0.240000 0.790000 1.000000 1.000000
0.240000 0.790000 1.000000 1.000000
0.240000 0.790000 1.000000 1.000000
0.240000 0.790000 1.000000 1.000000
0.240000 0.790000 1.000000 1.000000
0.240000 0.790000 1.000000 1.000000
0.240000 0.790000 1.000000 1.000000
0.240000 0.790000 1.000000 1.000000
0.240000 0.790000 1.000000 1.000000
0.240000 0.790000 1.000000 1.000000
0.240000 0.790000 1.000000 1.000000
0.240000 0.790000 1.000000 1.000000
0.240000 0.790000 1.000000 1.000000
0.240000 0.790000 1.000000 1.000000
0.240000 0.790000 1.000000 1.000000
0.240000 0.790000 1.000000 1.000000
0.240000 0.790000 1.000000 1.000000
0.240000 0.790000 1.000000 1.000000
0.240000 0.790000 1.000000 1.000000
0.240000 0.790000 1.000000 1.000000
0.240000 0.790000 1.000000 1.000000
0.240000 0.790000 1.000000 1.000000
0.240000 0.790000 1.000000 1.000000
0.240000 0.790000 1.000000 1.000000
0.240000 0.790000 1.000000 1.000000
0.240000 0.790000 1.000000 1.000000
0.240000 0.790000 1.000000 1.000000
0.240000 0.790000 1.000000 1.000000
0.240000 0.790000 1.000000 1.000000
0.240000 0.790000 1.000000 1.000000
0.240000 0.790000 1.000000 1.000000
0.240000 0.790000 1.000000 1.000000
0.240000 0.790000 1.000000 1.000000
0.240000 0.790000 1.000000 1.000000
0.240000 0.790000 1.000000 1.000000
0.240000 0.790000 1.000000 1.000000
0.240000 0.790000 1.000000 1.000000
0.240000 0.790000 1.000000 1.000000
0.240000 0.790000 1.000000 1.000000
0.240000 0.790000 1.000000 1.000000
0.240000 0.790000 1.000000 1.000000
0.240000 0.790000 1.000000 1.000000
0.240000 0.790000 1.000000 1.000000
0.240000 0.790000 1.000000 1.000000
0.240000 0.790000 1.000000 1.000000
0.240000 0.790000 1.000000 1.000000
0.240000 0.790000 1.000000 1.000000
0.240000 0.790000 1.000000 1.000000
0.240000 0.790000 1.000000 1.000000
0.240000 0.790000 1.000000 1.000000
0.240000 0.790000 1.000000 1.000000
0.240000 0.790000 1.000000 1.000000
0.240000 0.790000 1.000000 1.000000
0.240000 0.790000 1.000000 1.000000
0.240000 0.790000 1.000000 1.000000
0.240000 0.790000 1.000000 1.000000
0.240000 0.790000 1.000000 1.000000
0.240000 0.790000 1.000000 1.000000
0.240000 0.790000 1.000000 1.000000
0.240000 0.790000 1.000000 1.000000
0.240000 0.790000 1.000000 1.000000
0.240000 0.790000 1.000000 1.000000
0.240000 0.790000 1.000000 1.000000
0.240000 0.790000 1.000000 1.000000
0.240000 0.790000 1.000000 1.000000
0.240000 0.790000 1.000000 1.000000
0.240000 0.790000 1.000000 1.000000
0.240000 0.790000 1.000000 1.000000
0.240000 0.790000 1.000000 1.000000
0.240000 0.790000 1.000000 1.000000
0.240000 0.790000 1.000000 1.000000
0.240000 0.790000 1.000000 1.000000
0.240000 0.790000 1.000000 1.000000
0.240000 0.790000 1.000000 1.000000
0.240000 0.790000 1.000000 1.000000
0.240000 0.790000 1.000000 1.000000
0.240000 0.790000 1.000000 1.000000
0.240000 0.790000 1.000000 1.000000
0.240000 0.790000 1.000000 1.000000
0.240000 0.790000 1.000000 1.000000
0.240000 0.790000 1.000000 1.000000
0.240000 0.790000 1.000000 1.000000
0.240000 0.790000 1.000000 1.000000
0.240000 0.790000 1.000000 1.000000
0.240000 0.790000 1.000000 1.000000
0.240000 0.790000 1.000000 1.000000
0.240000 0.790000 1.000000 1.000000
0.240000 0.790000 1.000000 1.000000
0.240000 0.790000 1.000000 1.000000
0.240000 0.790000 1.000000 1.000000
0.240000 0.790000 1.000000 1.000000
0.240000 0.790000 1.000000 1.000000
0.240000 0.790000 1.000000 1.000000
0.240000 0.790000 1.000000 1.000000
0.240000 0.790000 1.000000 1.000000
0.240000 0.790000 1.000000 1.000000
0.240000 0.790000 1.000000 1.000000
0.240000 0.790000 1.000000 1.000000
0.240000 0.790000 1.000000 1.000000
0.240000 0.790000 1.000000 1.000000
0.240000 0.790000 1.000000 1.000000
0.240000 0.790000 1.000000 1.000000
0.240000 0.790000 1.000000 1.000000
0.240000 0.790000 1.000000 1.000000
0.240000 0.790000 1.000000 1.000000
0.240000 0.790000 1.000000 1.000000
0.240000 0.790000 1.000000 1.000000
0.240000 0.790000 1.000000 1.000000
0.240000 0.790000 1.000000 1.000000
0.240000 0.790000 1.000000 1.000000
0.240000 0.790000 1.000000 1.000000
0.240000 0.790000 1.000000 1.000000
0.240000 0.790000 1.000000 1.000000
0.240000 0.790000 1.000000 1.000000
0.240000 0.790000 1.000000 1.000000
0.240000 0.790000 1.000000 1.000000
0.240000 0.790000 1.000000 1.000000
0.240000 0.790000 1.000000 1.000000
0.240000 0.790000 1.000000 1.000000
0.240000 0.790000 1.000000 1.000000
0.240000 0.790000 1.000000 1.000000
0.240000 0.790000 1.000000 1.000000
0.240000 0.790000 1.000000 1.000000
0.240000 0.790000 1.000000 1.000000
0.240000 0.790000 1.000000 1.000000
0.240000 0.790000 1.000000 1.000000
0.240000 0.790000 1.000000 1.000000
0.240000 0.790000 1.000000 1.000000
0.240000 0.790000 1.000000 1.000000
0.240000 0.790000 1.000000 1.000000
0.240000 0.790000 1.000000 1.000000
0.240000 0.790000 1.000000 1.000000
0.240000 0.790000 1.000000 1.000000
0.240000 0.790000 1.000000 1.000000
0.240000 0.790000 1.000000 1.000000
0.240000 0.790000 1.000000 1.000000
0.240000 0.790000 1.000000 1.000000
0.240000 0.790000 1.000000 1.000000
0.240000 0.790000 1.000000 1.000000
0.240000 0.790000 1.000000 1.000000
0.240000 0.790000 1.000000 1.000000
0.240000 0.790000 1.000000 1.000000
0.240000 0.790000 1.000000 1.000000
0.240000 0.790000 1.000000 1.000000
0.240000 0.790000 1.000000 1.000000
0.240000 0.790000 1.000000 1.000000
0.240000 0.790000 1.000000 1.000000
0.240000 0.790000 1.000000 1.000000
0.240000 0.790000 1.000000 1.000000
0.240000 0.790000 1.000000 1.000000
0.240000 0.790000 1.000000 1.000000
0.240000 0.790000 1.000000 1.000000
0.240000 0.790000 1.000000 1.000000
0.240000 0.790000 1.000000 1.000000
0.240000 0.790000 1.000000 1.000000
0.240000 0.790000 1.000000 1.000000
0.240000 0.790000 1.000000 1.000000
0.240000 0.790000 1.000000 1.000000
0.240000 0.790000 1.000000 1.000000
0.240000 0.790000 1.000000 1.000000
0.240000 0.790000 1.000000 1.000000
0.240000 0.790000 1.000000 1.000000
0.240000 0.790000 1.000000 1.000000
0.240000 0.790000 1.000000 1.000000
0.240000 0.790000 1.000000 1.000000
0.240000 0.790000 1.000000 1.000000
0.240000 0.790000 1.000000 1.000000
0.240000 0.790000 1.000000 1.000000
0.240000 0.790000 1.000000 1.000000
0.240000 0.790000 1.000000 1.000000
0.240000 0.790000 1.000000 1.000000
0.240000 0.790000 1.000000 1.000000
0.240000 0.790000 1.000000 1.000000
0.240000 0.790000 1.000000 1.000000
0.240000 0.790000 1.000000 1.000000
0.240000 0.790000 1.000000 1.000000
0.240000 0.790000 1.000000 1.000000
0.240000 0.790000 1.000000 1.000000
0.240000 0.790000 1.000000 1.000000
0.240000 0.790000 1.000000 1.000000
0.240000 0.790000 1.000000 1.000000
0.240000 0.790000 1.000000 1.000000
0.240000 0.790000 1.000000 1.000000
0.240000 0.790000 1.000000 1.000000
0.240000 0.790000 1.000000 1.000000
0.240000 0.790000 1.000000 1.000000
0.240000 0.790000 1.000000 1.000000
0.240000 0.790000 1.000000 1.000000
0.240000 0.790000 1.000000 1.000000
0.240000 0.790000 1.000000 1.000000
0.240000 0.790000 1.000000 1.000000
0.240000 0.790000 1.000000 1.000000
0.240000 0.790000 1.000000 1.000000
0.240000 0.790000 1.000000 1.000000
0.240000 0.790000 1.000000 1.000000
0.240000 0.790000 1.000000 1.000000
0.240000 0.790000 1.000000 1.000000
0.240000 0.790000 1.000000 1.000000
0.240000 0.790000 1.000000 1.000000
0.240000 0.790000 1.000000 1.000000
0.240000 0.790000 1.000000 1.000000
0.240000 0.790000 1.000000 1.000000
0.240000 0.790000 1.000000 1.000000
0.240000 0.790000 1.000000 1.000000
0.240000 0.790000 1.000000 1.000000
0.240000 0.790000 1.000000 1.000000
0.240000 0.790000 1.000000 1.000000
0.240000 0.790000 1.000000 1.000000
0.240000 0.790000 1.000000 1.000000
0.240000 0.790000 1.000000 1.000000
0.240000 0.790000 1.000000 1.000000
0.240000 0.790000 1.000000 1.000000
0.240000 0.790000 1.000000 1.000000
0.240000 0.790000 1.000000 1.000000
0.240000 0.790000 1.000000 1.000000
0.240000 0.790000 1.000000 1.000000
0.240000 0.790000 1.000000 1.000000
0.240000 0.790000 1.000000 1.000000
0.240000 0.790000 1.000000 1.000000
0.240000 0.790000 1.000000 1.000000
0.240000 0.790000 1.000000 1.000000
0.240000 0.790000 1.000000 1.000000
0.240000 0.790000 1.000000 1.000000
0.240000 0.790000 1.000000 1.000000
0.240000 0.790000 1.000000 1.000000
0.240000 0.790000 1.000000 1.000000
0.240000 0.790000 1.000000 1.000000
0.240000 0.790000 1.000000 1.000000
0.240000 0.790000 1.000000 1.000000
0.240000 0.790000 1.000000 1.000000
0.240000 0.790000 1.000000 1.000000
0.240000 0.790000 1.000000 1.000000
0.240000 0.790000 1.000000 1.000000
0.240000 0.790000 1.000000 1.000000
0.240000 0.790000 1.000000 1.000000
0.240000 0.790000 1.000000 1.000000
0.240000 0.790000 1.000000 1.000000
0.240000 0.790000 1.000000 1.000000
0.240000 0.790000 1.000000 1.000000
0.240000 0.790000 1.000000 1.000000
0.240000 0.790000 1.000000 1.000000
0.240000 0.790000 1.000000 1.000000
0.240000 0.790000 1.000000 1.000000
0.240000 0.790000 1.000000 1.000000
0.240000 0.790000 1.000000 1.000000
0.240000 0.790000 1.000000 1.000000
0.240000 0.790000 1.000000 1.000000
0.240000 0.790000 1.000000 1.000000
0.240000 0.790000 1.000000 1.000000
0.240000 0.790000 1.000000 1.000000
0.240000 0.790000 1.000000 1.000000
0.240000 0.790000 1.000000 1.000000
0.240000 0.790000 1.000000 1.000000
0.240000 0.790000 1.000000 1.000000
0.240000 0.790000 1.000000 1.000000
0.240000 0.790000 1.000000 1.000000
0.240000 0.790000 1.000000 1.000000
0.240000 0.790000 1.000000 1.000000
0.240000 0.790000 1.000000 1.000000
0.240000 0.790000 1.000000 1.000000
0.240000 0.790000 1.000000 1.000000
0.240000 0.790000 1.000000 1.000000
0.240000 0.790000 1.000000 1.000000
0.240000 0.790000 1.000000 1.000000
0.240000 0.790000 1.000000 1.000000
0.240000 0.790000 1.000000 1.000000
0.240000 0.790000 1.000000 1.000000
0.240000 0.790000 1.000000 1.000000
0.240000 0.790000 1.000000 1.000000
0.240000 0.790000 1.000000 1.000000
0.240000 0.790000 1.000000 1.000000
0.240000 0.790000 1.000000 1.000000
0.240000 0.790000 1.000000 1.000000
0.240000 0.790000 1.000000 1.000000
0.240000 0.790000 1.000000 1.000000
0.240000 0.790000 1.000000 1.000000
0.240000 0.790000 1.000000 1.000000
0.240000 0.790000 1.000000 1.000000
0.240000 0.790000 1.000000 1.000000
0.240000 0.790000 1.000000 1.000000
0.240000 0.790000 1.000000 1.000000
0.240000 0.790000 1.000000 1.000000
0.240000 0.790000 1.000000 1.000000
0.240000 0.790000 1.000000 1.000000
0.240000 0.790000 1.000000 1.000000
0.240000 0.790000 1.000000 1.000000
0.240000 0.790000 1.000000 1.000000
0.240000 0.790000 1.000000 1.000000
0.240000 0.790000 1.000000 1.000000
0.240000 0.790000 1.000000 1.000000
0.240000 0.790000 1.000000 1.000000
0.240000 0.790000 1.000000 1.000000
0.240000 0.790000 1.000000 1.000000
0.240000 0.790000 1.000000 1.000000
0.240000 0.790000 1.000000 1.000000
0.240000 0.790000 1.000000 1.000000
0.240000 0.790000 1.000000 1.000000
0.240000 0.790000 1.000000 1.000000
0.240000 0.790000 1.000000 1.000000
0.240000 0.790000 1.000000 1.000000
0.240000 0.790000 1.000000 1.000000
0.240000 0.790000 1.000000 1.000000
0.240000 0.790000 1.000000 1.000000
0.240000 0.790000 1.000000 1.000000
0.240000 0.790000 1.000000 1.000000
0.240000 0.790000 1.000000 1.000000
0.240000 0.790000 1.000000 1.000000
0.240000 0.790000 1.000000 1.000000
0.240000 0.790000 1.000000 1.000000
0.240000 0.790000 1.000000 1.000000
0.240000 0.790000 1.000000 1.000000
0.240000 0.790000 1.000000 1.000000
0.240000 0.790000 1.000000 1.000000
0.240000 0.790000 1.000000 1.000000
0.240000 0.790000 1.000000 1.000000
0.240000 0.790000 1.000000 1.000000
0.240000 0.790000 1.000000 1.000000
0.240000 0.790000 1.000000 1.000000
0.240000 0.790000 1.000000 1.000000
0.240000 0.790000 1.000000 1.000000
0.240000 0.790000 1.000000 1.000000
0.240000 0.790000 1.000000 1.000000
0.240000 0.790000 1.000000 1.000000
0.240000 0.790000 1.000000 1.000000
0.240000 0.790000 1.000000 1.000000
0.240000 0.790000 1.000000 1.000000
0.240000 0.790000 1.000000 1.000000
0.240000 0.790000 1.000000 1.000000
0.240000 0.790000 1.000000 1.000000
0.240000 0.790000 1.000000 1.000000
0.240000 0.790000 1.000000 1.000000
0.240000 0.790000 1.000000 1.000000
0.240000 0.790000 1.000000 1.000000
0.240000 0.790000 1.000000 1.000000
0.240000 0.790000 1.000000 1.000000
0.240000 0.790000 1.000000 1.000000
0.240000 0.790000 1.000000 1.000000
0.240000 0.790000 1.000000 1.000000
0.240000 0.790000 1.000000 1.000000
0.240000 0.790000 1.000000 1.000000
0.240000 0.790000 1.000000 1.000000
0.240000 0.790000 1.000000 1.000000
0.240000 0.790000 1.000000 1.000000
0.240000 0.790000 1.000000 1.000000
0.240000 0.790000 1.000000 1.000000
0.240000 0.790000 1.000000 1.000000
0.240000 0.790000 1.000000 1.000000
0.240000 0.790000 1.000000 1.000000
0.240000 0.790000 1.000000 1.000000
0.240000 0.790000 1.000000 1.000000
0.240000 0.790000 1.000000 1.000000
0.240000 0.790000 1.000000 1.000000
0.240000 0.790000 1.000000 1.000000
0.240000 0.790000 1.000000 1.000000
0.240000 0.790000 1.000000 1.000000
0.240000 0.790000 1.000000 1.000000
0.240000 0.790000 1.000000 1.000000
0.240000 0.790000 1.000000 1.000000
0.240000 0.790000 1.000000 1.000000
0.240000 0.790000 1.000000 1.000000
0.240000 0.790000 1.000000 1.000000
0.240000 0.790000 1.000000 1.000000
0.240000 0.790000 1.000000 1.000000
0.240000 0.790000 1.000000 1.000000
0.240000 0.790000 1.000000 1.000000
0.240000 0.790000 1.000000 1.000000
0.240000 0.790000 1.000000 1.000000
0.240000 0.790000 1.000000 1.000000
0.240000 0.790000 1.000000 1.000000
0.240000 0.790000 1.000000 1.000000
0.240000 0.790000 1.000000 1.000000
0.240000 0.790000 1.000000 1.000000
0.240000 0.790000 1.000000 1.000000
0.240000 0.790000 1.000000 1.000000
0.240000 0.790000 1.000000 1.000000
0.240000 0.790000 1.000000 1.000000
0.240000 0.790000 1.000000 1.000000
0.240000 0.790000 1.000000 1.000000
0.240000 0.790000 1.000000 1.000000
0.240000 0.790000 1.000000 1.000000
0.240000 0.790000 1.000000 1.000000
0.240000 0.790000 1.000000 1.000000
0.240000 0.790000 1.000000 1.000000
0.240000 0.790000 1.000000 1.000000
0.240000 0.790000 1.000000 1.000000
0.240000 0.790000 1.000000 1.000000
0.240000 0.790000 1.000000 1.000000
0.240000 0.790000 1.000000 1.000000
0.240000 0.790000 1.000000 1.000000
0.240000 0.790000 1.000000 1.000000
0.240000 0.790000 1.000000 1.000000
0.240000 0.790000 1.000000 1.000000
0.240000 0.790000 1.000000 1.000000
0.240000 0.790000 1.000000 1.000000
0.240000 0.790000 1.000000 1.000000
0.240000 0.790000 1.000000 1.000000
0.240000 0.790000 1.000000 1.000000
0.240000 0.790000 1.000000 1.000000
0.240000 0.790000 1.000000 1.000000
0.240000 0.790000 1.000000 1.000000
0.240000 0.790000 1.000000 1.000000
0.240000 0.790000 1.000000 1.000000
0.240000 0.790000 1.000000 1.000000
0.240000 0.790000 1.000000 1.000000
0.240000 0.790000 1.000000 1.000000
0.240000 0.790000 1.000000 1.000000
0.240000 0.790000 1.000000 1.000000
0.240000 0.790000 1.000000 1.000000
0.240000 0.790000 1.000000 1.000000
0.240000 0.790000 1.000000 1.000000
0.240000 0.790000 1.000000 1.000000
0.240000 0.790000 1.000000 1.000000
0.240000 0.790000 1.000000 1.000000
0.240000 0.790000 1.000000 1.000000
0.240000 0.790000 1.000000 1.000000
0.240000 0.790000 1.000000 1.000000
0.240000 0.790000 1.000000 1.000000
0.240000 0.790000 1.000000 1.000000
0.240000 0.790000 1.000000 1.000000
0.240000 0.790000 1.000000 1.000000
0.240000 0.790000 1.000000 1.000000
0.240000 0.790000 1.000000 1.000000
0.240000 0.790000 1.000000 1.000000
0.240000 0.790000 1.000000 1.000000
0.240000 0.790000 1.000000 1.000000
0.240000 0.790000 1.000000 1.000000
0.240000 0.790000 1.000000 1.000000
0.240000 0.790000 1.000000 1.000000
0.240000 0.790000 1.000000 1.000000
0.240000 0.790000 1.000000 1.000000
0.240000 0.790000 1.000000 1.000000
0.240000 0.790000 1.000000 1.000000
0.240000 0.790000 1.000000 1.000000
0.240000 0.790000 1.000000 1.000000
0.240000 0.790000 1.000000 1.000000
0.240000 0.790000 1.000000 1.000000
0.240000 0.790000 1.000000 1.000000
0.240000 0.790000 1.000000 1.000000
0.240000 0.790000 1.000000 1.000000
0.240000 0.790000 1.000000 1.000000
0.240000 0.790000 1.000000 1.000000
0.240000 0.790000 1.000000 1.000000
0.240000 0.790000 1.000000 1.000000
0.240000 0.790000 1.000000 1.000000
0.240000 0.790000 1.000000 1.000000
0.240000 0.790000 1.000000 1.000000
0.240000 0.790000 1.000000 1.000000
0.240000 0.790000 1.000000 1.000000
0.240000 0.790000 1.000000 1.000000
0.240000 0.790000 1.000000 1.000000
0.240000 0.790000 1.000000 1.000000
0.240000 0.790000 1.000000 1.000000
0.240000 0.790000 1.000000 1.000000
0.240000 0.790000 1.000000 1.000000
0.240000 0.790000 1.000000 1.000000
0.240000 0.790000 1.000000 1.000000
0.240000 0.790000 1.000000 1.000000
0.240000 0.790000 1.000000 1.000000
0.240000 0.790000 1.000000 1.000000
0.240000 0.790000 1.000000 1.000000
0.240000 0.790000 1.000000 1.000000
0.240000 0.790000 1.000000 1.000000
0.240000 0.790000 1.000000 1.000000
0.240000 0.790000 1.000000 1.000000
0.240000 0.790000 1.000000 1.000000
0.240000 0.790000 1.000000 1.000000
0.240000 0.790000 1.000000 1.000000
0.240000 0.790000 1.000000 1.000000
0.240000 0.790000 1.000000 1.000000
0.240000 0.790000 1.000000 1.000000
0.240000 0.790000 1.000000 1.000000
0.240000 0.790000 1.000000 1.000000
0.240000 0.790000 1.000000 1.000000
0.240000 0.790000 1.000000 1.000000
0.240000 0.790000 1.000000 1.000000
0.240000 0.790000 1.000000 1.000000
0.240000 0.790000 1.000000 1.000000
0.240000 0.790000 1.000000 1.000000
0.240000 0.790000 1.000000 1.000000
0.240000 0.790000 1.000000 1.000000
0.240000 0.790000 1.000000 1.000000
0.240000 0.790000 1.000000 1.000000
0.240000 0.790000 1.000000 1.000000
0.240000 0.790000 1.000000 1.000000
0.240000 0.790000 1.000000 1.000000
0.240000 0.790000 1.000000 1.000000
0.240000 0.790000 1.000000 1.000000
0.240000 0.790000 1.000000 1.000000
0.240000 0.790000 1.000000 1.000000
0.240000 0.790000 1.000000 1.000000
0.240000 0.790000 1.000000 1.000000
0.240000 0.790000 1.000000 1.000000
0.240000 0.790000 1.000000 1.000000
0.240000 0.790000 1.000000 1.000000
0.240000 0.790000 1.000000 1.000000
0.240000 0.790000 1.000000 1.000000
0.240000 0.790000 1.000000 1.000000
0.240000 0.790000 1.000000 1.000000
0.240000 0.790000 1.000000 1.000000
0.240000 0.790000 1.000000 1.000000
0.240000 0.790000 1.000000 1.000000
0.240000 0.790000 1.000000 1.000000
0.240000 0.790000 1.000000 1.000000
0.240000 0.790000 1.000000 1.000000
0.240000 0.790000 1.000000 1.000000
0.240000 0.790000 1.000000 1.000000
0.240000 0.790000 1.000000 1.000000
0.240000 0.790000 1.000000 1.000000
0.240000 0.790000 1.000000 1.000000
0.240000 0.790000 1.000000 1.000000
0.240000 0.790000 1.000000 1.000000
0.240000 0.790000 1.000000 1.000000
0.240000 0.790000 1.000000 1.000000
0.240000 0.790000 1.000000 1.000000
0.240000 0.790000 1.000000 1.000000
0.240000 0.790000 1.000000 1.000000
0.240000 0.790000 1.000000 1.000000
0.240000 0.790000 1.000000 1.000000
0.240000 0.790000 1.000000 1.000000
0.240000 0.790000 1.000000 1.000000
0.240000 0.790000 1.000000 1.000000
0.240000 0.790000 1.000000 1.000000
0.240000 0.790000 1.000000 1.000000
0.240000 0.790000 1.000000 1.000000
0.240000 0.790000 1.000000 1.000000
0.240000 0.790000 1.000000 1.000000
0.240000 0.790000 1.000000 1.000000
0.240000 0.790000 1.000000 1.000000
0.240000 0.790000 1.000000 1.000000
0.240000 0.790000 1.000000 1.000000
0.240000 0.790000 1.000000 1.000000
0.240000 0.790000 1.000000 1.000000
0.240000 0.790000 1.000000 1.000000
0.240000 0.790000 1.000000 1.000000
0.240000 0.790000 1.000000 1.000000
0.240000 0.790000 1.000000 1.000000
0.240000 0.790000 1.000000 1.000000
0.240000 0.790000 1.000000 1.000000
0.240000 0.790000 1.000000 1.000000
0.240000 0.790000 1.000000 1.000000
0.240000 0.790000 1.000000 1.000000
0.240000 0.790000 1.000000 1.000000
0.240000 0.790000 1.000000 1.000000
0.240000 0.790000 1.000000 1.000000
0.240000 0.790000 1.000000 1.000000
0.240000 0.790000 1.000000 1.000000
0.240000 0.790000 1.000000 1.000000
0.240000 0.790000 1.000000 1.000000
0.240000 0.790000 1.000000 1.000000
0.240000 0.790000 1.000000 1.000000
0.240000 0.790000 1.000000 1.000000
0.240000 0.790000 1.000000 1.000000
0.240000 0.790000 1.000000 1.000000
0.240000 0.790000 1.000000 1.000000
0.240000 0.790000 1.000000 1.000000
0.240000 0.790000 1.000000 1.000000
0.240000 0.790000 1.000000 1.000000
0.240000 0.790000 1.000000 1.000000
0.240000 0.790000 1.000000 1.000000
0.240000 0.790000 1.000000 1.000000
0.240000 0.790000 1.000000 1.000000
0.240000 0.790000 1.000000 1.000000
0.240000 0.790000 1.000000 1.000000
0.240000 0.790000 1.000000 1.000000
0.240000 0.790000 1.000000 1.000000
0.240000 0.790000 1.000000 1.000000
0.240000 0.790000 1.000000 1.000000
0.240000 0.790000 1.000000 1.000000
0.240000 0.790000 1.000000 1.000000
0.240000 0.790000 1.000000 1.000000
0.240000 0.790000 1.000000 1.000000
0.240000 0.790000 1.000000 1.000000
0.240000 0.790000 1.000000 1.000000
0.240000 0.790000 1.000000 1.000000
0.240000 0.790000 1.000000 1.000000
0.240000 0.790000 1.000000 1.000000
0.240000 0.790000 1.000000 1.000000
0.240000 0.790000 1.000000 1.000000
0.240000 0.790000 1.000000 1.000000
0.240000 0.790000 1.000000 1.000000
0.240000 0.790000 1.000000 1.000000
0.240000 0.790000 1.000000 1.000000
0.240000 0.790000 1.000000 1.000000
0.240000 0.790000 1.000000 1.000000
0.240000 0.790000 1.000000 1.000000
0.240000 0.790000 1.000000 1.000000
0.240000 0.790000 1.000000 1.000000
0.240000 0.790000 1.000000 1.000000
0.240000 0.790000 1.000000 1.000000
0.240000 0.790000 1.000000 1.000000
0.240000 0.790000 1.000000 1.000000
0.240000 0.790000 1.000000 1.000000
0.240000 0.790000 1.000000 1.000000
0.240000 0.790000 1.000000 1.000000
0.240000 0.790000 1.000000 1.000000
0.240000 0.790000 1.000000 1.000000
0.240000 0.790000 1.000000 1.000000
0.240000 0.790000 1.000000 1.000000
0.240000 0.790000 1.000000 1.000000
0.240000 0.790000 1.000000 1.000000
0.240000 0.790000 1.000000 1.000000
0.240000 0.790000 1.000000 1.000000
0.240000 0.790000 1.000000 1.000000
0.240000 0.790000 1.000000 1.000000
0.240000 0.790000 1.000000 1.000000
0.240000 0.790000 1.000000 1.000000
0.240000 0.790000 1.000000 1.000000
0.240000 0.790000 1.000000 1.000000
0.240000 0.790000 1.000000 1.000000
0.240000 0.790000 1.000000 1.000000
0.240000 0.790000 1.000000 1.000000
0.240000 0.790000 1.000000 1.000000
0.240000 0.790000 1.000000 1.000000
0.240000 0.790000 1.000000 1.000000
0.240000 0.790000 1.000000 1.000000
0.240000 0.790000 1.000000 1.000000
0.240000 0.790000 1.000000 1.000000
0.240000 0.790000 1.000000 1.000000
0.240000 0.790000 1.000000 1.000000
0.240000 0.790000 1.000000 1.000000
0.240000 0.790000 1.000000 1.000000
0.240000 0.790000 1.000000 1.000000
0.240000 0.790000 1.000000 1.000000
0.240000 0.790000 1.000000 1.000000
0.240000 0.790000 1.000000 1.000000
0.240000 0.790000 1.000000 1.000000
0.240000 0.790000 1.000000 1.000000
0.240000 0.790000 1.000000 1.000000
0.240000 0.790000 1.000000 1.000000
0.240000 0.790000 1.000000 1.000000
0.240000 0.790000 1.000000 1.000000
0.240000 0.790000 1.000000 1.000000
0.240000 0.790000 1.000000 1.000000
0.240000 0.790000 1.000000 1.000000
0.240000 0.790000 1.000000 1.000000
0.240000 0.790000 1.000000 1.000000
0.240000 0.790000 1.000000 1.000000
0.240000 0.790000 1.000000 1.000000
0.240000 0.790000 1.000000 1.000000
0.240000 0.790000 1.000000 1.000000
0.240000 0.790000 1.000000 1.000000
0.240000 0.790000 1.000000 1.000000
0.240000 0.790000 1.000000 1.000000
0.240000 0.790000 1.000000 1.000000
0.240000 0.790000 1.000000 1.000000
0.240000 0.790000 1.000000 1.000000
0.240000 0.790000 1.000000 1.000000
0.240000 0.790000 1.000000 1.000000
0.240000 0.790000 1.000000 1.000000
0.240000 0.790000 1.000000 1.000000
0.240000 0.790000 1.000000 1.000000
0.240000 0.790000 1.000000 1.000000
0.240000 0.790000 1.000000 1.000000
0.240000 0.790000 1.000000 1.000000
0.240000 0.790000 1.000000 1.000000
0.240000 0.790000 1.000000 1.000000
0.240000 0.790000 1.000000 1.000000
0.240000 0.790000 1.000000 1.000000
0.240000 0.790000 1.000000 1.000000
0.240000 0.790000 1.000000 1.000000
0.240000 0.790000 1.000000 1.000000
0.240000 0.790000 1.000000 1.000000
0.240000 0.790000 1.000000 1.000000
0.240000 0.790000 1.000000 1.000000
0.240000 0.790000 1.000000 1.000000
0.240000 0.790000 1.000000 1.000000
0.240000 0.790000 1.000000 1.000000
0.240000 0.790000 1.000000 1.000000
0.240000 0.790000 1.000000 1.000000
0.240000 0.790000 1.000000 1.000000
0.240000 0.790000 1.000000 1.000000
0.240000 0.790000 1.000000 1.000000
0.240000 0.790000 1.000000 1.000000
0.240000 0.790000 1.000000 1.000000
0.240000 0.790000 1.000000 1.000000
0.240000 0.790000 1.000000 1.000000
0.240000 0.790000 1.000000 1.000000
0.240000 0.790000 1.000000 1.000000
0.240000 0.790000 1.000000 1.000000
0.240000 0.790000 1.000000 1.000000
0.240000 0.790000 1.000000 1.000000
0.240000 0.790000 1.000000 1.000000
0.240000 0.790000 1.000000 1.000000
0.240000 0.790000 1.000000 1.000000
0.240000 0.790000 1.000000 1.000000
0.240000 0.790000 1.000000 1.000000
0.240000 0.790000 1.000000 1.000000
0.240000 0.790000 1.000000 1.000000
0.240000 0.790000 1.000000 1.000000
0.240000 0.790000 1.000000 1.000000
0.240000 0.790000 1.000000 1.000000
0.240000 0.790000 1.000000 1.000000
0.240000 0.790000 1.000000 1.000000
0.240000 0.790000 1.000000 1.000000
0.240000 0.790000 1.000000 1.000000
0.240000 0.790000 1.000000 1.000000
0.240000 0.790000 1.000000 1.000000
0.240000 0.790000 1.000000 1.000000
0.240000 0.790000 1.000000 1.000000
0.240000 0.790000 1.000000 1.000000
0.240000 0.790000 1.000000 1.000000
0.240000 0.790000 1.000000 1.000000
0.240000 0.790000 1.000000 1.000000
0.240000 0.790000 1.000000 1.000000
0.240000 0.790000 1.000000 1.000000
0.240000 0.790000 1.000000 1.000000
0.240000 0.790000 1.000000 1.000000
0.240000 0.790000 1.000000 1.000000
0.240000 0.790000 1.000000 1.000000
0.240000 0.790000 1.000000 1.000000
0.240000 0.790000 1.000000 1.000000
0.240000 0.790000 1.000000 1.000000
0.240000 0.790000 1.000000 1.000000
0.240000 0.790000 1.000000 1.000000
0.240000 0.790000 1.000000 1.000000
0.240000 0.790000 1.000000 1.000000
0.240000 0.790000 1.000000 1.000000
0.240000 0.790000 1.000000 1.000000
0.240000 0.790000 1.000000 1.000000
0.240000 0.790000 1.000000 1.000000
0.240000 0.790000 1.000000 1.000000
0.240000 0.790000 1.000000 1.000000
0.240000 0.790000 1.000000 1.000000
0.240000 0.790000 1.000000 1.000000
0.240000 0.790000 1.000000 1.000000
0.240000 0.790000 1.000000 1.000000
0.240000 0.790000 1.000000 1.000000
0.240000 0.790000 1.000000 1.000000
0.240000 0.790000 1.000000 1.000000
0.240000 0.790000 1.000000 1.000000
0.240000 0.790000 1.000000 1.000000
0.240000 0.790000 1.000000 1.000000
0.240000 0.790000 1.000000 1.000000
0.240000 0.790000 1.000000 1.000000
0.240000 0.790000 1.000000 1.000000
0.240000 0.790000 1.000000 1.000000
0.240000 0.790000 1.000000 1.000000
0.240000 0.790000 1.000000 1.000000
0.240000 0.790000 1.000000 1.000000
0.240000 0.790000 1.000000 1.000000
0.240000 0.790000 1.000000 1.000000
0.240000 0.790000 1.000000 1.000000
0.240000 0.790000 1.000000 1.000000
0.240000 0.790000 1.000000 1.000000
0.240000 0.790000 1.000000 1.000000
0.240000 0.790000 1.000000 1.000000
0.240000 0.790000 1.000000 1.000000
0.240000 0.790000 1.000000 1.000000
0.240000 0.790000 1.000000 1.000000
0.240000 0.790000 1.000000 1.000000
0.240000 0.790000 1.000000 1.000000
0.240000 0.790000 1.000000 1.000000
0.240000 0.790000 1.000000 1.000000
0.240000 0.790000 1.000000 1.000000
0.240000 0.790000 1.000000 1.000000
0.240000 0.790000 1.000000 1.000000
0.240000 0.790000 1.000000 1.000000
0.240000 0.790000 1.000000 1.000000
0.240000 0.790000 1.000000 1.000000
0.240000 0.790000 1.000000 1.000000
0.240000 0.790000 1.000000 1.000000
0.240000 0.790000 1.000000 1.000000
0.240000 0.790000 1.000000 1.000000
0.240000 0.790000 1.000000 1.000000
0.240000 0.790000 1.000000 1.000000
0.240000 0.790000 1.000000 1.000000
0.240000 0.790000 1.000000 1.000000
0.240000 0.790000 1.000000 1.000000
0.240000 0.790000 1.000000 1.000000
0.240000 0.790000 1.000000 1.000000
0.240000 0.790000 1.000000 1.000000
0.240000 0.790000 1.000000 1.000000
0.240000 0.790000 1.000000 1.000000
0.240000 0.790000 1.000000 1.000000
0.240000 0.790000 1.000000 1.000000
0.240000 0.790000 1.000000 1.000000
0.240000 0.790000 1.000000 1.000000
0.240000 0.790000 1.000000 1.000000
0.240000 0.790000 1.000000 1.000000
0.240000 0.790000 1.000000 1.000000
0.240000 0.790000 1.000000 1.000000
0.240000 0.790000 1.000000 1.000000
0.240000 0.790000 1.000000 1.000000
0.240000 0.790000 1.000000 1.000000
0.240000 0.790000 1.000000 1.000000
0.240000 0.790000 1.000000 1.000000
0.240000 0.790000 1.000000 1.000000
0.240000 0.790000 1.000000 1.000000
0.240000 0.790000 1.000000 1.000000
0.240000 0.790000 1.000000 1.000000
0.240000 0.790000 1.000000 1.000000
0.240000 0.790000 1.000000 1.000000
0.240000 0.790000 1.000000 1.000000
0.240000 0.790000 1.000000 1.000000
0.240000 0.790000 1.000000 1.000000
0.240000 0.790000 1.000000 1.000000
0.240000 0.790000 1.000000 1.000000
0.240000 0.790000 1.000000 1.000000
0.240000 0.790000 1.000000 1.000000
0.240000 0.790000 1.000000 1.000000
0.240000 0.790000 1.000000 1.000000
0.240000 0.790000 1.000000 1.000000
0.240000 0.790000 1.000000 1.000000
0.240000 0.790000 1.000000 1.000000
0.240000 0.790000 1.000000 1.000000
0.240000 0.790000 1.000000 1.000000
0.240000 0.790000 1.000000 1.000000
0.240000 0.790000 1.000000 1.000000
0.240000 0.790000 1.000000 1.000000
0.240000 0.790000 1.000000 1.000000
0.240000 0.790000 1.000000 1.000000
0.240000 0.790000 1.000000 1.000000
0.240000 0.790000 1.000000 1.000000
0.240000 0.790000 1.000000 1.000000
0.240000 0.790000 1.000000 1.000000
0.240000 0.790000 1.000000 1.000000
0.240000 0.790000 1.000000 1.000000
0.240000 0.790000 1.000000 1.000000
0.240000 0.790000 1.000000 1.000000
0.240000 0.790000 1.000000 1.000000
0.240000 0.790000 1.000000 1.000000
0.240000 0.790000 1.000000 1.000000
0.240000 0.790000 1.000000 1.000000
0.240000 0.790000 1.000000 1.000000
0.240000 0.790000 1.000000 1.000000
0.240000 0.790000 1.000000 1.000000
0.240000 0.790000 1.000000 1.000000
0.240000 0.790000 1.000000 1.000000
0.240000 0.790000 1.000000 1.000000
0.240000 0.790000 1.000000 1.000000
0.240000 0.790000 1.000000 1.000000
0.240000 0.790000 1.000000 1.000000
0.240000 0.790000 1.000000 1.000000
0.240000 0.790000 1.000000 1.000000
0.240000 0.790000 1.000000 1.000000
0.240000 0.790000 1.000000 1.000000
0.240000 0.790000 1.000000 1.000000
0.240000 0.790000 1.000000 1.000000
0.240000 0.790000 1.000000 1.000000
0.240000 0.790000 1.000000 1.000000
0.240000 0.790000 1.000000 1.000000
0.240000 0.790000 1.000000 1.000000
0.240000 0.790000 1.000000 1.000000
0.240000 0.790000 1.000000 1.000000
0.240000 0.790000 1.000000 1.000000
0.240000 0.790000 1.000000 1.000000
0.240000 0.790000 1.000000 1.000000
0.240000 0.790000 1.000000 1.000000
0.240000 0.790000 1.000000 1.000000
0.240000 0.790000 1.000000 1.000000
0.240000 0.790000 1.000000 1.000000
0.240000 0.790000 1.000000 1.000000
0.240000 0.790000 1.000000 1.000000
0.240000 0.790000 1.000000 1.000000
0.240000 0.790000 1.000000 1.000000
0.240000 0.790000 1.000000 1.000000
0.240000 0.790000 1.000000 1.000000
0.240000 0.790000 1.000000 1.000000
0.240000 0.790000 1.000000 1.000000
0.240000 0.790000 1.000000 1.000000
0.240000 0.790000 1.000000 1.000000
0.240000 0.790000 1.000000 1.000000
0.240000 0.790000 1.000000 1.000000
0.240000 0.790000 1.000000 1.000000
0.240000 0.790000 1.000000 1.000000
0.240000 0.790000 1.000000 1.000000
0.240000 0.790000 1.000000 1.000000
0.240000 0.790000 1.000000 1.000000
0.240000 0.790000 1.000000 1.000000
0.240000 0.790000 1.000000 1.000000
0.240000 0.790000 1.000000 1.000000
0.240000 0.790000 1.000000 1.000000
0.240000 0.790000 1.000000 1.000000
0.240000 0.790000 1.000000 1.000000
0.240000 0.790000 1.000000 1.000000
0.240000 0.790000 1.000000 1.000000
0.240000 0.790000 1.000000 1.000000
0.240000 0.790000 1.000000 1.000000
0.240000 0.790000 1.000000 1.000000
0.240000 0.790000 1.000000 1.000000
0.240000 0.790000 1.000000 1.000000
0.240000 0.790000 1.000000 1.000000
0.240000 0.790000 1.000000 1.000000
0.240000 0.790000 1.000000 1.000000
0.240000 0.790000 1.000000 1.000000
0.240000 0.790000 1.000000 1.000000
0.240000 0.790000 1.000000 1.000000
0.240000 0.790000 1.000000 1.000000
0.240000 0.790000 1.000000 1.000000
0.240000 0.790000 1.000000 1.000000
0.240000 0.790000 1.000000 1.000000
0.240000 0.790000 1.000000 1.000000
0.240000 0.790000 1.000000 1.000000
0.240000 0.790000 1.000000 1.000000
0.240000 0.790000 1.000000 1.000000
0.240000 0.790000 1.000000 1.000000
0.240000 0.790000 1.000000 1.000000
0.240000 0.790000 1.000000 1.000000
0.240000 0.790000 1.000000 1.000000
0.240000 0.790000 1.000000 1.000000
0.240000 0.790000 1.000000 1.000000
0.240000 0.790000 1.000000 1.000000
0.240000 0.790000 1.000000 1.000000
0.240000 0.790000 1.000000 1.000000
0.240000 0.790000 1.000000 1.000000
0.240000 0.790000 1.000000 1.000000
0.240000 0.790000 1.000000 1.000000
0.240000 0.790000 1.000000 1.000000
0.240000 0.790000 1.000000 1.000000
0.240000 0.790000 1.000000 1.000000
0.240000 0.790000 1.000000 1.000000
0.240000 0.790000 1.000000 1.000000
0.240000 0.790000 1.000000 1.000000
0.240000 0.790000 1.000000 1.000000
0.240000 0.790000 1.000000 1.000000
0.240000 0.790000 1.000000 1.000000
0.240000 0.790000 1.000000 1.000000
0.240000 0.790000 1.000000 1.000000
0.240000 0.790000 1.000000 1.000000
0.240000 0.790000 1.000000 1.000000
0.240000 0.790000 1.000000 1.000000
0.240000 0.790000 1.000000 1.000000
0.240000 0.790000 1.000000 1.000000
0.240000 0.790000 1.000000 1.000000
0.240000 0.790000 1.000000 1.000000
0.240000 0.790000 1.000000 1.000000
0.240000 0.790000 1.000000 1.000000
0.240000 0.790000 1.000000 1.000000
0.240000 0.790000 1.000000 1.000000
0.240000 0.790000 1.000000 1.000000
0.240000 0.790000 1.000000 1.000000
0.240000 0.790000 1.000000 1.000000
0.240000 0.790000 1.000000 1.000000
0.240000 0.790000 1.000000 1.000000
0.240000 0.790000 1.000000 1.000000
0.240000 0.790000 1.000000 1.000000
0.240000 0.790000 1.000000 1.000000
0.240000 0.790000 1.000000 1.000000
0.240000 0.790000 1.000000 1.000000
0.240000 0.790000 1.000000 1.000000
0.240000 0.790000 1.000000 1.000000
0.240000 0.790000 1.000000 1.000000
0.240000 0.790000 1.000000 1.000000
0.240000 0.790000 1.000000 1.000000
0.240000 0.790000 1.000000 1.000000
0.240000 0.790000 1.000000 1.000000
0.240000 0.790000 1.000000 1.000000
0.240000 0.790000 1.000000 1.000000
0.240000 0.790000 1.000000 1.000000
0.240000 0.790000 1.000000 1.000000
0.240000 0.790000 1.000000 1.000000
0.240000 0.790000 1.000000 1.000000
0.240000 0.790000 1.000000 1.000000
0.240000 0.790000 1.000000 1.000000
0.240000 0.790000 1.000000 1.000000
0.240000 0.790000 1.000000 1.000000
0.240000 0.790000 1.000000 1.000000
0.240000 0.790000 1.000000 1.000000
0.240000 0.790000 1.000000 1.000000
0.240000 0.790000 1.000000 1.000000
0.240000 0.790000 1.000000 1.000000
0.240000 0.790000 1.000000 1.000000
0.240000 0.790000 1.000000 1.000000
0.240000 0.790000 1.000000 1.000000
0.240000 0.790000 1.000000 1.000000
0.240000 0.790000 1.000000 1.000000
0.240000 0.790000 1.000000 1.000000
0.240000 0.790000 1.000000 1.000000
0.240000 0.790000 1.000000 1.000000
0.240000 0.790000 1.000000 1.000000
0.240000 0.790000 1.000000 1.000000
0.240000 0.790000 1.000000 1.000000
0.240000 0.790000 1.000000 1.000000
0.240000 0.790000 1.000000 1.000000
0.240000 0.790000 1.000000 1.000000
0.240000 0.790000 1.000000 1.000000
0.240000 0.790000 1.000000 1.000000
0.240000 0.790000 1.000000 1.000000
0.240000 0.790000 1.000000 1.000000
0.240000 0.790000 1.000000 1.000000
0.240000 0.790000 1.000000 1.000000
0.240000 0.790000 1.000000 1.000000
0.240000 0.790000 1.000000 1.000000
0.240000 0.790000 1.000000 1.000000
0.240000 0.790000 1.000000 1.000000
0.240000 0.790000 1.000000 1.000000
0.240000 0.790000 1.000000 1.000000
0.240000 0.790000 1.000000 1.000000
0.240000 0.790000 1.000000 1.000000
0.240000 0.790000 1.000000 1.000000
0.240000 0.790000 1.000000 1.000000
0.240000 0.790000 1.000000 1.000000
0.240000 0.790000 1.000000 1.000000
0.240000 0.790000 1.000000 1.000000
0.240000 0.790000 1.000000 1.000000
0.240000 0.790000 1.000000 1.000000
0.240000 0.790000 1.000000 1.000000
0.240000 0.790000 1.000000 1.000000
0.240000 0.790000 1.000000 1.000000
0.240000 0.790000 1.000000 1.000000
0.240000 0.790000 1.000000 1.000000
0.240000 0.790000 1.000000 1.000000
0.240000 0.790000 1.000000 1.000000
0.240000 0.790000 1.000000 1.000000
0.240000 0.790000 1.000000 1.000000
0.240000 0.790000 1.000000 1.000000
0.240000 0.790000 1.000000 1.000000
0.240000 0.790000 1.000000 1.000000
0.240000 0.790000 1.000000 1.000000
0.240000 0.790000 1.000000 1.000000
0.240000 0.790000 1.000000 1.000000
0.240000 0.790000 1.000000 1.000000
0.240000 0.790000 1.000000 1.000000
0.240000 0.790000 1.000000 1.000000
0.240000 0.790000 1.000000 1.000000
0.240000 0.790000 1.000000 1.000000
0.240000 0.790000 1.000000 1.000000
0.240000 0.790000 1.000000 1.000000
0.240000 0.790000 1.000000 1.000000
0.240000 0.790000 1.000000 1.000000
0.240000 0.790000 1.000000 1.000000
0.240000 0.790000 1.000000 1.000000
0.240000 0.790000 1.000000 1.000000
0.240000 0.790000 1.000000 1.000000
0.240000 0.790000 1.000000 1.000000
0.240000 0.790000 1.000000 1.000000
0.240000 0.790000 1.000000 1.000000
0.240000 0.790000 1.000000 1.000000
0.240000 0.790000 1.000000 1.000000
0.240000 0.790000 1.000000 1.000000
0.240000 0.790000 1.000000 1.000000
0.240000 0.790000 1.000000 1.000000
0.240000 0.790000 1.000000 1.000000
0.240000 0.790000 1.000000 1.000000
0.240000 0.790000 1.000000 1.000000
0.240000 0.790000 1.000000 1.000000
0.240000 0.790000 1.000000 1.000000
0.240000 0.790000 1.000000 1.000000
0.240000 0.790000 1.000000 1.000000
0.240000 0.790000 1.000000 1.000000
0.240000 0.790000 1.000000 1.000000
<Indices>: 9204
0 1 2
0 2 3
4 5 6
4 6 7
8 9 10
8 10 11
12 13 14
12 14 15
16 17 18
16 18 19
20 21 22
20 22 23
24 25 26
24 26 27
28 29 30
28 30 31
32 33 34
32 34 35
36 37 38
36 38 39
40 41 42
40 42 43
44 45 46
44 46 47
48 49 50
48 50 51
52 53 54
52 54 55
56 57 58
56 58 59
60 61 62
60 62 63
64 65 66
64 66 67
68 69 70
68 70 71
72 73 74
72 74 75
76 77 78
76 78 79
80 81 82
80 82 83
84 85 86
84 86 87
88 89 90
88 90 91
92 93 94
92 94 95
96 97 98
96 98 99
100 101 102
100 102 103
104 105 106
104 106 107
108 109 110
108 110 111
112 113 114
112 114 115
116 117 118
116 118 119
120 121 122
120 122 123
124 125 126
124 126 127
128 129 130
128 130 131
132 133 134
132 134 135
136 137 138
136 138 139
140 141 142
140 142 143
144 145 146
144 146 147
148 149 150
148 150 151
152 153 154
152 154 155
156 157 158
156 158 159
160 161 162
160 162 163
164 165 166
164 166 167
168 169 170
168 170 171
172 173 174
172 174 175
176 177 178
176 178 179
180 181 182
180 182 183
184 185 186
184 186 187
188 189 190
188 190 191
192 193 194
192 194 195
196 197 198
196 198 199
200 137 201
200 201 202
203 204 205
203 205 206
207 208 209
207 209 210
211 212 213
211 213 214
215 216 217
215 217 218
219 220 221
219 221 222
223 224 225
223 225 226
227 228 229
227 229 230
231 232 233
231 233 234
235 236 237
235 237 238
239 240 241
239 241 242
243 244 245
243 245 246
247 248 249
247 249 250
251 252 253
251 253 254
255 256 257
255 257 258
259 260 261
259 261 262
263 264 265
263 265 266
267 268 269
267 269 270
271 272 273
271 273 274
275 276 277
275 277 278
279 280 281
279 281 282
283 284 285
283 285 286
287 288 289
287 289 290
291 292 293
291 293 294
295 296 297
295 297 298
299 300 301
299 301 302
303 304 305
303 305 306
307 308 309
307 309 310
311 312 313
311 313 314
315 316 317
315 317 318
319 320 321
319 321 322
323 324 325
323 325 326
327 328 329
327 329 330
331 332 333
331 333 334
335 336 337
335 337 338
339 340 341
339 341 342
343 344 345
343 345 346
347 348 349
347 349 350
351 352 353
351 353 354
355 356 357
355 357 358
359 360 361
359 361 362
363 364 365
363 365 366
367 368 369
367 369 370
371 372 373
371 373 374
375 376 377
375 377 378
379 380 381
379 381 382
383 384 385
383 385 386
387 388 389
387 389 390
391 392 393
391 393 394
395 396 397
395 397 398
399 400 401
399 401 402
403 404 405
403 405 406
407 408 409
407 409 410
411 412 413
411 413 414
415 352 416
415 416 417
418 419 420
418 420 421
422 423 424
422 424 425
426 427 428
426 428 429
430 431 432
430 432 433
434 435 436
434 436 437
438 439 440
438 440 441
442 443 444
442 444 445
446 447 448
446 448 449
450 451 452
450 452 453
454 455 456
454 456 457
458 459 460
458 460 461
462 463 464
462 464 465
466 467 468
466 468 469
470 471 472
470 472 473
474 475 476
474 476 477
478 479 480
478 480 481
482 483 484
482 484 485
486 487 488
486 488 489
490 491 492
490 492 493
494 495 496
494 496 497
498 499 500
498 500 501
502 503 504
502 504 505
506 507 508
506 508 509
510 511 512
510 512 513
514 515 516
514 516 517
518 519 520
518 520 521
522 523 524
522 524 525
526 527 528
526 528 529
530 531 532
530 532 533
534 535 536
534 536 537
538 539 540
538 540 541
542 543 544
542 544 545
546 547 548
546 548 549
550 551 552
550 552 553
554 555 556
554 556 557
558 559 560
558 560 561
562 563 564
562 564 565
566 567 568
566 568 569
570 571 572
570 572 573
574 575 576
574 576 577
578 579 580
578 580 581
582 583 584
582 584 585
586 587 588
586 588 589
590 591 592
590 592 593
594 595 596
594 596 597
598 599 600
598 600 601
602 603 604
602 604 605
606 607 608
606 608 609
610 611 612
610 612 613
614 615 616
614 616 617
618 619 620
618 620 621
622 623 624
622 624 625
626 627 628
626 628 629
630 567 631
630 631 632
633 634 635
633 635 636
637 638 639
637 639 640
641 642 643
641 643 644
645 646 647
645 647 648
649 650 651
649 651 652
653 654 655
653 655 656
657 658 659
657 659 660
661 662 663
661 663 664
665 666 667
665 667 668
669 670 671
669 671 672
673 674 675
673 675 676
677 678 679
677 679 680
681 682 683
681 683 684
685 686 687
685 687 688
689 690 691
689 691 692
693 694 695
693 695 696
697 698 699
697 699 700
701 702 703
701 703 704
705 706 707
705 707 708
709 710 711
709 711 712
713 714 715
713 715 716
717 718 719
717 719 720
721 722 723
721 723 724
725 726 727
725 727 728
729 730 731
729 731 732
733 734 735
733 735 736
737 738 739
737 739 740
741 742 743
741 743 744
745 746 747
745 747 748
749 750 751
749 751 752
753 754 755
753 755 756
757 758 759
757 759 760
761 762 763
761 763 764
765 766 767
765 767 768
769 770 771
769 771 772
773 774 775
773 775 776
777 778 779
777 779 780
781 782 783
781 783 784
785 786 787
785 787 788
789 790 791
789 791 792
793 794 795
793 795 796
797 798 799
797 799 800
801 802 803
801 803 804
805 806 807
805 807 808
809 810 811
809 811 812
813 814 815
813 815 816
817 818 819
817 819 820
821 822 823
821 823 824
825 826 827
825 827 828
829 830 831
829 831 832
833 834 835
833 835 836
837 838 839
837 839 840
841 842 843
841 843 844
845 782 846
845 846 847
848 849 850
848 850 851
852 853 854
852 854 855
856 857 858
856 858 859
860 861 862
860 862 863
864 865 866
864 866 867
868 869 870
868 870 871
872 873 874
872 874 875
876 877 878
876 878 879
880 881 882
880 882 883
884 885 886
884 886 887
888 889 890
888 890 891
892 893 894
892 894 895
896 897 898
896 898 899
900 901 902
900 902 903
904 905 906
904 906 907
908 909 910
908 910 911
912 913 914
912 914 915
916 917 918
916 918 919
920 921 922
920 922 923
924 925 926
924 926 927
928 929 930
928 930 931
932 933 934
932 934 935
936 937 938
936 938 939
940 941 942
940 942 943
944 945 946
944 946 947
948 949 950
948 950 951
952 953 954
952 954 955
956 957 958
956 958 959
960 961 962
960 962 963
964 965 966
964 966 967
968 969 970
968 970 971
972 973 974
972 974 975
976 977 978
976 978 979
980 981 982
980 982 983
984 985 986
984 986 987
988 989 990
988 990 991
992 993 994
992 994 995
996 997 998
996 998 999
1000 1001 1002
1000 1002 1003
1004 1005 1006
1004 1006 1007
1008 1009 1010
1008 1010 1011
1012 1013 1014
1012 1014 1015
1016 1017 1018
1016 1018 1019
1020 1021 1022
1020 1022 1023
1024 1025 1026
1024 1026 1027
1028 1029 1030
1028 1030 1031
1032 1033 1034
1032 1034 1035
1036 1037 1038
1036 1038 1039
1040 1041 1042
1040 1042 1043
1044 1045 1046
1044 1046 1047
1048 1049 1050
1048 1050 1051
1052 1053 1054
1052 1054 1055
1056 1057 1058
1056 1058 1059
1060 997 1061
1060 1061 1062
1063 1064 1065
1063 1065 1066
1067 1068 1069
1067 1069 1070
1071 1072 1073
1071 1073 1074
1075 1076 1077
1075 1077 1078
1079 1080 1081
1079 1081 1082
1083 1084 1085
1083 1085 1086
1087 1088 1089
1087 1089 1090
1091 1092 1093
1091 1093 1094
1095 1096 1097
1095 1097 1098
1099 1100 1101
1099 1101 1102
1103 1104 1105
1103 1105 1106
1107 1108 1109
1107 1109 1110
1111 1112 1113
1111 1113 1114
1115 1116 1117
1115 1117 1118
1119 1120 1121
1119 1121 1122
1123 1124 1125
1123 1125 1126
1127 1128 1129
1127 1129 1130
1131 1132 1133
1131 1133 1134
1135 1136 1137
1135 1137 1138
1139 1140 1141
1139 1141 1142
1143 1144 1145
1143 1145 1146
1147 1148 1149
1147 1149 1150
1151 1152 1153
1151 1153 1154
1155 1156 1157
1155 1157 1158
1159 1160 1161
1159 1161 1162
1163 1164 1165
1163 1165 1166
1167 1168 1169
1167 1169 1170
1171 1172 1173
1171 1173 1174
1175 1176 1177
1175 1177 1178
1179 1180 1181
1179 1181 1182
1183 1184 1185
1183 1185 1186
1187 1188 1189
1187 1189 1190
1191 1192 1193
1191 1193 1194
1195 1196 1197
1195 1197 1198
1199 1200 1201
1199 1201 1202
1203 1204 1205
1203 1205 1206
1207 1208 1209
1207 1209 1210
1211 1212 1213
1211 1213 1214
1215 1216 1217
1215 1217 1218
1219 1220 1221
1219 1221 1222
1223 1224 1225
1223 1225 1226
1227 1228 1229
1227 1229 1230
1231 1232 1233
1231 1233 1234
1235 1236 1237
1235 1237 1238
1239 1240 1241
1239 1241 1242
1243 1244 1245
1243 1245 1246
1247 1248 1249
1247 1249 1250
1251 1252 1253
1251 1253 1254
1255 1256 1257
1255 1257 1258
1259 1260 1261
1259 1261 1262
1263 1264 1265
1263 1265 1266
1267 1268 1269
1267 1269 1270
1271 1272 1273
1271 1273 1274
1275 1212 1276
1275 1276 1277
1278 1279 1280
1278 1280 1281
1282 1283 1284
1282 1284 1285
1286 1287 1288
1286 1288 1289
1290 1291 1292
1290 1292 1293
1294 1295 1296
1294 1296 1297
1298 1299 1300
1298 1300 1301
1302 1303 1304
1302 1304 1305
1306 1307 1308
1306 1308 1309
1310 1311 1312
1310 1312 1313
1314 1315 1316
1314 1316 1317
1318 1319 1320
1318 1320 1321
1322 1323 1324
1322 1324 1325
1326 1327 1328
1326 1328 1329
1330 1331 1332
1330 1332 1333
1334 1335 1336
1334 1336 1337
1338 1339 1340
1338 1340 1341
1342 1343 1344
1342 1344 1345
1346 1347 1348
1346 1348 1349
1350 1351 1352
1350 1352 1353
1354 1355 1356
1354 1356 1357
1358 1359 1360
1358 1360 1361
1362 1363 1364
1362 1364 1365
1366 1367 1368
1366 1368 1369
1370 1371 1372
1370 1372 1373
1374 1375 1376
1374 1376 1377
1378 1379 1380
1378 1380 1381
1382 1383 1384
1382 1384 1385
1386 1387 1388
1386 1388 1389
1390 1391 1392
1390 1392 1393
1394 1395 1396
1394 1396 1397
1398 1399 1400
1398 1400 1401
1402 1403 1404
1402 1404 1405
1406 1407 1408
1406 1408 1409
1410 1411 1412
1410 1412 1413
1414 1415 1416
1414 1416 1417
1418 1419 1420
1418 1420 1421
1422 1423 1424
1422 1424 1425
1426 1427 1428
1426 1428 1429
1430 1431 1432
1430 1432 1433
1434 1435 1436
1434 1436 1437
1438 1439 1440
1438 1440 1441
1442 1443 1444
1442 1444 1445
1446 1447 1448
1446 1448 1449
1450 1451 1452
1450 1452 1453
1454 1455 1456
1454 1456 1457
1458 1459 1460
1458 1460 1461
1462 1463 1464
1462 1464 1465
1466 1467 1468
1466 1468 1469
1470 1471 1472
1470 1472 1473
1474 1475 1476
1474 1476 1477
1478 1479 1480
1478 1480 1481
1482 1483 1484
1482 1484 1485
1486 1487 1488
1486 1488 1489
1490 1491 1492
1490 1492 1493
1494 1495 1496
1494 1496 1497
1498 1499 1500
1498 1500 1501
1502 1503 1504
1502 1504 1505
1506 1507 1508
1506 1508 1509
1510 1511 1512
1510 1512 1513
1514 1515 1516
1514 1516 1517
1518 1519 1520
1518 1520 1521
1522 1379 1523
1522 1523 1524
1525 1526 1527
1525 1527 1415
1528 1529 1530
1528 1530 1531
1532 1533 1534
1532 1534 1383
1535 1536 1537
1535 1537 1538
1539 1540 1541
1539 1541 1542
1543 1451 1544
1543 1544 1545
1546 1547 1548
1546 1548 1549
1550 1551 1552
1550 1552 1553
1554 1555 1556
1554 1556 1557
1558 1559 1560
1558 1560 1561
1562 1563 1564
1562 1564 1565
1566 1567 1568
1566 1568 1569
1570 1571 1572
1570 1572 1573
1574 1575 1576
1574 1576 1577
1578 1579 1580
1578 1580 1581
1582 1583 1584
1582 1584 1585
1586 1587 1588
1586 1588 1589
1590 1591 1592
1590 1592 1593
1594 1595 1596
1594 1596 1597
1598 1599 1600
1598 1600 1601
1602 1603 1604
1602 1604 1605
1606 1607 1608
1606 1608 1609
1610 1611 1612
1610 1612 1613
1614 1615 1616
1614 1616 1617
1618 1619 1620
1618 1620 1621
1622 1623 1624
1622 1624 1625
1626 1627 1628
1626 1628 1629
1630 1631 1632
1630 1632 1633
1634 1635 1636
1634 1636 1637
1638 1639 1640
1638 1640 1641
1642 1643 1644
1642 1644 1645
1646 1647 1648
1646 1648 1649
1650 1651 1652
1650 1652 1653
1654 1655 1656
1654 1656 1657
1658 1659 1660
1658 1660 1661
1662 1663 1664
1662 1664 1665
1666 1667 1668
1666 1668 1669
1670 1671 1672
1670 1672 1673
1674 1675 1676
1674 1676 1677
1678 1679 1680
1678 1680 1681
1682 1683 1684
1682 1684 1685
1686 1687 1688
1686 1688 1689
1690 1691 1692
1690 1692 1693
1694 1695 1696
1694 1696 1697
1698 1699 1700
1698 1700 1701
1702 1639 1703
1702 1703 1704
1705 1706 1707
1705 1707 1708
1709 1710 1711
1709 1711 1712
1713 1714 1715
1713 1715 1716
1717 1718 1719
1717 1719 1720
1721 1722 1723
1721 1723 1724
1725 1726 1727
1725 1727 1728
1729 1730 1731
1729 1731 1732
1733 1734 1735
1733 1735 1736
1737 1738 1739
1737 1739 1740
1741 1742 1743
1741 1743 1744
1745 1746 1747
1745 1747 1748
1749 1750 1751
1749 1751 1752
1753 1754 1755
1753 1755 1756
1757 1758 1759
1757 1759 1760
1761 1762 1763
1761 1763 1764
1765 1766 1767
1765 1767 1768
1769 1770 1771
1769 1771 1772
1773 1774 1775
1773 1775 1776
1777 1778 1779
1777 1779 1780
1781 1782 1783
1781 1783 1784
1785 1786 1787
1785 1787 1788
1789 1790 1791
1789 1791 1792
1793 1794 1795
1793 1795 1796
1797 1798 1799
1797 1799 1800
1801 1802 1803
1801 1803 1804
1805 1806 1807
1805 1807 1808
1809 1810 1811
1809 1811 1812
1813 1814 1815
1813 1815 1816
1817 1818 1819
1817 1819 1820
1821 1822 1823
1821 1823 1824
1825 1826 1827
1825 1827 1828
1829 1830 1831
1829 1831 1832
1833 1834 1835
1833 1835 1836
1837 1838 1839
1837 1839 1840
1841 1842 1843
1841 1843 1844
1845 1846 1847
1845 1847 1848
1849 1850 1851
1849 1851 1852
1853 1854 1855
1853 1855 1856
1857 1858 1859
1857 1859 1860
1861 1862 1863
1861 1863 1864
1865 1866 1867
1865 1867 1868
1869 1870 1871
1869 1871 1872
1873 1874 1875
1873 1875 1876
1877 1878 1879
1877 1879 1880
1881 1882 1883
1881 1883 1884
1885 1886 1887
1885 1887 1888
1889 1890 1891
1889 1891 1892
1893 1894 1895
1893 1895 1896
1897 1898 1899
1897 1899 1900
1901 1902 1903
1901 1903 1904
1905 1906 1907
1905 1907 1908
1909 1910 1911
1909 1911 1912
1913 1914 1915
1913 1915 1916
1917 1854 1918
1917 1918 1919
1920 1921 1922
1920 1922 1923
1924 1925 1926
1924 1926 1927
1928 1929 1930
1928 1930 1931
1932 1933 1934
1932 1934 1935
1936 1937 1938
1936 1938 1939
1940 1941 1942
1940 1942 1943
1944 1945 1946
1944 1946 1947
1948 1949 1950
1948 1950 1951
1952 1953 1954
1952 1954 1955
1956 1957 1958
1956 1958 1959
1960 1961 1962
1960 1962 1963
1964 1965 1966
1964 1966 1967
1968 1969 1970
1968 1970 1971
1972 1973 1974
1972 1974 1975
1976 1977 1978
1976 1978 1979
1980 1981 1982
1980 1982 1983
1984 1985 1986
1984 1986 1987
1988 1989 1990
1988 1990 1991
1992 1993 1994
1992 1994 1995
1996 1997 1998
1996 1998 1999
2000 2001 2002
2000 2002 2003
2004 2005 2006
2004 2006 2007
2008 2009 2010
2008 2010 2011
2012 2013 2014
2012 2014 2015
2016 2017 2018
2016 2018 2019
2020 2021 2022
2020 2022 2023
2024 2025 2026
2024 2026 2027
2028 2029 2030
2028 2030 2031
2032 2033 2034
2032 2034 2035
2036 2037 2038
2036 2038 2039
2040 2041 2042
2040 2042 2043
2044 2045 2046
2044 2046 2047
2048 2049 2050
2048 2050 2051
2052 2053 2054
2052 2054 2055
2056 2057 2058
2056 2058 2059
2060 2061 2062
2060 2062 2063
2064 2065 2066
2064 2066 2067
2068 2069 2070
2068 2070 2071
2072 2073 2074
2072 2074 2075
2076 2077 2078
2076 2078 2079
2080 2081 2082
2080 2082 2083
2084 2085 2086
2084 2086 2087
2088 2089 2090
2088 2090 2091
2092 2093 2094
2092 2094 2095
2096 2097 2098
2096 2098 2099
2100 2101 2102
2100 2102 2103
2104 2105 2106
2104 2106 2107
2108 2109 2110
2108 2110 2111
2112 2113 2114
2112 2114 2115
2116 2117 2118
2116 2118 2119
2120 2121 2122
2120 2122 2123
2124 2125 2126
2124 2126 2127
2128 2129 2130
2128 2130 2131
2132 2069 2133
2132 2133 2134
2135 2136 2137
2135 2137 2138
2139 2140 2141
2139 2141 2142
2143 2144 2145
2143 2145 2146
2147 2148 2149
2147 2149 2150
2151 2152 2153
2151 2153 2154
2155 2156 2157
2155 2157 2158
2159 2160 2161
2159 2161 2162
2163 2164 2165
2163 2165 2166
2167 2168 2169
2167 2169 2170
2171 2172 2173
2171 2173 2174
2175 2176 2177
2175 2177 2178
2179 2180 2181
2179 2181 2182
2183 2184 2185
2183 2185 2186
2187 2188 2189
2187 2189 2190
2191 2192 2193
2191 2193 2194
2195 2196 2197
2195 2197 2198
2199 2200 2201
2199 2201 2202
2203 2204 2205
2203 2205 2206
2207 2208 2209
2207 2209 2210
2211 2212 2213
2211 2213 2214
2215 2216 2217
2215 2217 2218
2219 2220 2221
2219 2221 2222
2223 2224 2225
2223 2225 2226
2227 2228 2229
2227 2229 2230
2231 2232 2233
2231 2233 2234
2235 2236 2237
2235 2237 2238
2239 2240 2241
2239 2241 2242
2243 2244 2245
2243 2245 2246
2247 2248 2249
2247 2249 2250
2251 2252 2253
2251 2253 2254
2255 2256 2257
2255 2257 2258
2259 2260 2261
2259 2261 2262
2263 2264 2265
2263 2265 2266
2267 2268 2269
2267 2269 2270
2271 2272 2273
2271 2273 2274
2275 2276 2277
2275 2277 2278
2279 2280 2281
2279 2281 2282
2283 2284 2285
2283 2285 2286
2287 2288 2289
2287 2289 2290
2291 2292 2293
2291 2293 2294
2295 2296 2297
2295 2297 2298
2299 2300 2301
2299 2301 2302
2303 2304 2305
2303 2305 2306
2307 2308 2309
2307 2309 2310
2311 2312 2313
2311 2313 2314
2315 2316 2317
2315 2317 2318
2319 2320 2321
2319 2321 2322
2323 2324 2325
2323 2325 2326
2327 2328 2329
2327 2329 2330
2331 2332 2333
2331 2333 2334
2335 2336 2337
2335 2337 2338
2339 2340 2341
2339 2341 2342
2343 2344 2345
2343 2345 2346
2347 2284 2348
2347 2348 2349
2350 2351 2352
2350 2352 2353
2354 2355 2356
2354 2356 2357
2358 2359 2360
2358 2360 2361
2362 2363 2364
2362 2364 2365
2366 2367 2368
2366 2368 2369
2370 2371 2372
2370 2372 2373
2374 2375 2376
2374 2376 2377
2378 2379 2380
2378 2380 2381
2382 2383 2384
2382 2384 2385
2386 2387 2388
2386 2388 2389
2390 2391 2392
2390 2392 2393
2394 2395 2396
2394 2396 2397
2398 2399 2400
2398 2400 2401
2402 2403 2404
2402 2404 2405
2406 2407 2408
2406 2408 2409
2410 2411 2412
2410 2412 2413
2414 2415 2416
2414 2416 2417
2418 2419 2420
2418 2420 2421
2422 2423 2424
2422 2424 2425
2426 2427 2428
2426 2428 2429
2430 2431 2432
2430 2432 2433
2434 2435 2436
2434 2436 2437
2438 2439 2440
2438 2440 2441
2442 2443 2444
2442 2444 2445
2446 2447 2448
2446 2448 2449
2450 2451 2452
2450 2452 2453
2454 2455 2456
2454 2456 2457
2458 2459 2460
2458 2460 2461
2462 2463 2464
2462 2464 2465
2466 2467 2468
2466 2468 2469
2470 2471 2472
2470 2472 2473
2474 2475 2476
2474 2476 2477
2478 2479 2480
2478 2480 2481
2482 2483 2484
2482 2484 2485
2486 2487 2488
2486 2488 2489
2490 2491 2492
2490 2492 2493
2494 2495 2496
2494 2496 2497
2498 2499 2500
2498 2500 2501
2502 2503 2504
2502 2504 2505
2506 2507 2508
2506 2508 2509
2510 2511 2512
2510 2512 2513
2514 2515 2516
2514 2516 2517
2518 2519 2520
2518 2520 2521
2522 2523 2524
2522 2524 2525
2526 2527 2528
2526 2528 2529
2530 2531 2532
2530 2532 2533
2534 2535 2536
2534 2536 2537
2538 2539 2540
2538 2540 2541
2542 2543 2544
2542 2544 2545
2546 2547 2548
2546 2548 2549
2550 2551 2552
2550 2552 2553
2554 2555 2556
2554 2556 2557
2558 2559 2560
2558 2560 2561
2562 2499 2563
2562 2563 2564
2565 2566 2567
2565 2567 2568
2569 2570 2571
2569 2571 2572
2573 2574 2575
2573 2575 2576
2577 2578 2579
2577 2579 2580
2581 2582 2583
2581 2583 2584
2585 2586 2587
2585 2587 2588
2589 2590 2591
2589 2591 2592
2593 2594 2595
2593 2595 2596
2597 2598 2599
2597 2599 2600
2601 2602 2603
2601 2603 2604
2605 2606 2607
2605 2607 2608
2609 2610 2611
2609 2611 2612
2613 2614 2615
2613 2615 2616
2617 2618 2619
2617 2619 2620
2621 2622 2623
2621 2623 2624
2625 2626 2627
2625 2627 2628
2629 2630 2631
2629 2631 2632
2633 2634 2635
2633 2635 2636
2637 2638 2639
2637 2639 2640
2641 2642 2643
2641 2643 2644
2645 2646 2647
2645 2647 2648
2649 2650 2651
2649 2651 2652
2653 2654 2655
2653 2655 2656
2657 2658 2659
2657 2659 2660
2661 2662 2663
2661 2663 2664
2665 2666 2667
2665 2667 2668
2669 2670 2671
2669 2671 2672
2673 2674 2675
2673 2675 2676
2677 2678 2679
2677 2679 2680
2681 2682 2683
2681 2683 2684
2685 2686 2687
2685 2687 2688
2689 2690 2691
2689 2691 2692
2693 2694 2695
2693 2695 2696
2697 2698 2699
2697 2699 2700
2701 2702 2703
2701 2703 2704
2705 2706 2707
2705 2707 2708
2709 2710 2711
2709 2711 2712
2713 2714 2715
2713 2715 2716
2717 2718 2719
2717 2719 2720
2721 2722 2723
2721 2723 2724
2725 2726 2727
2725 2727 2728
2729 2730 2731
2729 2731 2732
2733 2734 2735
2733 2735 2736
2737 2738 2739
2737 2739 2740
2741 2742 2743
2741 2743 2744
2745 2746 2747
2745 2747 2748
2749 2750 2751
2749 2751 2752
2753 2754 2755
2753 2755 2756
2757 2758 2759
2757 2759 2760
2761 2762 2763
2761 2763 2764
2765 2766 2767
2765 2767 2768
2769 2770 2771
2769 2771 2772
2773 2774 2775
2773 2775 2776
2777 2714 2778
2777 2778 2779
2780 2781 2782
2780 2782 2783
2784 2785 2786
2784 2786 2787
2788 2789 2790
2788 2790 2791
2792 2793 2794
2792 2794 2795
2796 2797 2798
2796 2798 2799
2800 2801 2802
2800 2802 2803
2804 2805 2806
2804 2806 2807
2808 2809 2810
2808 2810 2811
2812 2813 2814
2812 2814 2815
2816 2817 2818
2816 2818 2819
2820 2821 2822
2820 2822 2823
2824 2825 2826
2824 2826 2827
2828 2829 2830
2828 2830 2831
2832 2833 2834
2832 2834 2835
2836 2837 2838
2836 2838 2839
2840 2841 2842
2840 2842 2843
2844 2845 2846
2844 2846 2847
2848 2849 2850
2848 2850 2851
2852 2853 2854
2852 2854 2855
2856 2857 2858
2856 2858 2859
2860 2861 2862
2860 2862 2863
2864 2865 2866
2864 2866 2867
2868 2869 2870
2868 2870 2871
2872 2873 2874
2872 2874 2875
2876 2877 2878
2876 2878 2879
2880 2881 2882
2880 2882 2883
2884 2885 2886
2884 2886 2887
2888 2889 2890
2888 2890 2891
2892 2893 2894
2892 2894 2895
2896 2897 2898
2896 2898 2899
2900 2901 2902
2900 2902 2903
2904 2905 2906
2904 2906 2907
2908 2909 2910
2908 2910 2911
2912 2913 2914
2912 2914 2915
2916 2917 2918
2916 2918 2919
2920 2921 2922
2920 2922 2923
2924 2925 2926
2924 2926 2927
2928 2929 2930
2928 2930 2931
2932 2933 2934
2932 2934 2935
2936 2937 2938
2936 2938 2939
2940 2941 2942
2940 2942 2943
2944 2945 2946
2944 2946 2947
2948 2949 2950
2948 2950 2951
2952 2953 2954
2952 2954 2955
2956 2957 2958
2956 2958 2959
2960 2961 2962
2960 2962 2963
2964 2965 2966
2964 2966 2967
2968 2969 2970
2968 2970 2971
2972 2973 2974
2972 2974 2975
2976 2977 2978
2976 2978 2979
2980 2981 2982
2980 2982 2983
2984 2985 2986
2984 2986 2987
2988 2989 2990
2988 2990 2991
2992 2993 2994
2992 2994 2995
2996 2997 2998
2996 2998 2999
3000 3001 3002
3000 3002 3003
3004 3005 3006
3004 3006 3007
3008 3009 3010
3008 3010 3011
3012 3013 3014
3012 3014 3015
3016 3017 3018
3016 3018 3019
3020 3021 3022
3020 3022 3023
3024 2881 3025
3024 3025 3026
3027 3028 3029
3027 3029 2917
3030 3031 3032
3030 3032 3033
3034 3035 3036
3034 3036 2885
3037 3038 3039
3037 3039 3040
3041 3042 3043
3041 3043 3044
3045 2953 3046
3045 3046 3047
3048 3049 3050
3048 3050 3051
3052 3053 3054
3052 3054 3055
3056 3057 3058
3056 3058 3059
3060 3061 3062
3060 3062 3063
3064 3065 3066
3064 3066 3067
3068 3069 3070
3068 3070 3071
3072 3073 3074
3072 3074 3075
3076 3077 3078
3076 3078 3079
3057 3080 3081
3057 3081 3058
3082 3083 3084
3082 3084 3085
3086 3087 3088
3086 3088 3089
3069 3090 3091
3069 3091 3070
3092 3093 3094
3092 3094 3095
3096 3097 3098
3096 3098 3099
3080 3100 3101
3080 3101 3081
3102 3103 3104
3102 3104 3105
3106 3107 3108
3106 3108 3109
3090 3110 3111
3090 3111 3091
3112 3113 3114
3112 3114 3115
3116 3117 3118
3116 3118 3119
3100 3120 3121
3100 3121 3101
3122 3123 3124
3122 3124 3125
3126 3127 3128
3126 3128 3129
3110 3130 3131
3110 3131 3111
3132 3133 3134
3132 3134 3135
3136 3137 3138
3136 3138 3139
3120 3140 3141
3120 3141 3121
3142 3143 3144
3142 3144 3145
3146 3147 3148
3146 3148 3149
3130 3150 3151
3130 3151 3131
3152 3153 3154
3152 3154 3155
3156 3157 3158
3156 3158 3159
3140 3160 3161
3140 3161 3141
3162 3163 3164
3162 3164 3165
3166 3167 3168
3166 3168 3169
3150 3170 3171
3150 3171 3151
3172 3173 3174
3172 3174 3175
3176 3177 3178
3176 3178 3179
3160 3180 3181
3160 3181 3161
3182 3183 3184
3182 3184 3185
3186 3187 3188
3186 3188 3189
3170 3190 3191
3170 3191 3171
3192 3193 3194
3192 3194 3195
3196 3197 3198
3196 3198 3199
3180 3200 3201
3180 3201 3181
3202 3203 3204
3202 3204 3205
3206 3207 3208
3206 3208 3209
3190 3210 3211
3190 3211 3191
3212 3213 3214
3212 3214 3215
3216 3217 3218
3216 3218 3219
3200 3220 3221
3200 3221 3201
3222 3223 3224
3222 3224 3225
3226 3227 3228
3226 3228 3229
3210 3230 3231
3210 3231 3211
3232 3233 3234
3232 3234 3235
3236 3237 3238
3236 3238 3239
3220 3240 3241
3220 3241 3221
3242 3243 3244
3242 3244 3245
3246 3247 3248
3246 3248 3249
3230 3250 3251
3230 3251 3231
3252 3253 3254
3252 3254 3255
3256 3257 3258
3256 3258 3259
3240 3260 3261
3240 3261 3241
3262 3263 3264
3262 3264 3265
3266 3267 3268
3266 3268 3269
3250 3270 3271
3250 3271 3251
3272 3273 3274
3272 3274 3275
3276 3277 3278
3276 3278 3279
3260 3280 3281
3260 3281 3261
3282 3283 3284
3282 3284 3285
3286 3287 3288
3286 3288 3289
3270 3290 3291
3270 3291 3271
3292 3293 3294
3292 3294 3295
3296 3297 3298
3296 3298 3299
3280 3300 3301
3280 3301 3281
3302 3303 3304
3302 3304 3305
3306 3307 3308
3306 3308 3309
3290 3310 3311
3290 3311 3291
3312 3313 3314
3312 3314 3315
3316 3317 3318
3316 3318 3319
3300 3320 3321
3300 3321 3301
3322 3323 3324
3322 3324 3325
3326 3327 3328
3326 3328 3329
3310 3330 3331
3310 3331 3311
3332 3333 3334
3332 3334 3335
3336 3337 3338
3336 3338 3339
3320 3340 3341
3320 3341 3321
3342 3343 3344
3342 3344 3345
3346 3347 3348
3346 3348 3349
3330 3350 3351
3330 3351 3331
3352 3353 3354
3352 3354 3355
3356 3357 3358
3356 3358 3359
3340 3360 3361
3340 3361 3341
3362 3363 3364
3362 3364 3365
3366 3367 3368
3366 3368 3369
3350 3370 3371
3350 3371 3351
3372 3373 3374
3372 3374 3375
3376 3377 3378
3376 3378 3379
3360 3380 3381
3360 3381 3361
3382 3383 3384
3382 3384 3385
3386 3387 3388
3386 3388 3389
3370 3390 3391
3370 3391 3371
3392 3393 3394
3392 3394 3395
3396 3397 3398
3396 3398 3399
3380 3400 3401
3380 3401 3381
3402 3403 3404
3402 3404 3405
3406 3407 3408
3406 3408 3409
3390 3410 3411
3390 3411 3391
3412 3413 3414
3412 3414 3415
3416 3417 3418
3416 3418 3419
3400 3420 3421
3400 3421 3401
3422 3423 3424
3422 3424 3425
3426 3427 3428
3426 3428 3429
3410 3430 3431
3410 3431 3411
3432 3433 3434
3432 3434 3435
3436 3437 3438
3436 3438 3439
3420 3440 3441
3420 3441 3421
3442 3443 3444
3442 3444 3445
3446 3447 3448
3446 3448 3449
3430 3450 3451
3430 3451 3431
3452 3453 3454
3452 3454 3455
3456 3457 3458
3456 3458 3459
3440 3460 3461
3440 3461 3441
3462 3463 3464
3462 3464 3465
3466 3467 3468
3466 3468 3469
3450 3470 3471
3450 3471 3451
3472 3473 3474
3472 3474 3475
3476 3477 3478
3476 3478 3479
3460 3480 3481
3460 3481 3461
3482 3483 3484
3482 3484 3485
3486 3487 3488
3486 3488 3489
3470 3490 3491
3470 3491 3471
3492 3493 3494
3492 3494 3495
3496 3497 3498
3496 3498 3499
3480 3500 3501
3480 3501 3481
3502 3503 3504
3502 3504 3505
3506 3507 3508
3506 3508 3509
3490 3510 3511
3490 3511 3491
3512 3513 3514
3512 3514 3515
3516 3517 3518
3516 3518 3519
3500 3520 3521
3500 3521 3501
3522 3523 3524
3522 3524 3525
3526 3527 3528
3526 3528 3529
3510 3530 3531
3510 3531 3511
3532 3533 3534
3532 3534 3535
3536 3537 3538
3536 3538 3539
3520 3540 3541
3520 3541 3521
3542 3543 3544
3542 3544 3545
3546 3547 3548
3546 3548 3549
3530 3550 3551
3530 3551 3531
3552 3553 3554
3552 3554 3555
3556 3557 3558
3556 3558 3559
3540 3560 3561
3540 3561 3541
3562 3563 3564
3562 3564 3565
3566 3567 3568
3566 3568 3569
3550 3570 3571
3550 3571 3551
3572 3573 3574
3572 3574 3575
3576 3577 3578
3576 3578 3579
3560 3580 3581
3560 3581 3561
3582 3583 3584
3582 3584 3585
3586 3587 3588
3586 3588 3589
3570 3590 3591
3570 3591 3571
3592 3593 3594
3592 3594 3595
3596 3597 3598
3596 3598 3599
3580 3600 3601
3580 3601 3581
3602 3603 3604
3602 3604 3605
3606 3607 3608
3606 3608 3609
3590 3610 3611
3590 3611 3591
3612 3613 3614
3612 3614 3615
3616 3617 3618
3616 3618 3619
3600 3620 3621
3600 3621 3601
3622 3623 3624
3622 3624 3625
3626 3627 3628
3626 3628 3629
3610 3630 3631
3610 3631 3611
3632 3633 3634
3632 3634 3635
3636 3637 3638
3636 3638 3639
3620 3640 3641
3620 3641 3621
3642 3643 3644
3642 3644 3645
3646 3647 3648
3646 3648 3649
3630 3650 3651
3630 3651 3631
3652 3653 3654
3652 3654 3655
3656 3657 3658
3656 3658 3659
3640 3660 3661
3640 3661 3641
3662 3663 3664
3662 3664 3665
3666 3667 3668
3666 3668 3669
3650 3670 3671
3650 3671 3651
3672 3673 3674
3672 3674 3675
3676 3677 3678
3676 3678 3679
3660 3680 3681
3660 3681 3661
3682 3683 3684
3682 3684 3685
3686 3687 3688
3686 3688 3689
3670 3690 3691
3670 3691 3671
3692 3693 3694
3692 3694 3695
3696 3697 3698
3696 3698 3699
3680 3700 3701
3680 3701 3681
3702 3703 3704
3702 3704 3705
3706 3707 3708
3706 3708 3709
3690 3710 3711
3690 3711 3691
3712 3713 3714
3712 3714 3715
3716 3717 3718
3716 3718 3719
3700 3720 3721
3700 3721 3701
3722 3723 3724
3722 3724 3725
3726 3727 3728
3726 3728 3729
3710 3730 3731
3710 3731 3711
3732 3733 3734
3732 3734 3735
3736 3737 3738
3736 3738 3739
3720 3740 3741
3720 3741 3721
3742 3743 3744
3742 3744 3745
3746 3747 3748
3746 3748 3749
3730 3750 3751
3730 3751 3731
3752 3753 3754
3752 3754 3755
3756 3757 3758
3756 3758 3759
3740 3760 3761
3740 3761 3741
3762 3763 3764
3762 3764 3765
3766 3767 3768
3766 3768 3769
3750 3770 3771
3750 3771 3751
3772 3773 3774
3772 3774 3775
3776 3777 3778
3776 3778 3779
3760 3780 3781
3760 3781 3761
3782 3783 3784
3782 3784 3785
3786 3787 3788
3786 3788 3789
3770 3790 3791
3770 3791 3771
3792 3793 3794
3792 3794 3795
3796 3797 3798
3796 3798 3799
3780 3800 3801
3780 3801 3781
3802 3803 3804
3802 3804 3805
3806 3807 3808
3806 3808 3809
3790 3810 3811
3790 3811 3791
3812 3813 3814
3812 3814 3815
3816 3817 3818
3816 3818 3819
3800 3820 3821
3800 3821 3801
3822 3823 3824
3822 3824 3825
3826 3827 3828
3826 3828 3829
3810 3830 3831
3810 3831 3811
3832 3833 3834
3832 3834 3835
3836 3837 3838
3836 3838 3839
3820 3840 3841
3820 3841 3821
3842 3843 3844
3842 3844 3845
3846 3847 3848
3846 3848 3849
3830 3850 3851
3830 3851 3831
3852 3853 3854
3852 3854 3855
3856 3857 3858
3856 3858 3859
3840 3860 3861
3840 3861 3841
3862 3863 3864
3862 3864 3865
3866 3867 3868
3866 3868 3869
3850 3870 3871
3850 3871 3851
3872 3873 3874
3872 3874 3875
3876 3877 3878
3876 3878 3879
3860 3880 3881
3860 3881 3861
3882 3883 3884
3882 3884 3885
3886 3887 3888
3886 3888 3889
3870 3890 3891
3870 3891 3871
3892 3893 3894
3892 3894 3895
3896 3897 3898
3896 3898 3899
3880 3900 3901
3880 3901 3881
3902 3903 3904
3902 3904 3905
3906 3907 3908
3906 3908 3909
3890 3910 3911
3890 3911 3891
3912 3913 3914
3912 3914 3915
3916 3917 3918
3916 3918 3919
3900 3920 3921
3900 3921 3901
3922 3923 3924
3922 3924 3925
3926 3927 3928
3926 3928 3929
3910 3930 3931
3910 3931 3911
3932 3933 3934
3932 3934 3935
3936 3937 3938
3936 3938 3939
3920 3940 3941
3920 3941 3921
3942 3943 3944
3942 3944 3945
3946 3947 3948
3946 3948 3949
3930 3950 3951
3930 3951 3931
3952 3953 3954
3952 3954 3955
3956 3957 3958
3956 3958 3959
3940 3960 3961
3940 3961 3941
3962 3963 3964
3962 3964 3965
3966 3967 3968
3966 3968 3969
3950 3970 3971
3950 3971 3951
3972 3973 3974
3972 3974 3975
3976 3977 3978
3976 3978 3979
3960 3980 3981
3960 3981 3961
3982 3983 3984
3982 3984 3985
3986 3987 3988
3986 3988 3989
3970 3990 3991
3970 3991 3971
3992 3993 3994
3992 3994 3995
3996 3997 3998
3996 3998 3999
3980 4000 4001
3980 4001 3981
4002 4003 4004
4002 4004 4005
4006 4007 4008
4006 4008 4009
3990 4010 4011
3990 4011 3991
4012 4013 4014
4012 4014 4015
4016 4017 4018
4016 4018 4019
4000 4020 4021
4000 4021 4001
4022 4023 4024
4022 4024 4025
4026 4027 4028
4026 4028 4029
4010 4030 4031
4010 4031 4011
4032 4033 4034
4032 4034 4035
4036 4037 4038
4036 4038 4039
4020 4040 4041
4020 4041 4021
4042 4043 4044
4042 4044 4045
4046 4047 4048
4046 4048 4049
4030 4050 4051
4030 4051 4031
4052 4053 4054
4052 4054 4055
4056 4057 4058
4056 4058 4059
4040 4060 4061
4040 4061 4041
4062 4063 4064
4062 4064 4065
4066 4067 4068
4066 4068 4069
4050 4070 4071
4050 4071 4051
4072 4073 4074
4072 4074 4075
4076 4077 4078
4076 4078 4079
4060 4080 4081
4060 4081 4061
4082 4083 4084
4082 4084 4085
4086 4087 4088
4086 4088 4089
4070 4090 4091
4070 4091 4071
4092 4093 4094
4092 4094 4095
4096 4097 4098
4096 4098 4099
4080 4100 4101
4080 4101 4081
4102 4103 4104
4102 4104 4105
4106 4107 4108
4106 4108 4109
4090 4110 4111
4090 4111 4091
4112 4113 4114
4112 4114 4115
4116 4117 4118
4116 4118 4119
4100 4120 4121
4100 4121 4101
4122 4123 4124
4122 4124 4125
4126 4127 4128
4126 4128 4129
4110 4130 4131
4110 4131 4111
4132 4133 4134
4132 4134 4135
4136 4137 4138
4136 4138 4139
4120 4140 4141
4120 4141 4121
4142 4143 4144
4142 4144 4145
4146 4147 4148
4146 4148 4149
4130 4150 4151
4130 4151 4131
4152 4153 4154
4152 4154 4155
4156 4157 4158
4156 4158 4159
4140 4160 4161
4140 4161 4141
4162 4163 4164
4162 4164 4165
4166 4167 4168
4166 4168 4169
4150 4170 4171
4150 4171 4151
4172 4173 4174
4172 4174 4175
4176 4177 4178
4176 4178 4179
4160 4180 4181
4160 4181 4161
4182 4183 4184
4182 4184 4185
4186 4187 4188
4186 4188 4189
4170 4190 4191
4170 4191 4171
4192 4193 4194
4192 4194 4195
4196 4197 4198
4196 4198 4199
4180 4200 4201
4180 4201 4181
4202 4203 4204
4202 4204 4205
4206 4207 4208
4206 4208 4209
4190 4210 4211
4190 4211 4191
4212 4213 4214
4212 4214 4215
4216 4217 4218
4216 4218 4219
4200 4220 4221
4200 4221 4201
4222 4223 4224
4222 4224 4225
4226 4227 4228
4226 4228 4229
4210 4230 4231
4210 4231 4211
4232 4233 4234
4232 4234 4235
4236 4237 4238
4236 4238 4239
4220 4240 4241
4220 4241 4221
4242 4243 4244
4242 4244 4245
4246 4247 4248
4246 4248 4249
4230 4250 4251
4230 4251 4231
4252 4253 4254
4252 4254 4255
4256 4257 4258
4256 4258 4259
4240 4260 4261
4240 4261 4241
4262 4263 4264
4262 4264 4265
4266 4267 4268
4266 4268 4269
4250 4270 4271
4250 4271 4251
4272 4273 4274
4272 4274 4275
4276 4277 4278
4276 4278 4279
4260 4280 4281
4260 4281 4261
4282 4283 4284
4282 4284 4285
4286 4287 4288
4286 4288 4289
4270 4290 4291
4270 4291 4271
4292 4293 4294
4292 4294 4295
4296 4297 4298
4296 4298 4299
4280 4300 4301
4280 4301 4281
4302 4303 4304
4302 4304 4305
4306 4307 4308
4306 4308 4309
4290 4310 4311
4290 4311 4291
4312 4313 4314
4312 4314 4315
4316 4317 4318
4316 4318 4319
4300 3056 3059
4300 3059 4301
4320 4321 4322
4320 4322 4323
4324 4325 4326
4324 4326 4327
4310 3068 3071
4310 3071 4311
4328 4329 4330
4328 4330 4331
4332 4333 4334
4332 4334 4335
4336 4337 4338
4336 4338 4339
4340 4341 4342
4340 4342 4343
4344 4345 4346
4344 4346 4347
4348 4349 4350
4348 4350 4351
4352 4353 4354
4352 4354 4355
4356 4357 4358
4356 4358 4359
4360 4361 4362
4360 4362 4363
4364 4365 4366
4364 4366 4367
4368 4369 4370
4368 4370 4371
4372 4373 4374
4372 4374 4375
4376 4377 4378
4376 4378 4379
4380 4381 4382
4380 4382 4383
4384 4385 4386
4384 4386 4387
4388 4389 4390
4388 4390 4391
4392 4393 4394
4392 4394 4395
4396 4397 4398
4396 4398 4399
4400 4401 4402
4400 4402 4403
4404 4405 4406
4404 4406 4407
4408 4409 4410
4408 4410 4411
4412 4413 4414
4412 4414 4415
4416 4417 4418
4416 4418 4419
4420 4421 4422
4420 4422 4423
4424 4425 4426
4424 4426 4427
4428 4429 4430
4428 4430 4431
4432 4433 4434
4432 4434 4435
4436 4437 4438
4436 4438 4439
4440 4441 4442
4440 4442 4443
4444 4445 4446
4444 4446 4447
4352 4448 4449
4352 4449 4450
4451 4452 4453
4451 4453 4454
4455 4456 4457
4455 4457 4357
4458 4401 4459
4458 4459 4460
4461 4462 4463
4461 4463 4464
4465 4466 4424
4465 4424 4467
4468 4469 4470
4468 4470 4381
4471 4429 4472
4471 4472 4473
4474 4475 4476
4474 4476 4365
4477 4421 4478
4477 4478 4479
4480 4481 4482
4480 4482 4483
4484 4485 4388
4484 4388 4486
4487 4488 4489
4487 4489 4393
4490 4437 4491
4490 4491 4492
4416 4493 4494
4416 4494 4495
4496 4497 4498
4496 4498 4499
4500 4501 4502
4500 4502 4503
4504 4505 4506
4504 4506 4507
4508 4509 4510
4508 4510 4511
4512 4513 4514
4512 4514 4515
4516 4517 4518
4516 4518 4519
4520 4521 4522
4520 4522 4523
4524 4525 4526
4524 4526 4527
4528 4529 4530
4528 4530 4531
4532 4533 4534
4532 4534 4535
4536 4537 4538
4536 4538 4539
4540 4541 4542
4540 4542 4543
4544 4545 4546
4544 4546 4547
4548 4549 4550
4548 4550 4551
4552 4553 4554
4552 4554 4555
4556 4557 4558
4556 4558 4559
4560 4561 4562
4560 4562 4563
4564 4565 4566
4564 4566 4567
4568 4569 4570
4568 4570 4571
4572 4573 4574
4572 4574 4575
4576 4577 4578
4576 4578 4579
4580 4581 4582
4580 4582 4583
4584 4585 4586
4584 4586 4587
4588 4589 4590
4588 4590 4591
4592 4593 4594
4592 4594 4595
4596 4597 4598
4596 4598 4599
4600 4601 4602
4600 4602 4603
4604 4605 4606
4604 4606 4607
4608 4609 4610
4608 4610 4611
4612 4613 4614
4612 4614 4615
4616 4617 4618
4616 4618 4619
4620 4621 4622
4620 4622 4623
4624 4625 4626
4624 4626 4627
4628 4629 4630
4628 4630 4631
4632 4633 4634
4632 4634 4635
4636 4637 4638
4636 4638 4639
4640 4641 4642
4640 4642 4643
4644 4645 4646
4644 4646 4647
4648 4649 4650
4648 4650 4651
4556 4652 4653
4556 4653 4654
4655 4656 4657
4655 4657 4658
4659 4660 4661
4659 4661 4561
4662 4605 4663
4662 4663 4664
4665 4666 4667
4665 4667 4668
4669 4670 4628
4669 4628 4671
4672 4673 4674
4672 4674 4585
4675 4633 4676
4675 4676 4677
4678 4679 4680
4678 4680 4569
4681 4625 4682
4681 4682 4683
4684 4685 4686
4684 4686 4687
4688 4689 4592
4688 4592 4690
4691 4692 4693
4691 4693 4597
4694 4641 4695
4694 4695 4696
4620 4697 4698
4620 4698 4699
4700 4701 4702
4700 4702 4703
4704 4705 4706
4704 4706 4707
4708 4709 4710
4708 4710 4711
4712 4713 4714
4712 4714 4715
4716 4717 4718
4716 4718 4719
4720 4721 4722
4720 4722 4723
4724 4725 4726
4724 4726 4727
4728 4729 4730
4728 4730 4731
4732 4733 4734
4732 4734 4735
4736 4737 4738
4736 4738 4739
4740 4741 4742
4740 4742 4743
4744 4745 4746
4744 4746 4747
4748 4749 4750
4748 4750 4751
4752 4753 4754
4752 4754 4755
4756 4757 4758
4756 4758 4759
4760 4761 4762
4760 4762 4763
4764 4765 4766
4764 4766 4767
4768 4769 4770
4768 4770 4771
4772 4773 4774
4772 4774 4775
4776 4777 4778
4776 4778 4779
4780 4781 4782
4780 4782 4783
4784 4785 4786
4784 4786 4787
4788 4789 4790
4788 4790 4791
4792 4793 4794
4792 4794 4795
4796 4797 4798
4796 4798 4799
4800 4801 4802
4800 4802 4803
4804 4805 4806
4804 4806 4807
4808 4809 4810
4808 4810 4811
4812 4813 4814
4812 4814 4815
4816 4817 4818
4816 4818 4819
4820 4821 4822
4820 4822 4823
4824 4825 4826
4824 4826 4827
4828 4829 4830
4828 4830 4831
4832 4833 4834
4832 4834 4835
4836 4837 4838
4836 4838 4839
4840 4841 4842
4840 4842 4843
4844 4845 4846
4844 4846 4847
4848 4849 4850
4848 4850 4851
4852 4853 4854
4852 4854 4855
4856 4857 4858
4856 4858 4859
4860 4861 4862
4860 4862 4863
4864 4865 4866
4864 4866 4867
4868 4869 4870
4868 4870 4871
4872 4873 4874
4872 4874 4875
4876 4877 4878
4876 4878 4879
4880 4881 4882
4880 4882 4883
4884 4885 4886
4884 4886 4887
4888 4889 4890
4888 4890 4891
4892 4893 4894
4892 4894 4895
4896 4897 4898
4896 4898 4899
4900 4901 4902
4900 4902 4903
4904 4905 4906
4904 4906 4907
4908 4909 4910
4908 4910 4911
4912 4913 4914
4912 4914 4915
4916 4917 4918
4916 4918 4919
4920 4921 4922
4920 4922 4923
4924 4925 4926
4924 4926 4927
4928 4929 4930
4928 4930 4931
4932 4933 4934
4932 4934 4935
4936 4937 4938
4936 4938 4939
4940 4941 4942
4940 4942 4943
4944 4945 4946
4944 4946 4947
4948 4949 4950
4948 4950 4951
4952 4953 4954
4952 4954 4955
4956 4957 4958
4958 4959 4960
4960 4961 4962
4962 4963 4956
4956 4958 4960
4960 4962 4956
4964 4965 4966
4966 4967 4968
4968 4969 4970
4970 4971 4964
4964 4966 4968
4968 4970 4964
4972 4973 4974
4972 4974 4975
4976 4977 4978
4976 4978 4979
4980 4981 4982
4980 4982 4983
4984 4985 4986
4984 4986 4987
4988 4989 4990
4988 4990 4991
4992 4993 4994
4992 4994 4995
4996 4997 4998
4996 4998 4999
5000 5001 5002
5000 5002 5003
5004 5005 5006
5006 5007 5008
5008 5009 5010
5010 5011 5004
5004 5006 5008
5008 5010 5004
5012 5013 5014
5014 5015 5016
5016 5017 5018
5018 5019 5012
5012 5014 5016
5016 5018 5012
5020 5021 5022
5020 5022 5023
5024 5025 5026
5024 5026 5027
5028 5029 5030
5028 5030 5031
5032 5033 5034
5032 5034 5035
5036 5037 5038
5036 5038 5039
5040 5041 5042
5040 5042 5043
5044 5045 5046
5044 5046 5047
5048 5049 5050
5048 5050 5051
5052 5053 5054
5054 5055 5056
5056 5057 5058
5058 5059 5052
5052 5054 5056
5056 5058 5052
5060 5061 5062
5062 5063 5064
5064 5065 5066
5066 5067 5060
5060 5062 5064
5064 5066 5060
5068 5069 5070
5068 5070 5071
5072 5073 5074
5072 5074 5075
5076 5077 5078
5076 5078 5079
5080 5081 5082
5080 5082 5083
5084 5085 5086
5084 5086 5087
5088 5089 5090
5088 5090 5091
5092 5093 5094
5092 5094 5095
5096 5097 5098
5096 5098 5099
5100 5101 5102
5100 5102 5103
5104 5105 5106
5104 5106 5107
5108 5109 5110
5108 5110 5111
5112 5113 5114
5112 5114 5115
5116 5117 5118
5116 5118 5119
5120 5121 5122
5120 5122 5123
5124 5125 5126
5124 5126 5127
5128 5129 5130
5128 5130 5131
5132 5133 5134
5132 5134 5135
5136 5137 5138
5136 5138 5139
5140 5141 5142
5140 5142 5143
5144 5145 5146
5144 5146 5147
5148 5149 5150
5148 5150 5151
5152 5153 5154
5152 5154 5155
5156 5157 5158
5156 5158 5159
5160 5161 5162
5160 5162 5163
5164 5165 5166
5164 5166 5167
5168 5169 5170
5168 5170 5171
5172 5173 5174
5172 5174 5175
5176 5177 5178
5176 5178 5179
5180 5181 5182
5180 5182 5183
5184 5185 5186
5184 5186 5187
5188 5189 5190
5188 5190 5191
5192 5193 5194
5192 5194 5195
5196 5197 5198
5196 5198 5199
5200 5201 5202
5200 5202 5203
5204 5205 5206
5204 5206 5207
5208 5209 5210
5208 5210 5211
5212 5213 5214
5212 5214 5215
5216 5217 5218
5216 5218 5219
5220 5221 5222
5220 5222 5223
5224 5225 5226
5224 5226 5227
5228 5229 5230
5228 5230 5231
5232 5233 5234
5232 5234 5235
5236 5237 5238
5236 5238 5239
5240 5241 5242
5240 5242 5243
5244 5245 5246
5244 5246 5247
5248 5249 5250
5248 5250 5251
5252 5253 5254
5252 5254 5255
5256 5257 5258
5256 5258 5259
5260 5261 5262
5260 5262 5263
5264 5265 5266
5264 5266 5267
5268 5269 5270
5268 5270 5271
5272 5273 5274
5272 5274 5275
5276 5277 5278
5276 5278 5279
5280 5281 5282
5280 5282 5283
5284 5285 5286
5284 5286 5287
5288 5289 5290
5288 5290 5291
5292 5293 5294
5292 5294 5295
5296 5297 5298
5296 5298 5299
5300 5301 5302
5300 5302 5303
5304 5305 5306
5304 5306 5307
5308 5309 5310
5308 5310 5311
5312 5313 5314
5312 5314 5315
5316 5317 5318
5316 5318 5319
5320 5321 5322
5320 5322 5323
5324 5325 5326
5324 5326 5327
5328 5329 5330
5328 5330 5331
5332 5333 5334
5332 5334 5335
5336 5337 5338
5336 5338 5339
5340 5341 5342
5340 5342 5343
5344 5345 5346
5344 5346 5347
5348 5349 5350
5348 5350 5351
5352 5353 5354
5352 5354 5355
5356 5357 5358
5356 5358 5359
5360 5361 5362
5360 5362 5363
5364 5365 5366
5364 5366 5367
5368 5369 5370
5368 5370 5371
5372 5373 5374
5372 5374 5375
5376 5377 5378
5376 5378 5379
5380 5381 5382
5380 5382 5383
5384 5385 5386
5384 5386 5387
5388 5389 5390
5388 5390 5391
5392 5393 5394
5392 5394 5395
5396 5397 5398
5396 5398 5399
5400 5401 5402
5400 5402 5403
5404 5405 5406
5404 5406 5407
5408 5409 5410
5408 5410 5411
5412 5413 5414
5412 5414 5415
5416 5417 5418
5416 5418 5419
5420 5421 5422
5420 5422 5423
5424 5425 5426
5424 5426 5427
5428 5429 5430
5428 5430 5431
5432 5433 5434
5432 5434 5435
5436 5437 5438
5436 5438 5439
5440 5441 5442
5440 5442 5443
5444 5445 5446
5444 5446 5447
5448 5449 5450
5448 5450 5451
5452 5453 5454
5452 5454 5455
5456 5457 5458
5456 5458 5459
5460 5461 5462
5460 5462 5463
5464 5465 5466
5464 5466 5467
5468 5469 5470
5468 5470 5471
5472 5473 5474
5472 5474 5475
5476 5477 5478
5476 5478 5479
5480 5481 5482
5480 5482 5483
5484 5485 5486
5484 5486 5487
5488 5489 5490
5488 5490 5491
5492 5493 5494
5492 5494 5495
5496 5497 5498
5496 5498 5499
5500 5501 5502
5500 5502 5503
5504 5505 5506
5504 5506 5507
5508 5509 5510
5508 5510 5511
5512 5513 5514
5512 5514 5515
5516 5517 5518
5516 5518 5519
5520 5521 5522
5520 5522 5523
5524 5525 5526
5524 5526 5527
5528 5529 5530
5528 5530 5531
5532 5533 5534
5534 5535 5536
5536 5537 5538
5538 5539 5532
5532 5534 5536
5536 5538 5532
5540 5541 5542
5542 5543 5544
5544 5545 5546
5546 5547 5540
5540 5542 5544
5544 5546 5540
5548 5549 5550
5548 5550 5551
5552 5553 5554
5552 5554 5555
5556 5557 5558
5556 5558 5559
5560 5561 5562
5560 5562 5563
5564 5565 5566
5564 5566 5567
5568 5569 5570
5568 5570 5571
5572 5573 5574
5572 5574 5575
5576 5577 5578
5576 5578 5579
5580 5581 5582
5582 5583 5584
5584 5585 5586
5586 5587 5580
5580 5582 5584
5584 5586 5580
5588 5589 5590
5590 5591 5592
5592 5593 5594
5594 5595 5588
5588 5590 5592
5592 5594 5588
5596 5597 5598
5596 5598 5599
5600 5601 5602
5600 5602 5603
5604 5605 5606
5604 5606 5607
5608 5609 5610
5608 5610 5611
5612 5613 5614
5612 5614 5615
5616 5617 5618
5616 5618 5619
5620 5621 5622
5620 5622 5623
5624 5625 5626
5624 5626 5627
5628 5629 5630
5630 5631 5632
5632 5633 5634
5634 5635 5628
5628 5630 5632
5632 5634 5628
5636 5637 5638
5638 5639 5640
5640 5641 5642
5642 5643 5636
5636 5638 5640
5640 5642 5636
5644 5645 5646
5644 5646 5647
5648 5649 5650
5648 5650 5651
5652 5653 5654
5652 5654 5655
5656 5657 5658
5656 5658 5659
5660 5661 5662
5660 5662 5663
5664 5665 5666
5664 5666 5667
5668 5669 5670
5668 5670 5671
5672 5673 5674
5672 5674 5675
5676 5677 5678
5678 5679 5680
5680 5681 5682
5682 5683 5676
5676 5678 5680
5680 5682 5676
5684 5685 5686
5686 5687 5688
5688 5689 5690
5690 5691 5684
5684 5686 5688
5688 5690 5684
5692 5693 5694
5692 5694 5695
5696 5697 5698
5696 5698 5699
5700 5701 5702
5700 5702 5703
5704 5705 5706
5704 5706 5707
5708 5709 5710
5708 5710 5711
5712 5713 5714
5712 5714 5715
5716 5717 5718
5716 5718 5719
5720 5721 5722
5720 5722 5723
5724 5725 5726
5726 5727 5728
5728 5729 5730
5730 5731 5724
5724 5726 5728
5728 5730 5724
5732 5733 5734
5734 5735 5736
5736 5737 5738
5738 5739 5732
5732 5734 5736
5736 5738 5732
5740 5741 5742
5740 5742 5743
5744 5745 5746
5744 5746 5747
5748 5749 5750
5748 5750 5751
5752 5753 5754
5752 5754 5755
5756 5757 5758
5756 5758 5759
5760 5761 5762
5760 5762 5763
5764 5765 5766
5764 5766 5767
5768 5769 5770
5768 5770 5771
</Mesh>
</Frame>
