<Frame>: 0 Lunar_Safety_orange
<TransformMatrix>:
1 0 0 0
0 1 0 0
0 0 1 0
0 0 0 1
<Mesh>: 4859 Lunar_Safety_orange
<Positions>: 4859
34.775558 19.461000 -40.852333
34.166607 19.461000 -42.112957
33.824440 19.461000 -41.947670
34.433392 19.461000 -40.687046
34.775558 19.479000 -40.852333
34.433392 19.479000 -40.687046
33.824440 19.479000 -41.947670
34.166607 19.479000 -42.112957
34.775558 19.461000 -40.852333
34.433392 19.461000 -40.687046
34.433392 19.479000 -40.687046
34.775558 19.479000 -40.852333
34.166607 19.461000 -42.112957
34.166607 19.479000 -42.112957
33.824440 19.479000 -41.947670
33.824440 19.461000 -41.947670
34.775558 19.461000 -40.852333
34.775558 19.479000 -40.852333
34.166607 19.479000 -42.112957
34.166607 19.461000 -42.112957
34.433392 19.461000 -40.687046
33.824440 19.461000 -41.947670
33.824440 19.479000 -41.947670
34.433392 19.479000 -40.687046
33.955559 19.461000 -40.852333
33.346607 19.461000 -42.112957
33.004440 19.461000 -41.947670
33.613392 19.461000 -40.687046
33.955559 19.479000 -40.852333
33.613392 19.479000 -40.687046
33.004440 19.479000 -41.947670
33.346607 19.479000 -42.112957
33.955559 19.461000 -40.852333
33.613392 19.461000 -40.687046
33.613392 19.479000 -40.687046
33.955559 19.479000 -40.852333
33.346607 19.461000 -42.112957
33.346607 19.479000 -42.112957
33.004440 19.479000 -41.947670
33.004440 19.461000 -41.947670
33.955559 19.461000 -40.852333
33.955559 19.479000 -40.852333
33.346607 19.479000 -42.112957
33.346607 19.461000 -42.112957
33.613392 19.461000 -40.687046
33.004440 19.461000 -41.947670
33.004440 19.479000 -41.947670
33.613392 19.479000 -40.687046
33.135559 19.461000 -40.852333
32.526608 19.461000 -42.112957
32.184441 19.461000 -41.947670
32.793392 19.461000 -40.687046
33.135559 19.479000 -40.852333
32.793392 19.479000 -40.687046
32.184441 19.479000 -41.947670
32.526608 19.479000 -42.112957
33.135559 19.461000 -40.852333
32.793392 19.461000 -40.687046
32.793392 19.479000 -40.687046
33.135559 19.479000 -40.852333
32.526608 19.461000 -42.112957
32.526608 19.479000 -42.112957
32.184441 19.479000 -41.947670
32.184441 19.461000 -41.947670
33.135559 19.461000 -40.852333
33.135559 19.479000 -40.852333
32.526608 19.479000 -42.112957
32.526608 19.461000 -42.112957
32.793392 19.461000 -40.687046
32.184441 19.461000 -41.947670
32.184441 19.479000 -41.947670
32.793392 19.479000 -40.687046
32.315559 19.461000 -40.852333
31.706610 19.461000 -42.112957
31.364439 19.461000 -41.947670
31.973391 19.461000 -40.687046
32.315559 19.479000 -40.852333
31.973391 19.479000 -40.687046
31.364439 19.479000 -41.947670
31.706610 19.479000 -42.112957
32.315559 19.461000 -40.852333
31.973391 19.461000 -40.687046
31.973391 19.479000 -40.687046
32.315559 19.479000 -40.852333
31.706610 19.461000 -42.112957
31.706610 19.479000 -42.112957
31.364439 19.479000 -41.947670
31.364439 19.461000 -41.947670
32.315559 19.461000 -40.852333
32.315559 19.479000 -40.852333
31.706610 19.479000 -42.112957
31.706610 19.461000 -42.112957
31.973391 19.461000 -40.687046
31.364439 19.461000 -41.947670
31.364439 19.479000 -41.947670
31.973391 19.479000 -40.687046
31.495562 19.461000 -40.852333
30.886610 19.461000 -42.112957
30.544439 19.461000 -41.947670
31.153391 19.461000 -40.687046
31.495562 19.479000 -40.852333
31.153391 19.479000 -40.687046
30.544439 19.479000 -41.947670
30.886610 19.479000 -42.112957
31.495562 19.461000 -40.852333
31.153391 19.461000 -40.687046
31.153391 19.479000 -40.687046
31.495562 19.479000 -40.852333
30.886610 19.461000 -42.112957
30.886610 19.479000 -42.112957
30.544439 19.479000 -41.947670
30.544439 19.461000 -41.947670
31.495562 19.461000 -40.852333
31.495562 19.479000 -40.852333
30.886610 19.479000 -42.112957
30.886610 19.461000 -42.112957
31.153391 19.461000 -40.687046
30.544439 19.461000 -41.947670
30.544439 19.479000 -41.947670
31.153391 19.479000 -40.687046
30.675562 19.461000 -40.852333
30.066610 19.461000 -42.112957
29.724440 19.461000 -41.947670
30.333391 19.461000 -40.687046
30.675562 19.479000 -40.852333
30.333391 19.479000 -40.687046
29.724440 19.479000 -41.947670
30.066610 19.479000 -42.112957
30.675562 19.461000 -40.852333
30.333391 19.461000 -40.687046
30.333391 19.479000 -40.687046
30.675562 19.479000 -40.852333
30.066610 19.461000 -42.112957
30.066610 19.479000 -42.112957
29.724440 19.479000 -41.947670
29.724440 19.461000 -41.947670
30.675562 19.461000 -40.852333
30.675562 19.479000 -40.852333
30.066610 19.479000 -42.112957
30.066610 19.461000 -42.112957
30.333391 19.461000 -40.687046
29.724440 19.461000 -41.947670
29.724440 19.479000 -41.947670
30.333391 19.479000 -40.687046
29.855560 19.461000 -40.852333
29.246609 19.461000 -42.112957
28.904438 19.461000 -41.947670
29.513390 19.461000 -40.687046
29.855560 19.479000 -40.852333
29.513390 19.479000 -40.687046
28.904438 19.479000 -41.947670
29.246609 19.479000 -42.112957
29.855560 19.461000 -40.852333
29.513390 19.461000 -40.687046
29.513390 19.479000 -40.687046
29.855560 19.479000 -40.852333
29.246609 19.461000 -42.112957
29.246609 19.479000 -42.112957
28.904438 19.479000 -41.947670
28.904438 19.461000 -41.947670
29.855560 19.461000 -40.852333
29.855560 19.479000 -40.852333
29.246609 19.479000 -42.112957
29.246609 19.461000 -42.112957
29.513390 19.461000 -40.687046
28.904438 19.461000 -41.947670
28.904438 19.479000 -41.947670
29.513390 19.479000 -40.687046
29.035561 19.461000 -40.852333
28.426609 19.461000 -42.112957
28.084438 19.461000 -41.947670
28.693390 19.461000 -40.687046
29.035561 19.479000 -40.852333
28.693390 19.479000 -40.687046
28.084438 19.479000 -41.947670
28.426609 19.479000 -42.112957
29.035561 19.461000 -40.852333
28.693390 19.461000 -40.687046
28.693390 19.479000 -40.687046
29.035561 19.479000 -40.852333
28.426609 19.461000 -42.112957
28.426609 19.479000 -42.112957
28.084438 19.479000 -41.947670
28.084438 19.461000 -41.947670
29.035561 19.461000 -40.852333
29.035561 19.479000 -40.852333
28.426609 19.479000 -42.112957
28.426609 19.461000 -42.112957
28.693390 19.461000 -40.687046
28.084438 19.461000 -41.947670
28.084438 19.479000 -41.947670
28.693390 19.479000 -40.687046
28.215561 19.461000 -40.852333
27.606609 19.461000 -42.112957
27.264439 19.461000 -41.947670
27.873390 19.461000 -40.687046
28.215561 19.479000 -40.852333
27.873390 19.479000 -40.687046
27.264439 19.479000 -41.947670
27.606609 19.479000 -42.112957
28.215561 19.461000 -40.852333
27.873390 19.461000 -40.687046
27.873390 19.479000 -40.687046
28.215561 19.479000 -40.852333
27.606609 19.461000 -42.112957
27.606609 19.479000 -42.112957
27.264439 19.479000 -41.947670
27.264439 19.461000 -41.947670
28.215561 19.461000 -40.852333
28.215561 19.479000 -40.852333
27.606609 19.479000 -42.112957
27.606609 19.461000 -42.112957
27.873390 19.461000 -40.687046
27.264439 19.461000 -41.947670
27.264439 19.479000 -41.947670
27.873390 19.479000 -40.687046
3.775561 19.461000 -29.252329
3.166609 19.461000 -30.512955
2.824439 19.461000 -30.347670
3.433391 19.461000 -29.087044
3.775561 19.479000 -29.252329
3.433391 19.479000 -29.087044
2.824439 19.479000 -30.347670
3.166609 19.479000 -30.512955
3.775561 19.461000 -29.252329
3.433391 19.461000 -29.087044
3.433391 19.479000 -29.087044
3.775561 19.479000 -29.252329
3.166609 19.461000 -30.512955
3.166609 19.479000 -30.512955
2.824439 19.479000 -30.347670
2.824439 19.461000 -30.347670
3.775561 19.461000 -29.252329
3.775561 19.479000 -29.252329
3.166609 19.479000 -30.512955
3.166609 19.461000 -30.512955
3.433391 19.461000 -29.087044
2.824439 19.461000 -30.347670
2.824439 19.479000 -30.347670
3.433391 19.479000 -29.087044
2.955561 19.461000 -29.252329
2.346609 19.461000 -30.512955
2.004439 19.461000 -30.347670
2.613391 19.461000 -29.087044
2.955561 19.479000 -29.252329
2.613391 19.479000 -29.087044
2.004439 19.479000 -30.347670
2.346609 19.479000 -30.512955
2.955561 19.461000 -29.252329
2.613391 19.461000 -29.087044
2.613391 19.479000 -29.087044
2.955561 19.479000 -29.252329
2.346609 19.461000 -30.512955
2.346609 19.479000 -30.512955
2.004439 19.479000 -30.347670
2.004439 19.461000 -30.347670
2.955561 19.461000 -29.252329
2.955561 19.479000 -29.252329
2.346609 19.479000 -30.512955
2.346609 19.461000 -30.512955
2.613391 19.461000 -29.087044
2.004439 19.461000 -30.347670
2.004439 19.479000 -30.347670
2.613391 19.479000 -29.087044
2.135561 19.461000 -29.252329
1.526609 19.461000 -30.512955
1.184439 19.461000 -30.347670
1.793391 19.461000 -29.087044
2.135561 19.479000 -29.252329
1.793391 19.479000 -29.087044
1.184439 19.479000 -30.347670
1.526609 19.479000 -30.512955
2.135561 19.461000 -29.252329
1.793391 19.461000 -29.087044
1.793391 19.479000 -29.087044
2.135561 19.479000 -29.252329
1.526609 19.461000 -30.512955
1.526609 19.479000 -30.512955
1.184439 19.479000 -30.347670
1.184439 19.461000 -30.347670
2.135561 19.461000 -29.252329
2.135561 19.479000 -29.252329
1.526609 19.479000 -30.512955
1.526609 19.461000 -30.512955
1.793391 19.461000 -29.087044
1.184439 19.461000 -30.347670
1.184439 19.479000 -30.347670
1.793391 19.479000 -29.087044
1.315561 19.461000 -29.252329
0.706609 19.461000 -30.512955
0.364439 19.461000 -30.347670
0.973391 19.461000 -29.087044
1.315561 19.479000 -29.252329
0.973391 19.479000 -29.087044
0.364439 19.479000 -30.347670
0.706609 19.479000 -30.512955
1.315561 19.461000 -29.252329
0.973391 19.461000 -29.087044
0.973391 19.479000 -29.087044
1.315561 19.479000 -29.252329
0.706609 19.461000 -30.512955
0.706609 19.479000 -30.512955
0.364439 19.479000 -30.347670
0.364439 19.461000 -30.347670
1.315561 19.461000 -29.252329
1.315561 19.479000 -29.252329
0.706609 19.479000 -30.512955
0.706609 19.461000 -30.512955
0.973391 19.461000 -29.087044
0.364439 19.461000 -30.347670
0.364439 19.479000 -30.347670
0.973391 19.479000 -29.087044
0.495561 19.461000 -29.252329
-0.113391 19.461000 -30.512955
-0.455561 19.461000 -30.347670
0.153391 19.461000 -29.087044
0.495561 19.479000 -29.252329
0.153391 19.479000 -29.087044
-0.455561 19.479000 -30.347670
-0.113391 19.479000 -30.512955
0.495561 19.461000 -29.252329
0.153391 19.461000 -29.087044
0.153391 19.479000 -29.087044
0.495561 19.479000 -29.252329
-0.113391 19.461000 -30.512955
-0.113391 19.479000 -30.512955
-0.455561 19.479000 -30.347670
-0.455561 19.461000 -30.347670
0.495561 19.461000 -29.252329
0.495561 19.479000 -29.252329
-0.113391 19.479000 -30.512955
-0.113391 19.461000 -30.512955
0.153391 19.461000 -29.087044
-0.455561 19.461000 -30.347670
-0.455561 19.479000 -30.347670
0.153391 19.479000 -29.087044
-0.324439 19.461000 -29.252329
-0.933391 19.461000 -30.512955
-1.275561 19.461000 -30.347670
-0.666609 19.461000 -29.087044
-0.324439 19.479000 -29.252329
-0.666609 19.479000 -29.087044
-1.275561 19.479000 -30.347670
-0.933391 19.479000 -30.512955
-0.324439 19.461000 -29.252329
-0.666609 19.461000 -29.087044
-0.666609 19.479000 -29.087044
-0.324439 19.479000 -29.252329
-0.933391 19.461000 -30.512955
-0.933391 19.479000 -30.512955
-1.275561 19.479000 -30.347670
-1.275561 19.461000 -30.347670
-0.324439 19.461000 -29.252329
-0.324439 19.479000 -29.252329
-0.933391 19.479000 -30.512955
-0.933391 19.461000 -30.512955
-0.666609 19.461000 -29.087044
-1.275561 19.461000 -30.347670
-1.275561 19.479000 -30.347670
-0.666609 19.479000 -29.087044
-1.144439 19.461000 -29.252329
-1.753391 19.461000 -30.512955
-2.095561 19.461000 -30.347670
-1.486609 19.461000 -29.087044
-1.144439 19.479000 -29.252329
-1.486609 19.479000 -29.087044
-2.095561 19.479000 -30.347670
-1.753391 19.479000 -30.512955
-1.144439 19.461000 -29.252329
-1.486609 19.461000 -29.087044
-1.486609 19.479000 -29.087044
-1.144439 19.479000 -29.252329
-1.753391 19.461000 -30.512955
-1.753391 19.479000 -30.512955
-2.095561 19.479000 -30.347670
-2.095561 19.461000 -30.347670
-1.144439 19.461000 -29.252329
-1.144439 19.479000 -29.252329
-1.753391 19.479000 -30.512955
-1.753391 19.461000 -30.512955
-1.486609 19.461000 -29.087044
-2.095561 19.461000 -30.347670
-2.095561 19.479000 -30.347670
-1.486609 19.479000 -29.087044
-1.964439 19.461000 -29.252329
-2.573391 19.461000 -30.512955
-2.915561 19.461000 -30.347670
-2.306609 19.461000 -29.087044
-1.964439 19.479000 -29.252329
-2.306609 19.479000 -29.087044
-2.915561 19.479000 -30.347670
-2.573391 19.479000 -30.512955
-1.964439 19.461000 -29.252329
-2.306609 19.461000 -29.087044
-2.306609 19.479000 -29.087044
-1.964439 19.479000 -29.252329
-2.573391 19.461000 -30.512955
-2.573391 19.479000 -30.512955
-2.915561 19.479000 -30.347670
-2.915561 19.461000 -30.347670
-1.964439 19.461000 -29.252329
-1.964439 19.479000 -29.252329
-2.573391 19.479000 -30.512955
-2.573391 19.461000 -30.512955
-2.306609 19.461000 -29.087044
-2.915561 19.461000 -30.347670
-2.915561 19.479000 -30.347670
-2.306609 19.479000 -29.087044
-2.784439 19.461000 -29.252329
-3.393391 19.461000 -30.512955
-3.735561 19.461000 -30.347670
-3.126609 19.461000 -29.087044
-2.784439 19.479000 -29.252329
-3.126609 19.479000 -29.087044
-3.735561 19.479000 -30.347670
-3.393391 19.479000 -30.512955
-2.784439 19.461000 -29.252329
-3.126609 19.461000 -29.087044
-3.126609 19.479000 -29.087044
-2.784439 19.479000 -29.252329
-3.393391 19.461000 -30.512955
-3.393391 19.479000 -30.512955
-3.735561 19.479000 -30.347670
-3.735561 19.461000 -30.347670
-2.784439 19.461000 -29.252329
-2.784439 19.479000 -29.252329
-3.393391 19.479000 -30.512955
-3.393391 19.461000 -30.512955
-3.126609 19.461000 -29.087044
-3.735561 19.461000 -30.347670
-3.735561 19.479000 -30.347670
-3.126609 19.479000 -29.087044
-27.224440 19.461000 -40.852333
-27.833391 19.461000 -42.112957
-28.175562 19.461000 -41.947670
-27.566610 19.461000 -40.687046
-27.224440 19.479000 -40.852333
-27.566610 19.479000 -40.687046
-28.175562 19.479000 -41.947670
-27.833391 19.479000 -42.112957
-27.224440 19.461000 -40.852333
-27.566610 19.461000 -40.687046
-27.566610 19.479000 -40.687046
-27.224440 19.479000 -40.852333
-27.833391 19.461000 -42.112957
-27.833391 19.479000 -42.112957
-28.175562 19.479000 -41.947670
-28.175562 19.461000 -41.947670
-27.224440 19.461000 -40.852333
-27.224440 19.479000 -40.852333
-27.833391 19.479000 -42.112957
-27.833391 19.461000 -42.112957
-27.566610 19.461000 -40.687046
-28.175562 19.461000 -41.947670
-28.175562 19.479000 -41.947670
-27.566610 19.479000 -40.687046
-28.044439 19.461000 -40.852333
-28.653391 19.461000 -42.112957
-28.995562 19.461000 -41.947670
-28.386610 19.461000 -40.687046
-28.044439 19.479000 -40.852333
-28.386610 19.479000 -40.687046
-28.995562 19.479000 -41.947670
-28.653391 19.479000 -42.112957
-28.044439 19.461000 -40.852333
-28.386610 19.461000 -40.687046
-28.386610 19.479000 -40.687046
-28.044439 19.479000 -40.852333
-28.653391 19.461000 -42.112957
-28.653391 19.479000 -42.112957
-28.995562 19.479000 -41.947670
-28.995562 19.461000 -41.947670
-28.044439 19.461000 -40.852333
-28.044439 19.479000 -40.852333
-28.653391 19.479000 -42.112957
-28.653391 19.461000 -42.112957
-28.386610 19.461000 -40.687046
-28.995562 19.461000 -41.947670
-28.995562 19.479000 -41.947670
-28.386610 19.479000 -40.687046
-28.864439 19.461000 -40.852333
-29.473391 19.461000 -42.112957
-29.815561 19.461000 -41.947670
-29.206610 19.461000 -40.687046
-28.864439 19.479000 -40.852333
-29.206610 19.479000 -40.687046
-29.815561 19.479000 -41.947670
-29.473391 19.479000 -42.112957
-28.864439 19.461000 -40.852333
-29.206610 19.461000 -40.687046
-29.206610 19.479000 -40.687046
-28.864439 19.479000 -40.852333
-29.473391 19.461000 -42.112957
-29.473391 19.479000 -42.112957
-29.815561 19.479000 -41.947670
-29.815561 19.461000 -41.947670
-28.864439 19.461000 -40.852333
-28.864439 19.479000 -40.852333
-29.473391 19.479000 -42.112957
-29.473391 19.461000 -42.112957
-29.206610 19.461000 -40.687046
-29.815561 19.461000 -41.947670
-29.815561 19.479000 -41.947670
-29.206610 19.479000 -40.687046
-29.684439 19.461000 -40.852333
-30.293390 19.461000 -42.112957
-30.635561 19.461000 -41.947670
-30.026609 19.461000 -40.687046
-29.684439 19.479000 -40.852333
-30.026609 19.479000 -40.687046
-30.635561 19.479000 -41.947670
-30.293390 19.479000 -42.112957
-29.684439 19.461000 -40.852333
-30.026609 19.461000 -40.687046
-30.026609 19.479000 -40.687046
-29.684439 19.479000 -40.852333
-30.293390 19.461000 -42.112957
-30.293390 19.479000 -42.112957
-30.635561 19.479000 -41.947670
-30.635561 19.461000 -41.947670
-29.684439 19.461000 -40.852333
-29.684439 19.479000 -40.852333
-30.293390 19.479000 -42.112957
-30.293390 19.461000 -42.112957
-30.026609 19.461000 -40.687046
-30.635561 19.461000 -41.947670
-30.635561 19.479000 -41.947670
-30.026609 19.479000 -40.687046
-30.504438 19.461000 -40.852333
-31.113390 19.461000 -42.112957
-31.455561 19.461000 -41.947670
-30.846609 19.461000 -40.687046
-30.504438 19.479000 -40.852333
-30.846609 19.479000 -40.687046
-31.455561 19.479000 -41.947670
-31.113390 19.479000 -42.112957
-30.504438 19.461000 -40.852333
-30.846609 19.461000 -40.687046
-30.846609 19.479000 -40.687046
-30.504438 19.479000 -40.852333
-31.113390 19.461000 -42.112957
-31.113390 19.479000 -42.112957
-31.455561 19.479000 -41.947670
-31.455561 19.461000 -41.947670
-30.504438 19.461000 -40.852333
-30.504438 19.479000 -40.852333
-31.113390 19.479000 -42.112957
-31.113390 19.461000 -42.112957
-30.846609 19.461000 -40.687046
-31.455561 19.461000 -41.947670
-31.455561 19.479000 -41.947670
-30.846609 19.479000 -40.687046
-31.324438 19.461000 -40.852333
-31.933390 19.461000 -42.112957
-32.275558 19.461000 -41.947670
-31.666609 19.461000 -40.687046
-31.324438 19.479000 -40.852333
-31.666609 19.479000 -40.687046
-32.275558 19.479000 -41.947670
-31.933390 19.479000 -42.112957
-31.324438 19.461000 -40.852333
-31.666609 19.461000 -40.687046
-31.666609 19.479000 -40.687046
-31.324438 19.479000 -40.852333
-31.933390 19.461000 -42.112957
-31.933390 19.479000 -42.112957
-32.275558 19.479000 -41.947670
-32.275558 19.461000 -41.947670
-31.324438 19.461000 -40.852333
-31.324438 19.479000 -40.852333
-31.933390 19.479000 -42.112957
-31.933390 19.461000 -42.112957
-31.666609 19.461000 -40.687046
-32.275558 19.461000 -41.947670
-32.275558 19.479000 -41.947670
-31.666609 19.479000 -40.687046
-32.144440 19.461000 -40.852333
-32.753391 19.461000 -42.112957
-33.095558 19.461000 -41.947670
-32.486607 19.461000 -40.687046
-32.144440 19.479000 -40.852333
-32.486607 19.479000 -40.687046
-33.095558 19.479000 -41.947670
-32.753391 19.479000 -42.112957
-32.144440 19.461000 -40.852333
-32.486607 19.461000 -40.687046
-32.486607 19.479000 -40.687046
-32.144440 19.479000 -40.852333
-32.753391 19.461000 -42.112957
-32.753391 19.479000 -42.112957
-33.095558 19.479000 -41.947670
-33.095558 19.461000 -41.947670
-32.144440 19.461000 -40.852333
-32.144440 19.479000 -40.852333
-32.753391 19.479000 -42.112957
-32.753391 19.461000 -42.112957
-32.486607 19.461000 -40.687046
-33.095558 19.461000 -41.947670
-33.095558 19.479000 -41.947670
-32.486607 19.479000 -40.687046
-32.964439 19.461000 -40.852333
-33.573391 19.461000 -42.112957
-33.915558 19.461000 -41.947670
-33.306606 19.461000 -40.687046
-32.964439 19.479000 -40.852333
-33.306606 19.479000 -40.687046
-33.915558 19.479000 -41.947670
-33.573391 19.479000 -42.112957
-32.964439 19.461000 -40.852333
-33.306606 19.461000 -40.687046
-33.306606 19.479000 -40.687046
-32.964439 19.479000 -40.852333
-33.573391 19.461000 -42.112957
-33.573391 19.479000 -42.112957
-33.915558 19.479000 -41.947670
-33.915558 19.461000 -41.947670
-32.964439 19.461000 -40.852333
-32.964439 19.479000 -40.852333
-33.573391 19.479000 -42.112957
-33.573391 19.461000 -42.112957
-33.306606 19.461000 -40.687046
-33.915558 19.461000 -41.947670
-33.915558 19.479000 -41.947670
-33.306606 19.479000 -40.687046
-33.784439 19.461000 -40.852333
-34.393391 19.461000 -42.112957
-34.735558 19.461000 -41.947670
-34.126606 19.461000 -40.687046
-33.784439 19.479000 -40.852333
-34.126606 19.479000 -40.687046
-34.735558 19.479000 -41.947670
-34.393391 19.479000 -42.112957
-33.784439 19.461000 -40.852333
-34.126606 19.461000 -40.687046
-34.126606 19.479000 -40.687046
-33.784439 19.479000 -40.852333
-34.393391 19.461000 -42.112957
-34.393391 19.479000 -42.112957
-34.735558 19.479000 -41.947670
-34.735558 19.461000 -41.947670
-33.784439 19.461000 -40.852333
-33.784439 19.479000 -40.852333
-34.393391 19.479000 -42.112957
-34.393391 19.461000 -42.112957
-34.126606 19.461000 -40.687046
-34.735558 19.461000 -41.947670
-34.735558 19.479000 -41.947670
-34.126606 19.479000 -40.687046
-72.550003 19.402369 -7.000000
-79.449997 19.402369 -7.000000
-79.449997 20.102369 -7.000000
-72.550003 20.102369 -7.000000
-72.550003 19.402369 -13.000000
-72.550003 20.102369 -13.000000
-79.449997 20.102369 -13.000000
-79.449997 19.402369 -13.000000
-72.550003 20.402369 -7.300000
-79.449997 20.402369 -7.300000
-79.449997 20.402369 -12.700000
-72.550003 20.402369 -12.700000
-79.750000 19.402369 -7.300000
-79.750000 19.402369 -12.700000
-79.750000 20.102369 -12.700000
-79.750000 20.102369 -7.300000
-72.550003 19.102369 -7.300000
-72.550003 19.102369 -12.700000
-79.449997 19.102369 -12.700000
-79.449997 19.102369 -7.300000
-72.250000 19.402369 -7.300000
-72.337868 19.190237 -7.300000
-72.376793 19.229164 -7.126795
-72.337868 19.402369 -7.087868
-72.550003 19.102369 -7.300000
-72.550003 19.190237 -7.087868
-72.376793 19.229164 -7.126795
-72.337868 19.190237 -7.300000
-72.550003 19.402369 -7.000000
-72.337868 19.402369 -7.087868
-72.376793 19.229164 -7.126795
-72.550003 19.190237 -7.087868
-72.550003 20.102369 -7.000000
-72.550003 20.314501 -7.087868
-72.376793 20.275574 -7.126795
-72.337868 20.102369 -7.087868
-72.550003 20.402369 -7.300000
-72.337868 20.314501 -7.300000
-72.376793 20.275574 -7.126795
-72.550003 20.314501 -7.087868
-72.250000 20.102369 -7.300000
-72.337868 20.102369 -7.087868
-72.376793 20.275574 -7.126795
-72.337868 20.314501 -7.300000
-72.250000 19.402369 -12.700000
-72.337868 19.402369 -12.912132
-72.376793 19.229164 -12.873205
-72.337868 19.190237 -12.700000
-72.550003 19.402369 -13.000000
-72.550003 19.190237 -12.912132
-72.376793 19.229164 -12.873205
-72.337868 19.402369 -12.912132
-72.550003 19.102369 -12.700000
-72.337868 19.190237 -12.700000
-72.376793 19.229164 -12.873205
-72.550003 19.190237 -12.912132
-72.250000 20.102369 -12.700000
-72.337868 20.314501 -12.700000
-72.376793 20.275574 -12.873205
-72.337868 20.102369 -12.912132
-72.550003 20.402369 -12.700000
-72.550003 20.314501 -12.912132
-72.376793 20.275574 -12.873205
-72.337868 20.314501 -12.700000
-72.550003 20.102369 -13.000000
-72.337868 20.102369 -12.912132
-72.376793 20.275574 -12.873205
-72.550003 20.314501 -12.912132
-79.449997 19.402369 -7.000000
-79.449997 19.190237 -7.087868
-79.623207 19.229164 -7.126795
-79.662132 19.402369 -7.087868
-79.449997 19.102369 -7.300000
-79.662132 19.190237 -7.300000
-79.623207 19.229164 -7.126795
-79.449997 19.190237 -7.087868
-79.750000 19.402369 -7.300000
-79.662132 19.402369 -7.087868
-79.623207 19.229164 -7.126795
-79.662132 19.190237 -7.300000
-79.449997 20.102369 -7.000000
-79.662132 20.102369 -7.087868
-79.623207 20.275574 -7.126795
-79.449997 20.314501 -7.087868
-79.750000 20.102369 -7.300000
-79.662132 20.314501 -7.300000
-79.623207 20.275574 -7.126795
-79.662132 20.102369 -7.087868
-79.449997 20.402369 -7.300000
-79.449997 20.314501 -7.087868
-79.623207 20.275574 -7.126795
-79.662132 20.314501 -7.300000
-79.750000 19.402369 -12.700000
-79.662132 19.190237 -12.700000
-79.623207 19.229164 -12.873205
-79.662132 19.402369 -12.912132
-79.449997 19.102369 -12.700000
-79.449997 19.190237 -12.912132
-79.623207 19.229164 -12.873205
-79.662132 19.190237 -12.700000
-79.449997 19.402369 -13.000000
-79.662132 19.402369 -12.912132
-79.623207 19.229164 -12.873205
-79.449997 19.190237 -12.912132
-79.449997 20.102369 -13.000000
-79.449997 20.314501 -12.912132
-79.623207 20.275574 -12.873205
-79.662132 20.102369 -12.912132
-79.449997 20.402369 -12.700000
-79.662132 20.314501 -12.700000
-79.623207 20.275574 -12.873205
-79.449997 20.314501 -12.912132
-79.750000 20.102369 -12.700000
-79.662132 20.102369 -12.912132
-79.623207 20.275574 -12.873205
-79.662132 20.314501 -12.700000
-72.250000 19.402369 -7.300000
-72.250000 19.402369 -12.700000
-72.337868 19.190237 -12.700000
-72.337868 19.190237 -7.300000
-72.337868 19.190237 -7.300000
-72.337868 19.190237 -12.700000
-72.550003 19.102369 -12.700000
-72.550003 19.102369 -7.300000
-72.550003 19.102369 -7.300000
-79.449997 19.102369 -7.300000
-79.449997 19.190237 -7.087868
-72.550003 19.190237 -7.087868
-72.550003 19.190237 -7.087868
-79.449997 19.190237 -7.087868
-79.449997 19.402369 -7.000000
-72.550003 19.402369 -7.000000
-79.449997 19.102369 -7.300000
-79.449997 19.102369 -12.700000
-79.662132 19.190237 -12.700000
-79.662132 19.190237 -7.300000
-79.662132 19.190237 -7.300000
-79.662132 19.190237 -12.700000
-79.750000 19.402369 -12.700000
-79.750000 19.402369 -7.300000
-72.550003 19.402369 -13.000000
-79.449997 19.402369 -13.000000
-79.449997 19.190237 -12.912132
-72.550003 19.190237 -12.912132
-72.550003 19.190237 -12.912132
-79.449997 19.190237 -12.912132
-79.449997 19.102369 -12.700000
-72.550003 19.102369 -12.700000
-72.550003 20.102369 -7.000000
-79.449997 20.102369 -7.000000
-79.449997 20.314501 -7.087868
-72.550003 20.314501 -7.087868
-72.550003 20.314501 -7.087868
-79.449997 20.314501 -7.087868
-79.449997 20.402369 -7.300000
-72.550003 20.402369 -7.300000
-72.550003 20.402369 -7.300000
-72.550003 20.402369 -12.700000
-72.337868 20.314501 -12.700000
-72.337868 20.314501 -7.300000
-72.337868 20.314501 -7.300000
-72.337868 20.314501 -12.700000
-72.250000 20.102369 -12.700000
-72.250000 20.102369 -7.300000
-72.550003 20.402369 -12.700000
-79.449997 20.402369 -12.700000
-79.449997 20.314501 -12.912132
-72.550003 20.314501 -12.912132
-72.550003 20.314501 -12.912132
-79.449997 20.314501 -12.912132
-79.449997 20.102369 -13.000000
-72.550003 20.102369 -13.000000
-79.750000 20.102369 -7.300000
-79.750000 20.102369 -12.700000
-79.662132 20.314501 -12.700000
-79.662132 20.314501 -7.300000
-79.662132 20.314501 -7.300000
-79.662132 20.314501 -12.700000
-79.449997 20.402369 -12.700000
-79.449997 20.402369 -7.300000
-72.550003 19.402369 -7.000000
-72.550003 20.102369 -7.000000
-72.337868 20.102369 -7.087868
-72.337868 19.402369 -7.087868
-72.337868 19.402369 -7.087868
-72.337868 20.102369 -7.087868
-72.250000 20.102369 -7.300000
-72.250000 19.402369 -7.300000
-79.750000 19.402369 -7.300000
-79.750000 20.102369 -7.300000
-79.662132 20.102369 -7.087868
-79.662132 19.402369 -7.087868
-79.662132 19.402369 -7.087868
-79.662132 20.102369 -7.087868
-79.449997 20.102369 -7.000000
-79.449997 19.402369 -7.000000
-72.250000 19.402369 -12.700000
-72.250000 20.102369 -12.700000
-72.337868 20.102369 -12.912132
-72.337868 19.402369 -12.912132
-72.337868 19.402369 -12.912132
-72.337868 20.102369 -12.912132
-72.550003 20.102369 -13.000000
-72.550003 19.402369 -13.000000
-79.449997 19.402369 -13.000000
-79.449997 20.102369 -13.000000
-79.662132 20.102369 -12.912132
-79.662132 19.402369 -12.912132
-79.662132 19.402369 -12.912132
-79.662132 20.102369 -12.912132
-79.750000 20.102369 -12.700000
-79.750000 19.402369 -12.700000
-72.250000 19.402369 -7.300000
-72.250000 20.102369 -7.300000
-72.250000 20.102369 -12.700000
-72.250000 19.402369 -12.700000
66.550003 18.650000 60.200001
63.450001 18.650000 60.200001
63.450001 18.850000 60.200001
66.550003 18.850000 60.200001
66.550003 18.650000 57.399998
66.550003 18.850000 57.399998
63.450001 18.850000 57.399998
63.450001 18.650000 57.399998
66.550003 18.950000 60.099998
63.450001 18.950000 60.099998
63.450001 18.950000 57.500000
66.550003 18.950000 57.500000
63.349998 18.650000 60.099998
63.349998 18.650000 57.500000
63.349998 18.850000 57.500000
63.349998 18.850000 60.099998
66.550003 18.550000 60.099998
66.550003 18.550000 57.500000
63.450001 18.550000 57.500000
63.450001 18.550000 60.099998
66.650002 18.650000 60.099998
66.620712 18.579289 60.099998
66.607735 18.592265 60.157734
66.620712 18.650000 60.170712
66.550003 18.550000 60.099998
66.550003 18.579289 60.170712
66.607735 18.592265 60.157734
66.620712 18.579289 60.099998
66.550003 18.650000 60.200001
66.620712 18.650000 60.170712
66.607735 18.592265 60.157734
66.550003 18.579289 60.170712
66.550003 18.850000 60.200001
66.550003 18.920711 60.170712
66.607735 18.907735 60.157734
66.620712 18.850000 60.170712
66.550003 18.950000 60.099998
66.620712 18.920711 60.099998
66.607735 18.907735 60.157734
66.550003 18.920711 60.170712
66.650002 18.850000 60.099998
66.620712 18.850000 60.170712
66.607735 18.907735 60.157734
66.620712 18.920711 60.099998
66.650002 18.650000 57.500000
66.620712 18.650000 57.429287
66.607735 18.592265 57.442265
66.620712 18.579289 57.500000
66.550003 18.650000 57.399998
66.550003 18.579289 57.429287
66.607735 18.592265 57.442265
66.620712 18.650000 57.429287
66.550003 18.550000 57.500000
66.620712 18.579289 57.500000
66.607735 18.592265 57.442265
66.550003 18.579289 57.429287
66.650002 18.850000 57.500000
66.620712 18.920711 57.500000
66.607735 18.907735 57.442265
66.620712 18.850000 57.429287
66.550003 18.950000 57.500000
66.550003 18.920711 57.429287
66.607735 18.907735 57.442265
66.620712 18.920711 57.500000
66.550003 18.850000 57.399998
66.620712 18.850000 57.429287
66.607735 18.907735 57.442265
66.550003 18.920711 57.429287
63.450001 18.650000 60.200001
63.450001 18.579289 60.170712
63.392265 18.592265 60.157734
63.379288 18.650000 60.170712
63.450001 18.550000 60.099998
63.379288 18.579289 60.099998
63.392265 18.592265 60.157734
63.450001 18.579289 60.170712
63.349998 18.650000 60.099998
63.379288 18.650000 60.170712
63.392265 18.592265 60.157734
63.379288 18.579289 60.099998
63.450001 18.850000 60.200001
63.379288 18.850000 60.170712
63.392265 18.907735 60.157734
63.450001 18.920711 60.170712
63.349998 18.850000 60.099998
63.379288 18.920711 60.099998
63.392265 18.907735 60.157734
63.379288 18.850000 60.170712
63.450001 18.950000 60.099998
63.450001 18.920711 60.170712
63.392265 18.907735 60.157734
63.379288 18.920711 60.099998
63.349998 18.650000 57.500000
63.379288 18.579289 57.500000
63.392265 18.592265 57.442265
63.379288 18.650000 57.429287
63.450001 18.550000 57.500000
63.450001 18.579289 57.429287
63.392265 18.592265 57.442265
63.379288 18.579289 57.500000
63.450001 18.650000 57.399998
63.379288 18.650000 57.429287
63.392265 18.592265 57.442265
63.450001 18.579289 57.429287
63.450001 18.850000 57.399998
63.450001 18.920711 57.429287
63.392265 18.907735 57.442265
63.379288 18.850000 57.429287
63.450001 18.950000 57.500000
63.379288 18.920711 57.500000
63.392265 18.907735 57.442265
63.450001 18.920711 57.429287
63.349998 18.850000 57.500000
63.379288 18.850000 57.429287
63.392265 18.907735 57.442265
63.379288 18.920711 57.500000
66.650002 18.650000 57.500000
66.620712 18.579289 57.500000
66.620712 18.579289 60.099998
66.620712 18.579289 60.099998
66.620712 18.579289 57.500000
66.550003 18.550000 57.500000
66.550003 18.550000 60.099998
66.550003 18.550000 60.099998
63.450001 18.550000 60.099998
63.450001 18.579289 60.170712
66.550003 18.579289 60.170712
66.550003 18.579289 60.170712
63.450001 18.579289 60.170712
63.450001 18.650000 60.200001
66.550003 18.650000 60.200001
63.450001 18.550000 60.099998
63.450001 18.550000 57.500000
63.379288 18.579289 57.500000
63.379288 18.579289 60.099998
63.379288 18.579289 60.099998
63.379288 18.579289 57.500000
63.349998 18.650000 60.099998
66.550003 18.650000 57.399998
63.450001 18.650000 57.399998
63.450001 18.579289 57.429287
66.550003 18.579289 57.429287
66.550003 18.579289 57.429287
63.450001 18.579289 57.429287
63.450001 18.550000 57.500000
66.550003 18.550000 57.500000
66.550003 18.850000 60.200001
63.450001 18.850000 60.200001
63.450001 18.920711 60.170712
66.550003 18.920711 60.170712
66.550003 18.920711 60.170712
63.450001 18.920711 60.170712
63.450001 18.950000 60.099998
66.550003 18.950000 60.099998
66.550003 18.950000 60.099998
66.550003 18.950000 57.500000
66.620712 18.920711 57.500000
66.620712 18.920711 60.099998
66.620712 18.920711 60.099998
66.620712 18.920711 57.500000
66.650002 18.850000 60.099998
66.550003 18.950000 57.500000
63.450001 18.950000 57.500000
63.450001 18.920711 57.429287
66.550003 18.920711 57.429287
66.550003 18.920711 57.429287
63.450001 18.920711 57.429287
63.450001 18.850000 57.399998
66.550003 18.850000 57.399998
63.349998 18.850000 57.500000
63.379288 18.920711 57.500000
63.379288 18.920711 60.099998
63.379288 18.920711 60.099998
63.379288 18.920711 57.500000
63.450001 18.950000 57.500000
63.450001 18.950000 60.099998
66.550003 18.650000 60.200001
66.550003 18.850000 60.200001
66.620712 18.850000 60.170712
66.620712 18.650000 60.170712
66.620712 18.650000 60.170712
66.620712 18.850000 60.170712
66.650002 18.850000 60.099998
66.650002 18.650000 60.099998
63.349998 18.650000 60.099998
63.349998 18.850000 60.099998
63.379288 18.850000 60.170712
63.379288 18.650000 60.170712
63.379288 18.650000 60.170712
63.379288 18.850000 60.170712
63.450001 18.850000 60.200001
63.450001 18.650000 60.200001
66.650002 18.650000 57.500000
66.650002 18.850000 57.500000
66.620712 18.850000 57.429287
66.620712 18.650000 57.429287
66.620712 18.650000 57.429287
66.620712 18.850000 57.429287
66.550003 18.850000 57.399998
66.550003 18.650000 57.399998
63.450001 18.650000 57.399998
63.450001 18.850000 57.399998
63.379288 18.850000 57.429287
63.379288 18.650000 57.429287
63.379288 18.650000 57.429287
63.379288 18.850000 57.429287
63.349998 18.850000 57.500000
63.349998 18.650000 57.500000
66.650002 18.650000 60.099998
66.650002 18.850000 60.099998
66.650002 18.850000 57.500000
66.650002 18.650000 57.500000
28.371576 21.970329 54.327473
27.628424 21.970329 54.327473
27.628424 22.161664 54.327473
28.371576 22.161664 54.327473
28.371576 21.970329 54.302471
28.371576 22.161664 54.302471
27.628424 22.161664 54.302471
27.628424 21.970329 54.302471
28.371576 22.171664 54.317471
27.628424 22.171664 54.317471
27.628424 22.171664 54.312473
28.371576 22.171664 54.312473
27.618423 21.970329 54.317471
27.618423 21.970329 54.312473
27.618423 22.161664 54.312473
27.618423 22.161664 54.317471
28.371576 21.960329 54.317471
28.371576 21.960329 54.312473
27.628424 21.960329 54.312473
27.628424 21.960329 54.317471
28.381577 21.970329 54.317471
28.378649 21.963258 54.317471
28.377350 21.964556 54.323246
28.378649 21.970329 54.324543
28.371576 21.960329 54.317471
28.371576 21.963258 54.324543
28.377350 21.964556 54.323246
28.378649 21.963258 54.317471
28.371576 21.970329 54.327473
28.378649 21.970329 54.324543
28.377350 21.964556 54.323246
28.371576 21.963258 54.324543
28.371576 22.161664 54.327473
28.371576 22.168735 54.324543
28.377350 22.167438 54.323246
28.378649 22.161664 54.324543
28.371576 22.171664 54.317471
28.378649 22.168735 54.317471
28.377350 22.167438 54.323246
28.371576 22.168735 54.324543
28.381577 22.161664 54.317471
28.378649 22.161664 54.324543
28.377350 22.167438 54.323246
28.378649 22.168735 54.317471
28.381577 21.970329 54.312473
28.378649 21.970329 54.305401
28.377350 21.964556 54.306698
28.378649 21.963258 54.312473
28.371576 21.970329 54.302471
28.371576 21.963258 54.305401
28.377350 21.964556 54.306698
28.378649 21.970329 54.305401
28.371576 21.960329 54.312473
28.378649 21.963258 54.312473
28.377350 21.964556 54.306698
28.371576 21.963258 54.305401
28.381577 22.161664 54.312473
28.378649 22.168735 54.312473
28.377350 22.167438 54.306698
28.378649 22.161664 54.305401
28.371576 22.171664 54.312473
28.371576 22.168735 54.305401
28.377350 22.167438 54.306698
28.378649 22.168735 54.312473
28.371576 22.161664 54.302471
28.378649 22.161664 54.305401
28.377350 22.167438 54.306698
28.371576 22.168735 54.305401
27.628424 21.970329 54.327473
27.628424 21.963258 54.324543
27.622650 21.964556 54.323246
27.621351 21.970329 54.324543
27.628424 21.960329 54.317471
27.621351 21.963258 54.317471
27.622650 21.964556 54.323246
27.628424 21.963258 54.324543
27.618423 21.970329 54.317471
27.621351 21.970329 54.324543
27.622650 21.964556 54.323246
27.621351 21.963258 54.317471
27.628424 22.161664 54.327473
27.621351 22.161664 54.324543
27.622650 22.167438 54.323246
27.628424 22.168735 54.324543
27.618423 22.161664 54.317471
27.621351 22.168735 54.317471
27.622650 22.167438 54.323246
27.621351 22.161664 54.324543
27.628424 22.171664 54.317471
27.628424 22.168735 54.324543
27.622650 22.167438 54.323246
27.621351 22.168735 54.317471
27.618423 21.970329 54.312473
27.621351 21.963258 54.312473
27.622650 21.964556 54.306698
27.621351 21.970329 54.305401
27.628424 21.960329 54.312473
27.628424 21.963258 54.305401
27.622650 21.964556 54.306698
27.621351 21.963258 54.312473
27.628424 21.970329 54.302471
27.621351 21.970329 54.305401
27.622650 21.964556 54.306698
27.628424 21.963258 54.305401
27.628424 22.161664 54.302471
27.628424 22.168735 54.305401
27.622650 22.167438 54.306698
27.621351 22.161664 54.305401
27.628424 22.171664 54.312473
27.621351 22.168735 54.312473
27.622650 22.167438 54.306698
27.628424 22.168735 54.305401
27.618423 22.161664 54.312473
27.621351 22.161664 54.305401
27.622650 22.167438 54.306698
27.621351 22.168735 54.312473
28.381577 21.970329 54.317471
28.381577 21.970329 54.312473
28.378649 21.963258 54.312473
28.378649 21.963258 54.317471
28.378649 21.963258 54.317471
28.371576 21.960329 54.312473
28.371576 21.960329 54.317471
28.371576 21.960329 54.317471
27.628424 21.960329 54.317471
27.628424 21.963258 54.324543
28.371576 21.963258 54.324543
28.371576 21.963258 54.324543
27.628424 21.963258 54.324543
27.628424 21.970329 54.327473
28.371576 21.970329 54.327473
27.628424 21.960329 54.317471
27.628424 21.960329 54.312473
27.621351 21.963258 54.312473
27.621351 21.963258 54.317471
27.621351 21.963258 54.312473
27.618423 21.970329 54.312473
27.618423 21.970329 54.317471
28.371576 21.970329 54.302471
27.628424 21.970329 54.302471
27.628424 21.963258 54.305401
28.371576 21.963258 54.305401
28.371576 21.963258 54.305401
27.628424 21.963258 54.305401
27.628424 21.960329 54.312473
28.371576 21.960329 54.312473
28.371576 22.161664 54.327473
27.628424 22.161664 54.327473
27.628424 22.168735 54.324543
28.371576 22.168735 54.324543
28.371576 22.168735 54.324543
27.628424 22.168735 54.324543
27.628424 22.171664 54.317471
28.371576 22.171664 54.317471
28.371576 22.171664 54.317471
28.371576 22.171664 54.312473
28.378649 22.168735 54.312473
28.378649 22.168735 54.317471
28.378649 22.168735 54.312473
28.381577 22.161664 54.312473
28.381577 22.161664 54.317471
28.371576 22.171664 54.312473
27.628424 22.171664 54.312473
27.628424 22.168735 54.305401
28.371576 22.168735 54.305401
28.371576 22.168735 54.305401
27.628424 22.168735 54.305401
27.628424 22.161664 54.302471
28.371576 22.161664 54.302471
27.618423 22.161664 54.317471
27.618423 22.161664 54.312473
27.621351 22.168735 54.312473
27.621351 22.168735 54.317471
27.621351 22.168735 54.317471
27.628424 22.171664 54.312473
27.628424 22.171664 54.317471
28.371576 21.970329 54.327473
28.371576 22.161664 54.327473
28.378649 22.161664 54.324543
28.378649 21.970329 54.324543
28.378649 21.970329 54.324543
28.378649 22.161664 54.324543
28.381577 22.161664 54.317471
28.381577 21.970329 54.317471
27.618423 21.970329 54.317471
27.618423 22.161664 54.317471
27.621351 22.161664 54.324543
27.621351 21.970329 54.324543
27.621351 21.970329 54.324543
27.621351 22.161664 54.324543
27.628424 22.161664 54.327473
27.628424 21.970329 54.327473
28.381577 21.970329 54.312473
28.381577 22.161664 54.312473
28.378649 22.161664 54.305401
28.378649 21.970329 54.305401
28.378649 21.970329 54.305401
28.378649 22.161664 54.305401
28.371576 22.161664 54.302471
28.371576 21.970329 54.302471
27.628424 21.970329 54.302471
27.628424 22.161664 54.302471
27.621351 22.161664 54.305401
27.621351 21.970329 54.305401
27.621351 21.970329 54.305401
27.621351 22.161664 54.305401
27.618423 22.161664 54.312473
27.618423 21.970329 54.312473
28.381577 21.970329 54.317471
28.381577 22.161664 54.317471
28.381577 22.161664 54.312473
28.381577 21.970329 54.312473
-22.710749 16.272634 50.043770
-23.289251 16.272634 50.043770
-23.289251 16.418373 50.043770
-22.710749 16.418373 50.043770
-22.710749 16.272634 50.018768
-22.710749 16.418373 50.018768
-23.289251 16.418373 50.018768
-23.289251 16.272634 50.018768
-22.710749 16.428373 50.033768
-23.289251 16.428373 50.033768
-23.289251 16.428373 50.028770
-22.710749 16.428373 50.028770
-23.299252 16.272634 50.033768
-23.299252 16.272634 50.028770
-23.299252 16.418373 50.028770
-23.299252 16.418373 50.033768
-22.710749 16.262634 50.033768
-22.710749 16.262634 50.028770
-23.289251 16.262634 50.028770
-23.289251 16.262634 50.033768
-22.700748 16.272634 50.033768
-22.703676 16.265563 50.033768
-22.704975 16.266860 50.039543
-22.703676 16.272634 50.040840
-22.710749 16.262634 50.033768
-22.710749 16.265563 50.040840
-22.704975 16.266860 50.039543
-22.703676 16.265563 50.033768
-22.710749 16.272634 50.043770
-22.703676 16.272634 50.040840
-22.704975 16.266860 50.039543
-22.710749 16.265563 50.040840
-22.710749 16.418373 50.043770
-22.710749 16.425444 50.040840
-22.704975 16.424147 50.039543
-22.703676 16.418373 50.040840
-22.710749 16.428373 50.033768
-22.703676 16.425444 50.033768
-22.704975 16.424147 50.039543
-22.710749 16.425444 50.040840
-22.700748 16.418373 50.033768
-22.703676 16.418373 50.040840
-22.704975 16.424147 50.039543
-22.703676 16.425444 50.033768
-22.700748 16.272634 50.028770
-22.703676 16.272634 50.021698
-22.704975 16.266860 50.022995
-22.703676 16.265563 50.028770
-22.710749 16.272634 50.018768
-22.710749 16.265563 50.021698
-22.704975 16.266860 50.022995
-22.703676 16.272634 50.021698
-22.710749 16.262634 50.028770
-22.703676 16.265563 50.028770
-22.704975 16.266860 50.022995
-22.710749 16.265563 50.021698
-22.700748 16.418373 50.028770
-22.703676 16.425444 50.028770
-22.704975 16.424147 50.022995
-22.703676 16.418373 50.021698
-22.710749 16.428373 50.028770
-22.710749 16.425444 50.021698
-22.704975 16.424147 50.022995
-22.703676 16.425444 50.028770
-22.710749 16.418373 50.018768
-22.703676 16.418373 50.021698
-22.704975 16.424147 50.022995
-22.710749 16.425444 50.021698
-23.289251 16.272634 50.043770
-23.289251 16.265563 50.040840
-23.295025 16.266860 50.039543
-23.296324 16.272634 50.040840
-23.289251 16.262634 50.033768
-23.296324 16.265563 50.033768
-23.295025 16.266860 50.039543
-23.289251 16.265563 50.040840
-23.299252 16.272634 50.033768
-23.296324 16.272634 50.040840
-23.295025 16.266860 50.039543
-23.296324 16.265563 50.033768
-23.289251 16.418373 50.043770
-23.296324 16.418373 50.040840
-23.295025 16.424147 50.039543
-23.289251 16.425444 50.040840
-23.299252 16.418373 50.033768
-23.296324 16.425444 50.033768
-23.295025 16.424147 50.039543
-23.296324 16.418373 50.040840
-23.289251 16.428373 50.033768
-23.289251 16.425444 50.040840
-23.295025 16.424147 50.039543
-23.296324 16.425444 50.033768
-23.299252 16.272634 50.028770
-23.296324 16.265563 50.028770
-23.295025 16.266860 50.022995
-23.296324 16.272634 50.021698
-23.289251 16.262634 50.028770
-23.289251 16.265563 50.021698
-23.295025 16.266860 50.022995
-23.296324 16.265563 50.028770
-23.289251 16.272634 50.018768
-23.296324 16.272634 50.021698
-23.295025 16.266860 50.022995
-23.289251 16.265563 50.021698
-23.289251 16.418373 50.018768
-23.289251 16.425444 50.021698
-23.295025 16.424147 50.022995
-23.296324 16.418373 50.021698
-23.289251 16.428373 50.028770
-23.296324 16.425444 50.028770
-23.295025 16.424147 50.022995
-23.289251 16.425444 50.021698
-23.299252 16.418373 50.028770
-23.296324 16.418373 50.021698
-23.295025 16.424147 50.022995
-23.296324 16.425444 50.028770
-22.700748 16.272634 50.033768
-22.700748 16.272634 50.028770
-22.703676 16.265563 50.028770
-22.703676 16.265563 50.033768
-22.703676 16.265563 50.033768
-22.710749 16.262634 50.028770
-22.710749 16.262634 50.033768
-22.710749 16.262634 50.033768
-23.289251 16.262634 50.033768
-23.289251 16.265563 50.040840
-22.710749 16.265563 50.040840
-22.710749 16.265563 50.040840
-23.289251 16.265563 50.040840
-23.289251 16.272634 50.043770
-22.710749 16.272634 50.043770
-23.289251 16.262634 50.033768
-23.289251 16.262634 50.028770
-23.296324 16.265563 50.028770
-23.296324 16.265563 50.033768
-23.296324 16.265563 50.028770
-23.299252 16.272634 50.028770
-23.299252 16.272634 50.033768
-22.710749 16.272634 50.018768
-23.289251 16.272634 50.018768
-23.289251 16.265563 50.021698
-22.710749 16.265563 50.021698
-22.710749 16.265563 50.021698
-23.289251 16.265563 50.021698
-23.289251 16.262634 50.028770
-22.710749 16.262634 50.028770
-22.710749 16.418373 50.043770
-23.289251 16.418373 50.043770
-23.289251 16.425444 50.040840
-22.710749 16.425444 50.040840
-22.710749 16.425444 50.040840
-23.289251 16.425444 50.040840
-23.289251 16.428373 50.033768
-22.710749 16.428373 50.033768
-22.710749 16.428373 50.033768
-22.710749 16.428373 50.028770
-22.703676 16.425444 50.028770
-22.703676 16.425444 50.033768
-22.703676 16.425444 50.028770
-22.700748 16.418373 50.028770
-22.700748 16.418373 50.033768
-22.710749 16.428373 50.028770
-23.289251 16.428373 50.028770
-23.289251 16.425444 50.021698
-22.710749 16.425444 50.021698
-22.710749 16.425444 50.021698
-23.289251 16.425444 50.021698
-23.289251 16.418373 50.018768
-22.710749 16.418373 50.018768
-23.299252 16.418373 50.033768
-23.299252 16.418373 50.028770
-23.296324 16.425444 50.028770
-23.296324 16.425444 50.033768
-23.296324 16.425444 50.033768
-23.289251 16.428373 50.028770
-23.289251 16.428373 50.033768
-22.710749 16.272634 50.043770
-22.710749 16.418373 50.043770
-22.703676 16.418373 50.040840
-22.703676 16.272634 50.040840
-22.703676 16.272634 50.040840
-22.703676 16.418373 50.040840
-22.700748 16.418373 50.033768
-22.700748 16.272634 50.033768
-23.299252 16.272634 50.033768
-23.299252 16.418373 50.033768
-23.296324 16.418373 50.040840
-23.296324 16.272634 50.040840
-23.296324 16.272634 50.040840
-23.296324 16.418373 50.040840
-23.289251 16.418373 50.043770
-23.289251 16.272634 50.043770
-22.700748 16.272634 50.028770
-22.700748 16.418373 50.028770
-22.703676 16.418373 50.021698
-22.703676 16.272634 50.021698
-22.703676 16.272634 50.021698
-22.703676 16.418373 50.021698
-22.710749 16.418373 50.018768
-22.710749 16.272634 50.018768
-23.289251 16.272634 50.018768
-23.289251 16.418373 50.018768
-23.296324 16.418373 50.021698
-23.296324 16.272634 50.021698
-23.296324 16.272634 50.021698
-23.296324 16.418373 50.021698
-23.299252 16.418373 50.028770
-23.299252 16.272634 50.028770
-22.700748 16.272634 50.033768
-22.700748 16.418373 50.033768
-22.700748 16.418373 50.028770
-22.700748 16.272634 50.028770
37.295837 17.845140 10.066466
36.704163 17.845140 10.066466
36.704163 17.994528 10.066466
37.295837 17.994528 10.066466
37.295837 17.845140 10.041467
37.295837 17.994528 10.041467
36.704163 17.994528 10.041467
36.704163 17.845140 10.041467
37.295837 18.004528 10.056466
36.704163 18.004528 10.056466
36.704163 18.004528 10.051467
37.295837 18.004528 10.051467
36.694160 17.845140 10.056466
36.694160 17.845140 10.051467
36.694160 17.994528 10.051467
36.694160 17.994528 10.056466
37.295837 17.835140 10.056466
37.295837 17.835140 10.051467
36.704163 17.835140 10.051467
36.704163 17.835140 10.056466
37.305840 17.845140 10.056466
37.302910 17.838069 10.056466
37.301613 17.839367 10.062240
37.302910 17.845140 10.063538
37.295837 17.835140 10.056466
37.295837 17.838069 10.063538
37.301613 17.839367 10.062240
37.302910 17.838069 10.056466
37.295837 17.845140 10.066466
37.302910 17.845140 10.063538
37.301613 17.839367 10.062240
37.295837 17.838069 10.063538
37.295837 17.994528 10.066466
37.295837 18.001599 10.063538
37.301613 18.000301 10.062240
37.302910 17.994528 10.063538
37.295837 18.004528 10.056466
37.302910 18.001599 10.056466
37.301613 18.000301 10.062240
37.295837 18.001599 10.063538
37.305840 17.994528 10.056466
37.302910 17.994528 10.063538
37.301613 18.000301 10.062240
37.302910 18.001599 10.056466
37.305840 17.845140 10.051467
37.302910 17.845140 10.044395
37.301613 17.839367 10.045693
37.302910 17.838069 10.051467
37.295837 17.845140 10.041467
37.295837 17.838069 10.044395
37.301613 17.839367 10.045693
37.302910 17.845140 10.044395
37.295837 17.835140 10.051467
37.302910 17.838069 10.051467
37.301613 17.839367 10.045693
37.295837 17.838069 10.044395
37.305840 17.994528 10.051467
37.302910 18.001599 10.051467
37.301613 18.000301 10.045693
37.302910 17.994528 10.044395
37.295837 18.004528 10.051467
37.295837 18.001599 10.044395
37.301613 18.000301 10.045693
37.302910 18.001599 10.051467
37.295837 17.994528 10.041467
37.302910 17.994528 10.044395
37.301613 18.000301 10.045693
37.295837 18.001599 10.044395
36.704163 17.845140 10.066466
36.704163 17.838069 10.063538
36.698387 17.839367 10.062240
36.697090 17.845140 10.063538
36.704163 17.835140 10.056466
36.697090 17.838069 10.056466
36.698387 17.839367 10.062240
36.704163 17.838069 10.063538
36.694160 17.845140 10.056466
36.697090 17.845140 10.063538
36.698387 17.839367 10.062240
36.697090 17.838069 10.056466
36.704163 17.994528 10.066466
36.697090 17.994528 10.063538
36.698387 18.000301 10.062240
36.704163 18.001599 10.063538
36.694160 17.994528 10.056466
36.697090 18.001599 10.056466
36.698387 18.000301 10.062240
36.697090 17.994528 10.063538
36.704163 18.004528 10.056466
36.704163 18.001599 10.063538
36.698387 18.000301 10.062240
36.697090 18.001599 10.056466
36.694160 17.845140 10.051467
36.697090 17.838069 10.051467
36.698387 17.839367 10.045693
36.697090 17.845140 10.044395
36.704163 17.835140 10.051467
36.704163 17.838069 10.044395
36.698387 17.839367 10.045693
36.697090 17.838069 10.051467
36.704163 17.845140 10.041467
36.697090 17.845140 10.044395
36.698387 17.839367 10.045693
36.704163 17.838069 10.044395
36.704163 17.994528 10.041467
36.704163 18.001599 10.044395
36.698387 18.000301 10.045693
36.697090 17.994528 10.044395
36.704163 18.004528 10.051467
36.697090 18.001599 10.051467
36.698387 18.000301 10.045693
36.704163 18.001599 10.044395
36.694160 17.994528 10.051467
36.697090 17.994528 10.044395
36.698387 18.000301 10.045693
36.697090 18.001599 10.051467
37.305840 17.845140 10.056466
37.305840 17.845140 10.051467
37.302910 17.838069 10.051467
37.302910 17.838069 10.056466
37.302910 17.838069 10.056466
37.295837 17.835140 10.051467
37.295837 17.835140 10.056466
37.295837 17.835140 10.056466
36.704163 17.835140 10.056466
36.704163 17.838069 10.063538
37.295837 17.838069 10.063538
37.295837 17.838069 10.063538
36.704163 17.838069 10.063538
36.704163 17.845140 10.066466
37.295837 17.845140 10.066466
36.704163 17.835140 10.056466
36.704163 17.835140 10.051467
36.697090 17.838069 10.051467
36.697090 17.838069 10.056466
36.697090 17.838069 10.051467
36.694160 17.845140 10.051467
36.694160 17.845140 10.056466
37.295837 17.845140 10.041467
36.704163 17.845140 10.041467
36.704163 17.838069 10.044395
37.295837 17.838069 10.044395
37.295837 17.838069 10.044395
36.704163 17.838069 10.044395
36.704163 17.835140 10.051467
37.295837 17.835140 10.051467
37.295837 17.994528 10.066466
36.704163 17.994528 10.066466
36.704163 18.001599 10.063538
37.295837 18.001599 10.063538
37.295837 18.001599 10.063538
36.704163 18.001599 10.063538
36.704163 18.004528 10.056466
37.295837 18.004528 10.056466
37.295837 18.004528 10.056466
37.295837 18.004528 10.051467
37.302910 18.001599 10.051467
37.302910 18.001599 10.056466
37.302910 18.001599 10.051467
37.305840 17.994528 10.051467
37.305840 17.994528 10.056466
37.295837 18.004528 10.051467
36.704163 18.004528 10.051467
36.704163 18.001599 10.044395
37.295837 18.001599 10.044395
37.295837 18.001599 10.044395
36.704163 18.001599 10.044395
36.704163 17.994528 10.041467
37.295837 17.994528 10.041467
36.694160 17.994528 10.056466
36.694160 17.994528 10.051467
36.697090 18.001599 10.051467
36.697090 18.001599 10.056466
36.697090 18.001599 10.056466
36.704163 18.004528 10.051467
36.704163 18.004528 10.056466
37.295837 17.845140 10.066466
37.295837 17.994528 10.066466
37.302910 17.994528 10.063538
37.302910 17.845140 10.063538
37.302910 17.845140 10.063538
37.305840 17.994528 10.056466
37.305840 17.845140 10.056466
36.694160 17.845140 10.056466
36.694160 17.994528 10.056466
36.697090 17.994528 10.063538
36.697090 17.845140 10.063538
36.697090 17.845140 10.063538
36.697090 17.994528 10.063538
36.704163 17.994528 10.066466
36.704163 17.845140 10.066466
37.305840 17.845140 10.051467
37.305840 17.994528 10.051467
37.302910 17.994528 10.044395
37.302910 17.845140 10.044395
37.302910 17.845140 10.044395
37.302910 17.994528 10.044395
37.295837 17.994528 10.041467
37.295837 17.845140 10.041467
36.704163 17.845140 10.041467
36.704163 17.994528 10.041467
36.697090 17.994528 10.044395
36.697090 17.845140 10.044395
36.697090 17.845140 10.044395
36.694160 17.994528 10.051467
36.694160 17.845140 10.051467
37.305840 17.845140 10.056466
37.305840 17.994528 10.056466
37.305840 17.994528 10.051467
37.305840 17.845140 10.051467
-28.629114 19.076321 7.325089
-29.370886 19.076321 7.325089
-29.370886 19.267273 7.325089
-28.629114 19.267273 7.325089
-28.629114 19.076321 7.300089
-28.629114 19.267273 7.300089
-29.370886 19.267273 7.300089
-29.370886 19.076321 7.300089
-28.629114 19.277273 7.315089
-29.370886 19.277273 7.315089
-29.370886 19.277273 7.310089
-28.629114 19.277273 7.310089
-29.380886 19.076321 7.315089
-29.380886 19.076321 7.310089
-29.380886 19.267273 7.310089
-29.380886 19.267273 7.315089
-28.629114 19.066321 7.315089
-28.629114 19.066321 7.310089
-29.370886 19.066321 7.310089
-29.370886 19.066321 7.315089
-28.619114 19.076321 7.315089
-28.622044 19.069250 7.315089
-28.623341 19.070547 7.320863
-28.622044 19.076321 7.322160
-28.629114 19.066321 7.315089
-28.629114 19.069250 7.322160
-28.623341 19.070547 7.320863
-28.622044 19.069250 7.315089
-28.629114 19.076321 7.325089
-28.622044 19.076321 7.322160
-28.623341 19.070547 7.320863
-28.629114 19.069250 7.322160
-28.629114 19.267273 7.325089
-28.629114 19.274344 7.322160
-28.623341 19.273046 7.320863
-28.622044 19.267273 7.322160
-28.629114 19.277273 7.315089
-28.622044 19.274344 7.315089
-28.623341 19.273046 7.320863
-28.629114 19.274344 7.322160
-28.619114 19.267273 7.315089
-28.622044 19.267273 7.322160
-28.623341 19.273046 7.320863
-28.622044 19.274344 7.315089
-28.619114 19.076321 7.310089
-28.622044 19.076321 7.303018
-28.623341 19.070547 7.304316
-28.622044 19.069250 7.310089
-28.629114 19.076321 7.300089
-28.629114 19.069250 7.303018
-28.623341 19.070547 7.304316
-28.622044 19.076321 7.303018
-28.629114 19.066321 7.310089
-28.622044 19.069250 7.310089
-28.623341 19.070547 7.304316
-28.629114 19.069250 7.303018
-28.619114 19.267273 7.310089
-28.622044 19.274344 7.310089
-28.623341 19.273046 7.304316
-28.622044 19.267273 7.303018
-28.629114 19.277273 7.310089
-28.629114 19.274344 7.303018
-28.623341 19.273046 7.304316
-28.622044 19.274344 7.310089
-28.629114 19.267273 7.300089
-28.622044 19.267273 7.303018
-28.623341 19.273046 7.304316
-28.629114 19.274344 7.303018
-29.370886 19.076321 7.325089
-29.370886 19.069250 7.322160
-29.376659 19.070547 7.320863
-29.377956 19.076321 7.322160
-29.370886 19.066321 7.315089
-29.377956 19.069250 7.315089
-29.376659 19.070547 7.320863
-29.370886 19.069250 7.322160
-29.380886 19.076321 7.315089
-29.377956 19.076321 7.322160
-29.376659 19.070547 7.320863
-29.377956 19.069250 7.315089
-29.370886 19.267273 7.325089
-29.377956 19.267273 7.322160
-29.376659 19.273046 7.320863
-29.370886 19.274344 7.322160
-29.380886 19.267273 7.315089
-29.377956 19.274344 7.315089
-29.376659 19.273046 7.320863
-29.377956 19.267273 7.322160
-29.370886 19.277273 7.315089
-29.370886 19.274344 7.322160
-29.376659 19.273046 7.320863
-29.377956 19.274344 7.315089
-29.380886 19.076321 7.310089
-29.377956 19.069250 7.310089
-29.376659 19.070547 7.304316
-29.377956 19.076321 7.303018
-29.370886 19.066321 7.310089
-29.370886 19.069250 7.303018
-29.376659 19.070547 7.304316
-29.377956 19.069250 7.310089
-29.370886 19.076321 7.300089
-29.377956 19.076321 7.303018
-29.376659 19.070547 7.304316
-29.370886 19.069250 7.303018
-29.370886 19.267273 7.300089
-29.370886 19.274344 7.303018
-29.376659 19.273046 7.304316
-29.377956 19.267273 7.303018
-29.370886 19.277273 7.310089
-29.377956 19.274344 7.310089
-29.376659 19.273046 7.304316
-29.370886 19.274344 7.303018
-29.380886 19.267273 7.310089
-29.377956 19.267273 7.303018
-29.376659 19.273046 7.304316
-29.377956 19.274344 7.310089
-28.619114 19.076321 7.315089
-28.619114 19.076321 7.310089
-28.622044 19.069250 7.310089
-28.622044 19.069250 7.315089
-28.629114 19.066321 7.310089
-28.629114 19.066321 7.315089
-28.629114 19.066321 7.315089
-29.370886 19.066321 7.315089
-29.370886 19.069250 7.322160
-28.629114 19.069250 7.322160
-28.629114 19.069250 7.322160
-29.370886 19.069250 7.322160
-29.370886 19.076321 7.325089
-28.629114 19.076321 7.325089
-29.370886 19.066321 7.315089
-29.370886 19.066321 7.310089
-29.377956 19.069250 7.310089
-29.377956 19.069250 7.315089
-29.380886 19.076321 7.310089
-29.380886 19.076321 7.315089
-28.629114 19.076321 7.300089
-29.370886 19.076321 7.300089
-29.370886 19.069250 7.303018
-28.629114 19.069250 7.303018
-28.629114 19.069250 7.303018
-29.370886 19.069250 7.303018
-29.370886 19.066321 7.310089
-28.629114 19.066321 7.310089
-28.629114 19.267273 7.325089
-29.370886 19.267273 7.325089
-29.370886 19.274344 7.322160
-28.629114 19.274344 7.322160
-28.629114 19.274344 7.322160
-29.370886 19.274344 7.322160
-29.370886 19.277273 7.315089
-28.629114 19.277273 7.315089
-28.629114 19.277273 7.315089
-28.629114 19.277273 7.310089
-28.622044 19.274344 7.310089
-28.622044 19.274344 7.315089
-28.619114 19.267273 7.310089
-28.619114 19.267273 7.315089
-28.629114 19.277273 7.310089
-29.370886 19.277273 7.310089
-29.370886 19.274344 7.303018
-28.629114 19.274344 7.303018
-28.629114 19.274344 7.303018
-29.370886 19.274344 7.303018
-29.370886 19.267273 7.300089
-28.629114 19.267273 7.300089
-29.380886 19.267273 7.315089
-29.380886 19.267273 7.310089
-29.377956 19.274344 7.310089
-29.377956 19.274344 7.315089
-29.370886 19.277273 7.310089
-29.370886 19.277273 7.315089
-28.629114 19.076321 7.325089
-28.629114 19.267273 7.325089
-28.622044 19.267273 7.322160
-28.622044 19.076321 7.322160
-28.622044 19.076321 7.322160
-28.622044 19.267273 7.322160
-28.619114 19.267273 7.315089
-28.619114 19.076321 7.315089
-29.380886 19.076321 7.315089
-29.380886 19.267273 7.315089
-29.377956 19.267273 7.322160
-29.377956 19.076321 7.322160
-29.377956 19.076321 7.322160
-29.377956 19.267273 7.322160
-29.370886 19.267273 7.325089
-29.370886 19.076321 7.325089
-28.619114 19.076321 7.310089
-28.619114 19.267273 7.310089
-28.622044 19.267273 7.303018
-28.622044 19.076321 7.303018
-28.622044 19.076321 7.303018
-28.622044 19.267273 7.303018
-28.629114 19.267273 7.300089
-28.629114 19.076321 7.300089
-29.370886 19.076321 7.300089
-29.370886 19.267273 7.300089
-29.377956 19.267273 7.303018
-29.377956 19.076321 7.303018
-29.377956 19.076321 7.303018
-29.377956 19.267273 7.303018
-29.380886 19.267273 7.310089
-29.380886 19.076321 7.310089
-28.619114 19.076321 7.315089
-28.619114 19.267273 7.315089
-28.619114 19.267273 7.310089
-28.619114 19.076321 7.310089
61.266617 19.421029 -0.034237
60.733383 19.421029 -0.034237
60.733383 19.554232 -0.034237
61.266617 19.554232 -0.034237
61.266617 19.421029 -0.059237
61.266617 19.554232 -0.059237
60.733383 19.554232 -0.059237
60.733383 19.421029 -0.059237
61.266617 19.564232 -0.044237
60.733383 19.564232 -0.044237
60.733383 19.564232 -0.049237
61.266617 19.564232 -0.049237
60.723385 19.421029 -0.044237
60.723385 19.421029 -0.049237
60.723385 19.554232 -0.049237
60.723385 19.554232 -0.044237
61.266617 19.411029 -0.044237
61.266617 19.411029 -0.049237
60.733383 19.411029 -0.049237
60.733383 19.411029 -0.044237
61.276615 19.421029 -0.044237
61.273689 19.413958 -0.044237
61.272388 19.415255 -0.038463
61.273689 19.421029 -0.037165
61.266617 19.411029 -0.044237
61.266617 19.413958 -0.037165
61.272388 19.415255 -0.038463
61.273689 19.413958 -0.044237
61.266617 19.421029 -0.034237
61.273689 19.421029 -0.037165
61.272388 19.415255 -0.038463
61.266617 19.413958 -0.037165
61.266617 19.554232 -0.034237
61.266617 19.561303 -0.037165
61.272388 19.560005 -0.038463
61.273689 19.554232 -0.037165
61.266617 19.564232 -0.044237
61.273689 19.561303 -0.044237
61.272388 19.560005 -0.038463
61.266617 19.561303 -0.037165
61.276615 19.554232 -0.044237
61.273689 19.554232 -0.037165
61.272388 19.560005 -0.038463
61.273689 19.561303 -0.044237
61.276615 19.421029 -0.049237
61.273689 19.421029 -0.056308
61.272388 19.415255 -0.055010
61.273689 19.413958 -0.049237
61.266617 19.421029 -0.059237
61.266617 19.413958 -0.056308
61.272388 19.415255 -0.055010
61.273689 19.421029 -0.056308
61.266617 19.411029 -0.049237
61.273689 19.413958 -0.049237
61.272388 19.415255 -0.055010
61.266617 19.413958 -0.056308
61.276615 19.554232 -0.049237
61.273689 19.561303 -0.049237
61.272388 19.560005 -0.055010
61.273689 19.554232 -0.056308
61.266617 19.564232 -0.049237
61.266617 19.561303 -0.056308
61.272388 19.560005 -0.055010
61.273689 19.561303 -0.049237
61.266617 19.554232 -0.059237
61.273689 19.554232 -0.056308
61.272388 19.560005 -0.055010
61.266617 19.561303 -0.056308
60.733383 19.421029 -0.034237
60.733383 19.413958 -0.037165
60.727612 19.415255 -0.038463
60.726311 19.421029 -0.037165
60.733383 19.411029 -0.044237
60.726311 19.413958 -0.044237
60.727612 19.415255 -0.038463
60.733383 19.413958 -0.037165
60.723385 19.421029 -0.044237
60.726311 19.421029 -0.037165
60.727612 19.415255 -0.038463
60.726311 19.413958 -0.044237
60.733383 19.554232 -0.034237
60.726311 19.554232 -0.037165
60.727612 19.560005 -0.038463
60.733383 19.561303 -0.037165
60.723385 19.554232 -0.044237
60.726311 19.561303 -0.044237
60.727612 19.560005 -0.038463
60.726311 19.554232 -0.037165
60.733383 19.564232 -0.044237
60.733383 19.561303 -0.037165
60.727612 19.560005 -0.038463
60.726311 19.561303 -0.044237
60.723385 19.421029 -0.049237
60.726311 19.413958 -0.049237
60.727612 19.415255 -0.055010
60.726311 19.421029 -0.056308
60.733383 19.411029 -0.049237
60.733383 19.413958 -0.056308
60.727612 19.415255 -0.055010
60.726311 19.413958 -0.049237
60.733383 19.421029 -0.059237
60.726311 19.421029 -0.056308
60.727612 19.415255 -0.055010
60.733383 19.413958 -0.056308
60.733383 19.554232 -0.059237
60.733383 19.561303 -0.056308
60.727612 19.560005 -0.055010
60.726311 19.554232 -0.056308
60.733383 19.564232 -0.049237
60.726311 19.561303 -0.049237
60.727612 19.560005 -0.055010
60.733383 19.561303 -0.056308
60.723385 19.554232 -0.049237
60.726311 19.554232 -0.056308
60.727612 19.560005 -0.055010
60.726311 19.561303 -0.049237
61.276615 19.421029 -0.044237
61.276615 19.421029 -0.049237
61.273689 19.413958 -0.049237
61.273689 19.413958 -0.044237
61.273689 19.413958 -0.044237
61.273689 19.413958 -0.049237
61.266617 19.411029 -0.049237
61.266617 19.411029 -0.044237
61.266617 19.411029 -0.044237
60.733383 19.411029 -0.044237
60.733383 19.413958 -0.037165
61.266617 19.413958 -0.037165
61.266617 19.413958 -0.037165
60.733383 19.413958 -0.037165
60.733383 19.421029 -0.034237
60.733383 19.411029 -0.044237
60.733383 19.411029 -0.049237
60.726311 19.413958 -0.049237
60.726311 19.413958 -0.044237
60.726311 19.413958 -0.044237
60.726311 19.413958 -0.049237
60.723385 19.421029 -0.049237
60.723385 19.421029 -0.044237
61.266617 19.421029 -0.059237
60.733383 19.413958 -0.056308
61.266617 19.413958 -0.056308
61.266617 19.413958 -0.056308
60.733383 19.413958 -0.056308
60.733383 19.411029 -0.049237
61.266617 19.411029 -0.049237
61.266617 19.554232 -0.034237
60.733383 19.561303 -0.037165
61.266617 19.561303 -0.037165
61.266617 19.561303 -0.037165
60.733383 19.561303 -0.037165
60.733383 19.564232 -0.044237
61.266617 19.564232 -0.044237
61.266617 19.564232 -0.044237
61.266617 19.564232 -0.049237
61.273689 19.561303 -0.049237
61.273689 19.561303 -0.044237
61.273689 19.561303 -0.044237
61.273689 19.561303 -0.049237
61.276615 19.554232 -0.049237
61.276615 19.554232 -0.044237
61.266617 19.564232 -0.049237
60.733383 19.564232 -0.049237
60.733383 19.561303 -0.056308
61.266617 19.561303 -0.056308
61.266617 19.561303 -0.056308
60.733383 19.561303 -0.056308
60.733383 19.554232 -0.059237
60.723385 19.554232 -0.044237
60.723385 19.554232 -0.049237
60.726311 19.561303 -0.049237
60.726311 19.561303 -0.044237
60.726311 19.561303 -0.044237
60.726311 19.561303 -0.049237
60.733383 19.564232 -0.049237
60.733383 19.564232 -0.044237
61.266617 19.421029 -0.034237
61.266617 19.554232 -0.034237
61.273689 19.554232 -0.037165
61.273689 19.421029 -0.037165
61.273689 19.421029 -0.037165
61.273689 19.554232 -0.037165
61.276615 19.554232 -0.044237
61.276615 19.421029 -0.044237
60.723385 19.421029 -0.044237
60.723385 19.554232 -0.044237
60.726311 19.554232 -0.037165
60.726311 19.421029 -0.037165
60.726311 19.421029 -0.037165
60.726311 19.554232 -0.037165
60.733383 19.554232 -0.034237
60.733383 19.421029 -0.034237
61.276615 19.421029 -0.049237
61.276615 19.554232 -0.049237
61.273689 19.554232 -0.056308
61.273689 19.421029 -0.056308
61.273689 19.421029 -0.056308
61.273689 19.554232 -0.056308
61.266617 19.554232 -0.059237
61.266617 19.421029 -0.059237
60.733383 19.421029 -0.059237
60.733383 19.554232 -0.059237
60.726311 19.554232 -0.056308
60.726311 19.421029 -0.056308
60.726311 19.421029 -0.056308
60.726311 19.554232 -0.056308
60.723385 19.554232 -0.049237
60.723385 19.421029 -0.049237
61.276615 19.421029 -0.044237
61.276615 19.554232 -0.044237
61.276615 19.554232 -0.049237
61.276615 19.421029 -0.049237
-46.719177 17.358576 -20.985285
-47.280823 17.358576 -20.985285
-47.280823 17.499646 -20.985285
-46.719177 17.499646 -20.985285
-46.719177 17.358576 -21.010286
-46.719177 17.499646 -21.010286
-47.280823 17.499646 -21.010286
-47.280823 17.358576 -21.010286
-46.719177 17.509646 -20.995285
-47.280823 17.509646 -20.995285
-47.280823 17.509646 -21.000286
-46.719177 17.509646 -21.000286
-47.290821 17.358576 -20.995285
-47.290821 17.358576 -21.000286
-47.290821 17.499646 -21.000286
-47.290821 17.499646 -20.995285
-46.719177 17.348576 -20.995285
-46.719177 17.348576 -21.000286
-47.280823 17.348576 -21.000286
-47.280823 17.348576 -20.995285
-46.709179 17.358576 -20.995285
-46.712109 17.351505 -20.995285
-46.713406 17.352803 -20.989511
-46.712109 17.358576 -20.988214
-46.719177 17.348576 -20.995285
-46.719177 17.351505 -20.988214
-46.713406 17.352803 -20.989511
-46.712109 17.351505 -20.995285
-46.719177 17.358576 -20.985285
-46.712109 17.358576 -20.988214
-46.713406 17.352803 -20.989511
-46.719177 17.351505 -20.988214
-46.719177 17.499646 -20.985285
-46.719177 17.506717 -20.988214
-46.713406 17.505419 -20.989511
-46.712109 17.499646 -20.988214
-46.719177 17.509646 -20.995285
-46.712109 17.506717 -20.995285
-46.713406 17.505419 -20.989511
-46.719177 17.506717 -20.988214
-46.709179 17.499646 -20.995285
-46.712109 17.499646 -20.988214
-46.713406 17.505419 -20.989511
-46.712109 17.506717 -20.995285
-46.709179 17.358576 -21.000286
-46.712109 17.358576 -21.007357
-46.713406 17.352803 -21.006060
-46.712109 17.351505 -21.000286
-46.719177 17.358576 -21.010286
-46.719177 17.351505 -21.007357
-46.713406 17.352803 -21.006060
-46.712109 17.358576 -21.007357
-46.719177 17.348576 -21.000286
-46.712109 17.351505 -21.000286
-46.713406 17.352803 -21.006060
-46.719177 17.351505 -21.007357
-46.709179 17.499646 -21.000286
-46.712109 17.506717 -21.000286
-46.713406 17.505419 -21.006060
-46.712109 17.499646 -21.007357
-46.719177 17.509646 -21.000286
-46.719177 17.506717 -21.007357
-46.713406 17.505419 -21.006060
-46.712109 17.506717 -21.000286
-46.719177 17.499646 -21.010286
-46.712109 17.499646 -21.007357
-46.713406 17.505419 -21.006060
-46.719177 17.506717 -21.007357
-47.280823 17.358576 -20.985285
-47.280823 17.351505 -20.988214
-47.286594 17.352803 -20.989511
-47.287891 17.358576 -20.988214
-47.280823 17.348576 -20.995285
-47.287891 17.351505 -20.995285
-47.286594 17.352803 -20.989511
-47.280823 17.351505 -20.988214
-47.290821 17.358576 -20.995285
-47.287891 17.358576 -20.988214
-47.286594 17.352803 -20.989511
-47.287891 17.351505 -20.995285
-47.280823 17.499646 -20.985285
-47.287891 17.499646 -20.988214
-47.286594 17.505419 -20.989511
-47.280823 17.506717 -20.988214
-47.290821 17.499646 -20.995285
-47.287891 17.506717 -20.995285
-47.286594 17.505419 -20.989511
-47.287891 17.499646 -20.988214
-47.280823 17.509646 -20.995285
-47.280823 17.506717 -20.988214
-47.286594 17.505419 -20.989511
-47.287891 17.506717 -20.995285
-47.290821 17.358576 -21.000286
-47.287891 17.351505 -21.000286
-47.286594 17.352803 -21.006060
-47.287891 17.358576 -21.007357
-47.280823 17.348576 -21.000286
-47.280823 17.351505 -21.007357
-47.286594 17.352803 -21.006060
-47.287891 17.351505 -21.000286
-47.280823 17.358576 -21.010286
-47.287891 17.358576 -21.007357
-47.286594 17.352803 -21.006060
-47.280823 17.351505 -21.007357
-47.280823 17.499646 -21.010286
-47.280823 17.506717 -21.007357
-47.286594 17.505419 -21.006060
-47.287891 17.499646 -21.007357
-47.280823 17.509646 -21.000286
-47.287891 17.506717 -21.000286
-47.286594 17.505419 -21.006060
-47.280823 17.506717 -21.007357
-47.290821 17.499646 -21.000286
-47.287891 17.499646 -21.007357
-47.286594 17.505419 -21.006060
-47.287891 17.506717 -21.000286
-46.709179 17.358576 -20.995285
-46.709179 17.358576 -21.000286
-46.712109 17.351505 -21.000286
-46.712109 17.351505 -20.995285
-46.712109 17.351505 -20.995285
-46.712109 17.351505 -21.000286
-46.719177 17.348576 -21.000286
-46.719177 17.348576 -20.995285
-46.719177 17.348576 -20.995285
-47.280823 17.348576 -20.995285
-47.280823 17.351505 -20.988214
-46.719177 17.351505 -20.988214
-46.719177 17.351505 -20.988214
-47.280823 17.351505 -20.988214
-47.280823 17.358576 -20.985285
-46.719177 17.358576 -20.985285
-47.280823 17.348576 -20.995285
-47.280823 17.348576 -21.000286
-47.287891 17.351505 -21.000286
-47.287891 17.351505 -20.995285
-47.287891 17.351505 -20.995285
-47.287891 17.351505 -21.000286
-47.290821 17.358576 -21.000286
-47.290821 17.358576 -20.995285
-46.719177 17.358576 -21.010286
-47.280823 17.358576 -21.010286
-47.280823 17.351505 -21.007357
-46.719177 17.351505 -21.007357
-46.719177 17.351505 -21.007357
-47.280823 17.351505 -21.007357
-47.280823 17.348576 -21.000286
-46.719177 17.348576 -21.000286
-46.719177 17.499646 -20.985285
-47.280823 17.499646 -20.985285
-47.280823 17.506717 -20.988214
-46.719177 17.506717 -20.988214
-46.719177 17.506717 -20.988214
-47.280823 17.506717 -20.988214
-47.280823 17.509646 -20.995285
-46.719177 17.509646 -20.995285
-46.719177 17.509646 -20.995285
-46.719177 17.509646 -21.000286
-46.712109 17.506717 -21.000286
-46.712109 17.506717 -20.995285
-46.712109 17.506717 -20.995285
-46.712109 17.506717 -21.000286
-46.709179 17.499646 -21.000286
-46.709179 17.499646 -20.995285
-46.719177 17.509646 -21.000286
-47.280823 17.509646 -21.000286
-47.280823 17.506717 -21.007357
-46.719177 17.506717 -21.007357
-46.719177 17.506717 -21.007357
-47.280823 17.506717 -21.007357
-47.280823 17.499646 -21.010286
-46.719177 17.499646 -21.010286
-47.290821 17.499646 -20.995285
-47.290821 17.499646 -21.000286
-47.287891 17.506717 -21.000286
-47.287891 17.506717 -20.995285
-47.287891 17.506717 -20.995285
-47.287891 17.506717 -21.000286
-47.280823 17.509646 -21.000286
-47.280823 17.509646 -20.995285
-46.719177 17.499646 -20.985285
-46.712109 17.499646 -20.988214
-46.712109 17.358576 -20.988214
-46.712109 17.358576 -20.988214
-46.712109 17.499646 -20.988214
-46.709179 17.499646 -20.995285
-46.709179 17.358576 -20.995285
-47.290821 17.358576 -20.995285
-47.290821 17.499646 -20.995285
-47.287891 17.499646 -20.988214
-47.287891 17.358576 -20.988214
-47.287891 17.358576 -20.988214
-47.287891 17.499646 -20.988214
-47.280823 17.358576 -20.985285
-46.709179 17.358576 -21.000286
-46.709179 17.499646 -21.000286
-46.712109 17.499646 -21.007357
-46.712109 17.358576 -21.007357
-46.712109 17.358576 -21.007357
-46.712109 17.499646 -21.007357
-46.719177 17.358576 -21.010286
-47.280823 17.499646 -21.010286
-47.287891 17.499646 -21.007357
-47.287891 17.358576 -21.007357
-47.287891 17.358576 -21.007357
-47.287891 17.499646 -21.007357
-47.290821 17.499646 -21.000286
-47.290821 17.358576 -21.000286
-46.709179 17.358576 -20.995285
-46.709179 17.499646 -20.995285
-46.709179 17.499646 -21.000286
-46.709179 17.358576 -21.000286
14.335732 17.985327 -23.796057
13.664268 17.985327 -23.796057
13.664268 18.156809 -23.796057
14.335732 18.156809 -23.796057
14.335732 17.985327 -23.821058
14.335732 18.156809 -23.821058
13.664268 18.156809 -23.821058
13.664268 17.985327 -23.821058
14.335732 18.166809 -23.806057
13.664268 18.166809 -23.806057
13.664268 18.166809 -23.811058
14.335732 18.166809 -23.811058
13.654268 17.985327 -23.806057
13.654268 17.985327 -23.811058
13.654268 18.156809 -23.811058
13.654268 18.156809 -23.806057
14.335732 17.975327 -23.806057
14.335732 17.975327 -23.811058
13.664268 17.975327 -23.811058
13.664268 17.975327 -23.806057
14.345732 17.985327 -23.806057
14.342802 17.978256 -23.806057
14.341505 17.979553 -23.800283
14.342802 17.985327 -23.798986
14.335732 17.975327 -23.806057
14.335732 17.978256 -23.798986
14.341505 17.979553 -23.800283
14.342802 17.978256 -23.806057
14.335732 17.985327 -23.796057
14.342802 17.985327 -23.798986
14.341505 17.979553 -23.800283
14.335732 17.978256 -23.798986
14.335732 18.156809 -23.796057
14.335732 18.163880 -23.798986
14.341505 18.162582 -23.800283
14.342802 18.156809 -23.798986
14.335732 18.166809 -23.806057
14.342802 18.163880 -23.806057
14.341505 18.162582 -23.800283
14.335732 18.163880 -23.798986
14.345732 18.156809 -23.806057
14.342802 18.156809 -23.798986
14.341505 18.162582 -23.800283
14.342802 18.163880 -23.806057
14.345732 17.985327 -23.811058
14.342802 17.985327 -23.818129
14.341505 17.979553 -23.816832
14.342802 17.978256 -23.811058
14.335732 17.985327 -23.821058
14.335732 17.978256 -23.818129
14.341505 17.979553 -23.816832
14.342802 17.985327 -23.818129
14.335732 17.975327 -23.811058
14.342802 17.978256 -23.811058
14.341505 17.979553 -23.816832
14.335732 17.978256 -23.818129
14.345732 18.156809 -23.811058
14.342802 18.163880 -23.811058
14.341505 18.162582 -23.816832
14.342802 18.156809 -23.818129
14.335732 18.166809 -23.811058
14.335732 18.163880 -23.818129
14.341505 18.162582 -23.816832
14.342802 18.163880 -23.811058
14.335732 18.156809 -23.821058
14.342802 18.156809 -23.818129
14.341505 18.162582 -23.816832
14.335732 18.163880 -23.818129
13.664268 17.985327 -23.796057
13.664268 17.978256 -23.798986
13.658495 17.979553 -23.800283
13.657198 17.985327 -23.798986
13.664268 17.975327 -23.806057
13.657198 17.978256 -23.806057
13.658495 17.979553 -23.800283
13.664268 17.978256 -23.798986
13.654268 17.985327 -23.806057
13.657198 17.985327 -23.798986
13.658495 17.979553 -23.800283
13.657198 17.978256 -23.806057
13.664268 18.156809 -23.796057
13.657198 18.156809 -23.798986
13.658495 18.162582 -23.800283
13.664268 18.163880 -23.798986
13.654268 18.156809 -23.806057
13.657198 18.163880 -23.806057
13.658495 18.162582 -23.800283
13.657198 18.156809 -23.798986
13.664268 18.166809 -23.806057
13.664268 18.163880 -23.798986
13.658495 18.162582 -23.800283
13.657198 18.163880 -23.806057
13.654268 17.985327 -23.811058
13.657198 17.978256 -23.811058
13.658495 17.979553 -23.816832
13.657198 17.985327 -23.818129
13.664268 17.975327 -23.811058
13.664268 17.978256 -23.818129
13.658495 17.979553 -23.816832
13.657198 17.978256 -23.811058
13.664268 17.985327 -23.821058
13.657198 17.985327 -23.818129
13.658495 17.979553 -23.816832
13.664268 17.978256 -23.818129
13.664268 18.156809 -23.821058
13.664268 18.163880 -23.818129
13.658495 18.162582 -23.816832
13.657198 18.156809 -23.818129
13.664268 18.166809 -23.811058
13.657198 18.163880 -23.811058
13.658495 18.162582 -23.816832
13.664268 18.163880 -23.818129
13.654268 18.156809 -23.811058
13.657198 18.156809 -23.818129
13.658495 18.162582 -23.816832
13.657198 18.163880 -23.811058
14.345732 17.985327 -23.806057
14.345732 17.985327 -23.811058
14.342802 17.978256 -23.811058
14.342802 17.978256 -23.806057
14.342802 17.978256 -23.806057
14.342802 17.978256 -23.811058
14.335732 17.975327 -23.811058
14.335732 17.975327 -23.806057
14.335732 17.975327 -23.806057
13.664268 17.975327 -23.806057
13.664268 17.978256 -23.798986
14.335732 17.978256 -23.798986
14.335732 17.978256 -23.798986
13.664268 17.978256 -23.798986
13.664268 17.985327 -23.796057
14.335732 17.985327 -23.796057
13.664268 17.975327 -23.806057
13.664268 17.975327 -23.811058
13.657198 17.978256 -23.811058
13.657198 17.978256 -23.806057
13.657198 17.978256 -23.811058
13.654268 17.985327 -23.811058
13.654268 17.985327 -23.806057
14.335732 17.985327 -23.821058
13.664268 17.985327 -23.821058
13.664268 17.978256 -23.818129
14.335732 17.978256 -23.818129
14.335732 17.978256 -23.818129
13.664268 17.978256 -23.818129
13.664268 17.975327 -23.811058
14.335732 17.975327 -23.811058
14.335732 18.156809 -23.796057
13.664268 18.156809 -23.796057
13.664268 18.163880 -23.798986
14.335732 18.163880 -23.798986
14.335732 18.163880 -23.798986
13.664268 18.163880 -23.798986
13.664268 18.166809 -23.806057
14.335732 18.166809 -23.806057
14.335732 18.166809 -23.806057
14.335732 18.166809 -23.811058
14.342802 18.163880 -23.811058
14.342802 18.163880 -23.806057
14.342802 18.163880 -23.811058
14.345732 18.156809 -23.811058
14.345732 18.156809 -23.806057
14.335732 18.166809 -23.811058
13.664268 18.166809 -23.811058
13.664268 18.163880 -23.818129
14.335732 18.163880 -23.818129
14.335732 18.163880 -23.818129
13.664268 18.163880 -23.818129
13.664268 18.156809 -23.821058
14.335732 18.156809 -23.821058
13.654268 18.156809 -23.806057
13.654268 18.156809 -23.811058
13.657198 18.163880 -23.811058
13.657198 18.163880 -23.806057
13.657198 18.163880 -23.806057
13.657198 18.163880 -23.811058
13.664268 18.166809 -23.811058
13.664268 18.166809 -23.806057
14.335732 17.985327 -23.796057
14.335732 18.156809 -23.796057
14.342802 18.156809 -23.798986
14.342802 17.985327 -23.798986
14.342802 17.985327 -23.798986
14.342802 18.156809 -23.798986
14.345732 18.156809 -23.806057
14.345732 17.985327 -23.806057
13.654268 17.985327 -23.806057
13.654268 18.156809 -23.806057
13.657198 18.156809 -23.798986
13.657198 17.985327 -23.798986
13.657198 17.985327 -23.798986
13.657198 18.156809 -23.798986
13.664268 18.156809 -23.796057
13.664268 17.985327 -23.796057
14.345732 17.985327 -23.811058
14.345732 18.156809 -23.811058
14.342802 18.156809 -23.818129
14.342802 17.985327 -23.818129
14.342802 17.985327 -23.818129
14.342802 18.156809 -23.818129
14.335732 18.156809 -23.821058
14.335732 17.985327 -23.821058
13.664268 17.985327 -23.821058
13.664268 18.156809 -23.821058
13.657198 18.156809 -23.818129
13.657198 17.985327 -23.818129
13.657198 17.985327 -23.818129
13.657198 18.156809 -23.818129
13.654268 18.156809 -23.811058
13.654268 17.985327 -23.811058
14.345732 17.985327 -23.806057
14.345732 18.156809 -23.806057
14.345732 18.156809 -23.811058
14.345732 17.985327 -23.811058
-15.613862 17.772390 -21.622347
-16.386139 17.772390 -21.622347
-16.386139 17.971789 -21.622347
-15.613862 17.971789 -21.622347
-15.613862 17.772390 -21.647348
-15.613862 17.971789 -21.647348
-16.386139 17.971789 -21.647348
-16.386139 17.772390 -21.647348
-15.613862 17.981789 -21.632347
-16.386139 17.981789 -21.632347
-16.386139 17.981789 -21.637348
-15.613862 17.981789 -21.637348
-16.396137 17.772390 -21.632347
-16.396137 17.772390 -21.637348
-16.396137 17.971789 -21.637348
-16.396137 17.971789 -21.632347
-15.613862 17.762390 -21.632347
-15.613862 17.762390 -21.637348
-16.386139 17.762390 -21.637348
-16.386139 17.762390 -21.632347
-15.603862 17.772390 -21.632347
-15.606791 17.765318 -21.632347
-15.608088 17.766616 -21.626574
-15.606791 17.772390 -21.625277
-15.613862 17.762390 -21.632347
-15.613862 17.765318 -21.625277
-15.608088 17.766616 -21.626574
-15.606791 17.765318 -21.632347
-15.613862 17.772390 -21.622347
-15.606791 17.772390 -21.625277
-15.608088 17.766616 -21.626574
-15.613862 17.765318 -21.625277
-15.613862 17.971789 -21.622347
-15.613862 17.978860 -21.625277
-15.608088 17.977563 -21.626574
-15.606791 17.971789 -21.625277
-15.613862 17.981789 -21.632347
-15.606791 17.978860 -21.632347
-15.608088 17.977563 -21.626574
-15.613862 17.978860 -21.625277
-15.603862 17.971789 -21.632347
-15.606791 17.971789 -21.625277
-15.608088 17.977563 -21.626574
-15.606791 17.978860 -21.632347
-15.603862 17.772390 -21.637348
-15.606791 17.772390 -21.644419
-15.608088 17.766616 -21.643122
-15.606791 17.765318 -21.637348
-15.613862 17.772390 -21.647348
-15.613862 17.765318 -21.644419
-15.608088 17.766616 -21.643122
-15.606791 17.772390 -21.644419
-15.613862 17.762390 -21.637348
-15.606791 17.765318 -21.637348
-15.608088 17.766616 -21.643122
-15.613862 17.765318 -21.644419
-15.603862 17.971789 -21.637348
-15.606791 17.978860 -21.637348
-15.608088 17.977563 -21.643122
-15.606791 17.971789 -21.644419
-15.613862 17.981789 -21.637348
-15.613862 17.978860 -21.644419
-15.608088 17.977563 -21.643122
-15.606791 17.978860 -21.637348
-15.613862 17.971789 -21.647348
-15.606791 17.971789 -21.644419
-15.608088 17.977563 -21.643122
-15.613862 17.978860 -21.644419
-16.386139 17.772390 -21.622347
-16.386139 17.765318 -21.625277
-16.391911 17.766616 -21.626574
-16.393209 17.772390 -21.625277
-16.386139 17.762390 -21.632347
-16.393209 17.765318 -21.632347
-16.391911 17.766616 -21.626574
-16.386139 17.765318 -21.625277
-16.396137 17.772390 -21.632347
-16.393209 17.772390 -21.625277
-16.391911 17.766616 -21.626574
-16.393209 17.765318 -21.632347
-16.386139 17.971789 -21.622347
-16.393209 17.971789 -21.625277
-16.391911 17.977563 -21.626574
-16.386139 17.978860 -21.625277
-16.396137 17.971789 -21.632347
-16.393209 17.978860 -21.632347
-16.391911 17.977563 -21.626574
-16.393209 17.971789 -21.625277
-16.386139 17.981789 -21.632347
-16.386139 17.978860 -21.625277
-16.391911 17.977563 -21.626574
-16.393209 17.978860 -21.632347
-16.396137 17.772390 -21.637348
-16.393209 17.765318 -21.637348
-16.391911 17.766616 -21.643122
-16.393209 17.772390 -21.644419
-16.386139 17.762390 -21.637348
-16.386139 17.765318 -21.644419
-16.391911 17.766616 -21.643122
-16.393209 17.765318 -21.637348
-16.386139 17.772390 -21.647348
-16.393209 17.772390 -21.644419
-16.391911 17.766616 -21.643122
-16.386139 17.765318 -21.644419
-16.386139 17.971789 -21.647348
-16.386139 17.978860 -21.644419
-16.391911 17.977563 -21.643122
-16.393209 17.971789 -21.644419
-16.386139 17.981789 -21.637348
-16.393209 17.978860 -21.637348
-16.391911 17.977563 -21.643122
-16.386139 17.978860 -21.644419
-16.396137 17.971789 -21.637348
-16.393209 17.971789 -21.644419
-16.391911 17.977563 -21.643122
-16.393209 17.978860 -21.637348
-15.603862 17.772390 -21.632347
-15.603862 17.772390 -21.637348
-15.606791 17.765318 -21.637348
-15.606791 17.765318 -21.632347
-15.613862 17.762390 -21.637348
-15.613862 17.762390 -21.632347
-15.613862 17.762390 -21.632347
-16.386139 17.762390 -21.632347
-15.613862 17.765318 -21.625277
-16.386139 17.765318 -21.625277
-16.386139 17.772390 -21.622347
-15.613862 17.772390 -21.622347
-16.386139 17.762390 -21.632347
-16.386139 17.762390 -21.637348
-16.393209 17.765318 -21.637348
-16.393209 17.765318 -21.632347
-16.396137 17.772390 -21.637348
-16.396137 17.772390 -21.632347
-15.613862 17.772390 -21.647348
-16.386139 17.772390 -21.647348
-15.613862 17.765318 -21.644419
-16.386139 17.765318 -21.644419
-16.386139 17.762390 -21.637348
-15.613862 17.762390 -21.637348
-15.613862 17.971789 -21.622347
-16.386139 17.971789 -21.622347
-15.613862 17.978860 -21.625277
-16.386139 17.978860 -21.625277
-16.386139 17.981789 -21.632347
-15.613862 17.981789 -21.632347
-15.613862 17.981789 -21.632347
-15.613862 17.981789 -21.637348
-15.606791 17.978860 -21.637348
-15.606791 17.978860 -21.632347
-15.603862 17.971789 -21.637348
-15.603862 17.971789 -21.632347
-15.613862 17.981789 -21.637348
-16.386139 17.981789 -21.637348
-15.613862 17.978860 -21.644419
-16.386139 17.978860 -21.644419
-16.386139 17.971789 -21.647348
-15.613862 17.971789 -21.647348
-16.396137 17.971789 -21.632347
-16.396137 17.971789 -21.637348
-16.393209 17.978860 -21.637348
-16.393209 17.978860 -21.632347
-16.386139 17.981789 -21.637348
-16.386139 17.981789 -21.632347
-15.613862 17.772390 -21.622347
-15.613862 17.971789 -21.622347
-15.606791 17.971789 -21.625277
-15.606791 17.772390 -21.625277
-15.606791 17.772390 -21.625277
-15.606791 17.971789 -21.625277
-15.603862 17.971789 -21.632347
-15.603862 17.772390 -21.632347
-16.396137 17.772390 -21.632347
-16.396137 17.971789 -21.632347
-16.393209 17.971789 -21.625277
-16.393209 17.772390 -21.625277
-16.393209 17.772390 -21.625277
-16.393209 17.971789 -21.625277
-16.386139 17.971789 -21.622347
-16.386139 17.772390 -21.622347
-15.603862 17.772390 -21.637348
-15.603862 17.971789 -21.637348
-15.606791 17.971789 -21.644419
-15.606791 17.772390 -21.644419
-15.606791 17.772390 -21.644419
-15.606791 17.971789 -21.644419
-15.613862 17.971789 -21.647348
-15.613862 17.772390 -21.647348
-16.386139 17.772390 -21.647348
-16.386139 17.971789 -21.647348
-16.393209 17.971789 -21.644419
-16.393209 17.772390 -21.644419
-16.393209 17.772390 -21.644419
-16.393209 17.971789 -21.644419
-16.396137 17.971789 -21.637348
-16.396137 17.772390 -21.637348
-15.603862 17.772390 -21.632347
-15.603862 17.971789 -21.632347
-15.603862 17.971789 -21.637348
-15.603862 17.772390 -21.637348
97.378860 17.266086 66.352562
96.621140 17.266086 66.352562
96.621140 17.461453 66.352562
97.378860 17.461453 66.352562
97.378860 17.266086 66.327568
97.378860 17.461453 66.327568
96.621140 17.461453 66.327568
96.621140 17.266086 66.327568
97.378860 17.471453 66.342567
96.621140 17.471453 66.342567
96.621140 17.471453 66.337563
97.378860 17.471453 66.337563
96.611145 17.266086 66.342567
96.611145 17.266086 66.337563
96.611145 17.461453 66.337563
96.611145 17.461453 66.342567
97.378860 17.256086 66.342567
97.378860 17.256086 66.337563
96.621140 17.256086 66.337563
96.621140 17.256086 66.342567
97.388855 17.266086 66.342567
97.385925 17.259014 66.342567
97.384628 17.260312 66.348335
97.385925 17.266086 66.349632
97.378860 17.256086 66.342567
97.378860 17.259014 66.349632
97.384628 17.260312 66.348335
97.385925 17.259014 66.342567
97.378860 17.266086 66.352562
97.385925 17.266086 66.349632
97.384628 17.260312 66.348335
97.378860 17.259014 66.349632
97.378860 17.461453 66.352562
97.378860 17.468524 66.349632
97.384628 17.467226 66.348335
97.385925 17.461453 66.349632
97.378860 17.471453 66.342567
97.385925 17.468524 66.342567
97.384628 17.467226 66.348335
97.378860 17.468524 66.349632
97.388855 17.461453 66.342567
97.385925 17.461453 66.349632
97.384628 17.467226 66.348335
97.385925 17.468524 66.342567
97.388855 17.266086 66.337563
97.385925 17.266086 66.330498
97.384628 17.260312 66.331795
97.385925 17.259014 66.337563
97.378860 17.266086 66.327568
97.378860 17.259014 66.330498
97.384628 17.260312 66.331795
97.385925 17.266086 66.330498
97.378860 17.256086 66.337563
97.385925 17.259014 66.337563
97.384628 17.260312 66.331795
97.378860 17.259014 66.330498
97.388855 17.461453 66.337563
97.385925 17.468524 66.337563
97.384628 17.467226 66.331795
97.385925 17.461453 66.330498
97.378860 17.471453 66.337563
97.378860 17.468524 66.330498
97.384628 17.467226 66.331795
97.385925 17.468524 66.337563
97.378860 17.461453 66.327568
97.385925 17.461453 66.330498
97.384628 17.467226 66.331795
97.378860 17.468524 66.330498
96.621140 17.266086 66.352562
96.621140 17.259014 66.349632
96.615372 17.260312 66.348335
96.614075 17.266086 66.349632
96.621140 17.256086 66.342567
96.614075 17.259014 66.342567
96.615372 17.260312 66.348335
96.621140 17.259014 66.349632
96.611145 17.266086 66.342567
96.614075 17.266086 66.349632
96.615372 17.260312 66.348335
96.614075 17.259014 66.342567
96.621140 17.461453 66.352562
96.614075 17.461453 66.349632
96.615372 17.467226 66.348335
96.621140 17.468524 66.349632
96.611145 17.461453 66.342567
96.614075 17.468524 66.342567
96.615372 17.467226 66.348335
96.614075 17.461453 66.349632
96.621140 17.471453 66.342567
96.621140 17.468524 66.349632
96.615372 17.467226 66.348335
96.614075 17.468524 66.342567
96.611145 17.266086 66.337563
96.614075 17.259014 66.337563
96.615372 17.260312 66.331795
96.614075 17.266086 66.330498
96.621140 17.256086 66.337563
96.621140 17.259014 66.330498
96.615372 17.260312 66.331795
96.614075 17.259014 66.337563
96.621140 17.266086 66.327568
96.614075 17.266086 66.330498
96.615372 17.260312 66.331795
96.621140 17.259014 66.330498
96.621140 17.461453 66.327568
96.621140 17.468524 66.330498
96.615372 17.467226 66.331795
96.614075 17.461453 66.330498
96.621140 17.471453 66.337563
96.614075 17.468524 66.337563
96.615372 17.467226 66.331795
96.621140 17.468524 66.330498
96.611145 17.461453 66.337563
96.614075 17.461453 66.330498
96.615372 17.467226 66.331795
96.614075 17.468524 66.337563
97.388855 17.266086 66.342567
97.388855 17.266086 66.337563
97.385925 17.259014 66.337563
97.385925 17.259014 66.342567
97.385925 17.259014 66.342567
97.385925 17.259014 66.337563
97.378860 17.256086 66.337563
97.378860 17.256086 66.342567
97.378860 17.256086 66.342567
96.621140 17.256086 66.342567
96.621140 17.259014 66.349632
97.378860 17.259014 66.349632
97.378860 17.259014 66.349632
96.621140 17.259014 66.349632
96.621140 17.266086 66.352562
97.378860 17.266086 66.352562
96.621140 17.256086 66.342567
96.621140 17.256086 66.337563
96.614075 17.259014 66.337563
96.614075 17.259014 66.342567
96.614075 17.259014 66.342567
96.614075 17.259014 66.337563
96.611145 17.266086 66.337563
96.611145 17.266086 66.342567
97.378860 17.266086 66.327568
96.621140 17.266086 66.327568
96.621140 17.259014 66.330498
97.378860 17.259014 66.330498
97.378860 17.259014 66.330498
96.621140 17.259014 66.330498
96.621140 17.256086 66.337563
97.378860 17.256086 66.337563
97.378860 17.461453 66.352562
96.621140 17.461453 66.352562
96.621140 17.468524 66.349632
97.378860 17.468524 66.349632
97.378860 17.468524 66.349632
96.621140 17.468524 66.349632
96.621140 17.471453 66.342567
97.378860 17.471453 66.342567
97.378860 17.471453 66.342567
97.378860 17.471453 66.337563
97.385925 17.468524 66.337563
97.385925 17.468524 66.342567
97.385925 17.468524 66.342567
97.385925 17.468524 66.337563
97.388855 17.461453 66.337563
97.388855 17.461453 66.342567
97.378860 17.471453 66.337563
96.621140 17.471453 66.337563
96.621140 17.468524 66.330498
97.378860 17.468524 66.330498
97.378860 17.468524 66.330498
96.621140 17.468524 66.330498
96.621140 17.461453 66.327568
97.378860 17.461453 66.327568
96.611145 17.461453 66.342567
96.611145 17.461453 66.337563
96.614075 17.468524 66.337563
96.614075 17.468524 66.342567
96.614075 17.468524 66.342567
96.614075 17.468524 66.337563
96.621140 17.471453 66.337563
96.621140 17.471453 66.342567
97.378860 17.266086 66.352562
97.378860 17.461453 66.352562
97.385925 17.461453 66.349632
97.385925 17.266086 66.349632
97.385925 17.266086 66.349632
97.385925 17.461453 66.349632
97.388855 17.461453 66.342567
97.388855 17.266086 66.342567
96.611145 17.266086 66.342567
96.611145 17.461453 66.342567
96.614075 17.461453 66.349632
96.614075 17.266086 66.349632
96.614075 17.266086 66.349632
96.614075 17.461453 66.349632
96.621140 17.461453 66.352562
96.621140 17.266086 66.352562
97.388855 17.266086 66.337563
97.388855 17.461453 66.337563
97.385925 17.461453 66.330498
97.385925 17.266086 66.330498
97.385925 17.266086 66.330498
97.385925 17.461453 66.330498
97.378860 17.461453 66.327568
97.378860 17.266086 66.327568
96.621140 17.266086 66.327568
96.621140 17.461453 66.327568
96.614075 17.461453 66.330498
96.614075 17.266086 66.330498
96.614075 17.266086 66.330498
96.614075 17.461453 66.330498
96.611145 17.461453 66.337563
96.611145 17.266086 66.337563
97.388855 17.266086 66.342567
97.388855 17.461453 66.342567
97.388855 17.461453 66.337563
97.388855 17.266086 66.337563
-93.662308 18.343292 50.210693
-94.337692 18.343292 50.210693
-94.337692 18.515859 50.210693
-93.662308 18.515859 50.210693
-93.662308 18.343292 50.185692
-93.662308 18.515859 50.185692
-94.337692 18.515859 50.185692
-94.337692 18.343292 50.185692
-93.662308 18.525859 50.200691
-94.337692 18.525859 50.200691
-94.337692 18.525859 50.195694
-93.662308 18.525859 50.195694
-94.347687 18.343292 50.200691
-94.347687 18.343292 50.195694
-94.347687 18.515859 50.195694
-94.347687 18.515859 50.200691
-93.662308 18.333292 50.200691
-93.662308 18.333292 50.195694
-94.337692 18.333292 50.195694
-94.337692 18.333292 50.200691
-93.652313 18.343292 50.200691
-93.655235 18.336221 50.200691
-93.656540 18.337518 50.206467
-93.655235 18.343292 50.207764
-93.662308 18.333292 50.200691
-93.662308 18.336221 50.207764
-93.656540 18.337518 50.206467
-93.655235 18.336221 50.200691
-93.662308 18.343292 50.210693
-93.655235 18.343292 50.207764
-93.656540 18.337518 50.206467
-93.662308 18.336221 50.207764
-93.662308 18.515859 50.210693
-93.662308 18.522930 50.207764
-93.656540 18.521632 50.206467
-93.655235 18.515859 50.207764
-93.662308 18.525859 50.200691
-93.655235 18.522930 50.200691
-93.656540 18.521632 50.206467
-93.662308 18.522930 50.207764
-93.652313 18.515859 50.200691
-93.655235 18.515859 50.207764
-93.656540 18.521632 50.206467
-93.655235 18.522930 50.200691
-93.652313 18.343292 50.195694
-93.655235 18.343292 50.188622
-93.656540 18.337518 50.189919
-93.655235 18.336221 50.195694
-93.662308 18.343292 50.185692
-93.662308 18.336221 50.188622
-93.656540 18.337518 50.189919
-93.655235 18.343292 50.188622
-93.662308 18.333292 50.195694
-93.655235 18.336221 50.195694
-93.656540 18.337518 50.189919
-93.662308 18.336221 50.188622
-93.652313 18.515859 50.195694
-93.655235 18.522930 50.195694
-93.656540 18.521632 50.189919
-93.655235 18.515859 50.188622
-93.662308 18.525859 50.195694
-93.662308 18.522930 50.188622
-93.656540 18.521632 50.189919
-93.655235 18.522930 50.195694
-93.662308 18.515859 50.185692
-93.655235 18.515859 50.188622
-93.656540 18.521632 50.189919
-93.662308 18.522930 50.188622
-94.337692 18.343292 50.210693
-94.337692 18.336221 50.207764
-94.343460 18.337518 50.206467
-94.344765 18.343292 50.207764
-94.337692 18.333292 50.200691
-94.344765 18.336221 50.200691
-94.343460 18.337518 50.206467
-94.337692 18.336221 50.207764
-94.347687 18.343292 50.200691
-94.344765 18.343292 50.207764
-94.343460 18.337518 50.206467
-94.344765 18.336221 50.200691
-94.337692 18.515859 50.210693
-94.344765 18.515859 50.207764
-94.343460 18.521632 50.206467
-94.337692 18.522930 50.207764
-94.347687 18.515859 50.200691
-94.344765 18.522930 50.200691
-94.343460 18.521632 50.206467
-94.344765 18.515859 50.207764
-94.337692 18.525859 50.200691
-94.337692 18.522930 50.207764
-94.343460 18.521632 50.206467
-94.344765 18.522930 50.200691
-94.347687 18.343292 50.195694
-94.344765 18.336221 50.195694
-94.343460 18.337518 50.189919
-94.344765 18.343292 50.188622
-94.337692 18.333292 50.195694
-94.337692 18.336221 50.188622
-94.343460 18.337518 50.189919
-94.344765 18.336221 50.195694
-94.337692 18.343292 50.185692
-94.344765 18.343292 50.188622
-94.343460 18.337518 50.189919
-94.337692 18.336221 50.188622
-94.337692 18.515859 50.185692
-94.337692 18.522930 50.188622
-94.343460 18.521632 50.189919
-94.344765 18.515859 50.188622
-94.337692 18.525859 50.195694
-94.344765 18.522930 50.195694
-94.343460 18.521632 50.189919
-94.337692 18.522930 50.188622
-94.347687 18.515859 50.195694
-94.344765 18.515859 50.188622
-94.343460 18.521632 50.189919
-94.344765 18.522930 50.195694
-93.652313 18.343292 50.200691
-93.652313 18.343292 50.195694
-93.655235 18.336221 50.195694
-93.655235 18.336221 50.200691
-93.655235 18.336221 50.200691
-93.662308 18.333292 50.195694
-93.662308 18.333292 50.200691
-93.662308 18.333292 50.200691
-94.337692 18.333292 50.200691
-94.337692 18.336221 50.207764
-93.662308 18.336221 50.207764
-93.662308 18.336221 50.207764
-94.337692 18.336221 50.207764
-94.337692 18.343292 50.210693
-93.662308 18.343292 50.210693
-94.337692 18.333292 50.200691
-94.337692 18.333292 50.195694
-94.344765 18.336221 50.195694
-94.344765 18.336221 50.200691
-94.344765 18.336221 50.200691
-94.344765 18.336221 50.195694
-94.347687 18.343292 50.195694
-94.347687 18.343292 50.200691
-93.662308 18.343292 50.185692
-94.337692 18.343292 50.185692
-94.337692 18.336221 50.188622
-93.662308 18.336221 50.188622
-93.662308 18.336221 50.188622
-94.337692 18.336221 50.188622
-94.337692 18.333292 50.195694
-93.662308 18.333292 50.195694
-93.662308 18.515859 50.210693
-94.337692 18.515859 50.210693
-94.337692 18.522930 50.207764
-93.662308 18.522930 50.207764
-93.662308 18.522930 50.207764
-94.337692 18.522930 50.207764
-94.337692 18.525859 50.200691
-93.662308 18.525859 50.200691
-93.662308 18.525859 50.200691
-93.662308 18.525859 50.195694
-93.655235 18.522930 50.195694
-93.655235 18.522930 50.200691
-93.655235 18.522930 50.200691
-93.655235 18.522930 50.195694
-93.652313 18.515859 50.195694
-93.652313 18.515859 50.200691
-93.662308 18.525859 50.195694
-94.337692 18.525859 50.195694
-94.337692 18.522930 50.188622
-93.662308 18.522930 50.188622
-93.662308 18.522930 50.188622
-94.337692 18.522930 50.188622
-94.337692 18.515859 50.185692
-93.662308 18.515859 50.185692
-94.347687 18.515859 50.200691
-94.347687 18.515859 50.195694
-94.344765 18.522930 50.195694
-94.344765 18.522930 50.200691
-94.344765 18.522930 50.200691
-94.344765 18.522930 50.195694
-94.337692 18.525859 50.195694
-94.337692 18.525859 50.200691
-93.662308 18.343292 50.210693
-93.662308 18.515859 50.210693
-93.655235 18.515859 50.207764
-93.655235 18.343292 50.207764
-93.655235 18.343292 50.207764
-93.655235 18.515859 50.207764
-93.652313 18.515859 50.200691
-93.652313 18.343292 50.200691
-94.347687 18.343292 50.200691
-94.347687 18.515859 50.200691
-94.344765 18.515859 50.207764
-94.344765 18.343292 50.207764
-94.344765 18.343292 50.207764
-94.344765 18.515859 50.207764
-94.337692 18.515859 50.210693
-94.337692 18.343292 50.210693
-93.652313 18.343292 50.195694
-93.652313 18.515859 50.195694
-93.655235 18.515859 50.188622
-93.655235 18.343292 50.188622
-93.655235 18.343292 50.188622
-93.655235 18.515859 50.188622
-93.662308 18.515859 50.185692
-93.662308 18.343292 50.185692
-94.337692 18.343292 50.185692
-94.337692 18.515859 50.185692
-94.344765 18.515859 50.188622
-94.344765 18.343292 50.188622
-94.344765 18.343292 50.188622
-94.344765 18.515859 50.188622
-94.347687 18.515859 50.195694
-94.347687 18.343292 50.195694
-93.652313 18.343292 50.200691
-93.652313 18.515859 50.200691
-93.652313 18.515859 50.195694
-93.652313 18.343292 50.195694
101.377121 18.281816 -37.653423
100.622879 18.281816 -37.653423
100.622879 18.476221 -37.653423
101.377121 18.476221 -37.653423
101.377121 18.281816 -37.678425
101.377121 18.476221 -37.678425
100.622879 18.476221 -37.678425
100.622879 18.281816 -37.678425
101.377121 18.486221 -37.663425
100.622879 18.486221 -37.663425
100.622879 18.486221 -37.668423
101.377121 18.486221 -37.668423
100.612877 18.281816 -37.663425
100.612877 18.281816 -37.668423
100.612877 18.476221 -37.668423
100.612877 18.476221 -37.663425
101.377121 18.271816 -37.663425
101.377121 18.271816 -37.668423
100.622879 18.271816 -37.668423
100.622879 18.271816 -37.663425
101.387123 18.281816 -37.663425
101.384193 18.274745 -37.663425
101.382896 18.276042 -37.657650
101.384193 18.281816 -37.656353
101.377121 18.271816 -37.663425
101.377121 18.274745 -37.656353
101.382896 18.276042 -37.657650
101.384193 18.274745 -37.663425
101.377121 18.281816 -37.653423
101.384193 18.281816 -37.656353
101.382896 18.276042 -37.657650
101.377121 18.274745 -37.656353
101.377121 18.476221 -37.653423
101.377121 18.483292 -37.656353
101.382896 18.481995 -37.657650
101.384193 18.476221 -37.656353
101.377121 18.486221 -37.663425
101.384193 18.483292 -37.663425
101.382896 18.481995 -37.657650
101.377121 18.483292 -37.656353
101.387123 18.476221 -37.663425
101.384193 18.476221 -37.656353
101.382896 18.481995 -37.657650
101.384193 18.483292 -37.663425
101.387123 18.281816 -37.668423
101.384193 18.281816 -37.675495
101.382896 18.276042 -37.674198
101.384193 18.274745 -37.668423
101.377121 18.281816 -37.678425
101.377121 18.274745 -37.675495
101.382896 18.276042 -37.674198
101.384193 18.281816 -37.675495
101.377121 18.271816 -37.668423
101.384193 18.274745 -37.668423
101.382896 18.276042 -37.674198
101.377121 18.274745 -37.675495
101.387123 18.476221 -37.668423
101.384193 18.483292 -37.668423
101.382896 18.481995 -37.674198
101.384193 18.476221 -37.675495
101.377121 18.486221 -37.668423
101.377121 18.483292 -37.675495
101.382896 18.481995 -37.674198
101.384193 18.483292 -37.668423
101.377121 18.476221 -37.678425
101.384193 18.476221 -37.675495
101.382896 18.481995 -37.674198
101.377121 18.483292 -37.675495
100.622879 18.281816 -37.653423
100.622879 18.274745 -37.656353
100.617104 18.276042 -37.657650
100.615807 18.281816 -37.656353
100.622879 18.271816 -37.663425
100.615807 18.274745 -37.663425
100.617104 18.276042 -37.657650
100.622879 18.274745 -37.656353
100.612877 18.281816 -37.663425
100.615807 18.281816 -37.656353
100.617104 18.276042 -37.657650
100.615807 18.274745 -37.663425
100.622879 18.476221 -37.653423
100.615807 18.476221 -37.656353
100.617104 18.481995 -37.657650
100.622879 18.483292 -37.656353
100.612877 18.476221 -37.663425
100.615807 18.483292 -37.663425
100.617104 18.481995 -37.657650
100.615807 18.476221 -37.656353
100.622879 18.486221 -37.663425
100.622879 18.483292 -37.656353
100.617104 18.481995 -37.657650
100.615807 18.483292 -37.663425
100.612877 18.281816 -37.668423
100.615807 18.274745 -37.668423
100.617104 18.276042 -37.674198
100.615807 18.281816 -37.675495
100.622879 18.271816 -37.668423
100.622879 18.274745 -37.675495
100.617104 18.276042 -37.674198
100.615807 18.274745 -37.668423
100.622879 18.281816 -37.678425
100.615807 18.281816 -37.675495
100.617104 18.276042 -37.674198
100.622879 18.274745 -37.675495
100.622879 18.476221 -37.678425
100.622879 18.483292 -37.675495
100.617104 18.481995 -37.674198
100.615807 18.476221 -37.675495
100.622879 18.486221 -37.668423
100.615807 18.483292 -37.668423
100.617104 18.481995 -37.674198
100.622879 18.483292 -37.675495
100.612877 18.476221 -37.668423
100.615807 18.476221 -37.675495
100.617104 18.481995 -37.674198
100.615807 18.483292 -37.668423
101.387123 18.281816 -37.663425
101.387123 18.281816 -37.668423
101.384193 18.274745 -37.668423
101.384193 18.274745 -37.663425
101.384193 18.274745 -37.668423
101.377121 18.271816 -37.668423
101.377121 18.271816 -37.663425
101.377121 18.271816 -37.663425
100.622879 18.271816 -37.663425
100.622879 18.274745 -37.656353
101.377121 18.274745 -37.656353
101.377121 18.274745 -37.656353
100.622879 18.274745 -37.656353
100.622879 18.281816 -37.653423
101.377121 18.281816 -37.653423
100.622879 18.271816 -37.663425
100.622879 18.271816 -37.668423
100.615807 18.274745 -37.668423
100.615807 18.274745 -37.663425
100.615807 18.274745 -37.663425
100.612877 18.281816 -37.668423
100.612877 18.281816 -37.663425
101.377121 18.281816 -37.678425
100.622879 18.281816 -37.678425
100.622879 18.274745 -37.675495
101.377121 18.274745 -37.675495
101.377121 18.274745 -37.675495
100.622879 18.274745 -37.675495
100.622879 18.271816 -37.668423
101.377121 18.271816 -37.668423
101.377121 18.476221 -37.653423
100.622879 18.476221 -37.653423
100.622879 18.483292 -37.656353
101.377121 18.483292 -37.656353
101.377121 18.483292 -37.656353
100.622879 18.483292 -37.656353
100.622879 18.486221 -37.663425
101.377121 18.486221 -37.663425
101.377121 18.486221 -37.663425
101.377121 18.486221 -37.668423
101.384193 18.483292 -37.668423
101.384193 18.483292 -37.663425
101.384193 18.483292 -37.663425
101.387123 18.476221 -37.668423
101.387123 18.476221 -37.663425
101.377121 18.486221 -37.668423
100.622879 18.486221 -37.668423
100.622879 18.483292 -37.675495
101.377121 18.483292 -37.675495
101.377121 18.483292 -37.675495
100.622879 18.483292 -37.675495
100.622879 18.476221 -37.678425
101.377121 18.476221 -37.678425
100.612877 18.476221 -37.663425
100.612877 18.476221 -37.668423
100.615807 18.483292 -37.668423
100.615807 18.483292 -37.663425
100.615807 18.483292 -37.668423
100.622879 18.486221 -37.668423
100.622879 18.486221 -37.663425
101.377121 18.281816 -37.653423
101.377121 18.476221 -37.653423
101.384193 18.476221 -37.656353
101.384193 18.281816 -37.656353
101.384193 18.281816 -37.656353
101.384193 18.476221 -37.656353
101.387123 18.476221 -37.663425
101.387123 18.281816 -37.663425
100.612877 18.281816 -37.663425
100.612877 18.476221 -37.663425
100.615807 18.476221 -37.656353
100.615807 18.281816 -37.656353
100.615807 18.281816 -37.656353
100.615807 18.476221 -37.656353
100.622879 18.476221 -37.653423
100.622879 18.281816 -37.653423
101.387123 18.281816 -37.668423
101.387123 18.476221 -37.668423
101.384193 18.476221 -37.675495
101.384193 18.281816 -37.675495
101.384193 18.281816 -37.675495
101.384193 18.476221 -37.675495
101.377121 18.476221 -37.678425
101.377121 18.281816 -37.678425
100.622879 18.281816 -37.678425
100.622879 18.476221 -37.678425
100.615807 18.476221 -37.675495
100.615807 18.281816 -37.675495
100.615807 18.281816 -37.675495
100.615807 18.476221 -37.675495
100.612877 18.476221 -37.668423
100.612877 18.281816 -37.668423
101.387123 18.281816 -37.663425
101.387123 18.476221 -37.663425
101.387123 18.476221 -37.668423
101.387123 18.281816 -37.668423
52.343029 17.893438 -59.770905
51.656971 17.893438 -59.770905
51.656971 18.068962 -59.770905
52.343029 18.068962 -59.770905
52.343029 17.893438 -59.795906
52.343029 18.068962 -59.795906
51.656971 18.068962 -59.795906
51.656971 17.893438 -59.795906
52.343029 18.078962 -59.780907
51.656971 18.078962 -59.780907
51.656971 18.078962 -59.785904
52.343029 18.078962 -59.785904
51.646969 17.893438 -59.780907
51.646969 17.893438 -59.785904
51.646969 18.068962 -59.785904
51.646969 18.068962 -59.780907
52.343029 17.883438 -59.780907
52.343029 17.883438 -59.785904
51.656971 17.883438 -59.785904
51.656971 17.883438 -59.780907
52.353031 17.893438 -59.780907
52.350101 17.886367 -59.780907
52.348804 17.887664 -59.775131
52.350101 17.893438 -59.773834
52.343029 17.883438 -59.780907
52.343029 17.886367 -59.773834
52.348804 17.887664 -59.775131
52.350101 17.886367 -59.780907
52.343029 17.893438 -59.770905
52.350101 17.893438 -59.773834
52.348804 17.887664 -59.775131
52.343029 17.886367 -59.773834
52.343029 18.068962 -59.770905
52.343029 18.076033 -59.773834
52.348804 18.074736 -59.775131
52.350101 18.068962 -59.773834
52.343029 18.078962 -59.780907
52.350101 18.076033 -59.780907
52.348804 18.074736 -59.775131
52.343029 18.076033 -59.773834
52.353031 18.068962 -59.780907
52.350101 18.068962 -59.773834
52.348804 18.074736 -59.775131
52.350101 18.076033 -59.780907
52.353031 17.893438 -59.785904
52.350101 17.893438 -59.792976
52.348804 17.887664 -59.791679
52.350101 17.886367 -59.785904
52.343029 17.893438 -59.795906
52.343029 17.886367 -59.792976
52.348804 17.887664 -59.791679
52.350101 17.893438 -59.792976
52.343029 17.883438 -59.785904
52.350101 17.886367 -59.785904
52.348804 17.887664 -59.791679
52.343029 17.886367 -59.792976
52.353031 18.068962 -59.785904
52.350101 18.076033 -59.785904
52.348804 18.074736 -59.791679
52.350101 18.068962 -59.792976
52.343029 18.078962 -59.785904
52.343029 18.076033 -59.792976
52.348804 18.074736 -59.791679
52.350101 18.076033 -59.785904
52.343029 18.068962 -59.795906
52.350101 18.068962 -59.792976
52.348804 18.074736 -59.791679
52.343029 18.076033 -59.792976
51.656971 17.893438 -59.770905
51.656971 17.886367 -59.773834
51.651196 17.887664 -59.775131
51.649899 17.893438 -59.773834
51.656971 17.883438 -59.780907
51.649899 17.886367 -59.780907
51.651196 17.887664 -59.775131
51.656971 17.886367 -59.773834
51.646969 17.893438 -59.780907
51.649899 17.893438 -59.773834
51.651196 17.887664 -59.775131
51.649899 17.886367 -59.780907
51.656971 18.068962 -59.770905
51.649899 18.068962 -59.773834
51.651196 18.074736 -59.775131
51.656971 18.076033 -59.773834
51.646969 18.068962 -59.780907
51.649899 18.076033 -59.780907
51.651196 18.074736 -59.775131
51.649899 18.068962 -59.773834
51.656971 18.078962 -59.780907
51.656971 18.076033 -59.773834
51.651196 18.074736 -59.775131
51.649899 18.076033 -59.780907
51.646969 17.893438 -59.785904
51.649899 17.886367 -59.785904
51.651196 17.887664 -59.791679
51.649899 17.893438 -59.792976
51.656971 17.883438 -59.785904
51.656971 17.886367 -59.792976
51.651196 17.887664 -59.791679
51.649899 17.886367 -59.785904
51.656971 17.893438 -59.795906
51.649899 17.893438 -59.792976
51.651196 17.887664 -59.791679
51.656971 17.886367 -59.792976
51.656971 18.068962 -59.795906
51.656971 18.076033 -59.792976
51.651196 18.074736 -59.791679
51.649899 18.068962 -59.792976
51.656971 18.078962 -59.785904
51.649899 18.076033 -59.785904
51.651196 18.074736 -59.791679
51.656971 18.076033 -59.792976
51.646969 18.068962 -59.785904
51.649899 18.068962 -59.792976
51.651196 18.074736 -59.791679
51.649899 18.076033 -59.785904
52.353031 17.893438 -59.780907
52.353031 17.893438 -59.785904
52.350101 17.886367 -59.785904
52.350101 17.886367 -59.780907
52.343029 17.883438 -59.785904
52.343029 17.883438 -59.780907
52.343029 17.883438 -59.780907
51.656971 17.883438 -59.780907
51.656971 17.886367 -59.773834
52.343029 17.886367 -59.773834
52.343029 17.886367 -59.773834
51.656971 17.886367 -59.773834
51.656971 17.893438 -59.770905
52.343029 17.893438 -59.770905
51.656971 17.883438 -59.780907
51.656971 17.883438 -59.785904
51.649899 17.886367 -59.785904
51.649899 17.886367 -59.780907
51.646969 17.893438 -59.785904
51.646969 17.893438 -59.780907
52.343029 17.893438 -59.795906
51.656971 17.893438 -59.795906
51.656971 17.886367 -59.792976
52.343029 17.886367 -59.792976
52.343029 17.886367 -59.792976
51.656971 17.886367 -59.792976
51.656971 17.883438 -59.785904
52.343029 17.883438 -59.785904
52.343029 18.068962 -59.770905
51.656971 18.068962 -59.770905
51.656971 18.076033 -59.773834
52.343029 18.076033 -59.773834
52.343029 18.076033 -59.773834
51.656971 18.076033 -59.773834
51.656971 18.078962 -59.780907
52.343029 18.078962 -59.780907
52.343029 18.078962 -59.780907
52.343029 18.078962 -59.785904
52.350101 18.076033 -59.785904
52.350101 18.076033 -59.780907
52.353031 18.068962 -59.785904
52.353031 18.068962 -59.780907
52.343029 18.078962 -59.785904
51.656971 18.078962 -59.785904
51.656971 18.076033 -59.792976
52.343029 18.076033 -59.792976
52.343029 18.076033 -59.792976
51.656971 18.076033 -59.792976
51.656971 18.068962 -59.795906
52.343029 18.068962 -59.795906
51.646969 18.068962 -59.780907
51.646969 18.068962 -59.785904
51.649899 18.076033 -59.785904
51.649899 18.076033 -59.780907
51.656971 18.078962 -59.785904
51.656971 18.078962 -59.780907
52.343029 17.893438 -59.770905
52.343029 18.068962 -59.770905
52.350101 18.068962 -59.773834
52.350101 17.893438 -59.773834
52.350101 17.893438 -59.773834
52.350101 18.068962 -59.773834
52.353031 18.068962 -59.780907
52.353031 17.893438 -59.780907
51.646969 17.893438 -59.780907
51.646969 18.068962 -59.780907
51.649899 18.068962 -59.773834
51.649899 17.893438 -59.773834
51.649899 17.893438 -59.773834
51.649899 18.068962 -59.773834
51.656971 18.068962 -59.770905
51.656971 17.893438 -59.770905
52.353031 17.893438 -59.785904
52.353031 18.068962 -59.785904
52.350101 18.068962 -59.792976
52.350101 17.893438 -59.792976
52.350101 17.893438 -59.792976
52.350101 18.068962 -59.792976
52.343029 18.068962 -59.795906
52.343029 17.893438 -59.795906
51.656971 17.893438 -59.795906
51.656971 18.068962 -59.795906
51.649899 18.068962 -59.792976
51.649899 17.893438 -59.792976
51.649899 17.893438 -59.792976
51.649899 18.068962 -59.792976
51.646969 18.068962 -59.785904
51.646969 17.893438 -59.785904
52.353031 17.893438 -59.780907
52.353031 18.068962 -59.780907
52.353031 18.068962 -59.785904
52.353031 17.893438 -59.785904
-57.764538 18.751831 -75.141602
-58.235462 18.751831 -75.141602
-58.235462 18.867779 -75.141602
-57.764538 18.867779 -75.141602
-57.764538 18.751831 -75.166595
-57.764538 18.867779 -75.166595
-58.235462 18.867779 -75.166595
-58.235462 18.751831 -75.166595
-57.764538 18.877779 -75.151596
-58.235462 18.877779 -75.151596
-58.235462 18.877779 -75.156601
-57.764538 18.877779 -75.156601
-58.245461 18.751831 -75.151596
-58.245461 18.751831 -75.156601
-58.245461 18.867779 -75.156601
-58.245461 18.867779 -75.151596
-57.764538 18.741831 -75.151596
-57.764538 18.741831 -75.156601
-58.235462 18.741831 -75.156601
-58.235462 18.741831 -75.151596
-57.754539 18.751831 -75.151596
-57.757465 18.744760 -75.151596
-57.758766 18.746057 -75.145828
-57.757465 18.751831 -75.144531
-57.764538 18.741831 -75.151596
-57.764538 18.744760 -75.144531
-57.758766 18.746057 -75.145828
-57.757465 18.744760 -75.151596
-57.764538 18.751831 -75.141602
-57.757465 18.751831 -75.144531
-57.758766 18.746057 -75.145828
-57.764538 18.744760 -75.144531
-57.764538 18.867779 -75.141602
-57.764538 18.874850 -75.144531
-57.758766 18.873553 -75.145828
-57.757465 18.867779 -75.144531
-57.764538 18.877779 -75.151596
-57.757465 18.874850 -75.151596
-57.758766 18.873553 -75.145828
-57.764538 18.874850 -75.144531
-57.754539 18.867779 -75.151596
-57.757465 18.867779 -75.144531
-57.758766 18.873553 -75.145828
-57.757465 18.874850 -75.151596
-57.754539 18.751831 -75.156601
-57.757465 18.751831 -75.163666
-57.758766 18.746057 -75.162369
-57.757465 18.744760 -75.156601
-57.764538 18.751831 -75.166595
-57.764538 18.744760 -75.163666
-57.758766 18.746057 -75.162369
-57.757465 18.751831 -75.163666
-57.764538 18.741831 -75.156601
-57.757465 18.744760 -75.156601
-57.758766 18.746057 -75.162369
-57.764538 18.744760 -75.163666
-57.754539 18.867779 -75.156601
-57.757465 18.874850 -75.156601
-57.758766 18.873553 -75.162369
-57.757465 18.867779 -75.163666
-57.764538 18.877779 -75.156601
-57.764538 18.874850 -75.163666
-57.758766 18.873553 -75.162369
-57.757465 18.874850 -75.156601
-57.764538 18.867779 -75.166595
-57.757465 18.867779 -75.163666
-57.758766 18.873553 -75.162369
-57.764538 18.874850 -75.163666
-58.235462 18.751831 -75.141602
-58.235462 18.744760 -75.144531
-58.241234 18.746057 -75.145828
-58.242535 18.751831 -75.144531
-58.235462 18.741831 -75.151596
-58.242535 18.744760 -75.151596
-58.241234 18.746057 -75.145828
-58.235462 18.744760 -75.144531
-58.245461 18.751831 -75.151596
-58.242535 18.751831 -75.144531
-58.241234 18.746057 -75.145828
-58.242535 18.744760 -75.151596
-58.235462 18.867779 -75.141602
-58.242535 18.867779 -75.144531
-58.241234 18.873553 -75.145828
-58.235462 18.874850 -75.144531
-58.245461 18.867779 -75.151596
-58.242535 18.874850 -75.151596
-58.241234 18.873553 -75.145828
-58.242535 18.867779 -75.144531
-58.235462 18.877779 -75.151596
-58.235462 18.874850 -75.144531
-58.241234 18.873553 -75.145828
-58.242535 18.874850 -75.151596
-58.245461 18.751831 -75.156601
-58.242535 18.744760 -75.156601
-58.241234 18.746057 -75.162369
-58.242535 18.751831 -75.163666
-58.235462 18.741831 -75.156601
-58.235462 18.744760 -75.163666
-58.241234 18.746057 -75.162369
-58.242535 18.744760 -75.156601
-58.235462 18.751831 -75.166595
-58.242535 18.751831 -75.163666
-58.241234 18.746057 -75.162369
-58.235462 18.744760 -75.163666
-58.235462 18.867779 -75.166595
-58.235462 18.874850 -75.163666
-58.241234 18.873553 -75.162369
-58.242535 18.867779 -75.163666
-58.235462 18.877779 -75.156601
-58.242535 18.874850 -75.156601
-58.241234 18.873553 -75.162369
-58.235462 18.874850 -75.163666
-58.245461 18.867779 -75.156601
-58.242535 18.867779 -75.163666
-58.241234 18.873553 -75.162369
-58.242535 18.874850 -75.156601
-57.754539 18.751831 -75.151596
-57.754539 18.751831 -75.156601
-57.757465 18.744760 -75.156601
-57.757465 18.744760 -75.151596
-57.764538 18.741831 -75.156601
-57.764538 18.741831 -75.151596
-57.764538 18.741831 -75.151596
-58.235462 18.741831 -75.151596
-58.235462 18.744760 -75.144531
-57.764538 18.744760 -75.144531
-57.764538 18.744760 -75.144531
-58.235462 18.744760 -75.144531
-58.235462 18.751831 -75.141602
-57.764538 18.751831 -75.141602
-58.235462 18.741831 -75.151596
-58.235462 18.741831 -75.156601
-58.242535 18.744760 -75.156601
-58.242535 18.744760 -75.151596
-58.245461 18.751831 -75.156601
-58.245461 18.751831 -75.151596
-57.764538 18.751831 -75.166595
-58.235462 18.751831 -75.166595
-58.235462 18.744760 -75.163666
-57.764538 18.744760 -75.163666
-57.764538 18.744760 -75.163666
-58.235462 18.744760 -75.163666
-58.235462 18.741831 -75.156601
-57.764538 18.741831 -75.156601
-57.764538 18.867779 -75.141602
-58.235462 18.867779 -75.141602
-58.235462 18.874850 -75.144531
-57.764538 18.874850 -75.144531
-57.764538 18.874850 -75.144531
-58.235462 18.874850 -75.144531
-58.235462 18.877779 -75.151596
-57.764538 18.877779 -75.151596
-57.764538 18.877779 -75.151596
-57.764538 18.877779 -75.156601
-57.757465 18.874850 -75.156601
-57.757465 18.874850 -75.151596
-57.754539 18.867779 -75.156601
-57.754539 18.867779 -75.151596
-57.764538 18.877779 -75.156601
-58.235462 18.877779 -75.156601
-58.235462 18.874850 -75.163666
-57.764538 18.874850 -75.163666
-57.764538 18.874850 -75.163666
-58.235462 18.874850 -75.163666
-58.235462 18.867779 -75.166595
-57.764538 18.867779 -75.166595
-58.245461 18.867779 -75.151596
-58.245461 18.867779 -75.156601
-58.242535 18.874850 -75.156601
-58.242535 18.874850 -75.151596
-58.235462 18.877779 -75.156601
-58.235462 18.877779 -75.151596
-57.764538 18.751831 -75.141602
-57.764538 18.867779 -75.141602
-57.757465 18.867779 -75.144531
-57.757465 18.751831 -75.144531
-57.757465 18.751831 -75.144531
-57.757465 18.867779 -75.144531
-57.754539 18.867779 -75.151596
-57.754539 18.751831 -75.151596
-58.245461 18.751831 -75.151596
-58.245461 18.867779 -75.151596
-58.242535 18.867779 -75.144531
-58.242535 18.751831 -75.144531
-58.242535 18.751831 -75.144531
-58.242535 18.867779 -75.144531
-58.235462 18.867779 -75.141602
-58.235462 18.751831 -75.141602
-57.754539 18.751831 -75.156601
-57.754539 18.867779 -75.156601
-57.757465 18.867779 -75.163666
-57.757465 18.751831 -75.163666
-57.757465 18.751831 -75.163666
-57.757465 18.867779 -75.163666
-57.764538 18.867779 -75.166595
-57.764538 18.751831 -75.166595
-58.235462 18.751831 -75.166595
-58.235462 18.867779 -75.166595
-58.242535 18.867779 -75.163666
-58.242535 18.751831 -75.163666
-58.242535 18.751831 -75.163666
-58.242535 18.867779 -75.163666
-58.245461 18.867779 -75.156601
-58.245461 18.751831 -75.156601
-57.754539 18.751831 -75.151596
-57.754539 18.867779 -75.151596
-57.754539 18.867779 -75.156601
-57.754539 18.751831 -75.156601
-91.713966 19.659585 -29.967312
-92.286034 19.659585 -29.967312
-92.286034 19.803544 -29.967312
-91.713966 19.803544 -29.967312
-91.713966 19.659585 -29.992313
-91.713966 19.803544 -29.992313
-92.286034 19.803544 -29.992313
-92.286034 19.659585 -29.992313
-91.713966 19.813544 -29.977312
-92.286034 19.813544 -29.977312
-92.286034 19.813544 -29.982313
-91.713966 19.813544 -29.982313
-92.296036 19.659585 -29.977312
-92.296036 19.659585 -29.982313
-92.296036 19.803544 -29.982313
-92.296036 19.803544 -29.977312
-91.713966 19.649585 -29.977312
-91.713966 19.649585 -29.982313
-92.286034 19.649585 -29.982313
-92.286034 19.649585 -29.977312
-91.703964 19.659585 -29.977312
-91.706894 19.652514 -29.977312
-91.708191 19.653812 -29.971539
-91.706894 19.659585 -29.970242
-91.713966 19.649585 -29.977312
-91.713966 19.652514 -29.970242
-91.708191 19.653812 -29.971539
-91.706894 19.652514 -29.977312
-91.713966 19.659585 -29.967312
-91.706894 19.659585 -29.970242
-91.708191 19.653812 -29.971539
-91.713966 19.652514 -29.970242
-91.713966 19.803544 -29.967312
-91.713966 19.810615 -29.970242
-91.708191 19.809318 -29.971539
-91.706894 19.803544 -29.970242
-91.713966 19.813544 -29.977312
-91.706894 19.810615 -29.977312
-91.708191 19.809318 -29.971539
-91.713966 19.810615 -29.970242
-91.703964 19.803544 -29.977312
-91.706894 19.803544 -29.970242
-91.708191 19.809318 -29.971539
-91.706894 19.810615 -29.977312
-91.703964 19.659585 -29.982313
-91.706894 19.659585 -29.989384
-91.708191 19.653812 -29.988087
-91.706894 19.652514 -29.982313
-91.713966 19.659585 -29.992313
-91.713966 19.652514 -29.989384
-91.708191 19.653812 -29.988087
-91.706894 19.659585 -29.989384
-91.713966 19.649585 -29.982313
-91.706894 19.652514 -29.982313
-91.708191 19.653812 -29.988087
-91.713966 19.652514 -29.989384
-91.703964 19.803544 -29.982313
-91.706894 19.810615 -29.982313
-91.708191 19.809318 -29.988087
-91.706894 19.803544 -29.989384
-91.713966 19.813544 -29.982313
-91.713966 19.810615 -29.989384
-91.708191 19.809318 -29.988087
-91.706894 19.810615 -29.982313
-91.713966 19.803544 -29.992313
-91.706894 19.803544 -29.989384
-91.708191 19.809318 -29.988087
-91.713966 19.810615 -29.989384
-92.286034 19.659585 -29.967312
-92.286034 19.652514 -29.970242
-92.291809 19.653812 -29.971539
-92.293106 19.659585 -29.970242
-92.286034 19.649585 -29.977312
-92.293106 19.652514 -29.977312
-92.291809 19.653812 -29.971539
-92.286034 19.652514 -29.970242
-92.296036 19.659585 -29.977312
-92.293106 19.659585 -29.970242
-92.291809 19.653812 -29.971539
-92.293106 19.652514 -29.977312
-92.286034 19.803544 -29.967312
-92.293106 19.803544 -29.970242
-92.291809 19.809318 -29.971539
-92.286034 19.810615 -29.970242
-92.296036 19.803544 -29.977312
-92.293106 19.810615 -29.977312
-92.291809 19.809318 -29.971539
-92.293106 19.803544 -29.970242
-92.286034 19.813544 -29.977312
-92.286034 19.810615 -29.970242
-92.291809 19.809318 -29.971539
-92.293106 19.810615 -29.977312
-92.296036 19.659585 -29.982313
-92.293106 19.652514 -29.982313
-92.291809 19.653812 -29.988087
-92.293106 19.659585 -29.989384
-92.286034 19.649585 -29.982313
-92.286034 19.652514 -29.989384
-92.291809 19.653812 -29.988087
-92.293106 19.652514 -29.982313
-92.286034 19.659585 -29.992313
-92.293106 19.659585 -29.989384
-92.291809 19.653812 -29.988087
-92.286034 19.652514 -29.989384
-92.286034 19.803544 -29.992313
-92.286034 19.810615 -29.989384
-92.291809 19.809318 -29.988087
-92.293106 19.803544 -29.989384
-92.286034 19.813544 -29.982313
-92.293106 19.810615 -29.982313
-92.291809 19.809318 -29.988087
-92.286034 19.810615 -29.989384
-92.296036 19.803544 -29.982313
-92.293106 19.803544 -29.989384
-92.291809 19.809318 -29.988087
-92.293106 19.810615 -29.982313
-91.703964 19.659585 -29.977312
-91.703964 19.659585 -29.982313
-91.706894 19.652514 -29.982313
-91.706894 19.652514 -29.977312
-91.706894 19.652514 -29.977312
-91.713966 19.649585 -29.982313
-91.713966 19.649585 -29.977312
-91.713966 19.649585 -29.977312
-92.286034 19.649585 -29.977312
-92.286034 19.652514 -29.970242
-91.713966 19.652514 -29.970242
-91.713966 19.652514 -29.970242
-92.286034 19.652514 -29.970242
-92.286034 19.659585 -29.967312
-91.713966 19.659585 -29.967312
-92.286034 19.649585 -29.977312
-92.286034 19.649585 -29.982313
-92.293106 19.652514 -29.982313
-92.293106 19.652514 -29.977312
-92.293106 19.652514 -29.982313
-92.296036 19.659585 -29.982313
-92.296036 19.659585 -29.977312
-91.713966 19.659585 -29.992313
-92.286034 19.659585 -29.992313
-92.286034 19.652514 -29.989384
-91.713966 19.652514 -29.989384
-91.713966 19.652514 -29.989384
-92.286034 19.652514 -29.989384
-92.286034 19.649585 -29.982313
-91.713966 19.649585 -29.982313
-91.713966 19.803544 -29.967312
-92.286034 19.803544 -29.967312
-92.286034 19.810615 -29.970242
-91.713966 19.810615 -29.970242
-91.713966 19.810615 -29.970242
-92.286034 19.810615 -29.970242
-92.286034 19.813544 -29.977312
-91.713966 19.813544 -29.977312
-91.713966 19.813544 -29.977312
-91.713966 19.813544 -29.982313
-91.706894 19.810615 -29.982313
-91.706894 19.810615 -29.977312
-91.706894 19.810615 -29.982313
-91.703964 19.803544 -29.982313
-91.703964 19.803544 -29.977312
-91.713966 19.813544 -29.982313
-92.286034 19.813544 -29.982313
-92.286034 19.810615 -29.989384
-91.713966 19.810615 -29.989384
-91.713966 19.810615 -29.989384
-92.286034 19.810615 -29.989384
-92.286034 19.803544 -29.992313
-91.713966 19.803544 -29.992313
-92.296036 19.803544 -29.977312
-92.296036 19.803544 -29.982313
-92.293106 19.810615 -29.982313
-92.293106 19.810615 -29.977312
-92.293106 19.810615 -29.977312
-92.286034 19.813544 -29.982313
-92.286034 19.813544 -29.977312
-91.713966 19.659585 -29.967312
-91.713966 19.803544 -29.967312
-91.706894 19.803544 -29.970242
-91.706894 19.659585 -29.970242
-91.706894 19.659585 -29.970242
-91.706894 19.803544 -29.970242
-91.703964 19.803544 -29.977312
-91.703964 19.659585 -29.977312
-92.296036 19.659585 -29.977312
-92.296036 19.803544 -29.977312
-92.293106 19.803544 -29.970242
-92.293106 19.659585 -29.970242
-92.293106 19.659585 -29.970242
-92.293106 19.803544 -29.970242
-92.286034 19.803544 -29.967312
-92.286034 19.659585 -29.967312
-91.703964 19.659585 -29.982313
-91.703964 19.803544 -29.982313
-91.706894 19.803544 -29.989384
-91.706894 19.659585 -29.989384
-91.706894 19.659585 -29.989384
-91.706894 19.803544 -29.989384
-91.713966 19.803544 -29.992313
-91.713966 19.659585 -29.992313
-92.286034 19.659585 -29.992313
-92.286034 19.803544 -29.992313
-92.293106 19.803544 -29.989384
-92.293106 19.659585 -29.989384
-92.293106 19.659585 -29.989384
-92.293106 19.803544 -29.989384
-92.296036 19.803544 -29.982313
-92.296036 19.659585 -29.982313
-91.703964 19.659585 -29.977312
-91.703964 19.803544 -29.977312
-91.703964 19.803544 -29.982313
-91.703964 19.659585 -29.982313
15.250000 20.558000 -36.091499
14.750000 20.558000 -36.091499
14.750000 20.682000 -36.091499
15.250000 20.682000 -36.091499
15.250000 20.558000 -36.116501
15.250000 20.682000 -36.116501
14.750000 20.682000 -36.116501
14.750000 20.558000 -36.116501
15.250000 20.692000 -36.101501
14.750000 20.692000 -36.101501
14.750000 20.692000 -36.106499
15.250000 20.692000 -36.106499
14.740000 20.558000 -36.101501
14.740000 20.558000 -36.106499
14.740000 20.682000 -36.106499
14.740000 20.682000 -36.101501
15.250000 20.548000 -36.101501
15.250000 20.548000 -36.106499
14.750000 20.548000 -36.106499
14.750000 20.548000 -36.101501
15.260000 20.558000 -36.101501
15.257071 20.550929 -36.101501
15.255774 20.552227 -36.095726
15.257071 20.558000 -36.094429
15.250000 20.548000 -36.101501
15.250000 20.550929 -36.094429
15.255774 20.552227 -36.095726
15.257071 20.550929 -36.101501
15.250000 20.558000 -36.091499
15.257071 20.558000 -36.094429
15.255774 20.552227 -36.095726
15.250000 20.550929 -36.094429
15.250000 20.682000 -36.091499
15.250000 20.689071 -36.094429
15.255774 20.687773 -36.095726
15.257071 20.682000 -36.094429
15.250000 20.692000 -36.101501
15.257071 20.689071 -36.101501
15.255774 20.687773 -36.095726
15.250000 20.689071 -36.094429
15.260000 20.682000 -36.101501
15.257071 20.682000 -36.094429
15.255774 20.687773 -36.095726
15.257071 20.689071 -36.101501
15.260000 20.558000 -36.106499
15.257071 20.558000 -36.113571
15.255774 20.552227 -36.112274
15.257071 20.550929 -36.106499
15.250000 20.558000 -36.116501
15.250000 20.550929 -36.113571
15.255774 20.552227 -36.112274
15.257071 20.558000 -36.113571
15.250000 20.548000 -36.106499
15.257071 20.550929 -36.106499
15.255774 20.552227 -36.112274
15.250000 20.550929 -36.113571
15.260000 20.682000 -36.106499
15.257071 20.689071 -36.106499
15.255774 20.687773 -36.112274
15.257071 20.682000 -36.113571
15.250000 20.692000 -36.106499
15.250000 20.689071 -36.113571
15.255774 20.687773 -36.112274
15.257071 20.689071 -36.106499
15.250000 20.682000 -36.116501
15.257071 20.682000 -36.113571
15.255774 20.687773 -36.112274
15.250000 20.689071 -36.113571
14.750000 20.558000 -36.091499
14.750000 20.550929 -36.094429
14.744226 20.552227 -36.095726
14.742929 20.558000 -36.094429
14.750000 20.548000 -36.101501
14.742929 20.550929 -36.101501
14.744226 20.552227 -36.095726
14.750000 20.550929 -36.094429
14.740000 20.558000 -36.101501
14.742929 20.558000 -36.094429
14.744226 20.552227 -36.095726
14.742929 20.550929 -36.101501
14.750000 20.682000 -36.091499
14.742929 20.682000 -36.094429
14.744226 20.687773 -36.095726
14.750000 20.689071 -36.094429
14.740000 20.682000 -36.101501
14.742929 20.689071 -36.101501
14.744226 20.687773 -36.095726
14.742929 20.682000 -36.094429
14.750000 20.692000 -36.101501
14.750000 20.689071 -36.094429
14.744226 20.687773 -36.095726
14.742929 20.689071 -36.101501
14.740000 20.558000 -36.106499
14.742929 20.550929 -36.106499
14.744226 20.552227 -36.112274
14.742929 20.558000 -36.113571
14.750000 20.548000 -36.106499
14.750000 20.550929 -36.113571
14.744226 20.552227 -36.112274
14.742929 20.550929 -36.106499
14.750000 20.558000 -36.116501
14.742929 20.558000 -36.113571
14.744226 20.552227 -36.112274
14.750000 20.550929 -36.113571
14.750000 20.682000 -36.116501
14.750000 20.689071 -36.113571
14.744226 20.687773 -36.112274
14.742929 20.682000 -36.113571
14.750000 20.692000 -36.106499
14.742929 20.689071 -36.106499
14.744226 20.687773 -36.112274
14.750000 20.689071 -36.113571
14.740000 20.682000 -36.106499
14.742929 20.682000 -36.113571
14.744226 20.687773 -36.112274
14.742929 20.689071 -36.106499
15.260000 20.558000 -36.101501
15.260000 20.558000 -36.106499
15.257071 20.550929 -36.106499
15.257071 20.550929 -36.101501
15.250000 20.548000 -36.106499
15.250000 20.548000 -36.101501
15.250000 20.548000 -36.101501
14.750000 20.548000 -36.101501
14.750000 20.550929 -36.094429
15.250000 20.550929 -36.094429
15.250000 20.550929 -36.094429
14.750000 20.550929 -36.094429
14.750000 20.558000 -36.091499
15.250000 20.558000 -36.091499
14.750000 20.548000 -36.101501
14.750000 20.548000 -36.106499
14.742929 20.550929 -36.106499
14.742929 20.550929 -36.101501
14.740000 20.558000 -36.106499
14.740000 20.558000 -36.101501
15.250000 20.558000 -36.116501
14.750000 20.558000 -36.116501
14.750000 20.550929 -36.113571
15.250000 20.550929 -36.113571
15.250000 20.550929 -36.113571
14.750000 20.550929 -36.113571
14.750000 20.548000 -36.106499
15.250000 20.548000 -36.106499
15.250000 20.682000 -36.091499
14.750000 20.682000 -36.091499
14.750000 20.689071 -36.094429
15.250000 20.689071 -36.094429
15.250000 20.689071 -36.094429
14.750000 20.689071 -36.094429
14.750000 20.692000 -36.101501
15.250000 20.692000 -36.101501
15.250000 20.692000 -36.101501
15.250000 20.692000 -36.106499
15.257071 20.689071 -36.106499
15.257071 20.689071 -36.101501
15.260000 20.682000 -36.106499
15.260000 20.682000 -36.101501
15.250000 20.692000 -36.106499
14.750000 20.692000 -36.106499
14.750000 20.689071 -36.113571
15.250000 20.689071 -36.113571
15.250000 20.689071 -36.113571
14.750000 20.689071 -36.113571
14.750000 20.682000 -36.116501
15.250000 20.682000 -36.116501
14.740000 20.682000 -36.101501
14.740000 20.682000 -36.106499
14.742929 20.689071 -36.106499
14.742929 20.689071 -36.101501
14.750000 20.692000 -36.106499
14.750000 20.692000 -36.101501
15.250000 20.558000 -36.091499
15.250000 20.682000 -36.091499
15.257071 20.682000 -36.094429
15.257071 20.558000 -36.094429
15.257071 20.558000 -36.094429
15.257071 20.682000 -36.094429
15.260000 20.682000 -36.101501
15.260000 20.558000 -36.101501
14.740000 20.558000 -36.101501
14.740000 20.682000 -36.101501
14.742929 20.682000 -36.094429
14.742929 20.558000 -36.094429
14.742929 20.558000 -36.094429
14.742929 20.682000 -36.094429
14.750000 20.682000 -36.091499
14.750000 20.558000 -36.091499
15.260000 20.558000 -36.106499
15.260000 20.682000 -36.106499
15.257071 20.682000 -36.113571
15.257071 20.558000 -36.113571
15.257071 20.558000 -36.113571
15.257071 20.682000 -36.113571
15.250000 20.682000 -36.116501
15.250000 20.558000 -36.116501
14.750000 20.558000 -36.116501
14.750000 20.682000 -36.116501
14.742929 20.682000 -36.113571
14.742929 20.558000 -36.113571
14.742929 20.558000 -36.113571
14.742929 20.682000 -36.113571
14.740000 20.682000 -36.106499
14.740000 20.558000 -36.106499
15.260000 20.558000 -36.101501
15.260000 20.682000 -36.101501
15.260000 20.682000 -36.106499
15.260000 20.558000 -36.106499
-16.750000 20.558000 -38.091499
-17.250000 20.558000 -38.091499
-17.250000 20.682000 -38.091499
-16.750000 20.682000 -38.091499
-16.750000 20.558000 -38.116501
-16.750000 20.682000 -38.116501
-17.250000 20.682000 -38.116501
-17.250000 20.558000 -38.116501
-16.750000 20.692000 -38.101501
-17.250000 20.692000 -38.101501
-17.250000 20.692000 -38.106499
-16.750000 20.692000 -38.106499
-17.260000 20.558000 -38.101501
-17.260000 20.558000 -38.106499
-17.260000 20.682000 -38.106499
-17.260000 20.682000 -38.101501
-16.750000 20.548000 -38.101501
-16.750000 20.548000 -38.106499
-17.250000 20.548000 -38.106499
-17.250000 20.548000 -38.101501
-16.740000 20.558000 -38.101501
-16.742929 20.550929 -38.101501
-16.744226 20.552227 -38.095726
-16.742929 20.558000 -38.094429
-16.750000 20.548000 -38.101501
-16.750000 20.550929 -38.094429
-16.744226 20.552227 -38.095726
-16.742929 20.550929 -38.101501
-16.750000 20.558000 -38.091499
-16.742929 20.558000 -38.094429
-16.744226 20.552227 -38.095726
-16.750000 20.550929 -38.094429
-16.750000 20.682000 -38.091499
-16.750000 20.689071 -38.094429
-16.744226 20.687773 -38.095726
-16.742929 20.682000 -38.094429
-16.750000 20.692000 -38.101501
-16.742929 20.689071 -38.101501
-16.744226 20.687773 -38.095726
-16.750000 20.689071 -38.094429
-16.740000 20.682000 -38.101501
-16.742929 20.682000 -38.094429
-16.744226 20.687773 -38.095726
-16.742929 20.689071 -38.101501
-16.740000 20.558000 -38.106499
-16.742929 20.558000 -38.113571
-16.744226 20.552227 -38.112274
-16.742929 20.550929 -38.106499
-16.750000 20.558000 -38.116501
-16.750000 20.550929 -38.113571
-16.744226 20.552227 -38.112274
-16.742929 20.558000 -38.113571
-16.750000 20.548000 -38.106499
-16.742929 20.550929 -38.106499
-16.744226 20.552227 -38.112274
-16.750000 20.550929 -38.113571
-16.740000 20.682000 -38.106499
-16.742929 20.689071 -38.106499
-16.744226 20.687773 -38.112274
-16.742929 20.682000 -38.113571
-16.750000 20.692000 -38.106499
-16.750000 20.689071 -38.113571
-16.744226 20.687773 -38.112274
-16.742929 20.689071 -38.106499
-16.750000 20.682000 -38.116501
-16.742929 20.682000 -38.113571
-16.744226 20.687773 -38.112274
-16.750000 20.689071 -38.113571
-17.250000 20.558000 -38.091499
-17.250000 20.550929 -38.094429
-17.255774 20.552227 -38.095726
-17.257071 20.558000 -38.094429
-17.250000 20.548000 -38.101501
-17.257071 20.550929 -38.101501
-17.255774 20.552227 -38.095726
-17.250000 20.550929 -38.094429
-17.260000 20.558000 -38.101501
-17.257071 20.558000 -38.094429
-17.255774 20.552227 -38.095726
-17.257071 20.550929 -38.101501
-17.250000 20.682000 -38.091499
-17.257071 20.682000 -38.094429
-17.255774 20.687773 -38.095726
-17.250000 20.689071 -38.094429
-17.260000 20.682000 -38.101501
-17.257071 20.689071 -38.101501
-17.255774 20.687773 -38.095726
-17.257071 20.682000 -38.094429
-17.250000 20.692000 -38.101501
-17.250000 20.689071 -38.094429
-17.255774 20.687773 -38.095726
-17.257071 20.689071 -38.101501
-17.260000 20.558000 -38.106499
-17.257071 20.550929 -38.106499
-17.255774 20.552227 -38.112274
-17.257071 20.558000 -38.113571
-17.250000 20.548000 -38.106499
-17.250000 20.550929 -38.113571
-17.255774 20.552227 -38.112274
-17.257071 20.550929 -38.106499
-17.250000 20.558000 -38.116501
-17.257071 20.558000 -38.113571
-17.255774 20.552227 -38.112274
-17.250000 20.550929 -38.113571
-17.250000 20.682000 -38.116501
-17.250000 20.689071 -38.113571
-17.255774 20.687773 -38.112274
-17.257071 20.682000 -38.113571
-17.250000 20.692000 -38.106499
-17.257071 20.689071 -38.106499
-17.255774 20.687773 -38.112274
-17.250000 20.689071 -38.113571
-17.260000 20.682000 -38.106499
-17.257071 20.682000 -38.113571
-17.255774 20.687773 -38.112274
-17.257071 20.689071 -38.106499
-16.740000 20.558000 -38.101501
-16.740000 20.558000 -38.106499
-16.742929 20.550929 -38.106499
-16.742929 20.550929 -38.101501
-16.750000 20.548000 -38.106499
-16.750000 20.548000 -38.101501
-16.750000 20.548000 -38.101501
-17.250000 20.548000 -38.101501
-17.250000 20.550929 -38.094429
-16.750000 20.550929 -38.094429
-16.750000 20.550929 -38.094429
-17.250000 20.550929 -38.094429
-17.250000 20.558000 -38.091499
-16.750000 20.558000 -38.091499
-17.250000 20.548000 -38.101501
-17.250000 20.548000 -38.106499
-17.257071 20.550929 -38.106499
-17.257071 20.550929 -38.101501
-17.260000 20.558000 -38.106499
-17.260000 20.558000 -38.101501
-16.750000 20.558000 -38.116501
-17.250000 20.558000 -38.116501
-17.250000 20.550929 -38.113571
-16.750000 20.550929 -38.113571
-16.750000 20.550929 -38.113571
-17.250000 20.550929 -38.113571
-17.250000 20.548000 -38.106499
-16.750000 20.548000 -38.106499
-16.750000 20.682000 -38.091499
-17.250000 20.682000 -38.091499
-17.250000 20.689071 -38.094429
-16.750000 20.689071 -38.094429
-16.750000 20.689071 -38.094429
-17.250000 20.689071 -38.094429
-17.250000 20.692000 -38.101501
-16.750000 20.692000 -38.101501
-16.750000 20.692000 -38.101501
-16.750000 20.692000 -38.106499
-16.742929 20.689071 -38.106499
-16.742929 20.689071 -38.101501
-16.740000 20.682000 -38.106499
-16.740000 20.682000 -38.101501
-16.750000 20.692000 -38.106499
-17.250000 20.692000 -38.106499
-17.250000 20.689071 -38.113571
-16.750000 20.689071 -38.113571
-16.750000 20.689071 -38.113571
-17.250000 20.689071 -38.113571
-17.250000 20.682000 -38.116501
-16.750000 20.682000 -38.116501
-17.260000 20.682000 -38.101501
-17.260000 20.682000 -38.106499
-17.257071 20.689071 -38.106499
-17.257071 20.689071 -38.101501
-17.250000 20.692000 -38.106499
-17.250000 20.692000 -38.101501
-16.750000 20.558000 -38.091499
-16.750000 20.682000 -38.091499
-16.742929 20.682000 -38.094429
-16.742929 20.558000 -38.094429
-16.742929 20.558000 -38.094429
-16.742929 20.682000 -38.094429
-16.740000 20.682000 -38.101501
-16.740000 20.558000 -38.101501
-17.260000 20.558000 -38.101501
-17.260000 20.682000 -38.101501
-17.257071 20.682000 -38.094429
-17.257071 20.558000 -38.094429
-17.257071 20.558000 -38.094429
-17.257071 20.682000 -38.094429
-17.250000 20.682000 -38.091499
-17.250000 20.558000 -38.091499
-16.740000 20.558000 -38.106499
-16.740000 20.682000 -38.106499
-16.742929 20.682000 -38.113571
-16.742929 20.558000 -38.113571
-16.742929 20.558000 -38.113571
-16.742929 20.682000 -38.113571
-16.750000 20.682000 -38.116501
-16.750000 20.558000 -38.116501
-17.250000 20.558000 -38.116501
-17.250000 20.682000 -38.116501
-17.257071 20.682000 -38.113571
-17.257071 20.558000 -38.113571
-17.257071 20.558000 -38.113571
-17.257071 20.682000 -38.113571
-17.260000 20.682000 -38.106499
-17.260000 20.558000 -38.106499
-16.740000 20.558000 -38.101501
-16.740000 20.682000 -38.101501
-16.740000 20.682000 -38.106499
-16.740000 20.558000 -38.106499
42.250000 20.558000 -68.091499
41.750000 20.558000 -68.091499
41.750000 20.682000 -68.091499
42.250000 20.682000 -68.091499
42.250000 20.558000 -68.116493
42.250000 20.682000 -68.116493
41.750000 20.682000 -68.116493
41.750000 20.558000 -68.116493
42.250000 20.692000 -68.101494
41.750000 20.692000 -68.101494
41.750000 20.692000 -68.106499
42.250000 20.692000 -68.106499
41.740002 20.558000 -68.101494
41.740002 20.558000 -68.106499
41.740002 20.682000 -68.106499
41.740002 20.682000 -68.101494
42.250000 20.548000 -68.101494
42.250000 20.548000 -68.106499
41.750000 20.548000 -68.106499
41.750000 20.548000 -68.101494
42.259998 20.558000 -68.101494
42.257072 20.550929 -68.101494
42.255772 20.552227 -68.095726
42.257072 20.558000 -68.094429
42.250000 20.548000 -68.101494
42.250000 20.550929 -68.094429
42.255772 20.552227 -68.095726
42.257072 20.550929 -68.101494
42.250000 20.558000 -68.091499
42.257072 20.558000 -68.094429
42.255772 20.552227 -68.095726
42.250000 20.550929 -68.094429
42.250000 20.682000 -68.091499
42.250000 20.689071 -68.094429
42.255772 20.687773 -68.095726
42.257072 20.682000 -68.094429
42.250000 20.692000 -68.101494
42.257072 20.689071 -68.101494
42.255772 20.687773 -68.095726
42.250000 20.689071 -68.094429
42.259998 20.682000 -68.101494
42.257072 20.682000 -68.094429
42.255772 20.687773 -68.095726
42.257072 20.689071 -68.101494
42.259998 20.558000 -68.106499
42.257072 20.558000 -68.113564
42.255772 20.552227 -68.112267
42.257072 20.550929 -68.106499
42.250000 20.558000 -68.116493
42.250000 20.550929 -68.113564
42.255772 20.552227 -68.112267
42.257072 20.558000 -68.113564
42.250000 20.548000 -68.106499
42.257072 20.550929 -68.106499
42.255772 20.552227 -68.112267
42.250000 20.550929 -68.113564
42.259998 20.682000 -68.106499
42.257072 20.689071 -68.106499
42.255772 20.687773 -68.112267
42.257072 20.682000 -68.113564
42.250000 20.692000 -68.106499
42.250000 20.689071 -68.113564
42.255772 20.687773 -68.112267
42.257072 20.689071 -68.106499
42.250000 20.682000 -68.116493
42.257072 20.682000 -68.113564
42.255772 20.687773 -68.112267
42.250000 20.689071 -68.113564
41.750000 20.558000 -68.091499
41.750000 20.550929 -68.094429
41.744228 20.552227 -68.095726
41.742928 20.558000 -68.094429
41.750000 20.548000 -68.101494
41.742928 20.550929 -68.101494
41.744228 20.552227 -68.095726
41.750000 20.550929 -68.094429
41.740002 20.558000 -68.101494
41.742928 20.558000 -68.094429
41.744228 20.552227 -68.095726
41.742928 20.550929 -68.101494
41.750000 20.682000 -68.091499
41.742928 20.682000 -68.094429
41.744228 20.687773 -68.095726
41.750000 20.689071 -68.094429
41.740002 20.682000 -68.101494
41.742928 20.689071 -68.101494
41.744228 20.687773 -68.095726
41.742928 20.682000 -68.094429
41.750000 20.692000 -68.101494
41.750000 20.689071 -68.094429
41.744228 20.687773 -68.095726
41.742928 20.689071 -68.101494
41.740002 20.558000 -68.106499
41.742928 20.550929 -68.106499
41.744228 20.552227 -68.112267
41.742928 20.558000 -68.113564
41.750000 20.548000 -68.106499
41.750000 20.550929 -68.113564
41.744228 20.552227 -68.112267
41.742928 20.550929 -68.106499
41.750000 20.558000 -68.116493
41.742928 20.558000 -68.113564
41.744228 20.552227 -68.112267
41.750000 20.550929 -68.113564
41.750000 20.682000 -68.116493
41.750000 20.689071 -68.113564
41.744228 20.687773 -68.112267
41.742928 20.682000 -68.113564
41.750000 20.692000 -68.106499
41.742928 20.689071 -68.106499
41.744228 20.687773 -68.112267
41.750000 20.689071 -68.113564
41.740002 20.682000 -68.106499
41.742928 20.682000 -68.113564
41.744228 20.687773 -68.112267
41.742928 20.689071 -68.106499
42.259998 20.558000 -68.101494
42.259998 20.558000 -68.106499
42.257072 20.550929 -68.106499
42.257072 20.550929 -68.101494
42.250000 20.548000 -68.106499
42.250000 20.548000 -68.101494
42.250000 20.548000 -68.101494
41.750000 20.548000 -68.101494
41.750000 20.550929 -68.094429
42.250000 20.550929 -68.094429
42.250000 20.550929 -68.094429
41.750000 20.550929 -68.094429
41.750000 20.558000 -68.091499
42.250000 20.558000 -68.091499
41.750000 20.548000 -68.101494
41.750000 20.548000 -68.106499
41.742928 20.550929 -68.106499
41.742928 20.550929 -68.101494
41.740002 20.558000 -68.106499
41.740002 20.558000 -68.101494
42.250000 20.558000 -68.116493
41.750000 20.558000 -68.116493
41.750000 20.550929 -68.113564
42.250000 20.550929 -68.113564
42.250000 20.550929 -68.113564
41.750000 20.550929 -68.113564
41.750000 20.548000 -68.106499
42.250000 20.548000 -68.106499
42.250000 20.682000 -68.091499
41.750000 20.682000 -68.091499
41.750000 20.689071 -68.094429
42.250000 20.689071 -68.094429
42.250000 20.689071 -68.094429
41.750000 20.689071 -68.094429
41.750000 20.692000 -68.101494
42.250000 20.692000 -68.101494
42.250000 20.692000 -68.101494
42.250000 20.692000 -68.106499
42.257072 20.689071 -68.106499
42.257072 20.689071 -68.101494
42.259998 20.682000 -68.106499
42.259998 20.682000 -68.101494
42.250000 20.692000 -68.106499
41.750000 20.692000 -68.106499
41.750000 20.689071 -68.113564
42.250000 20.689071 -68.113564
42.250000 20.689071 -68.113564
41.750000 20.689071 -68.113564
41.750000 20.682000 -68.116493
42.250000 20.682000 -68.116493
41.740002 20.682000 -68.101494
41.740002 20.682000 -68.106499
41.742928 20.689071 -68.106499
41.742928 20.689071 -68.101494
41.750000 20.692000 -68.106499
41.750000 20.692000 -68.101494
42.250000 20.558000 -68.091499
42.250000 20.682000 -68.091499
42.257072 20.682000 -68.094429
42.257072 20.558000 -68.094429
42.257072 20.558000 -68.094429
42.257072 20.682000 -68.094429
42.259998 20.682000 -68.101494
42.259998 20.558000 -68.101494
41.740002 20.558000 -68.101494
41.740002 20.682000 -68.101494
41.742928 20.682000 -68.094429
41.742928 20.558000 -68.094429
41.742928 20.558000 -68.094429
41.742928 20.682000 -68.094429
41.750000 20.682000 -68.091499
41.750000 20.558000 -68.091499
42.259998 20.558000 -68.106499
42.259998 20.682000 -68.106499
42.257072 20.682000 -68.113564
42.257072 20.558000 -68.113564
42.257072 20.558000 -68.113564
42.257072 20.682000 -68.113564
42.250000 20.682000 -68.116493
42.250000 20.558000 -68.116493
41.750000 20.558000 -68.116493
41.750000 20.682000 -68.116493
41.742928 20.682000 -68.113564
41.742928 20.558000 -68.113564
41.742928 20.558000 -68.113564
41.742928 20.682000 -68.113564
41.740002 20.682000 -68.106499
41.740002 20.558000 -68.106499
42.259998 20.558000 -68.101494
42.259998 20.682000 -68.101494
42.259998 20.682000 -68.106499
42.259998 20.558000 -68.106499
-42.750000 20.558000 -73.091499
-43.250000 20.558000 -73.091499
-43.250000 20.682000 -73.091499
-42.750000 20.682000 -73.091499
-42.750000 20.558000 -73.116493
-42.750000 20.682000 -73.116493
-43.250000 20.682000 -73.116493
-43.250000 20.558000 -73.116493
-42.750000 20.692000 -73.101494
-43.250000 20.692000 -73.101494
-43.250000 20.692000 -73.106499
-42.750000 20.692000 -73.106499
-43.259998 20.558000 -73.101494
-43.259998 20.558000 -73.106499
-43.259998 20.682000 -73.106499
-43.259998 20.682000 -73.101494
-42.750000 20.548000 -73.101494
-42.750000 20.548000 -73.106499
-43.250000 20.548000 -73.106499
-43.250000 20.548000 -73.101494
-42.740002 20.558000 -73.101494
-42.742928 20.550929 -73.101494
-42.744228 20.552227 -73.095726
-42.742928 20.558000 -73.094429
-42.750000 20.548000 -73.101494
-42.750000 20.550929 -73.094429
-42.744228 20.552227 -73.095726
-42.742928 20.550929 -73.101494
-42.750000 20.558000 -73.091499
-42.742928 20.558000 -73.094429
-42.744228 20.552227 -73.095726
-42.750000 20.550929 -73.094429
-42.750000 20.682000 -73.091499
-42.750000 20.689071 -73.094429
-42.744228 20.687773 -73.095726
-42.742928 20.682000 -73.094429
-42.750000 20.692000 -73.101494
-42.742928 20.689071 -73.101494
-42.744228 20.687773 -73.095726
-42.750000 20.689071 -73.094429
-42.740002 20.682000 -73.101494
-42.742928 20.682000 -73.094429
-42.744228 20.687773 -73.095726
-42.742928 20.689071 -73.101494
-42.740002 20.558000 -73.106499
-42.742928 20.558000 -73.113564
-42.744228 20.552227 -73.112267
-42.742928 20.550929 -73.106499
-42.750000 20.558000 -73.116493
-42.750000 20.550929 -73.113564
-42.744228 20.552227 -73.112267
-42.742928 20.558000 -73.113564
-42.750000 20.548000 -73.106499
-42.742928 20.550929 -73.106499
-42.744228 20.552227 -73.112267
-42.750000 20.550929 -73.113564
-42.740002 20.682000 -73.106499
-42.742928 20.689071 -73.106499
-42.744228 20.687773 -73.112267
-42.742928 20.682000 -73.113564
-42.750000 20.692000 -73.106499
-42.750000 20.689071 -73.113564
-42.744228 20.687773 -73.112267
-42.742928 20.689071 -73.106499
-42.750000 20.682000 -73.116493
-42.742928 20.682000 -73.113564
-42.744228 20.687773 -73.112267
-42.750000 20.689071 -73.113564
-43.250000 20.558000 -73.091499
-43.250000 20.550929 -73.094429
-43.255772 20.552227 -73.095726
-43.257072 20.558000 -73.094429
-43.250000 20.548000 -73.101494
-43.257072 20.550929 -73.101494
-43.255772 20.552227 -73.095726
-43.250000 20.550929 -73.094429
-43.259998 20.558000 -73.101494
-43.257072 20.558000 -73.094429
-43.255772 20.552227 -73.095726
-43.257072 20.550929 -73.101494
-43.250000 20.682000 -73.091499
-43.257072 20.682000 -73.094429
-43.255772 20.687773 -73.095726
-43.250000 20.689071 -73.094429
-43.259998 20.682000 -73.101494
-43.257072 20.689071 -73.101494
-43.255772 20.687773 -73.095726
-43.257072 20.682000 -73.094429
-43.250000 20.692000 -73.101494
-43.250000 20.689071 -73.094429
-43.255772 20.687773 -73.095726
-43.257072 20.689071 -73.101494
-43.259998 20.558000 -73.106499
-43.257072 20.550929 -73.106499
-43.255772 20.552227 -73.112267
-43.257072 20.558000 -73.113564
-43.250000 20.548000 -73.106499
-43.250000 20.550929 -73.113564
-43.255772 20.552227 -73.112267
-43.257072 20.550929 -73.106499
-43.250000 20.558000 -73.116493
-43.257072 20.558000 -73.113564
-43.255772 20.552227 -73.112267
-43.250000 20.550929 -73.113564
-43.250000 20.682000 -73.116493
-43.250000 20.689071 -73.113564
-43.255772 20.687773 -73.112267
-43.257072 20.682000 -73.113564
-43.250000 20.692000 -73.106499
-43.257072 20.689071 -73.106499
-43.255772 20.687773 -73.112267
-43.250000 20.689071 -73.113564
-43.259998 20.682000 -73.106499
-43.257072 20.682000 -73.113564
-43.255772 20.687773 -73.112267
-43.257072 20.689071 -73.106499
-42.740002 20.558000 -73.101494
-42.740002 20.558000 -73.106499
-42.742928 20.550929 -73.106499
-42.742928 20.550929 -73.101494
-42.750000 20.548000 -73.106499
-42.750000 20.548000 -73.101494
-42.750000 20.548000 -73.101494
-43.250000 20.548000 -73.101494
-43.250000 20.550929 -73.094429
-42.750000 20.550929 -73.094429
-42.750000 20.550929 -73.094429
-43.250000 20.550929 -73.094429
-43.250000 20.558000 -73.091499
-42.750000 20.558000 -73.091499
-43.250000 20.548000 -73.101494
-43.250000 20.548000 -73.106499
-43.257072 20.550929 -73.106499
-43.257072 20.550929 -73.101494
-43.259998 20.558000 -73.106499
-43.259998 20.558000 -73.101494
-42.750000 20.558000 -73.116493
-43.250000 20.558000 -73.116493
-43.250000 20.550929 -73.113564
-42.750000 20.550929 -73.113564
-42.750000 20.550929 -73.113564
-43.250000 20.550929 -73.113564
-43.250000 20.548000 -73.106499
-42.750000 20.548000 -73.106499
-42.750000 20.682000 -73.091499
-43.250000 20.682000 -73.091499
-43.250000 20.689071 -73.094429
-42.750000 20.689071 -73.094429
-42.750000 20.689071 -73.094429
-43.250000 20.689071 -73.094429
-43.250000 20.692000 -73.101494
-42.750000 20.692000 -73.101494
-42.750000 20.692000 -73.101494
-42.750000 20.692000 -73.106499
-42.742928 20.689071 -73.106499
-42.742928 20.689071 -73.101494
-42.740002 20.682000 -73.106499
-42.740002 20.682000 -73.101494
-42.750000 20.692000 -73.106499
-43.250000 20.692000 -73.106499
-43.250000 20.689071 -73.113564
-42.750000 20.689071 -73.113564
-42.750000 20.689071 -73.113564
-43.250000 20.689071 -73.113564
-43.250000 20.682000 -73.116493
-42.750000 20.682000 -73.116493
-43.259998 20.682000 -73.101494
-43.259998 20.682000 -73.106499
-43.257072 20.689071 -73.106499
-43.257072 20.689071 -73.101494
-43.250000 20.692000 -73.106499
-43.250000 20.692000 -73.101494
-42.750000 20.558000 -73.091499
-42.750000 20.682000 -73.091499
-42.742928 20.682000 -73.094429
-42.742928 20.558000 -73.094429
-42.742928 20.558000 -73.094429
-42.742928 20.682000 -73.094429
-42.740002 20.682000 -73.101494
-42.740002 20.558000 -73.101494
-43.259998 20.558000 -73.101494
-43.259998 20.682000 -73.101494
-43.257072 20.682000 -73.094429
-43.257072 20.558000 -73.094429
-43.257072 20.558000 -73.094429
-43.257072 20.682000 -73.094429
-43.250000 20.682000 -73.091499
-43.250000 20.558000 -73.091499
-42.740002 20.558000 -73.106499
-42.740002 20.682000 -73.106499
-42.742928 20.682000 -73.113564
-42.742928 20.558000 -73.113564
-42.742928 20.558000 -73.113564
-42.742928 20.682000 -73.113564
-42.750000 20.682000 -73.116493
-42.750000 20.558000 -73.116493
-43.250000 20.558000 -73.116493
-43.250000 20.682000 -73.116493
-43.257072 20.682000 -73.113564
-43.257072 20.558000 -73.113564
-43.257072 20.558000 -73.113564
-43.257072 20.682000 -73.113564
-43.259998 20.682000 -73.106499
-43.259998 20.558000 -73.106499
-42.740002 20.558000 -73.101494
-42.740002 20.682000 -73.101494
-42.740002 20.682000 -73.106499
-42.740002 20.558000 -73.106499
<Normals>: 4859
-0.000000 -1.000000 -0.000000
-0.000000 -1.000000 -0.000000
-0.000000 -1.000000 -0.000000
-0.000000 -1.000000 -0.000000
-0.000000 1.000000 -0.000000
-0.000000 1.000000 -0.000000
-0.000000 1.000000 -0.000000
-0.000000 1.000000 -0.000000
0.434966 0.000000 0.900447
0.434966 0.000000 0.900447
0.434966 0.000000 0.900447
0.434966 0.000000 0.900447
-0.434966 0.000000 -0.900447
-0.434966 0.000000 -0.900447
-0.434966 0.000000 -0.900447
-0.434966 0.000000 -0.900447
0.900447 0.000000 -0.434966
0.900447 0.000000 -0.434966
0.900447 0.000000 -0.434966
0.900447 0.000000 -0.434966
-0.900447 0.000000 0.434966
-0.900447 0.000000 0.434966
-0.900447 0.000000 0.434966
-0.900447 0.000000 0.434966
-0.000000 -1.000000 -0.000000
-0.000000 -1.000000 -0.000000
-0.000000 -1.000000 -0.000000
-0.000000 -1.000000 -0.000000
-0.000000 1.000000 -0.000000
-0.000000 1.000000 -0.000000
-0.000000 1.000000 -0.000000
-0.000000 1.000000 -0.000000
0.434966 0.000000 0.900447
0.434966 0.000000 0.900447
0.434966 0.000000 0.900447
0.434966 0.000000 0.900447
-0.434966 0.000000 -0.900447
-0.434966 0.000000 -0.900447
-0.434966 0.000000 -0.900447
-0.434966 0.000000 -0.900447
0.900447 0.000000 -0.434966
0.900447 0.000000 -0.434966
0.900447 0.000000 -0.434966
0.900447 0.000000 -0.434966
-0.900447 0.000000 0.434966
-0.900447 0.000000 0.434966
-0.900447 0.000000 0.434966
-0.900447 0.000000 0.434966
-0.000000 -1.000000 -0.000000
-0.000000 -1.000000 -0.000000
-0.000000 -1.000000 -0.000000
-0.000000 -1.000000 -0.000000
-0.000000 1.000000 -0.000000
-0.000000 1.000000 -0.000000
-0.000000 1.000000 -0.000000
-0.000000 1.000000 -0.000000
0.434966 0.000000 0.900447
0.434966 0.000000 0.900447
0.434966 0.000000 0.900447
0.434966 0.000000 0.900447
-0.434966 0.000000 -0.900447
-0.434966 0.000000 -0.900447
-0.434966 0.000000 -0.900447
-0.434966 0.000000 -0.900447
0.900447 0.000000 -0.434966
0.900447 0.000000 -0.434966
0.900447 0.000000 -0.434966
0.900447 0.000000 -0.434966
-0.900447 0.000000 0.434966
-0.900447 0.000000 0.434966
-0.900447 0.000000 0.434966
-0.900447 0.000000 0.434966
-0.000000 -1.000000 -0.000000
-0.000000 -1.000000 -0.000000
-0.000000 -1.000000 -0.000000
-0.000000 -1.000000 -0.000000
-0.000000 1.000000 -0.000000
-0.000000 1.000000 -0.000000
-0.000000 1.000000 -0.000000
-0.000000 1.000000 -0.000000
0.434966 0.000000 0.900447
0.434966 0.000000 0.900447
0.434966 0.000000 0.900447
0.434966 0.000000 0.900447
-0.434966 0.000000 -0.900447
-0.434966 0.000000 -0.900447
-0.434966 0.000000 -0.900447
-0.434966 0.000000 -0.900447
0.900447 0.000000 -0.434966
0.900447 0.000000 -0.434966
0.900447 0.000000 -0.434966
0.900447 0.000000 -0.434966
-0.900447 0.000000 0.434966
-0.900447 0.000000 0.434966
-0.900447 0.000000 0.434966
-0.900447 0.000000 0.434966
-0.000000 -1.000000 -0.000000
-0.000000 -1.000000 -0.000000
-0.000000 -1.000000 -0.000000
-0.000000 -1.000000 -0.000000
-0.000000 1.000000 -0.000000
-0.000000 1.000000 -0.000000
-0.000000 1.000000 -0.000000
-0.000000 1.000000 -0.000000
0.434966 0.000000 0.900447
0.434966 0.000000 0.900447
0.434966 0.000000 0.900447
0.434966 0.000000 0.900447
-0.434966 0.000000 -0.900447
-0.434966 0.000000 -0.900447
-0.434966 0.000000 -0.900447
-0.434966 0.000000 -0.900447
0.900447 0.000000 -0.434966
0.900447 0.000000 -0.434966
0.900447 0.000000 -0.434966
0.900447 0.000000 -0.434966
-0.900447 0.000000 0.434966
-0.900447 0.000000 0.434966
-0.900447 0.000000 0.434966
-0.900447 0.000000 0.434966
-0.000000 -1.000000 -0.000000
-0.000000 -1.000000 -0.000000
-0.000000 -1.000000 -0.000000
-0.000000 -1.000000 -0.000000
-0.000000 1.000000 -0.000000
-0.000000 1.000000 -0.000000
-0.000000 1.000000 -0.000000
-0.000000 1.000000 -0.000000
0.434966 0.000000 0.900447
0.434966 0.000000 0.900447
0.434966 0.000000 0.900447
0.434966 0.000000 0.900447
-0.434966 0.000000 -0.900447
-0.434966 0.000000 -0.900447
-0.434966 0.000000 -0.900447
-0.434966 0.000000 -0.900447
0.900447 0.000000 -0.434966
0.900447 0.000000 -0.434966
0.900447 0.000000 -0.434966
0.900447 0.000000 -0.434966
-0.900447 0.000000 0.434966
-0.900447 0.000000 0.434966
-0.900447 0.000000 0.434966
-0.900447 0.000000 0.434966
-0.000000 -1.000000 -0.000000
-0.000000 -1.000000 -0.000000
-0.000000 -1.000000 -0.000000
-0.000000 -1.000000 -0.000000
-0.000000 1.000000 -0.000000
-0.000000 1.000000 -0.000000
-0.000000 1.000000 -0.000000
-0.000000 1.000000 -0.000000
0.434966 0.000000 0.900447
0.434966 0.000000 0.900447
0.434966 0.000000 0.900447
0.434966 0.000000 0.900447
-0.434966 0.000000 -0.900447
-0.434966 0.000000 -0.900447
-0.434966 0.000000 -0.900447
-0.434966 0.000000 -0.900447
0.900447 0.000000 -0.434966
0.900447 0.000000 -0.434966
0.900447 0.000000 -0.434966
0.900447 0.000000 -0.434966
-0.900447 0.000000 0.434966
-0.900447 0.000000 0.434966
-0.900447 0.000000 0.434966
-0.900447 0.000000 0.434966
-0.000000 -1.000000 -0.000000
-0.000000 -1.000000 -0.000000
-0.000000 -1.000000 -0.000000
-0.000000 -1.000000 -0.000000
-0.000000 1.000000 -0.000000
-0.000000 1.000000 -0.000000
-0.000000 1.000000 -0.000000
-0.000000 1.000000 -0.000000
0.434966 0.000000 0.900447
0.434966 0.000000 0.900447
0.434966 0.000000 0.900447
0.434966 0.000000 0.900447
-0.434966 0.000000 -0.900447
-0.434966 0.000000 -0.900447
-0.434966 0.000000 -0.900447
-0.434966 0.000000 -0.900447
0.900447 0.000000 -0.434966
0.900447 0.000000 -0.434966
0.900447 0.000000 -0.434966
0.900447 0.000000 -0.434966
-0.900447 0.000000 0.434966
-0.900447 0.000000 0.434966
-0.900447 0.000000 0.434966
-0.900447 0.000000 0.434966
-0.000000 -1.000000 -0.000000
-0.000000 -1.000000 -0.000000
-0.000000 -1.000000 -0.000000
-0.000000 -1.000000 -0.000000
-0.000000 1.000000 -0.000000
-0.000000 1.000000 -0.000000
-0.000000 1.000000 -0.000000
-0.000000 1.000000 -0.000000
0.434966 0.000000 0.900447
0.434966 0.000000 0.900447
0.434966 0.000000 0.900447
0.434966 0.000000 0.900447
-0.434966 0.000000 -0.900447
-0.434966 0.000000 -0.900447
-0.434966 0.000000 -0.900447
-0.434966 0.000000 -0.900447
0.900447 0.000000 -0.434966
0.900447 0.000000 -0.434966
0.900447 0.000000 -0.434966
0.900447 0.000000 -0.434966
-0.900447 0.000000 0.434966
-0.900447 0.000000 0.434966
-0.900447 0.000000 0.434966
-0.900447 0.000000 0.434966
-0.000000 -1.000000 -0.000000
-0.000000 -1.000000 -0.000000
-0.000000 -1.000000 -0.000000
-0.000000 -1.000000 -0.000000
-0.000000 1.000000 -0.000000
-0.000000 1.000000 -0.000000
-0.000000 1.000000 -0.000000
-0.000000 1.000000 -0.000000
0.434966 0.000000 0.900447
0.434966 0.000000 0.900447
0.434966 0.000000 0.900447
0.434966 0.000000 0.900447
-0.434966 0.000000 -0.900447
-0.434966 0.000000 -0.900447
-0.434966 0.000000 -0.900447
-0.434966 0.000000 -0.900447
0.900447 0.000000 -0.434966
0.900447 0.000000 -0.434966
0.900447 0.000000 -0.434966
0.900447 0.000000 -0.434966
-0.900447 0.000000 0.434966
-0.900447 0.000000 0.434966
-0.900447 0.000000 0.434966
-0.900447 0.000000 0.434966
-0.000000 -1.000000 -0.000000
-0.000000 -1.000000 -0.000000
-0.000000 -1.000000 -0.000000
-0.000000 -1.000000 -0.000000
-0.000000 1.000000 -0.000000
-0.000000 1.000000 -0.000000
-0.000000 1.000000 -0.000000
-0.000000 1.000000 -0.000000
0.434966 0.000000 0.900447
0.434966 0.000000 0.900447
0.434966 0.000000 0.900447
0.434966 0.000000 0.900447
-0.434966 0.000000 -0.900447
-0.434966 0.000000 -0.900447
-0.434966 0.000000 -0.900447
-0.434966 0.000000 -0.900447
0.900447 0.000000 -0.434966
0.900447 0.000000 -0.434966
0.900447 0.000000 -0.434966
0.900447 0.000000 -0.434966
-0.900447 0.000000 0.434966
-0.900447 0.000000 0.434966
-0.900447 0.000000 0.434966
-0.900447 0.000000 0.434966
-0.000000 -1.000000 -0.000000
-0.000000 -1.000000 -0.000000
-0.000000 -1.000000 -0.000000
-0.000000 -1.000000 -0.000000
-0.000000 1.000000 -0.000000
-0.000000 1.000000 -0.000000
-0.000000 1.000000 -0.000000
-0.000000 1.000000 -0.000000
0.434966 0.000000 0.900447
0.434966 0.000000 0.900447
0.434966 0.000000 0.900447
0.434966 0.000000 0.900447
-0.434966 0.000000 -0.900447
-0.434966 0.000000 -0.900447
-0.434966 0.000000 -0.900447
-0.434966 0.000000 -0.900447
0.900447 0.000000 -0.434966
0.900447 0.000000 -0.434966
0.900447 0.000000 -0.434966
0.900447 0.000000 -0.434966
-0.900447 0.000000 0.434966
-0.900447 0.000000 0.434966
-0.900447 0.000000 0.434966
-0.900447 0.000000 0.434966
-0.000000 -1.000000 -0.000000
-0.000000 -1.000000 -0.000000
-0.000000 -1.000000 -0.000000
-0.000000 -1.000000 -0.000000
-0.000000 1.000000 -0.000000
-0.000000 1.000000 -0.000000
-0.000000 1.000000 -0.000000
-0.000000 1.000000 -0.000000
0.434966 0.000000 0.900447
0.434966 0.000000 0.900447
0.434966 0.000000 0.900447
0.434966 0.000000 0.900447
-0.434966 0.000000 -0.900447
-0.434966 0.000000 -0.900447
-0.434966 0.000000 -0.900447
-0.434966 0.000000 -0.900447
0.900447 0.000000 -0.434966
0.900447 0.000000 -0.434966
0.900447 0.000000 -0.434966
0.900447 0.000000 -0.434966
-0.900447 0.000000 0.434966
-0.900447 0.000000 0.434966
-0.900447 0.000000 0.434966
-0.900447 0.000000 0.434966
-0.000000 -1.000000 -0.000000
-0.000000 -1.000000 -0.000000
-0.000000 -1.000000 -0.000000
-0.000000 -1.000000 -0.000000
-0.000000 1.000000 -0.000000
-0.000000 1.000000 -0.000000
-0.000000 1.000000 -0.000000
-0.000000 1.000000 -0.000000
0.434966 0.000000 0.900447
0.434966 0.000000 0.900447
0.434966 0.000000 0.900447
0.434966 0.000000 0.900447
-0.434966 0.000000 -0.900447
-0.434966 0.000000 -0.900447
-0.434966 0.000000 -0.900447
-0.434966 0.000000 -0.900447
0.900447 0.000000 -0.434966
0.900447 0.000000 -0.434966
0.900447 0.000000 -0.434966
0.900447 0.000000 -0.434966
-0.900447 0.000000 0.434966
-0.900447 0.000000 0.434966
-0.900447 0.000000 0.434966
-0.900447 0.000000 0.434966
-0.000000 -1.000000 -0.000000
-0.000000 -1.000000 -0.000000
-0.000000 -1.000000 -0.000000
-0.000000 -1.000000 -0.000000
-0.000000 1.000000 -0.000000
-0.000000 1.000000 -0.000000
-0.000000 1.000000 -0.000000
-0.000000 1.000000 -0.000000
0.434966 0.000000 0.900447
0.434966 0.000000 0.900447
0.434966 0.000000 0.900447
0.434966 0.000000 0.900447
-0.434966 0.000000 -0.900447
-0.434966 0.000000 -0.900447
-0.434966 0.000000 -0.900447
-0.434966 0.000000 -0.900447
0.900447 0.000000 -0.434966
0.900447 0.000000 -0.434966
0.900447 0.000000 -0.434966
0.900447 0.000000 -0.434966
-0.900447 0.000000 0.434966
-0.900447 0.000000 0.434966
-0.900447 0.000000 0.434966
-0.900447 0.000000 0.434966
-0.000000 -1.000000 -0.000000
-0.000000 -1.000000 -0.000000
-0.000000 -1.000000 -0.000000
-0.000000 -1.000000 -0.000000
-0.000000 1.000000 -0.000000
-0.000000 1.000000 -0.000000
-0.000000 1.000000 -0.000000
-0.000000 1.000000 -0.000000
0.434966 0.000000 0.900447
0.434966 0.000000 0.900447
0.434966 0.000000 0.900447
0.434966 0.000000 0.900447
-0.434966 0.000000 -0.900447
-0.434966 0.000000 -0.900447
-0.434966 0.000000 -0.900447
-0.434966 0.000000 -0.900447
0.900447 0.000000 -0.434966
0.900447 0.000000 -0.434966
0.900447 0.000000 -0.434966
0.900447 0.000000 -0.434966
-0.900447 0.000000 0.434966
-0.900447 0.000000 0.434966
-0.900447 0.000000 0.434966
-0.900447 0.000000 0.434966
-0.000000 -1.000000 -0.000000
-0.000000 -1.000000 -0.000000
-0.000000 -1.000000 -0.000000
-0.000000 -1.000000 -0.000000
-0.000000 1.000000 -0.000000
-0.000000 1.000000 -0.000000
-0.000000 1.000000 -0.000000
-0.000000 1.000000 -0.000000
0.434966 0.000000 0.900447
0.434966 0.000000 0.900447
0.434966 0.000000 0.900447
0.434966 0.000000 0.900447
-0.434966 0.000000 -0.900447
-0.434966 0.000000 -0.900447
-0.434966 0.000000 -0.900447
-0.434966 0.000000 -0.900447
0.900447 0.000000 -0.434966
0.900447 0.000000 -0.434966
0.900447 0.000000 -0.434966
0.900447 0.000000 -0.434966
-0.900447 0.000000 0.434966
-0.900447 0.000000 0.434966
-0.900447 0.000000 0.434966
-0.900447 0.000000 0.434966
-0.000000 -1.000000 -0.000000
-0.000000 -1.000000 -0.000000
-0.000000 -1.000000 -0.000000
-0.000000 -1.000000 -0.000000
-0.000000 1.000000 -0.000000
-0.000000 1.000000 -0.000000
-0.000000 1.000000 -0.000000
-0.000000 1.000000 -0.000000
0.434966 0.000000 0.900447
0.434966 0.000000 0.900447
0.434966 0.000000 0.900447
0.434966 0.000000 0.900447
-0.434966 0.000000 -0.900447
-0.434966 0.000000 -0.900447
-0.434966 0.000000 -0.900447
-0.434966 0.000000 -0.900447
0.900447 0.000000 -0.434966
0.900447 0.000000 -0.434966
0.900447 0.000000 -0.434966
0.900447 0.000000 -0.434966
-0.900447 0.000000 0.434966
-0.900447 0.000000 0.434966
-0.900447 0.000000 0.434966
-0.900447 0.000000 0.434966
-0.000000 -1.000000 -0.000000
-0.000000 -1.000000 -0.000000
-0.000000 -1.000000 -0.000000
-0.000000 -1.000000 -0.000000
-0.000000 1.000000 -0.000000
-0.000000 1.000000 -0.000000
-0.000000 1.000000 -0.000000
-0.000000 1.000000 -0.000000
0.434966 0.000000 0.900447
0.434966 0.000000 0.900447
0.434966 0.000000 0.900447
0.434966 0.000000 0.900447
-0.434966 0.000000 -0.900447
-0.434966 0.000000 -0.900447
-0.434966 0.000000 -0.900447
-0.434966 0.000000 -0.900447
0.900447 0.000000 -0.434966
0.900447 0.000000 -0.434966
0.900447 0.000000 -0.434966
0.900447 0.000000 -0.434966
-0.900447 0.000000 0.434966
-0.900447 0.000000 0.434966
-0.900447 0.000000 0.434966
-0.900447 0.000000 0.434966
-0.000000 -1.000000 -0.000000
-0.000000 -1.000000 -0.000000
-0.000000 -1.000000 -0.000000
-0.000000 -1.000000 -0.000000
-0.000000 1.000000 -0.000000
-0.000000 1.000000 -0.000000
-0.000000 1.000000 -0.000000
-0.000000 1.000000 -0.000000
0.434966 0.000000 0.900447
0.434966 0.000000 0.900447
0.434966 0.000000 0.900447
0.434966 0.000000 0.900447
-0.434966 0.000000 -0.900447
-0.434966 0.000000 -0.900447
-0.434966 0.000000 -0.900447
-0.434966 0.000000 -0.900447
0.900447 0.000000 -0.434966
0.900447 0.000000 -0.434966
0.900447 0.000000 -0.434966
0.900447 0.000000 -0.434966
-0.900447 0.000000 0.434966
-0.900447 0.000000 0.434966
-0.900447 0.000000 0.434966
-0.900447 0.000000 0.434966
-0.000000 -1.000000 -0.000000
-0.000000 -1.000000 -0.000000
-0.000000 -1.000000 -0.000000
-0.000000 -1.000000 -0.000000
-0.000000 1.000000 -0.000000
-0.000000 1.000000 -0.000000
-0.000000 1.000000 -0.000000
-0.000000 1.000000 -0.000000
0.434966 0.000000 0.900447
0.434966 0.000000 0.900447
0.434966 0.000000 0.900447
0.434966 0.000000 0.900447
-0.434966 0.000000 -0.900447
-0.434966 0.000000 -0.900447
-0.434966 0.000000 -0.900447
-0.434966 0.000000 -0.900447
0.900447 0.000000 -0.434966
0.900447 0.000000 -0.434966
0.900447 0.000000 -0.434966
0.900447 0.000000 -0.434966
-0.900447 0.000000 0.434966
-0.900447 0.000000 0.434966
-0.900447 0.000000 0.434966
-0.900447 0.000000 0.434966
-0.000000 -1.000000 -0.000000
-0.000000 -1.000000 -0.000000
-0.000000 -1.000000 -0.000000
-0.000000 -1.000000 -0.000000
-0.000000 1.000000 -0.000000
-0.000000 1.000000 -0.000000
-0.000000 1.000000 -0.000000
-0.000000 1.000000 -0.000000
0.434966 0.000000 0.900447
0.434966 0.000000 0.900447
0.434966 0.000000 0.900447
0.434966 0.000000 0.900447
-0.434966 0.000000 -0.900447
-0.434966 0.000000 -0.900447
-0.434966 0.000000 -0.900447
-0.434966 0.000000 -0.900447
0.900447 0.000000 -0.434966
0.900447 0.000000 -0.434966
0.900447 0.000000 -0.434966
0.900447 0.000000 -0.434966
-0.900447 0.000000 0.434966
-0.900447 0.000000 0.434966
-0.900447 0.000000 0.434966
-0.900447 0.000000 0.434966
-0.000000 -1.000000 -0.000000
-0.000000 -1.000000 -0.000000
-0.000000 -1.000000 -0.000000
-0.000000 -1.000000 -0.000000
-0.000000 1.000000 -0.000000
-0.000000 1.000000 -0.000000
-0.000000 1.000000 -0.000000
-0.000000 1.000000 -0.000000
0.434966 0.000000 0.900447
0.434966 0.000000 0.900447
0.434966 0.000000 0.900447
0.434966 0.000000 0.900447
-0.434966 0.000000 -0.900447
-0.434966 0.000000 -0.900447
-0.434966 0.000000 -0.900447
-0.434966 0.000000 -0.900447
0.900447 0.000000 -0.434966
0.900447 0.000000 -0.434966
0.900447 0.000000 -0.434966
0.900447 0.000000 -0.434966
-0.900447 0.000000 0.434966
-0.900447 0.000000 0.434966
-0.900447 0.000000 0.434966
-0.900447 0.000000 0.434966
-0.000000 -1.000000 -0.000000
-0.000000 -1.000000 -0.000000
-0.000000 -1.000000 -0.000000
-0.000000 -1.000000 -0.000000
-0.000000 1.000000 -0.000000
-0.000000 1.000000 -0.000000
-0.000000 1.000000 -0.000000
-0.000000 1.000000 -0.000000
0.434966 0.000000 0.900447
0.434966 0.000000 0.900447
0.434966 0.000000 0.900447
0.434966 0.000000 0.900447
-0.434966 0.000000 -0.900447
-0.434966 0.000000 -0.900447
-0.434966 0.000000 -0.900447
-0.434966 0.000000 -0.900447
0.900447 0.000000 -0.434966
0.900447 0.000000 -0.434966
0.900447 0.000000 -0.434966
0.900447 0.000000 -0.434966
-0.900447 0.000000 0.434966
-0.900447 0.000000 0.434966
-0.900447 0.000000 0.434966
-0.900447 0.000000 0.434966
-0.000000 -1.000000 -0.000000
-0.000000 -1.000000 -0.000000
-0.000000 -1.000000 -0.000000
-0.000000 -1.000000 -0.000000
-0.000000 1.000000 -0.000000
-0.000000 1.000000 -0.000000
-0.000000 1.000000 -0.000000
-0.000000 1.000000 -0.000000
0.434966 0.000000 0.900447
0.434966 0.000000 0.900447
0.434966 0.000000 0.900447
0.434966 0.000000 0.900447
-0.434966 0.000000 -0.900447
-0.434966 0.000000 -0.900447
-0.434966 0.000000 -0.900447
-0.434966 0.000000 -0.900447
0.900447 0.000000 -0.434966
0.900447 0.000000 -0.434966
0.900447 0.000000 -0.434966
0.900447 0.000000 -0.434966
-0.900447 0.000000 0.434966
-0.900447 0.000000 0.434966
-0.900447 0.000000 0.434966
-0.900447 0.000000 0.434966
-0.000000 -1.000000 -0.000000
-0.000000 -1.000000 -0.000000
-0.000000 -1.000000 -0.000000
-0.000000 -1.000000 -0.000000
-0.000000 1.000000 -0.000000
-0.000000 1.000000 -0.000000
-0.000000 1.000000 -0.000000
-0.000000 1.000000 -0.000000
0.434966 0.000000 0.900447
0.434966 0.000000 0.900447
0.434966 0.000000 0.900447
0.434966 0.000000 0.900447
-0.434966 0.000000 -0.900447
-0.434966 0.000000 -0.900447
-0.434966 0.000000 -0.900447
-0.434966 0.000000 -0.900447
0.900447 0.000000 -0.434966
0.900447 0.000000 -0.434966
0.900447 0.000000 -0.434966
0.900447 0.000000 -0.434966
-0.900447 0.000000 0.434966
-0.900447 0.000000 0.434966
-0.900447 0.000000 0.434966
-0.900447 0.000000 0.434966
-0.000000 -1.000000 -0.000000
-0.000000 -1.000000 -0.000000
-0.000000 -1.000000 -0.000000
-0.000000 -1.000000 -0.000000
-0.000000 1.000000 -0.000000
-0.000000 1.000000 -0.000000
-0.000000 1.000000 -0.000000
-0.000000 1.000000 -0.000000
0.434966 0.000000 0.900447
0.434966 0.000000 0.900447
0.434966 0.000000 0.900447
0.434966 0.000000 0.900447
-0.434966 0.000000 -0.900447
-0.434966 0.000000 -0.900447
-0.434966 0.000000 -0.900447
-0.434966 0.000000 -0.900447
0.900447 0.000000 -0.434966
0.900447 0.000000 -0.434966
0.900447 0.000000 -0.434966
0.900447 0.000000 -0.434966
-0.900447 0.000000 0.434966
-0.900447 0.000000 0.434966
-0.900447 0.000000 0.434966
-0.900447 0.000000 0.434966
0.011508 -0.095180 0.995394
-0.011508 -0.095180 0.995394
-0.011508 0.095180 0.995394
0.011508 0.095180 0.995394
0.011508 -0.095180 -0.995394
0.011508 0.095180 -0.995394
-0.011508 0.095180 -0.995394
-0.011508 -0.095180 -0.995394
0.012217 0.999805 0.015517
-0.012217 0.999805 0.015517
-0.012217 0.999805 -0.015517
0.012217 0.999805 -0.015517
-0.995371 -0.094998 0.014590
-0.995371 -0.094998 -0.014590
-0.995371 0.094998 -0.014590
-0.995371 0.094998 0.014590
0.012217 -0.999805 0.015517
0.012217 -0.999805 -0.015517
-0.012217 -0.999805 -0.015517
-0.012217 -0.999805 0.015517
0.995363 -0.095080 0.014596
0.707043 -0.707078 0.011415
0.577351 -0.577364 0.577336
0.705232 -0.072871 0.705221
0.012236 -0.999804 0.015537
0.009021 -0.707059 0.707097
0.577335 -0.577351 0.577364
0.707068 -0.707053 0.011400
0.011523 -0.095221 0.995389
0.705228 -0.072887 0.705224
0.577364 -0.577336 0.577351
0.008948 -0.707055 0.707102
0.011516 0.095229 0.995389
0.009022 0.707096 0.707060
0.577336 0.577364 0.577351
0.705221 0.072871 0.705233
0.012245 0.999804 0.015528
0.707077 0.707044 0.011415
0.577364 0.577351 0.577336
0.008947 0.707102 0.707055
0.995367 0.095025 0.014638
0.705224 0.072887 0.705228
0.577350 0.577336 0.577365
0.707052 0.707069 0.011400
0.995367 -0.095025 -0.014638
0.705224 -0.072887 -0.705228
0.577350 -0.577336 -0.577365
0.707052 -0.707069 -0.011400
0.011516 -0.095229 -0.995389
0.009022 -0.707096 -0.707060
0.577336 -0.577364 -0.577351
0.705221 -0.072871 -0.705233
0.012245 -0.999804 -0.015528
0.707077 -0.707044 -0.011415
0.577364 -0.577351 -0.577336
0.008947 -0.707102 -0.707055
0.995363 0.095080 -0.014596
0.707043 0.707078 -0.011415
0.577351 0.577364 -0.577336
0.705232 0.072871 -0.705221
0.012236 0.999804 -0.015537
0.009021 0.707059 -0.707097
0.577335 0.577351 -0.577364
0.707068 0.707053 -0.011400
0.011523 0.095221 -0.995389
0.705228 0.072887 -0.705224
0.577364 0.577336 -0.577351
0.008948 0.707055 -0.707102
-0.011516 -0.095229 0.995389
-0.009022 -0.707096 0.707060
-0.577336 -0.577364 0.577351
-0.705221 -0.072871 0.705233
-0.012245 -0.999804 0.015528
-0.707077 -0.707044 0.011415
-0.577364 -0.577351 0.577336
-0.008947 -0.707102 0.707055
-0.995367 -0.095025 0.014638
-0.705224 -0.072887 0.705228
-0.577350 -0.577336 0.577365
-0.707052 -0.707069 0.011400
-0.011523 0.095221 0.995389
-0.705228 0.072887 0.705224
-0.577364 0.577336 0.577351
-0.008948 0.707055 0.707102
-0.995363 0.095080 0.014596
-0.707043 0.707078 0.011415
-0.577351 0.577364 0.577336
-0.705232 0.072871 0.705221
-0.012236 0.999804 0.015537
-0.009021 0.707059 0.707097
-0.577335 0.577351 0.577364
-0.707068 0.707053 0.011400
-0.995363 -0.095080 -0.014596
-0.707043 -0.707078 -0.011415
-0.577351 -0.577364 -0.577336
-0.705232 -0.072871 -0.705221
-0.012236 -0.999804 -0.015537
-0.009021 -0.707059 -0.707097
-0.577335 -0.577351 -0.577364
-0.707068 -0.707053 -0.011400
-0.011523 -0.095221 -0.995389
-0.705228 -0.072887 -0.705224
-0.577364 -0.577336 -0.577351
-0.008948 -0.707055 -0.707102
-0.011516 0.095229 -0.995389
-0.009022 0.707096 -0.707060
-0.577336 0.577364 -0.577351
-0.705221 0.072871 -0.705233
-0.012245 0.999804 -0.015528
-0.707077 0.707044 -0.011415
-0.577364 0.577351 -0.577336
-0.008947 0.707102 -0.707055
-0.995367 0.095025 -0.014638
-0.705224 0.072887 -0.705228
-0.577350 0.577336 -0.577365
-0.707052 0.707069 -0.011400
0.995366 -0.095052 0.014582
0.995366 -0.095052 -0.014582
0.707095 -0.707028 -0.011375
0.707095 -0.707028 0.011375
0.707027 -0.707095 0.011375
0.707027 -0.707095 -0.011375
0.012273 -0.999804 -0.015529
0.012273 -0.999804 0.015529
0.012220 -0.999804 0.015564
-0.012220 -0.999804 0.015564
-0.008953 -0.707104 0.707053
0.008953 -0.707104 0.707053
0.008953 -0.707054 0.707103
-0.008953 -0.707054 0.707103
-0.011492 -0.095260 0.995386
0.011492 -0.095260 0.995386
-0.012273 -0.999804 0.015529
-0.012273 -0.999804 -0.015529
-0.707027 -0.707095 -0.011375
-0.707027 -0.707095 0.011375
-0.707094 -0.707028 0.011375
-0.707094 -0.707028 -0.011375
-0.995366 -0.095052 -0.014582
-0.995366 -0.095052 0.014582
0.011492 -0.095260 -0.995386
-0.011492 -0.095260 -0.995386
-0.008953 -0.707054 -0.707103
0.008953 -0.707054 -0.707103
0.008953 -0.707104 -0.707053
-0.008953 -0.707104 -0.707053
-0.012220 -0.999804 -0.015564
0.012220 -0.999804 -0.015564
0.011492 0.095260 0.995386
-0.011492 0.095260 0.995386
-0.008953 0.707054 0.707103
0.008953 0.707054 0.707103
0.008953 0.707104 0.707053
-0.008953 0.707104 0.707053
-0.012220 0.999804 0.015564
0.012220 0.999804 0.015564
0.012273 0.999804 0.015529
0.012273 0.999804 -0.015529
0.707027 0.707095 -0.011375
0.707027 0.707095 0.011375
0.707094 0.707028 0.011375
0.707094 0.707028 -0.011375
0.995366 0.095052 -0.014582
0.995366 0.095052 0.014582
0.012220 0.999804 -0.015564
-0.012220 0.999804 -0.015564
-0.008953 0.707104 -0.707053
0.008953 0.707104 -0.707053
0.008953 0.707054 -0.707103
-0.008953 0.707054 -0.707103
-0.011492 0.095260 -0.995386
0.011492 0.095260 -0.995386
-0.995366 0.095052 0.014582
-0.995366 0.095052 -0.014582
-0.707095 0.707028 -0.011375
-0.707095 0.707028 0.011375
-0.707027 0.707095 0.011375
-0.707027 0.707095 -0.011375
-0.012273 0.999804 -0.015529
-0.012273 0.999804 0.015529
0.011556 -0.095238 0.995388
0.011543 0.095185 0.995393
0.705199 0.072913 0.705250
0.705209 -0.072858 0.705246
0.705250 -0.072913 0.705199
0.705246 0.072858 0.705209
0.995368 0.095018 0.014608
0.995368 -0.095018 0.014608
-0.995368 -0.095018 0.014608
-0.995368 0.095018 0.014608
-0.705250 0.072913 0.705199
-0.705246 -0.072858 0.705209
-0.705199 -0.072913 0.705250
-0.705209 0.072858 0.705246
-0.011556 0.095238 0.995388
-0.011543 -0.095185 0.995393
0.995368 -0.095018 -0.014608
0.995368 0.095018 -0.014608
0.705250 0.072913 -0.705199
0.705246 -0.072858 -0.705209
0.705199 -0.072913 -0.705250
0.705209 0.072858 -0.705246
0.011556 0.095238 -0.995388
0.011543 -0.095185 -0.995393
-0.011556 -0.095238 -0.995388
-0.011543 0.095185 -0.995393
-0.705199 0.072913 -0.705250
-0.705209 -0.072858 -0.705246
-0.705250 -0.072913 -0.705199
-0.705246 0.072858 -0.705209
-0.995368 0.095018 -0.014608
-0.995368 -0.095018 -0.014608
0.995371 -0.094998 0.014590
0.995371 0.094998 0.014590
0.995371 0.094998 -0.014590
0.995371 -0.094998 -0.014590
0.008521 -0.106980 0.994225
-0.008521 -0.106980 0.994225
-0.008521 0.106980 0.994225
0.008521 0.106980 0.994225
0.008521 -0.106980 -0.994225
0.008521 0.106980 -0.994225
-0.008521 0.106980 -0.994225
-0.008521 -0.106980 -0.994225
0.009166 0.999899 0.010894
-0.009166 0.999899 0.010894
-0.009166 0.999899 -0.010894
0.009166 0.999899 -0.010894
-0.994220 -0.106889 0.010109
-0.994220 -0.106888 -0.010124
-0.994220 0.106889 -0.010109
-0.994220 0.106888 0.010124
0.009166 -0.999899 0.010894
0.009166 -0.999899 -0.010894
-0.009166 -0.999899 -0.010894
-0.009166 -0.999899 0.010894
0.994213 -0.106951 0.010123
0.707070 -0.707098 0.007971
0.577352 -0.577363 0.577336
0.704723 -0.082334 0.704689
0.009190 -0.999898 0.010934
0.006712 -0.707071 0.707111
0.577335 -0.577351 0.577364
0.707090 -0.707079 0.007954
0.008558 -0.107024 0.994220
0.704694 -0.082352 0.704716
0.577364 -0.577336 0.577351
0.006697 -0.707102 0.707079
0.008552 0.107033 0.994219
0.006713 0.707112 0.707070
0.577336 0.577365 0.577351
0.704688 0.082336 0.704724
0.009199 0.999898 0.010925
0.707099 0.707070 0.007970
0.577364 0.577351 0.577336
0.006696 0.707080 0.707102
0.994214 0.106942 0.010130
0.704716 0.082350 0.704695
0.577352 0.577335 0.577364
0.707079 0.707089 0.007955
0.994214 -0.106942 -0.010130
0.704716 -0.082350 -0.704695
0.577352 -0.577335 -0.577364
0.707079 -0.707089 -0.007955
0.008551 -0.107033 -0.994219
0.006713 -0.707112 -0.707070
0.577335 -0.577365 -0.577351
0.704688 -0.082336 -0.704724
0.009199 -0.999898 -0.010925
0.707099 -0.707070 -0.007970
0.577364 -0.577351 -0.577336
0.006697 -0.707080 -0.707102
0.994213 0.106951 -0.010123
0.707070 0.707098 -0.007971
0.577352 0.577363 -0.577336
0.704723 0.082334 -0.704689
0.009190 0.999898 -0.010934
0.006712 0.707071 -0.707111
0.577335 0.577351 -0.577364
0.707090 0.707079 -0.007954
0.008558 0.107024 -0.994220
0.704694 0.082352 -0.704716
0.577364 0.577336 -0.577351
0.006697 0.707102 -0.707079
-0.008552 -0.107033 0.994219
-0.006713 -0.707112 0.707070
-0.577336 -0.577365 0.577351
-0.704688 -0.082336 0.704724
-0.009199 -0.999898 0.010925
-0.707099 -0.707070 0.007970
-0.577364 -0.577351 0.577336
-0.006696 -0.707080 0.707102
-0.994214 -0.106942 0.010130
-0.704716 -0.082350 0.704695
-0.577352 -0.577335 0.577364
-0.707079 -0.707089 0.007955
-0.008558 0.107024 0.994220
-0.704694 0.082352 0.704716
-0.577364 0.577336 0.577351
-0.006697 0.707103 0.707079
-0.994213 0.106951 0.010122
-0.707070 0.707098 0.007969
-0.577352 0.577363 0.577335
-0.704725 0.082335 0.704687
-0.009190 0.999898 0.010934
-0.006712 0.707071 0.707111
-0.577335 0.577351 0.577364
-0.707090 0.707079 0.007954
-0.994213 -0.106951 -0.010123
-0.707070 -0.707098 -0.007971
-0.577352 -0.577363 -0.577336
-0.704723 -0.082334 -0.704689
-0.009190 -0.999898 -0.010934
-0.006712 -0.707071 -0.707111
-0.577335 -0.577351 -0.577364
-0.707090 -0.707079 -0.007954
-0.008558 -0.107024 -0.994220
-0.704694 -0.082352 -0.704716
-0.577364 -0.577336 -0.577351
-0.006697 -0.707102 -0.707079
-0.008552 0.107033 -0.994219
-0.006713 0.707112 -0.707070
-0.577336 0.577365 -0.577351
-0.704688 0.082336 -0.704724
-0.009199 0.999898 -0.010925
-0.707099 0.707070 -0.007970
-0.577364 0.577351 -0.577336
-0.006696 0.707080 -0.707102
-0.994214 0.106942 -0.010130
-0.704716 0.082350 -0.704695
-0.577352 0.577335 -0.577364
-0.707079 0.707089 -0.007955
0.994213 -0.106951 -0.010118
0.707096 -0.707073 -0.007962
0.707096 -0.707073 0.007962
0.707073 -0.707096 0.007962
0.707073 -0.707096 -0.007962
0.009195 -0.999898 -0.010908
0.009195 -0.999898 0.010908
0.009146 -0.999898 0.010926
-0.009146 -0.999898 0.010926
-0.006696 -0.707121 0.707061
0.006696 -0.707121 0.707061
0.006696 -0.707061 0.707121
-0.006696 -0.707061 0.707121
-0.008533 -0.107045 0.994218
0.008533 -0.107045 0.994218
-0.009195 -0.999898 0.010908
-0.009195 -0.999898 -0.010908
-0.707073 -0.707096 -0.007962
-0.707073 -0.707096 0.007962
-0.707096 -0.707073 0.007962
-0.707096 -0.707073 -0.007962
-0.994213 -0.106951 0.010118
0.008533 -0.107045 -0.994218
-0.008533 -0.107045 -0.994218
-0.006696 -0.707061 -0.707121
0.006696 -0.707061 -0.707121
0.006696 -0.707121 -0.707061
-0.006696 -0.707121 -0.707061
-0.009146 -0.999899 -0.010926
0.009146 -0.999899 -0.010926
0.008533 0.107045 0.994218
-0.008533 0.107045 0.994218
-0.006696 0.707061 0.707121
0.006696 0.707061 0.707121
0.006696 0.707121 0.707061
-0.006696 0.707121 0.707061
-0.009146 0.999898 0.010926
0.009146 0.999898 0.010926
0.009195 0.999898 0.010908
0.009195 0.999898 -0.010908
0.707073 0.707096 -0.007962
0.707073 0.707096 0.007962
0.707096 0.707073 0.007962
0.707096 0.707073 -0.007962
0.994213 0.106951 0.010118
0.009146 0.999898 -0.010926
-0.009146 0.999898 -0.010926
-0.006696 0.707121 -0.707061
0.006696 0.707121 -0.707061
0.006696 0.707061 -0.707121
-0.006696 0.707061 -0.707121
-0.008533 0.107045 -0.994218
0.008533 0.107045 -0.994218
-0.994213 0.106951 -0.010118
-0.707096 0.707073 -0.007962
-0.707096 0.707073 0.007962
-0.707072 0.707096 0.007962
-0.707072 0.707096 -0.007962
-0.009195 0.999898 -0.010908
-0.009195 0.999898 0.010908
0.008534 -0.107007 0.994222
0.008534 0.107007 0.994222
0.704668 0.082337 0.704744
0.704668 -0.082338 0.704744
0.704743 -0.082338 0.704669
0.704743 0.082338 0.704669
0.994215 0.106925 0.010150
0.994221 -0.106871 0.010136
-0.994215 -0.106925 0.010148
-0.994221 0.106871 0.010134
-0.704710 0.082347 0.704700
-0.704710 -0.082347 0.704700
-0.704668 -0.082337 0.704744
-0.704668 0.082337 0.704744
-0.008534 0.107007 0.994222
-0.008534 -0.107007 0.994222
0.994215 -0.106925 -0.010150
0.994221 0.106871 -0.010136
0.704743 0.082338 -0.704669
0.704743 -0.082337 -0.704669
0.704669 -0.082338 -0.704743
0.704669 0.082338 -0.704743
0.008535 0.107007 -0.994222
0.008535 -0.107007 -0.994222
-0.008534 -0.107007 -0.994222
-0.008534 0.107007 -0.994222
-0.704668 0.082337 -0.704744
-0.704668 -0.082338 -0.704744
-0.704743 -0.082338 -0.704669
-0.704743 0.082338 -0.704669
-0.994215 0.106925 -0.010150
-0.994221 -0.106871 -0.010136
0.994220 -0.106888 0.010124
0.994220 0.106889 0.010109
0.994220 0.106888 -0.010124
0.994220 -0.106889 -0.010109
0.003872 -0.014744 0.999884
-0.003870 -0.014744 0.999884
-0.003872 0.014744 0.999884
0.003870 0.014744 0.999884
0.003870 -0.014744 -0.999884
0.003872 0.014744 -0.999884
-0.003870 0.014744 -0.999884
-0.003872 -0.014744 -0.999884
0.003171 0.971898 0.235379
-0.003171 0.971898 0.235379
-0.003171 0.971898 -0.235379
0.003171 0.971898 -0.235379
-0.972068 -0.012067 0.234391
-0.972068 -0.012033 -0.234393
-0.972068 0.012067 -0.234391
-0.972068 0.012033 0.234393
0.003171 -0.971898 0.235379
0.003171 -0.971898 -0.235379
-0.003171 -0.971898 -0.235379
-0.003171 -0.971898 0.235379
0.972050 -0.012103 0.234461
0.693414 -0.693394 0.195913
0.577348 -0.577366 0.577337
0.707054 -0.010731 0.707078
0.003209 -0.971883 0.235444
0.002848 -0.707087 0.707121
0.577337 -0.577349 0.577365
0.693400 -0.693397 0.195954
0.003883 -0.014721 0.999884
0.707085 -0.010743 0.707047
0.577364 -0.577335 0.577352
0.002831 -0.707110 0.707098
0.003874 0.014730 0.999884
0.002847 0.707119 0.707089
0.577336 0.577363 0.577352
0.707077 0.010728 0.707056
0.003196 0.971874 0.235482
0.693394 0.693414 0.195912
0.577365 0.577349 0.577337
0.002832 0.707096 0.707112
0.972059 0.012116 0.234426
0.707044 0.010746 0.707088
0.577347 0.577337 0.577367
0.693396 0.693400 0.195956
0.972059 -0.012116 -0.234426
0.707044 -0.010746 -0.707088
0.577347 -0.577337 -0.577367
0.693396 -0.693400 -0.195956
0.003874 -0.014730 -0.999884
0.002847 -0.707119 -0.707089
0.577336 -0.577363 -0.577352
0.707077 -0.010728 -0.707056
0.003196 -0.971874 -0.235482
0.693394 -0.693414 -0.195912
0.577365 -0.577349 -0.577337
0.002832 -0.707096 -0.707112
0.972050 0.012103 -0.234461
0.693414 0.693394 -0.195913
0.577348 0.577366 -0.577337
0.707054 0.010731 -0.707078
0.003209 0.971883 -0.235444
0.002848 0.707087 -0.707121
0.577337 0.577349 -0.577365
0.693400 0.693397 -0.195954
0.003883 0.014721 -0.999884
0.707085 0.010743 -0.707047
0.577364 0.577335 -0.577352
0.002831 0.707110 -0.707098
-0.003874 -0.014730 0.999884
-0.002847 -0.707119 0.707089
-0.577336 -0.577363 0.577352
-0.707077 -0.010728 0.707056
-0.003196 -0.971874 0.235482
-0.693394 -0.693414 0.195912
-0.577365 -0.577349 0.577337
-0.002832 -0.707096 0.707112
-0.972059 -0.012116 0.234426
-0.707044 -0.010746 0.707088
-0.577347 -0.577337 0.577367
-0.693396 -0.693400 0.195956
-0.003883 0.014721 0.999884
-0.707085 0.010743 0.707047
-0.577364 0.577335 0.577352
-0.002831 0.707110 0.707098
-0.972050 0.012103 0.234461
-0.693414 0.693394 0.195913
-0.577348 0.577366 0.577337
-0.707054 0.010731 0.707078
-0.003209 0.971883 0.235444
-0.002848 0.707087 0.707121
-0.577337 0.577349 0.577365
-0.693400 0.693397 0.195954
-0.972050 -0.012103 -0.234461
-0.693414 -0.693394 -0.195913
-0.577348 -0.577366 -0.577337
-0.707054 -0.010731 -0.707078
-0.003209 -0.971883 -0.235444
-0.002848 -0.707087 -0.707121
-0.577337 -0.577349 -0.577365
-0.693400 -0.693397 -0.195954
-0.003883 -0.014721 -0.999884
-0.707085 -0.010743 -0.707047
-0.577364 -0.577335 -0.577352
-0.002831 -0.707110 -0.707098
-0.003874 0.014730 -0.999884
-0.002847 0.707119 -0.707089
-0.577336 0.577363 -0.577352
-0.707077 0.010728 -0.707056
-0.003196 0.971874 -0.235482
-0.693394 0.693414 -0.195912
-0.577365 0.577349 -0.577337
-0.002832 0.707096 -0.707112
-0.972059 0.012116 -0.234426
-0.707044 0.010746 -0.707088
-0.577347 0.577337 -0.577367
-0.693396 0.693400 -0.195956
0.972066 -0.012068 0.234398
0.972066 -0.012068 -0.234398
0.693412 -0.693396 -0.195913
0.693412 -0.693396 0.195913
0.693395 -0.693413 0.195913
0.003189 -0.971892 -0.235404
0.003189 -0.971892 0.235404
0.003168 -0.971878 0.235466
-0.003168 -0.971878 0.235466
-0.002843 -0.707136 0.707072
0.002843 -0.707136 0.707072
0.002843 -0.707072 0.707136
-0.002843 -0.707072 0.707136
-0.003857 -0.014771 0.999883
0.003857 -0.014771 0.999883
-0.003189 -0.971892 0.235404
-0.003220 -0.971879 -0.235457
-0.693395 -0.693413 -0.195913
-0.693412 -0.693396 0.195913
-0.693412 -0.693396 -0.195913
-0.972066 -0.012068 -0.234398
-0.972066 -0.012068 0.234398
0.003857 -0.014771 -0.999884
-0.003857 -0.014771 -0.999884
-0.002843 -0.707072 -0.707136
0.002843 -0.707072 -0.707136
0.002843 -0.707136 -0.707072
-0.002843 -0.707136 -0.707072
-0.003168 -0.971877 -0.235466
0.003168 -0.971877 -0.235466
0.003857 0.014771 0.999884
-0.003857 0.014771 0.999884
-0.002843 0.707072 0.707136
0.002843 0.707072 0.707136
0.002843 0.707136 0.707072
-0.002843 0.707136 0.707072
-0.003168 0.971877 0.235466
0.003168 0.971877 0.235466
0.003189 0.971892 0.235404
0.003189 0.971892 -0.235404
0.693395 0.693413 -0.195913
0.693412 0.693396 0.195913
0.693412 0.693396 -0.195913
0.972066 0.012068 -0.234398
0.972066 0.012068 0.234398
0.003168 0.971878 -0.235466
-0.003168 0.971878 -0.235466
-0.002843 0.707136 -0.707072
0.002843 0.707136 -0.707072
0.002843 0.707072 -0.707136
-0.002843 0.707072 -0.707136
-0.003857 0.014771 -0.999883
0.003857 0.014771 -0.999883
-0.972066 0.012068 0.234398
-0.972066 0.012068 -0.234398
-0.693412 0.693396 -0.195913
-0.693412 0.693396 0.195913
-0.693395 0.693413 0.195913
-0.003189 0.971892 -0.235404
-0.003220 0.971879 0.235457
0.003896 -0.014707 0.999884
0.003896 0.014707 0.999884
0.707046 0.010715 0.707087
0.707046 -0.010715 0.707087
0.707083 -0.010715 0.707049
0.707083 0.010715 0.707049
0.972048 0.012038 0.234474
0.972048 -0.012038 0.234474
-0.972048 -0.012038 0.234474
-0.972048 0.012038 0.234474
-0.707083 0.010715 0.707049
-0.707083 -0.010715 0.707049
-0.707046 -0.010715 0.707087
-0.707046 0.010715 0.707087
-0.003896 0.014707 0.999884
-0.003896 -0.014707 0.999884
0.972048 -0.012038 -0.234474
0.972048 0.012038 -0.234474
0.707083 0.010715 -0.707049
0.707083 -0.010715 -0.707049
0.707046 -0.010715 -0.707087
0.707046 0.010715 -0.707087
0.003896 0.014707 -0.999884
0.003896 -0.014707 -0.999884
-0.003896 -0.014707 -0.999884
-0.003896 0.014707 -0.999884
-0.707046 0.010715 -0.707087
-0.707046 -0.010715 -0.707087
-0.707083 -0.010715 -0.707049
-0.707083 0.010715 -0.707049
-0.972048 0.012038 -0.234474
-0.972048 -0.012038 -0.234474
0.972068 -0.012033 0.234393
0.972068 0.012067 0.234391
0.972068 0.012033 -0.234393
0.972068 -0.012067 -0.234391
0.004942 -0.019121 0.999805
-0.004942 -0.019121 0.999805
-0.004942 0.019121 0.999805
0.004942 0.019121 0.999805
0.004942 -0.019121 -0.999805
0.004942 0.019121 -0.999805
-0.004942 0.019121 -0.999805
-0.004942 -0.019121 -0.999805
0.004083 0.971921 0.235272
-0.004083 0.971921 0.235272
-0.004083 0.971921 -0.235272
0.004083 0.971921 -0.235272
-0.972124 -0.015657 0.233945
-0.972124 -0.015657 -0.233945
-0.972124 0.015657 -0.233945
-0.972124 0.015657 0.233945
0.004083 -0.971921 0.235272
0.004083 -0.971921 -0.235272
-0.004083 -0.971921 -0.235272
-0.004083 -0.971921 0.235272
0.972101 -0.015680 0.234039
0.693414 -0.693395 0.195910
0.577350 -0.577366 0.577335
0.707026 -0.013967 0.707050
0.004128 -0.971907 0.235328
0.003640 -0.707099 0.707105
0.577337 -0.577350 0.577364
0.693400 -0.693397 0.195953
0.004987 -0.019096 0.999805
0.707059 -0.013979 0.707016
0.577364 -0.577335 0.577352
0.003623 -0.707095 0.707109
0.004932 0.019153 0.999804
0.003638 0.707104 0.707100
0.577336 0.577363 0.577352
0.707050 0.013963 0.707025
0.004116 0.971898 0.235365
0.693394 0.693414 0.195911
0.577366 0.577350 0.577336
0.003624 0.707108 0.707096
0.972109 0.015693 0.234003
0.707016 0.013982 0.707059
0.577349 0.577337 0.577364
0.693397 0.693400 0.195952
0.972109 -0.015693 -0.234003
0.707016 -0.013982 -0.707059
0.577349 -0.577337 -0.577364
0.693397 -0.693400 -0.195952
0.004932 -0.019153 -0.999804
0.003638 -0.707104 -0.707100
0.577336 -0.577363 -0.577352
0.707050 -0.013963 -0.707025
0.004116 -0.971898 -0.235365
0.693394 -0.693414 -0.195911
0.577366 -0.577350 -0.577336
0.003624 -0.707108 -0.707096
0.972101 0.015680 -0.234039
0.693414 0.693395 -0.195910
0.577350 0.577366 -0.577335
0.707026 0.013967 -0.707050
0.004128 0.971907 -0.235328
0.003640 0.707099 -0.707105
0.577337 0.577350 -0.577364
0.693400 0.693397 -0.195953
0.004987 0.019096 -0.999805
0.707059 0.013979 -0.707016
0.577364 0.577335 -0.577352
0.003623 0.707095 -0.707109
-0.004932 -0.019153 0.999804
-0.003638 -0.707104 0.707100
-0.577336 -0.577363 0.577352
-0.707050 -0.013963 0.707025
-0.004116 -0.971898 0.235365
-0.693394 -0.693414 0.195911
-0.577366 -0.577350 0.577336
-0.003624 -0.707108 0.707096
-0.972109 -0.015693 0.234003
-0.707016 -0.013982 0.707059
-0.577349 -0.577337 0.577364
-0.693397 -0.693400 0.195952
-0.004987 0.019096 0.999805
-0.707059 0.013979 0.707016
-0.577364 0.577335 0.577352
-0.003623 0.707095 0.707109
-0.972101 0.015680 0.234039
-0.693414 0.693395 0.195910
-0.577350 0.577366 0.577335
-0.707026 0.013967 0.707050
-0.004128 0.971907 0.235328
-0.003640 0.707099 0.707105
-0.577337 0.577350 0.577364
-0.693400 0.693397 0.195953
-0.972101 -0.015680 -0.234039
-0.693414 -0.693395 -0.195910
-0.577350 -0.577366 -0.577335
-0.707026 -0.013967 -0.707050
-0.004128 -0.971907 -0.235328
-0.003640 -0.707099 -0.707105
-0.577337 -0.577350 -0.577364
-0.693400 -0.693397 -0.195953
-0.004987 -0.019096 -0.999805
-0.707059 -0.013979 -0.707016
-0.577364 -0.577335 -0.577352
-0.003623 -0.707095 -0.707109
-0.004932 0.019153 -0.999804
-0.003638 0.707104 -0.707100
-0.577336 0.577363 -0.577352
-0.707050 0.013963 -0.707025
-0.004116 0.971898 -0.235365
-0.693394 0.693414 -0.195911
-0.577366 0.577350 -0.577336
-0.003624 0.707108 -0.707096
-0.972109 0.015693 -0.234003
-0.707016 0.013982 -0.707059
-0.577349 0.577337 -0.577364
-0.693397 0.693400 -0.195952
0.972114 -0.015712 0.233982
0.972114 -0.015712 -0.233982
0.693412 -0.693396 -0.195913
0.693412 -0.693396 0.195913
0.693395 -0.693413 0.195913
0.004083 -0.971908 -0.235328
0.004083 -0.971908 0.235328
0.004059 -0.971892 0.235392
-0.004081 -0.971892 0.235392
-0.003613 -0.707138 0.707066
0.003613 -0.707139 0.707066
0.003613 -0.707066 0.707139
-0.003613 -0.707066 0.707139
-0.004916 -0.019145 0.999805
0.004917 -0.019145 0.999805
-0.004083 -0.971908 0.235328
-0.004083 -0.971908 -0.235328
-0.693395 -0.693413 -0.195913
-0.693412 -0.693396 0.195913
-0.693412 -0.693396 -0.195913
-0.972114 -0.015712 -0.233982
-0.972114 -0.015712 0.233982
0.004916 -0.019145 -0.999805
-0.004917 -0.019145 -0.999805
-0.003613 -0.707066 -0.707139
0.003613 -0.707066 -0.707139
0.003613 -0.707138 -0.707066
-0.003613 -0.707138 -0.707066
-0.004059 -0.971892 -0.235392
0.004081 -0.971892 -0.235392
0.004916 0.019145 0.999805
-0.004917 0.019145 0.999805
-0.003613 0.707066 0.707139
0.003613 0.707066 0.707139
0.003613 0.707138 0.707066
-0.003613 0.707138 0.707066
-0.004059 0.971892 0.235392
0.004081 0.971892 0.235392
0.004083 0.971908 0.235328
0.004083 0.971908 -0.235328
0.693395 0.693413 -0.195913
0.693412 0.693396 0.195913
0.693412 0.693396 -0.195913
0.972114 0.015712 -0.233982
0.972114 0.015712 0.233982
0.004059 0.971892 -0.235392
-0.004081 0.971892 -0.235392
-0.003613 0.707138 -0.707066
0.003613 0.707139 -0.707066
0.003613 0.707066 -0.707139
-0.003613 0.707066 -0.707139
-0.004916 0.019145 -0.999805
0.004917 0.019145 -0.999805
-0.972114 0.015712 0.233982
-0.972114 0.015712 -0.233982
-0.693412 0.693396 -0.195913
-0.693412 0.693396 0.195913
-0.693395 0.693413 0.195913
-0.004083 0.971908 -0.235328
-0.004083 0.971908 0.235328
0.004989 -0.019079 0.999806
0.004989 0.019079 0.999806
0.707017 0.013964 0.707058
0.707017 -0.013965 0.707058
0.707058 -0.013964 0.707018
0.707058 0.013965 0.707018
0.972106 0.015663 0.234021
0.972106 -0.015663 0.234021
-0.972106 -0.015663 0.234021
-0.972106 0.015663 0.234021
-0.707058 0.013964 0.707018
-0.707058 -0.013965 0.707018
-0.707017 -0.013964 0.707058
-0.707017 0.013965 0.707058
-0.004989 0.019079 0.999806
-0.004989 -0.019079 0.999806
0.972106 -0.015663 -0.234021
0.972106 0.015663 -0.234021
0.707058 0.013964 -0.707018
0.707058 -0.013965 -0.707018
0.707017 -0.013964 -0.707058
0.707017 0.013965 -0.707058
0.004989 0.019079 -0.999806
0.004989 -0.019079 -0.999806
-0.004989 -0.019079 -0.999806
-0.004989 0.019079 -0.999806
-0.707017 0.013964 -0.707058
-0.707017 -0.013965 -0.707058
-0.707058 -0.013964 -0.707018
-0.707058 0.013965 -0.707018
-0.972106 0.015663 -0.234021
-0.972106 -0.015663 -0.234021
0.972124 -0.015657 0.233945
0.972124 0.015657 0.233945
0.972124 0.015657 -0.233945
0.972124 -0.015657 -0.233945
0.004830 -0.018655 0.999814
-0.004827 -0.018656 0.999814
-0.004830 0.018655 0.999814
0.004827 0.018656 0.999814
0.004827 -0.018656 -0.999814
0.004830 0.018655 -0.999814
-0.004827 0.018656 -0.999814
-0.004830 -0.018655 -0.999814
0.003983 0.971910 0.235320
-0.003983 0.971910 0.235320
-0.003983 0.971910 -0.235320
0.003983 0.971910 -0.235320
-0.972112 -0.015290 0.234016
-0.972112 -0.015290 -0.234016
-0.972112 0.015290 -0.234016
-0.972112 0.015290 0.234016
0.003983 -0.971910 0.235320
0.003983 -0.971910 -0.235320
-0.003983 -0.971910 -0.235320
-0.003983 -0.971910 0.235320
0.972098 -0.015352 0.234074
0.693416 -0.693394 0.195904
0.577355 -0.577365 0.577330
0.707061 -0.013617 0.707022
0.004017 -0.971904 0.235343
0.003551 -0.707108 0.707096
0.577336 -0.577353 0.577362
0.693399 -0.693398 0.195951
0.004839 -0.018682 0.999814
0.707035 -0.013629 0.707047
0.577363 -0.577335 0.577353
0.003534 -0.707088 0.707117
0.004830 0.018691 0.999814
0.003550 0.707097 0.707108
0.577335 0.577363 0.577353
0.707026 0.013613 0.707056
0.004004 0.971895 0.235380
0.693393 0.693416 0.195909
0.577364 0.577353 0.577334
0.003536 0.707117 0.707087
0.972106 0.015364 0.234038
0.707052 0.013632 0.707030
0.577356 0.577337 0.577358
0.693399 0.693400 0.195946
0.972106 -0.015364 -0.234039
0.707051 -0.013632 -0.707031
0.577355 -0.577336 -0.577360
0.693399 -0.693399 -0.195947
0.004831 -0.018692 -0.999814
0.003551 -0.707097 -0.707107
0.577336 -0.577363 -0.577352
0.707027 -0.013613 -0.707055
0.004004 -0.971895 -0.235380
0.693393 -0.693416 -0.195908
0.577364 -0.577353 -0.577334
0.003535 -0.707117 -0.707087
0.972098 0.015352 -0.234074
0.693416 0.693394 -0.195904
0.577355 0.577365 -0.577330
0.707061 0.013617 -0.707022
0.004017 0.971904 -0.235343
0.003551 0.707108 -0.707096
0.577336 0.577353 -0.577362
0.693399 0.693398 -0.195951
0.004839 0.018682 -0.999814
0.707035 0.013629 -0.707047
0.577363 0.577335 -0.577353
0.003534 0.707088 -0.707117
-0.004830 -0.018691 0.999814
-0.003550 -0.707097 0.707108
-0.577335 -0.577363 0.577353
-0.707026 -0.013613 0.707056
-0.004004 -0.971895 0.235380
-0.693393 -0.693416 0.195909
-0.577364 -0.577353 0.577334
-0.003536 -0.707117 0.707087
-0.972106 -0.015364 0.234038
-0.707052 -0.013632 0.707030
-0.577356 -0.577337 0.577358
-0.693399 -0.693400 0.195946
-0.004840 0.018683 0.999814
-0.707036 0.013629 0.707047
-0.577364 0.577335 0.577352
-0.003536 0.707088 0.707116
-0.972097 0.015351 0.234076
-0.693416 0.693394 0.195906
-0.577354 0.577365 0.577332
-0.707059 0.013616 0.707023
-0.004017 0.971904 0.235343
-0.003551 0.707108 0.707096
-0.577336 0.577353 0.577362
-0.693399 0.693398 0.195950
-0.972098 -0.015352 -0.234074
-0.693416 -0.693394 -0.195904
-0.577355 -0.577365 -0.577330
-0.707061 -0.013617 -0.707022
-0.004017 -0.971904 -0.235343
-0.003551 -0.707108 -0.707096
-0.577336 -0.577353 -0.577362
-0.693399 -0.693398 -0.195951
-0.004839 -0.018682 -0.999814
-0.707035 -0.013629 -0.707047
-0.577363 -0.577335 -0.577353
-0.003534 -0.707088 -0.707117
-0.004830 0.018691 -0.999814
-0.003550 0.707097 -0.707108
-0.577335 0.577363 -0.577353
-0.707026 0.013613 -0.707056
-0.004004 0.971895 -0.235380
-0.693393 0.693416 -0.195909
-0.577364 0.577353 -0.577334
-0.003536 0.707117 -0.707087
-0.972106 0.015364 -0.234038
-0.707052 0.013632 -0.707030
-0.577356 0.577337 -0.577358
-0.693399 0.693400 -0.195946
0.972105 -0.015356 0.234045
0.972105 -0.015356 -0.234045
0.693415 -0.693393 -0.195913
0.693415 -0.693393 0.195913
0.693392 -0.693416 0.195913
0.003997 -0.971897 -0.235374
0.003997 -0.971897 0.235374
0.003970 -0.971893 0.235389
-0.003992 -0.971893 0.235389
-0.003559 -0.707139 0.707066
0.003559 -0.707139 0.707066
0.003559 -0.707066 0.707139
-0.003559 -0.707066 0.707139
-0.004816 -0.018712 0.999813
0.004816 -0.018712 0.999813
-0.003997 -0.971897 0.235374
-0.003997 -0.971897 -0.235374
-0.693392 -0.693416 -0.195913
-0.693415 -0.693393 0.195913
-0.693415 -0.693393 -0.195913
-0.972105 -0.015356 -0.234045
-0.972105 -0.015356 0.234045
0.004816 -0.018712 -0.999813
-0.004816 -0.018712 -0.999813
-0.003559 -0.707066 -0.707139
0.003559 -0.707066 -0.707139
0.003559 -0.707139 -0.707066
-0.003559 -0.707139 -0.707066
-0.003970 -0.971893 -0.235389
0.003992 -0.971893 -0.235389
0.004816 0.018712 0.999813
-0.004816 0.018712 0.999813
-0.003559 0.707066 0.707139
0.003559 0.707066 0.707139
0.003559 0.707139 0.707066
-0.003559 0.707139 0.707066
-0.003970 0.971893 0.235389
0.003992 0.971893 0.235389
0.003997 0.971897 0.235374
0.003997 0.971897 -0.235374
0.693392 0.693416 -0.195913
0.693415 0.693393 0.195913
0.693415 0.693393 -0.195913
0.972105 0.015356 -0.234045
0.972105 0.015356 0.234045
0.003970 0.971893 -0.235389
-0.003992 0.971893 -0.235389
-0.003559 0.707139 -0.707066
0.003559 0.707139 -0.707066
0.003559 0.707066 -0.707139
-0.003559 0.707066 -0.707139
-0.004816 0.018712 -0.999813
0.004816 0.018712 -0.999813
-0.972105 0.015356 0.234045
-0.972105 0.015356 -0.234045
-0.693415 0.693393 -0.195913
-0.693415 0.693393 0.195913
-0.693392 0.693416 0.195913
-0.003997 0.971897 -0.235374
-0.003997 0.971897 0.235374
0.004872 -0.018649 0.999814
0.004872 0.018649 0.999814
0.707028 0.013634 0.707054
0.707028 -0.013635 0.707055
0.707053 -0.013634 0.707029
0.972097 0.015295 0.234080
0.972097 -0.015295 0.234080
-0.972098 -0.015295 0.234077
-0.972098 0.015295 0.234077
-0.707055 0.013634 0.707027
-0.707055 -0.013635 0.707027
-0.707027 -0.013634 0.707056
-0.707027 0.013634 0.707056
-0.004871 0.018649 0.999814
-0.004871 -0.018649 0.999814
0.972098 -0.015295 -0.234077
0.972098 0.015295 -0.234077
0.707055 0.013634 -0.707027
0.707055 -0.013634 -0.707027
0.707027 -0.013634 -0.707056
0.707027 0.013635 -0.707056
0.004871 0.018649 -0.999814
0.004871 -0.018649 -0.999814
-0.004872 -0.018649 -0.999814
-0.004872 0.018649 -0.999814
-0.707028 0.013634 -0.707054
-0.707028 -0.013635 -0.707055
-0.707053 -0.013634 -0.707029
-0.972097 0.015295 -0.234080
-0.972097 -0.015295 -0.234080
0.972112 -0.015290 0.234016
0.972112 0.015290 0.234016
0.972112 0.015290 -0.234016
0.972112 -0.015290 -0.234016
0.003870 -0.014744 0.999884
-0.003870 -0.014744 0.999884
-0.003870 0.014744 0.999884
0.003870 0.014744 0.999884
0.003870 -0.014744 -0.999884
0.003870 0.014744 -0.999884
-0.003870 0.014744 -0.999884
-0.003870 -0.014744 -0.999884
0.003171 0.971898 0.235379
-0.003171 0.971898 0.235379
-0.003171 0.971898 -0.235379
0.003171 0.971898 -0.235379
-0.972068 -0.012067 0.234391
-0.972068 -0.012067 -0.234391
-0.972068 0.012067 -0.234391
-0.972068 0.012067 0.234391
0.003171 -0.971898 0.235379
0.003171 -0.971898 -0.235379
-0.003171 -0.971898 -0.235379
-0.003171 -0.971898 0.235379
0.972051 -0.012100 0.234457
0.693417 -0.693392 0.195909
0.577354 -0.577363 0.577334
0.707057 -0.010727 0.707075
0.003207 -0.971883 0.235443
0.002849 -0.707088 0.707120
0.577336 -0.577352 0.577363
0.693399 -0.693398 0.195951
0.003918 -0.014758 0.999883
0.707085 -0.010744 0.707047
0.577364 -0.577335 0.577351
0.002832 -0.707112 0.707096
0.003862 0.014814 0.999883
0.002847 0.707120 0.707088
0.577335 0.577363 0.577352
0.707076 0.010728 0.707056
0.003194 0.971874 0.235480
0.693394 0.693415 0.195909
0.577365 0.577352 0.577334
0.002833 0.707097 0.707111
0.972060 0.012112 0.234419
0.707049 0.010743 0.707083
0.577355 0.577335 0.577362
0.693400 0.693398 0.195950
0.972060 -0.012112 -0.234419
0.707049 -0.010743 -0.707083
0.577355 -0.577335 -0.577362
0.693400 -0.693398 -0.195950
0.003862 -0.014814 -0.999883
0.002847 -0.707120 -0.707088
0.577335 -0.577363 -0.577352
0.707076 -0.010728 -0.707056
0.003194 -0.971874 -0.235480
0.693394 -0.693415 -0.195909
0.577365 -0.577352 -0.577334
0.002833 -0.707097 -0.707111
0.972051 0.012100 -0.234457
0.693417 0.693392 -0.195909
0.577354 0.577363 -0.577334
0.707057 0.010727 -0.707075
0.003207 0.971883 -0.235443
0.002849 0.707088 -0.707120
0.577336 0.577352 -0.577363
0.693399 0.693398 -0.195951
0.003918 0.014758 -0.999883
0.707085 0.010744 -0.707047
0.577364 0.577335 -0.577351
0.002832 0.707112 -0.707096
-0.003862 -0.014814 0.999883
-0.002847 -0.707120 0.707088
-0.577335 -0.577363 0.577352
-0.707076 -0.010728 0.707056
-0.003194 -0.971874 0.235480
-0.693394 -0.693415 0.195909
-0.577365 -0.577352 0.577334
-0.002833 -0.707097 0.707111
-0.972060 -0.012112 0.234419
-0.707049 -0.010743 0.707083
-0.577355 -0.577335 0.577362
-0.693400 -0.693398 0.195950
-0.003918 0.014758 0.999883
-0.707085 0.010744 0.707047
-0.577364 0.577335 0.577351
-0.002832 0.707112 0.707096
-0.972051 0.012100 0.234457
-0.693417 0.693392 0.195909
-0.577354 0.577363 0.577334
-0.707057 0.010727 0.707075
-0.003207 0.971883 0.235443
-0.002849 0.707088 0.707120
-0.577336 0.577352 0.577363
-0.693399 0.693398 0.195951
-0.972051 -0.012100 -0.234457
-0.693417 -0.693392 -0.195909
-0.577354 -0.577363 -0.577334
-0.707057 -0.010727 -0.707075
-0.003207 -0.971883 -0.235443
-0.002849 -0.707088 -0.707120
-0.577336 -0.577352 -0.577363
-0.693399 -0.693398 -0.195951
-0.003918 -0.014758 -0.999883
-0.707085 -0.010744 -0.707047
-0.577364 -0.577335 -0.577351
-0.002832 -0.707112 -0.707096
-0.003862 0.014814 -0.999883
-0.002847 0.707120 -0.707088
-0.577335 0.577363 -0.577352
-0.707076 0.010728 -0.707056
-0.003194 0.971874 -0.235480
-0.693394 0.693415 -0.195909
-0.577365 0.577352 -0.577334
-0.002833 0.707097 -0.707111
-0.972060 0.012112 -0.234419
-0.707049 0.010743 -0.707083
-0.577355 0.577335 -0.577362
-0.693400 0.693398 -0.195950
0.972071 -0.012103 0.234374
0.972058 -0.012134 -0.234426
0.693417 -0.693391 -0.195913
0.693392 -0.693416 0.195913
0.003216 -0.971879 -0.235457
0.003215 -0.971879 0.235457
0.003190 -0.971877 0.235466
-0.003190 -0.971877 0.235466
-0.002844 -0.707136 0.707072
0.002844 -0.707136 0.707072
0.002844 -0.707072 0.707136
-0.002844 -0.707072 0.707136
-0.003856 -0.014771 0.999883
0.003856 -0.014771 0.999884
-0.003216 -0.971879 0.235457
-0.003215 -0.971879 -0.235457
-0.693392 -0.693416 -0.195913
-0.693417 -0.693391 0.195913
-0.972071 -0.012103 -0.234374
-0.972058 -0.012134 0.234426
0.003856 -0.014771 -0.999883
-0.003856 -0.014771 -0.999883
-0.002844 -0.707072 -0.707136
0.002844 -0.707072 -0.707136
0.002844 -0.707136 -0.707072
-0.002844 -0.707136 -0.707072
-0.003190 -0.971877 -0.235466
0.003190 -0.971877 -0.235466
0.003856 0.014771 0.999883
-0.003856 0.014771 0.999883
-0.002844 0.707072 0.707136
0.002844 0.707072 0.707136
0.002844 0.707136 0.707072
-0.002844 0.707136 0.707072
-0.003190 0.971877 0.235466
0.003190 0.971877 0.235466
0.003216 0.971879 0.235457
0.003215 0.971879 -0.235457
0.693392 0.693416 -0.195913
0.693417 0.693391 0.195913
0.972071 0.012103 -0.234374
0.972058 0.012134 0.234426
0.003190 0.971877 -0.235466
-0.003190 0.971877 -0.235466
-0.002844 0.707136 -0.707072
0.002844 0.707136 -0.707072
0.002844 0.707072 -0.707136
-0.002844 0.707072 -0.707136
-0.003856 0.014771 -0.999883
0.003856 0.014771 -0.999884
-0.972071 0.012103 0.234374
-0.972058 0.012134 -0.234426
-0.693417 0.693391 -0.195913
-0.693392 0.693416 0.195913
-0.003216 0.971879 -0.235457
-0.003215 0.971879 0.235457
0.003897 -0.014762 0.999883
0.003897 0.014762 0.999883
0.707045 0.010715 0.707087
0.707043 -0.010770 0.707088
0.707088 -0.010715 0.707045
0.707088 0.010770 0.707043
0.972049 0.012060 0.234469
0.972049 -0.012060 0.234469
-0.972049 -0.012060 0.234469
-0.972049 0.012060 0.234469
-0.707088 0.010715 0.707045
-0.707088 -0.010770 0.707043
-0.707045 -0.010715 0.707087
-0.707043 0.010770 0.707088
-0.003897 0.014762 0.999883
-0.003897 -0.014762 0.999883
0.972049 -0.012060 -0.234469
0.972049 0.012060 -0.234469
0.707088 0.010715 -0.707045
0.707088 -0.010770 -0.707043
0.707045 -0.010715 -0.707087
0.707043 0.010770 -0.707088
0.003897 0.014762 -0.999883
0.003897 -0.014762 -0.999883
-0.003897 -0.014762 -0.999883
-0.003897 0.014762 -0.999883
-0.707045 0.010715 -0.707087
-0.707043 -0.010770 -0.707088
-0.707088 -0.010715 -0.707045
-0.707088 0.010770 -0.707043
-0.972049 0.012060 -0.234469
-0.972049 -0.012060 -0.234469
0.972068 -0.012067 0.234391
0.972068 0.012067 0.234391
0.972068 0.012067 -0.234391
0.972068 -0.012067 -0.234391
0.005344 -0.020799 0.999769
-0.005344 -0.020799 0.999769
-0.005344 0.020799 0.999769
0.005344 0.020799 0.999769
0.005344 -0.020799 -0.999769
0.005344 0.020799 -0.999769
-0.005344 0.020799 -0.999769
-0.005344 -0.020799 -0.999769
0.004422 0.971921 0.235266
-0.004422 0.971921 0.235266
-0.004422 0.971921 -0.235266
0.004422 0.971921 -0.235266
-0.972135 -0.017066 0.233800
-0.972135 -0.017066 -0.233800
-0.972135 0.017066 -0.233800
-0.972135 0.017066 0.233800
0.004422 -0.971921 0.235266
0.004422 -0.971921 -0.235266
-0.004422 -0.971921 -0.235266
-0.004422 -0.971921 0.235266
0.972120 -0.017093 0.233862
0.693416 -0.693394 0.195908
0.577352 -0.577365 0.577334
0.707031 -0.015216 0.707019
0.004454 -0.971918 0.235278
0.003933 -0.707101 0.707102
0.577336 -0.577352 0.577363
0.693399 -0.693398 0.195951
0.005366 -0.020830 0.999769
0.707029 -0.015230 0.707021
0.577364 -0.577335 0.577353
0.003916 -0.707093 0.707110
0.005358 0.020839 0.999768
0.003932 0.707102 0.707101
0.577335 0.577363 0.577352
0.707020 0.015214 0.707030
0.004441 0.971909 0.235316
0.693394 0.693415 0.195909
0.577365 0.577352 0.577334
0.003917 0.707110 0.707093
0.972128 0.017106 0.233825
0.707023 0.015232 0.707026
0.577353 0.577336 0.577362
0.693398 0.693399 0.195949
0.972128 -0.017106 -0.233825
0.707023 -0.015232 -0.707026
0.577353 -0.577336 -0.577362
0.693398 -0.693399 -0.195949
0.005358 -0.020839 -0.999768
0.003932 -0.707102 -0.707101
0.577335 -0.577363 -0.577352
0.707020 -0.015214 -0.707030
0.004441 -0.971909 -0.235316
0.693394 -0.693415 -0.195909
0.577365 -0.577352 -0.577334
0.003917 -0.707110 -0.707093
0.972120 0.017093 -0.233862
0.693416 0.693394 -0.195908
0.577352 0.577365 -0.577334
0.707031 0.015216 -0.707019
0.004454 0.971918 -0.235278
0.003933 0.707101 -0.707102
0.577336 0.577352 -0.577363
0.693399 0.693398 -0.195951
0.005366 0.020830 -0.999769
0.707029 0.015230 -0.707021
0.577364 0.577335 -0.577353
0.003916 0.707093 -0.707110
-0.005358 -0.020839 0.999768
-0.003932 -0.707102 0.707101
-0.577335 -0.577363 0.577352
-0.707020 -0.015214 0.707030
-0.004441 -0.971909 0.235316
-0.693394 -0.693415 0.195909
-0.577365 -0.577352 0.577334
-0.003917 -0.707110 0.707093
-0.972128 -0.017106 0.233825
-0.707023 -0.015232 0.707026
-0.577353 -0.577336 0.577362
-0.693398 -0.693399 0.195949
-0.005366 0.020830 0.999769
-0.707029 0.015230 0.707021
-0.577364 0.577335 0.577353
-0.003916 0.707093 0.707110
-0.972120 0.017093 0.233862
-0.693416 0.693394 0.195908
-0.577352 0.577365 0.577334
-0.707031 0.015216 0.707019
-0.004454 0.971918 0.235278
-0.003933 0.707101 0.707102
-0.577336 0.577352 0.577363
-0.693399 0.693398 0.195951
-0.972120 -0.017093 -0.233862
-0.693416 -0.693394 -0.195908
-0.577352 -0.577365 -0.577334
-0.707031 -0.015216 -0.707019
-0.004454 -0.971918 -0.235278
-0.003933 -0.707101 -0.707102
-0.577336 -0.577352 -0.577363
-0.693399 -0.693398 -0.195951
-0.005366 -0.020830 -0.999769
-0.707029 -0.015230 -0.707021
-0.577364 -0.577335 -0.577353
-0.003916 -0.707093 -0.707110
-0.005358 0.020839 -0.999768
-0.003932 0.707102 -0.707101
-0.577335 0.577363 -0.577352
-0.707020 0.015214 -0.707030
-0.004441 0.971909 -0.235316
-0.693394 0.693415 -0.195909
-0.577365 0.577352 -0.577334
-0.003917 0.707110 -0.707093
-0.972128 0.017106 -0.233825
-0.707023 0.015232 -0.707026
-0.577353 0.577336 -0.577362
-0.693398 0.693399 -0.195949
0.972134 -0.017104 0.233802
0.972134 -0.017104 -0.233802
0.693414 -0.693394 -0.195913
0.693414 -0.693394 0.195913
0.693393 -0.693415 0.195913
0.693393 -0.693415 -0.195913
0.004435 -0.971920 -0.235271
0.004435 -0.971920 0.235271
0.004415 -0.971900 0.235354
-0.004415 -0.971900 0.235354
-0.003944 -0.707140 0.707063
0.003944 -0.707140 0.707063
0.003944 -0.707063 0.707140
-0.003889 -0.707063 0.707140
-0.005313 -0.020828 0.999769
-0.004435 -0.971920 0.235271
-0.004435 -0.971920 -0.235271
-0.693393 -0.693415 -0.195913
-0.693393 -0.693415 0.195913
-0.693414 -0.693394 0.195913
-0.693414 -0.693394 -0.195913
-0.972134 -0.017104 -0.233802
-0.972134 -0.017104 0.233802
0.005313 -0.020828 -0.999769
-0.003944 -0.707063 -0.707140
0.003889 -0.707063 -0.707140
0.003944 -0.707140 -0.707063
-0.003944 -0.707140 -0.707063
-0.004415 -0.971900 -0.235354
0.004415 -0.971900 -0.235354
0.005313 0.020828 0.999769
-0.003944 0.707063 0.707140
0.003889 0.707063 0.707140
0.003944 0.707140 0.707063
-0.003944 0.707140 0.707063
-0.004415 0.971900 0.235354
0.004415 0.971900 0.235354
0.004435 0.971920 0.235271
0.004435 0.971920 -0.235271
0.693393 0.693415 -0.195913
0.693393 0.693415 0.195913
0.693414 0.693394 0.195913
0.693414 0.693394 -0.195913
0.972134 0.017104 -0.233802
0.972134 0.017104 0.233802
0.004415 0.971900 -0.235354
-0.004415 0.971900 -0.235354
-0.003944 0.707140 -0.707063
0.003944 0.707140 -0.707063
0.003944 0.707063 -0.707140
-0.003889 0.707063 -0.707140
-0.005313 0.020828 -0.999769
-0.972134 0.017104 0.233802
-0.972134 0.017104 -0.233802
-0.693414 0.693394 -0.195913
-0.693414 0.693394 0.195913
-0.693393 0.693415 0.195913
-0.693393 0.693415 -0.195913
-0.004435 0.971920 -0.235271
-0.004435 0.971920 0.235271
0.005360 -0.020804 0.999769
0.005360 0.020804 0.999769
0.707006 0.015232 0.707044
0.707006 -0.015232 0.707044
0.707043 -0.015232 0.707007
0.707043 0.015232 0.707007
0.972117 0.017060 0.233874
0.972117 -0.017060 0.233874
-0.972117 -0.017060 0.233874
-0.972117 0.017060 0.233874
-0.707043 0.015232 0.707007
-0.707043 -0.015232 0.707007
-0.707006 -0.015232 0.707044
-0.707006 0.015232 0.707044
-0.005360 0.020804 0.999769
-0.005360 -0.020804 0.999769
0.972117 -0.017060 -0.233874
0.972117 0.017060 -0.233874
0.707043 0.015232 -0.707007
0.707043 -0.015232 -0.707007
0.707006 -0.015232 -0.707044
0.707006 0.015232 -0.707044
0.005360 0.020804 -0.999769
0.005360 -0.020804 -0.999769
-0.005360 -0.020804 -0.999769
-0.005360 0.020804 -0.999769
-0.707006 0.015232 -0.707044
-0.707006 -0.015232 -0.707044
-0.707043 -0.015232 -0.707007
-0.707043 0.015232 -0.707007
-0.972117 0.017060 -0.233874
-0.972117 -0.017060 -0.233874
0.972135 -0.017066 0.233800
0.972135 0.017066 0.233800
0.972135 0.017066 -0.233800
0.972135 -0.017066 -0.233800
0.005077 -0.019680 0.999793
-0.005075 -0.019681 0.999793
-0.005077 0.019680 0.999793
0.005075 0.019681 0.999793
0.005075 -0.019681 -0.999793
0.005077 0.019680 -0.999793
-0.005075 0.019681 -0.999793
-0.005077 -0.019680 -0.999793
0.004185 0.971921 0.235270
-0.004185 0.971921 0.235270
-0.004185 0.971921 -0.235270
0.004185 0.971921 -0.235270
-0.972124 -0.016162 0.233911
-0.972124 -0.016162 -0.233911
-0.972124 0.016162 -0.233911
-0.972124 0.016162 0.233911
0.004185 -0.971921 0.235270
0.004185 -0.971921 -0.235270
-0.004185 -0.971921 -0.235270
-0.004185 -0.971921 0.235270
0.972109 -0.016222 0.233969
0.693416 -0.693393 0.195908
0.577353 -0.577365 0.577334
0.707048 -0.014372 0.707020
0.004236 -0.971911 0.235311
0.003728 -0.707092 0.707112
0.577336 -0.577352 0.577363
0.693399 -0.693398 0.195951
0.005111 -0.019675 0.999793
0.707061 -0.014444 0.707005
0.577363 -0.577334 0.577353
0.003710 -0.707103 0.707101
0.005057 0.019731 0.999793
0.003726 0.707112 0.707092
0.577335 0.577363 0.577353
0.707021 0.014369 0.707047
0.004223 0.971902 0.235348
0.693394 0.693415 0.195909
0.577365 0.577352 0.577334
0.003712 0.707101 0.707103
0.972117 0.016235 0.233933
0.707006 0.014446 0.707060
0.577353 0.577336 0.577362
0.693398 0.693399 0.195950
0.972117 -0.016235 -0.233933
0.707006 -0.014446 -0.707060
0.577353 -0.577336 -0.577362
0.693398 -0.693399 -0.195950
0.005057 -0.019731 -0.999793
0.003726 -0.707112 -0.707092
0.577335 -0.577363 -0.577353
0.707021 -0.014369 -0.707047
0.004223 -0.971902 -0.235348
0.693394 -0.693415 -0.195909
0.577365 -0.577352 -0.577334
0.003712 -0.707101 -0.707103
0.972109 0.016222 -0.233969
0.693416 0.693393 -0.195908
0.577353 0.577365 -0.577334
0.707048 0.014372 -0.707020
0.004236 0.971911 -0.235311
0.003728 0.707092 -0.707112
0.577336 0.577352 -0.577363
0.693399 0.693398 -0.195951
0.005111 0.019675 -0.999793
0.707061 0.014444 -0.707005
0.577363 0.577334 -0.577353
0.003710 0.707103 -0.707101
-0.005057 -0.019731 0.999793
-0.003726 -0.707112 0.707092
-0.577335 -0.577363 0.577353
-0.707021 -0.014369 0.707047
-0.004223 -0.971902 0.235348
-0.693394 -0.693415 0.195909
-0.577365 -0.577352 0.577334
-0.003712 -0.707101 0.707103
-0.972117 -0.016235 0.233933
-0.707006 -0.014446 0.707060
-0.577353 -0.577336 0.577362
-0.693398 -0.693399 0.195950
-0.005111 0.019675 0.999793
-0.707061 0.014444 0.707005
-0.577363 0.577334 0.577353
-0.003710 0.707103 0.707101
-0.972109 0.016222 0.233969
-0.693416 0.693393 0.195908
-0.577353 0.577365 0.577334
-0.707048 0.014372 0.707020
-0.004236 0.971911 0.235311
-0.003728 0.707092 0.707112
-0.577336 0.577352 0.577363
-0.693399 0.693398 0.195951
-0.972109 -0.016222 -0.233969
-0.693416 -0.693393 -0.195908
-0.577353 -0.577365 -0.577334
-0.707048 -0.014372 -0.707020
-0.004236 -0.971911 -0.235311
-0.003728 -0.707092 -0.707112
-0.577336 -0.577352 -0.577363
-0.693399 -0.693398 -0.195951
-0.005111 -0.019675 -0.999793
-0.707061 -0.014444 -0.707005
-0.577363 -0.577334 -0.577353
-0.003710 -0.707103 -0.707101
-0.005057 0.019731 -0.999793
-0.003726 0.707112 -0.707092
-0.577335 0.577363 -0.577353
-0.707021 0.014369 -0.707047
-0.004223 0.971902 -0.235348
-0.693394 0.693415 -0.195909
-0.577365 0.577352 -0.577334
-0.003712 0.707101 -0.707103
-0.972117 0.016235 -0.233933
-0.707006 0.014446 -0.707060
-0.577353 0.577336 -0.577362
-0.693398 0.693399 -0.195950
0.972121 -0.016173 0.233922
0.972121 -0.016173 -0.233922
0.693415 -0.693393 -0.195913
0.693415 -0.693393 0.195913
0.693393 -0.693415 0.195913
0.693393 -0.693415 -0.195913
0.004196 -0.971905 -0.235334
0.004196 -0.971905 0.235334
0.004193 -0.971902 0.235348
-0.004193 -0.971902 0.235348
-0.003724 -0.707139 0.707065
0.003724 -0.707139 0.707065
0.003724 -0.707065 0.707139
-0.003724 -0.707065 0.707139
-0.005066 -0.019722 0.999793
0.005066 -0.019722 0.999793
-0.004196 -0.971905 0.235334
-0.004196 -0.971905 -0.235334
-0.693393 -0.693415 -0.195913
-0.693393 -0.693415 0.195913
-0.693415 -0.693393 0.195913
-0.693415 -0.693393 -0.195913
-0.972121 -0.016173 -0.233922
-0.972121 -0.016173 0.233922
0.005066 -0.019722 -0.999793
-0.005066 -0.019722 -0.999793
-0.003724 -0.707065 -0.707139
0.003724 -0.707065 -0.707139
0.003724 -0.707139 -0.707065
-0.003724 -0.707139 -0.707065
-0.004193 -0.971902 -0.235348
0.004193 -0.971902 -0.235348
0.005066 0.019722 0.999793
-0.005066 0.019722 0.999793
-0.003724 0.707065 0.707139
0.003724 0.707065 0.707139
0.003724 0.707139 0.707065
-0.003724 0.707139 0.707065
-0.004193 0.971902 0.235348
0.004193 0.971902 0.235348
0.004196 0.971905 0.235334
0.004196 0.971905 -0.235334
0.693393 0.693415 -0.195913
0.693393 0.693415 0.195913
0.693415 0.693393 0.195913
0.693415 0.693393 -0.195913
0.972121 0.016173 -0.233922
0.972121 0.016173 0.233922
0.004193 0.971902 -0.235348
-0.004193 0.971902 -0.235348
-0.003724 0.707139 -0.707065
0.003724 0.707139 -0.707065
0.003724 0.707065 -0.707139
-0.003724 0.707065 -0.707139
-0.005066 0.019722 -0.999793
0.005066 0.019722 -0.999793
-0.972121 0.016173 0.233922
-0.972121 0.016173 -0.233922
-0.693415 0.693393 -0.195913
-0.693415 0.693393 0.195913
-0.693393 0.693415 0.195913
-0.693393 0.693415 -0.195913
-0.004196 0.971905 -0.235334
-0.004196 0.971905 0.235334
0.005111 0.019673 0.999793
0.707001 0.014405 0.707066
0.707001 -0.014405 0.707066
0.707065 -0.014405 0.707002
0.707065 0.014405 0.707002
0.972109 0.016165 0.233973
0.972109 -0.016165 0.233973
-0.972109 -0.016165 0.233973
-0.972109 0.016165 0.233973
-0.707065 0.014405 0.707002
-0.707065 -0.014405 0.707002
-0.707001 -0.014405 0.707066
-0.707001 0.014405 0.707066
-0.005111 -0.019673 0.999793
0.972109 -0.016165 -0.233973
0.972109 0.016165 -0.233973
0.707065 0.014405 -0.707002
0.707065 -0.014405 -0.707002
0.707001 -0.014405 -0.707066
0.707001 0.014405 -0.707066
0.005111 -0.019673 -0.999793
-0.005111 0.019673 -0.999793
-0.707001 0.014405 -0.707066
-0.707001 -0.014405 -0.707066
-0.707065 -0.014405 -0.707002
-0.707065 0.014405 -0.707002
-0.972109 0.016165 -0.233973
-0.972109 -0.016165 -0.233973
0.972124 -0.016162 0.233911
0.972124 0.016162 0.233911
0.972124 0.016162 -0.233911
0.972124 -0.016162 -0.233911
0.004274 -0.016373 0.999857
-0.004272 -0.016373 0.999857
-0.004274 0.016373 0.999857
0.004272 0.016373 0.999857
0.004272 -0.016373 -0.999857
0.004274 0.016373 -0.999857
-0.004272 0.016373 -0.999857
-0.004274 -0.016373 -0.999857
0.003509 0.971898 0.235374
-0.003509 0.971898 0.235374
-0.003509 0.971898 -0.235374
0.003509 0.971898 -0.235374
-0.972090 -0.013410 0.234225
-0.972090 -0.013376 -0.234227
-0.972090 0.013410 -0.234225
-0.972090 0.013376 0.234227
0.003509 -0.971898 0.235374
0.003509 -0.971898 -0.235374
-0.003509 -0.971898 -0.235374
-0.003509 -0.971898 0.235374
0.972072 -0.013455 0.234296
0.693416 -0.693395 0.195904
0.577355 -0.577366 0.577330
0.707071 -0.011898 0.707043
0.003535 -0.971894 0.235393
0.003142 -0.707090 0.707117
0.577337 -0.577351 0.577363
0.693400 -0.693398 0.195951
0.004307 -0.016334 0.999857
0.707089 -0.011969 0.707023
0.577365 -0.577335 0.577351
0.003125 -0.707109 0.707098
0.004252 0.016391 0.999857
0.003141 0.707118 0.707089
0.577336 0.577364 0.577351
0.707048 0.011894 0.707065
0.003522 0.971885 0.235430
0.693394 0.693415 0.195909
0.577365 0.577351 0.577334
0.003127 0.707099 0.707108
0.972081 0.013468 0.234260
0.707028 0.011972 0.707084
0.577355 0.577337 0.577359
0.693398 0.693400 0.195946
0.972081 -0.013467 -0.234259
0.707029 -0.011972 -0.707084
0.577355 -0.577337 -0.577358
0.693399 -0.693400 -0.195946
0.004250 -0.016389 -0.999857
0.003139 -0.707117 -0.707090
0.577335 -0.577363 -0.577353
0.707047 -0.011894 -0.707066
0.003522 -0.971885 -0.235431
0.693394 -0.693415 -0.195909
0.577365 -0.577352 -0.577334
0.003126 -0.707099 -0.707108
0.972072 0.013455 -0.234296
0.693416 0.693395 -0.195904
0.577355 0.577366 -0.577330
0.707071 0.011898 -0.707043
0.003535 0.971894 -0.235393
0.003142 0.707090 -0.707117
0.577337 0.577351 -0.577363
0.693400 0.693398 -0.195951
0.004307 0.016334 -0.999857
0.707089 0.011969 -0.707023
0.577365 0.577335 -0.577351
0.003125 0.707109 -0.707098
-0.004252 -0.016391 0.999857
-0.003141 -0.707118 0.707089
-0.577336 -0.577364 0.577351
-0.707048 -0.011894 0.707065
-0.003522 -0.971885 0.235430
-0.693394 -0.693415 0.195909
-0.577365 -0.577351 0.577334
-0.003127 -0.707099 0.707108
-0.972081 -0.013468 0.234260
-0.707028 -0.011972 0.707084
-0.577355 -0.577337 0.577359
-0.693398 -0.693400 0.195946
-0.004305 0.016332 0.999857
-0.707088 0.011968 0.707024
-0.577363 0.577334 0.577353
-0.003124 0.707108 0.707099
-0.972072 0.013454 0.234296
-0.693416 0.693394 0.195904
-0.577356 0.577365 0.577330
-0.707071 0.011898 0.707043
-0.003535 0.971894 0.235393
-0.003142 0.707090 0.707117
-0.577337 0.577351 0.577363
-0.693400 0.693398 0.195951
-0.972072 -0.013455 -0.234296
-0.693416 -0.693395 -0.195904
-0.577355 -0.577366 -0.577330
-0.707071 -0.011898 -0.707043
-0.003535 -0.971894 -0.235393
-0.003142 -0.707090 -0.707117
-0.577337 -0.577351 -0.577363
-0.693400 -0.693398 -0.195951
-0.004307 -0.016334 -0.999857
-0.707089 -0.011969 -0.707023
-0.577365 -0.577335 -0.577351
-0.003125 -0.707109 -0.707098
-0.004252 0.016391 -0.999857
-0.003141 0.707118 -0.707089
-0.577336 0.577364 -0.577351
-0.707048 0.011894 -0.707065
-0.003522 0.971885 -0.235430
-0.693394 0.693415 -0.195909
-0.577365 0.577351 -0.577334
-0.003127 0.707099 -0.707108
-0.972081 0.013468 -0.234260
-0.707028 0.011972 -0.707084
-0.577355 0.577337 -0.577359
-0.693398 0.693400 -0.195946
0.972084 -0.013421 0.234251
0.972084 -0.013421 -0.234250
0.693414 -0.693394 -0.195912
0.693415 -0.693393 0.195914
0.693394 -0.693413 0.195915
0.693394 -0.693414 -0.195910
0.003532 -0.971887 -0.235421
0.003531 -0.971886 0.235427
0.003502 -0.971886 0.235427
-0.003524 -0.971886 0.235428
-0.003118 -0.707136 0.707071
0.003118 -0.707136 0.707071
0.003118 -0.707070 0.707136
-0.003118 -0.707070 0.707136
-0.004263 -0.016406 0.999856
0.004263 -0.016406 0.999856
-0.003532 -0.971886 0.235424
-0.003532 -0.971886 -0.235424
-0.693395 -0.693413 -0.195913
-0.693414 -0.693394 0.195913
-0.693414 -0.693394 -0.195913
-0.972084 -0.013422 -0.234250
-0.972084 -0.013422 0.234250
0.004263 -0.016406 -0.999856
-0.004263 -0.016406 -0.999856
-0.003118 -0.707070 -0.707137
0.003118 -0.707070 -0.707137
0.003118 -0.707136 -0.707071
-0.003118 -0.707136 -0.707070
-0.003502 -0.971886 -0.235427
0.003502 -0.971886 -0.235427
0.004263 0.016406 0.999856
-0.004263 0.016406 0.999856
-0.003118 0.707070 0.707137
0.003118 0.707070 0.707137
0.003118 0.707136 0.707070
-0.003118 0.707136 0.707071
-0.003502 0.971886 0.235427
0.003524 0.971886 0.235427
0.003532 0.971886 0.235424
0.003532 0.971886 -0.235424
0.693395 0.693413 -0.195913
0.693414 0.693394 0.195913
0.693414 0.693394 -0.195913
0.972084 0.013422 -0.234250
0.972084 0.013422 0.234250
0.003502 0.971886 -0.235427
-0.003524 0.971886 -0.235428
-0.003118 0.707136 -0.707071
0.003118 0.707136 -0.707071
0.003118 0.707070 -0.707136
-0.003118 0.707070 -0.707136
-0.004263 0.016406 -0.999856
0.004263 0.016406 -0.999856
-0.972084 0.013421 0.234250
-0.972084 0.013421 -0.234251
-0.693415 0.693393 -0.195914
-0.693414 0.693394 0.195912
-0.693394 0.693414 0.195910
-0.693394 0.693413 -0.195915
-0.003531 0.971886 -0.235427
-0.003532 0.971887 0.235421
0.004293 -0.016329 0.999857
0.004293 0.016329 0.999857
0.707046 0.011927 0.707067
0.707046 -0.011927 0.707067
0.707066 -0.011927 0.707047
0.707066 0.011927 0.707047
0.972074 0.013402 0.234292
0.972074 -0.013402 0.234292
-0.972074 -0.013402 0.234292
-0.972074 0.013402 0.234292
-0.707066 0.011927 0.707047
-0.707066 -0.011927 0.707047
-0.707046 -0.011927 0.707067
-0.707046 0.011927 0.707067
-0.004293 0.016329 0.999857
-0.004293 -0.016329 0.999857
0.972074 -0.013402 -0.234292
0.972074 0.013402 -0.234292
0.707066 0.011927 -0.707047
0.707066 -0.011927 -0.707047
0.707046 -0.011927 -0.707067
0.707046 0.011927 -0.707067
0.004293 0.016329 -0.999857
0.004293 -0.016329 -0.999857
-0.004293 -0.016329 -0.999857
-0.004293 0.016329 -0.999857
-0.707046 0.011927 -0.707067
-0.707046 -0.011927 -0.707067
-0.707066 -0.011927 -0.707047
-0.707066 0.011927 -0.707047
-0.972074 0.013402 -0.234292
-0.972074 -0.013402 -0.234292
0.972090 -0.013376 0.234227
0.972090 0.013410 0.234225
0.972090 0.013376 -0.234227
0.972090 -0.013410 -0.234225
0.003720 -0.014140 0.999893
-0.003720 -0.014140 0.999893
-0.003720 0.014140 0.999893
0.003720 0.014140 0.999893
0.003720 -0.014140 -0.999893
0.003720 0.014140 -0.999893
-0.003720 0.014140 -0.999893
-0.003720 -0.014140 -0.999893
0.003070 0.971887 0.235427
-0.003070 0.971887 0.235427
-0.003070 0.971887 -0.235427
0.003070 0.971887 -0.235427
-0.972068 -0.011562 0.234416
-0.972068 -0.011562 -0.234416
-0.972068 0.011562 -0.234416
-0.972068 0.011562 0.234416
0.003070 -0.971887 0.235427
0.003070 -0.971887 -0.235427
-0.003070 -0.971887 -0.235427
-0.003070 -0.971887 0.235427
0.972047 -0.011621 0.234499
0.693414 -0.693395 0.195908
0.577351 -0.577366 0.577333
0.707071 -0.010266 0.707068
0.003101 -0.971879 0.235459
0.002733 -0.707071 0.707137
0.577338 -0.577350 0.577363
0.693401 -0.693396 0.195951
0.003761 -0.014140 0.999893
0.707085 -0.010364 0.707053
0.577364 -0.577335 0.577353
0.002713 -0.707128 0.707081
0.003707 0.014198 0.999892
0.002729 0.707137 0.707071
0.577335 0.577363 0.577352
0.707044 0.010290 0.707095
0.003087 0.971870 0.235496
0.693395 0.693414 0.195909
0.577366 0.577350 0.577335
0.002716 0.707080 0.707128
0.972055 0.011634 0.234466
0.707085 0.010310 0.707053
0.577349 0.577338 0.577364
0.693396 0.693401 0.195953
0.972055 -0.011634 -0.234466
0.707085 -0.010310 -0.707053
0.577349 -0.577338 -0.577364
0.693396 -0.693401 -0.195953
0.003707 -0.014198 -0.999892
0.002729 -0.707137 -0.707071
0.577335 -0.577363 -0.577352
0.707044 -0.010290 -0.707095
0.003087 -0.971870 -0.235496
0.693395 -0.693414 -0.195909
0.577366 -0.577350 -0.577335
0.002716 -0.707080 -0.707128
0.972047 0.011621 -0.234499
0.693414 0.693395 -0.195908
0.577351 0.577366 -0.577333
0.707071 0.010266 -0.707068
0.003101 0.971879 -0.235459
0.002733 0.707071 -0.707137
0.577338 0.577350 -0.577363
0.693401 0.693396 -0.195951
0.003761 0.014140 -0.999893
0.707085 0.010364 -0.707053
0.577364 0.577335 -0.577353
0.002713 0.707128 -0.707081
-0.003707 -0.014198 0.999892
-0.002729 -0.707137 0.707071
-0.577335 -0.577363 0.577352
-0.707044 -0.010290 0.707095
-0.003087 -0.971870 0.235496
-0.693395 -0.693414 0.195909
-0.577366 -0.577350 0.577335
-0.002716 -0.707080 0.707128
-0.972055 -0.011634 0.234466
-0.707085 -0.010310 0.707053
-0.577349 -0.577338 0.577364
-0.693396 -0.693401 0.195953
-0.003761 0.014140 0.999893
-0.707085 0.010364 0.707053
-0.577364 0.577335 0.577353
-0.002713 0.707128 0.707081
-0.972047 0.011621 0.234499
-0.693414 0.693395 0.195908
-0.577351 0.577366 0.577333
-0.707071 0.010266 0.707068
-0.003101 0.971879 0.235459
-0.002733 0.707071 0.707137
-0.577338 0.577350 0.577363
-0.693401 0.693396 0.195951
-0.972047 -0.011621 -0.234499
-0.693414 -0.693395 -0.195908
-0.577351 -0.577366 -0.577333
-0.707071 -0.010266 -0.707068
-0.003101 -0.971879 -0.235459
-0.002733 -0.707071 -0.707137
-0.577338 -0.577350 -0.577363
-0.693401 -0.693396 -0.195951
-0.003761 -0.014140 -0.999893
-0.707085 -0.010364 -0.707053
-0.577364 -0.577335 -0.577353
-0.002713 -0.707128 -0.707081
-0.003707 0.014198 -0.999892
-0.002729 0.707137 -0.707071
-0.577335 0.577363 -0.577352
-0.707044 0.010290 -0.707095
-0.003087 0.971870 -0.235496
-0.693395 0.693414 -0.195909
-0.577366 0.577350 -0.577335
-0.002716 0.707080 -0.707128
-0.972055 0.011634 -0.234466
-0.707085 0.010310 -0.707053
-0.577349 0.577338 -0.577364
-0.693396 0.693401 -0.195953
0.972058 -0.011601 0.234454
0.972058 -0.011601 -0.234454
0.693412 -0.693396 -0.195913
0.693394 -0.693414 0.195913
0.003104 -0.971881 -0.235450
0.003104 -0.971881 0.235450
0.003056 -0.971867 0.235510
-0.003056 -0.971867 0.235510
0.002733 -0.707136 0.707073
-0.002733 -0.707072 0.707136
-0.003703 -0.014195 0.999892
0.003703 -0.014195 0.999892
-0.003104 -0.971881 0.235450
-0.003104 -0.971881 -0.235450
-0.693394 -0.693414 -0.195913
-0.693412 -0.693396 0.195913
-0.972058 -0.011601 -0.234454
-0.972058 -0.011601 0.234454
0.003703 -0.014195 -0.999892
-0.003703 -0.014195 -0.999892
0.002733 -0.707073 -0.707136
-0.002733 -0.707136 -0.707073
-0.003057 -0.971878 -0.235464
0.003057 -0.971878 -0.235464
0.003703 0.014195 0.999892
-0.003703 0.014195 0.999892
0.002733 0.707073 0.707136
-0.002733 0.707136 0.707073
-0.003057 0.971878 0.235464
0.003057 0.971878 0.235464
0.003104 0.971881 0.235450
0.003104 0.971881 -0.235450
0.693394 0.693414 -0.195913
0.693412 0.693396 0.195913
0.972058 0.011601 -0.234454
0.972058 0.011601 0.234454
0.003056 0.971867 -0.235510
-0.003056 0.971867 -0.235510
0.002733 0.707136 -0.707073
-0.002733 0.707072 -0.707136
-0.003703 0.014195 -0.999892
0.003703 0.014195 -0.999892
-0.972058 0.011601 0.234454
-0.972058 0.011601 -0.234454
-0.693412 0.693396 -0.195913
-0.693394 0.693414 0.195913
-0.003104 0.971881 -0.235450
-0.003104 0.971881 0.235450
0.003733 -0.014113 0.999893
0.003735 0.014167 0.999893
0.707058 0.010275 0.707081
0.707057 -0.010330 0.707082
0.707080 -0.010275 0.707059
0.707080 0.010330 0.707058
0.972040 0.011561 0.234533
0.972039 -0.011584 0.234534
-0.972040 -0.011561 0.234533
-0.972039 0.011584 0.234534
-0.707080 0.010275 0.707059
-0.707080 -0.010330 0.707058
-0.707058 -0.010275 0.707081
-0.707057 0.010330 0.707082
-0.003733 0.014113 0.999893
-0.003735 -0.014167 0.999893
0.972040 -0.011561 -0.234533
0.972039 0.011584 -0.234534
0.707080 0.010275 -0.707059
0.707080 -0.010330 -0.707058
0.707058 -0.010275 -0.707081
0.707057 0.010330 -0.707082
0.003733 0.014113 -0.999893
0.003735 -0.014167 -0.999893
-0.003733 -0.014113 -0.999893
-0.003735 0.014167 -0.999893
-0.707058 0.010275 -0.707081
-0.707057 -0.010330 -0.707082
-0.707080 -0.010275 -0.707059
-0.707080 0.010330 -0.707058
-0.972040 0.011561 -0.234533
-0.972039 -0.011584 -0.234534
0.972068 -0.011562 0.234416
0.972068 0.011562 0.234416
0.972068 0.011562 -0.234416
0.972068 -0.011562 -0.234416
0.003789 -0.014419 0.999889
-0.003789 -0.014419 0.999889
-0.003789 0.014419 0.999889
0.003789 0.014419 0.999889
0.003789 -0.014419 -0.999889
0.003789 0.014419 -0.999889
-0.003789 0.014419 -0.999889
-0.003789 -0.014419 -0.999889
0.003103 0.971899 0.235380
-0.003103 0.971899 0.235380
-0.003103 0.971899 -0.235380
0.003103 0.971899 -0.235380
-0.972068 -0.011798 0.234405
-0.972068 -0.011798 -0.234405
-0.972068 0.011798 -0.234405
-0.972068 0.011798 0.234405
0.003103 -0.971899 0.235380
0.003103 -0.971899 -0.235380
-0.003103 -0.971899 -0.235380
-0.003103 -0.971899 0.235380
0.972049 -0.011839 0.234480
0.693413 -0.693394 0.195917
0.577345 -0.577365 0.577341
0.707073 -0.010467 0.707063
0.003162 -0.971887 0.235426
0.002761 -0.707098 0.707111
0.577337 -0.577351 0.577362
0.693400 -0.693397 0.195950
0.003803 -0.014459 0.999888
0.707101 -0.010542 0.707034
0.577366 -0.577337 0.577348
0.002745 -0.707105 0.707103
0.003794 0.014468 0.999888
0.002760 0.707114 0.707094
0.577337 0.577366 0.577348
0.707059 0.010468 0.707077
0.003150 0.971878 0.235464
0.693395 0.693414 0.195908
0.577366 0.577351 0.577334
0.002746 0.707107 0.707101
0.972058 0.011852 0.234443
0.707031 0.010541 0.707104
0.577344 0.577337 0.577370
0.693395 0.693399 0.195959
0.972058 -0.011852 -0.234443
0.707031 -0.010540 -0.707104
0.577345 -0.577336 -0.577369
0.693396 -0.693399 -0.195959
0.003795 -0.014468 -0.999888
0.002762 -0.707114 -0.707095
0.577338 -0.577365 -0.577347
0.707060 -0.010467 -0.707076
0.003150 -0.971878 -0.235464
0.693395 -0.693414 -0.195908
0.577366 -0.577351 -0.577334
0.002746 -0.707107 -0.707101
0.972049 0.011839 -0.234480
0.693413 0.693394 -0.195917
0.577345 0.577365 -0.577341
0.707073 0.010467 -0.707063
0.003162 0.971887 -0.235426
0.002761 0.707098 -0.707111
0.577337 0.577351 -0.577362
0.693400 0.693397 -0.195950
0.003803 0.014459 -0.999888
0.707101 0.010542 -0.707034
0.577366 0.577337 -0.577348
0.002745 0.707105 -0.707103
-0.003794 -0.014468 0.999888
-0.002760 -0.707114 0.707094
-0.577337 -0.577366 0.577348
-0.707059 -0.010468 0.707077
-0.003150 -0.971878 0.235464
-0.693395 -0.693414 0.195908
-0.577366 -0.577351 0.577334
-0.002746 -0.707107 0.707101
-0.972058 -0.011852 0.234443
-0.707031 -0.010541 0.707104
-0.577344 -0.577337 0.577370
-0.693395 -0.693399 0.195959
-0.003804 0.014459 0.999888
-0.707101 0.010542 0.707034
-0.577367 0.577337 0.577347
-0.002746 0.707105 0.707103
-0.972049 0.011839 0.234479
-0.693413 0.693393 0.195917
-0.577345 0.577365 0.577341
-0.707074 0.010466 0.707062
-0.003163 0.971887 0.235426
-0.002763 0.707098 0.707110
-0.577338 0.577350 0.577362
-0.693401 0.693396 0.195950
-0.972049 -0.011839 -0.234480
-0.693413 -0.693394 -0.195917
-0.577345 -0.577365 -0.577341
-0.707073 -0.010467 -0.707063
-0.003162 -0.971887 -0.235426
-0.002761 -0.707098 -0.707111
-0.577337 -0.577351 -0.577362
-0.693400 -0.693397 -0.195950
-0.003803 -0.014459 -0.999888
-0.707101 -0.010542 -0.707034
-0.577366 -0.577337 -0.577348
-0.002745 -0.707105 -0.707103
-0.003794 0.014468 -0.999888
-0.002760 0.707114 -0.707094
-0.577337 0.577366 -0.577348
-0.707059 0.010468 -0.707077
-0.003150 0.971878 -0.235464
-0.693395 0.693414 -0.195908
-0.577366 0.577351 -0.577334
-0.002746 0.707107 -0.707101
-0.972058 0.011852 -0.234443
-0.707031 0.010541 -0.707104
-0.577344 0.577337 -0.577370
-0.693395 0.693399 -0.195959
0.972052 -0.011829 0.234468
0.972054 -0.011830 -0.234460
0.693414 -0.693395 -0.195909
0.693411 -0.693396 0.195916
0.693394 -0.693414 0.195913
0.693393 -0.693415 -0.195912
0.003145 -0.971887 -0.235427
0.003145 -0.971887 0.235427
0.003124 -0.971878 0.235464
-0.003124 -0.971878 0.235464
-0.002788 -0.707137 0.707072
0.002788 -0.707137 0.707072
0.002788 -0.707072 0.707136
-0.002788 -0.707072 0.707136
-0.003806 -0.014482 0.999888
0.003807 -0.014483 0.999888
-0.003146 -0.971887 0.235427
-0.003145 -0.971887 -0.235427
-0.693394 -0.693414 -0.195913
-0.693394 -0.693414 0.195913
-0.693412 -0.693396 0.195913
-0.693412 -0.693396 -0.195913
-0.972053 -0.011830 -0.234464
-0.972053 -0.011830 0.234464
0.003806 -0.014483 -0.999888
-0.003807 -0.014483 -0.999888
-0.002788 -0.707072 -0.707136
0.002788 -0.707072 -0.707136
0.002788 -0.707136 -0.707072
-0.002788 -0.707136 -0.707072
-0.003124 -0.971878 -0.235465
0.003124 -0.971878 -0.235465
0.003806 0.014483 0.999888
-0.003807 0.014483 0.999888
-0.002788 0.707072 0.707136
0.002788 0.707072 0.707136
0.002788 0.707136 0.707072
-0.002788 0.707136 0.707072
-0.003124 0.971878 0.235465
0.003124 0.971878 0.235465
0.003146 0.971887 0.235427
0.003145 0.971887 -0.235427
0.693394 0.693414 -0.195913
0.693394 0.693414 0.195913
0.693412 0.693396 0.195913
0.693412 0.693396 -0.195913
0.972053 0.011830 -0.234464
0.972053 0.011830 0.234464
0.003124 0.971878 -0.235464
-0.003124 0.971878 -0.235464
-0.002788 0.707137 -0.707072
0.002788 0.707137 -0.707072
0.002788 0.707072 -0.707136
-0.002788 0.707072 -0.707136
-0.003806 0.014482 -0.999888
0.003807 0.014483 -0.999888
-0.972054 0.011830 0.234460
-0.972052 0.011829 -0.234468
-0.693411 0.693396 -0.195916
-0.693414 0.693395 0.195909
-0.693393 0.693415 0.195912
-0.693394 0.693414 -0.195913
-0.003146 0.971887 -0.235427
-0.003145 0.971887 0.235427
0.003839 -0.014436 0.999888
0.003839 0.014436 0.999888
0.707051 0.010495 0.707085
0.707051 -0.010495 0.707085
0.707085 -0.010495 0.707051
0.707085 0.010495 0.707051
0.972045 0.011811 0.234499
0.972045 -0.011811 0.234499
-0.972045 -0.011811 0.234499
-0.972045 0.011811 0.234499
-0.707085 0.010495 0.707051
-0.707085 -0.010495 0.707051
-0.707051 -0.010495 0.707085
-0.707051 0.010495 0.707085
-0.003839 0.014437 0.999888
-0.003839 -0.014436 0.999888
0.972045 -0.011811 -0.234499
0.972045 0.011811 -0.234499
0.707085 0.010495 -0.707051
0.707085 -0.010495 -0.707051
0.707051 -0.010495 -0.707085
0.707051 0.010495 -0.707085
0.003839 0.014436 -0.999888
0.003839 -0.014437 -0.999888
-0.003839 -0.014436 -0.999888
-0.003839 0.014436 -0.999888
-0.707051 0.010495 -0.707085
-0.707051 -0.010495 -0.707085
-0.707085 -0.010495 -0.707051
-0.707085 0.010495 -0.707051
-0.972045 0.011811 -0.234499
-0.972045 -0.011811 -0.234499
0.972068 -0.011798 0.234405
0.972068 0.011798 0.234405
0.972068 0.011798 -0.234405
0.972068 -0.011798 -0.234405
0.004238 -0.016234 0.999859
-0.004238 -0.016234 0.999859
-0.004238 0.016234 0.999859
0.004238 0.016234 0.999859
0.004238 -0.016234 -0.999859
0.004238 0.016234 -0.999859
-0.004238 0.016234 -0.999859
-0.004238 -0.016234 -0.999859
0.003476 0.971899 0.235375
-0.003509 0.971899 0.235374
-0.003476 0.971899 -0.235375
0.003509 0.971899 -0.235374
-0.972090 -0.013309 0.234230
-0.972090 -0.013309 -0.234230
-0.972090 0.013309 -0.234230
-0.972090 0.013309 0.234230
0.003509 -0.971899 0.235374
0.003476 -0.971899 -0.235375
-0.003509 -0.971899 -0.235374
-0.003476 -0.971899 0.235375
0.972067 -0.013347 0.234323
0.693413 -0.693393 0.195917
0.577345 -0.577365 0.577341
0.707034 -0.011867 0.707080
0.003533 -0.971894 0.235392
0.003140 -0.707090 0.707117
0.577335 -0.577352 0.577363
0.693398 -0.693399 0.195952
0.004241 -0.016268 0.999859
0.707085 -0.011884 0.707028
0.577366 -0.577337 0.577347
0.003126 -0.707110 0.707096
0.004231 0.016277 0.999859
0.003142 0.707119 0.707087
0.577338 0.577365 0.577348
0.707077 0.011868 0.707037
0.003521 0.971885 0.235430
0.693393 0.693416 0.195909
0.577364 0.577352 0.577335
0.003124 0.707099 0.707108
0.972076 0.013360 0.234286
0.707026 0.011883 0.707087
0.577346 0.577336 0.577368
0.693396 0.693399 0.195958
0.972076 -0.013361 -0.234286
0.707026 -0.011883 -0.707088
0.577345 -0.577337 -0.577369
0.693396 -0.693400 -0.195958
0.004232 -0.016277 -0.999859
0.003143 -0.707119 -0.707087
0.577338 -0.577365 -0.577347
0.707077 -0.011867 -0.707037
0.003522 -0.971884 -0.235432
0.693394 -0.693415 -0.195911
0.577365 -0.577350 -0.577336
0.003125 -0.707097 -0.707109
0.972067 0.013347 -0.234323
0.693413 0.693393 -0.195917
0.577345 0.577365 -0.577341
0.707034 0.011867 -0.707080
0.003533 0.971894 -0.235392
0.003140 0.707090 -0.707117
0.577335 0.577352 -0.577363
0.693398 0.693399 -0.195952
0.004241 0.016268 -0.999859
0.707085 0.011884 -0.707028
0.577366 0.577337 -0.577347
0.003126 0.707110 -0.707096
-0.004231 -0.016277 0.999859
-0.003142 -0.707119 0.707087
-0.577338 -0.577365 0.577348
-0.707077 -0.011868 0.707037
-0.003521 -0.971885 0.235430
-0.693393 -0.693416 0.195909
-0.577364 -0.577352 0.577335
-0.003124 -0.707099 0.707108
-0.972076 -0.013360 0.234286
-0.707026 -0.011883 0.707087
-0.577346 -0.577336 0.577368
-0.693396 -0.693399 0.195958
-0.004241 0.016268 0.999859
-0.707086 0.011883 0.707028
-0.577367 0.577337 0.577347
-0.003068 0.707077 0.707130
-0.972067 0.013348 0.234324
-0.693413 0.693394 0.195917
-0.577345 0.577365 0.577341
-0.707034 0.011867 0.707080
-0.003536 0.971893 0.235395
-0.003141 0.707088 0.707118
-0.577337 0.577349 0.577365
-0.693400 0.693397 0.195953
-0.972067 -0.013347 -0.234323
-0.693413 -0.693393 -0.195917
-0.577345 -0.577365 -0.577341
-0.707034 -0.011867 -0.707080
-0.003533 -0.971894 -0.235392
-0.003140 -0.707090 -0.707117
-0.577335 -0.577352 -0.577363
-0.693398 -0.693399 -0.195952
-0.004241 -0.016268 -0.999859
-0.707085 -0.011884 -0.707028
-0.577366 -0.577337 -0.577347
-0.003126 -0.707110 -0.707096
-0.004231 0.016277 -0.999859
-0.003142 0.707119 -0.707087
-0.577338 0.577365 -0.577348
-0.707077 0.011868 -0.707037
-0.003521 0.971885 -0.235430
-0.693393 0.693416 -0.195909
-0.577364 0.577352 -0.577335
-0.003124 0.707099 -0.707108
-0.972076 0.013360 -0.234286
-0.707026 0.011883 -0.707087
-0.577346 0.577336 -0.577368
-0.693396 0.693399 -0.195958
0.972086 -0.013310 0.234246
0.972073 -0.013341 -0.234297
0.693413 -0.693395 -0.195913
0.693412 -0.693396 0.195913
0.693395 -0.693413 0.195913
0.003501 -0.971899 -0.235371
0.003501 -0.971899 0.235371
0.003480 -0.971886 0.235424
-0.003502 -0.971886 0.235425
-0.003118 -0.707137 0.707069
0.003118 -0.707137 0.707069
0.003118 -0.707069 0.707137
-0.003118 -0.707069 0.707137
-0.004265 -0.016309 0.999858
0.004265 -0.016309 0.999858
-0.003500 -0.971899 0.235371
-0.003500 -0.971899 -0.235371
-0.693394 -0.693414 -0.195913
-0.693394 -0.693414 0.195913
-0.693413 -0.693395 0.195913
-0.693413 -0.693395 -0.195913
-0.972073 -0.013341 -0.234298
-0.972073 -0.013341 0.234298
0.004265 -0.016309 -0.999858
-0.004265 -0.016309 -0.999858
-0.003118 -0.707070 -0.707137
0.003118 -0.707070 -0.707137
0.003118 -0.707137 -0.707070
-0.003118 -0.707137 -0.707070
-0.003480 -0.971886 -0.235425
0.003502 -0.971886 -0.235426
0.004265 0.016309 0.999858
-0.004265 0.016309 0.999858
-0.003118 0.707070 0.707137
0.003118 0.707070 0.707137
0.003118 0.707137 0.707070
-0.003118 0.707137 0.707070
-0.003480 0.971886 0.235425
0.003502 0.971886 0.235426
0.003500 0.971899 0.235371
0.003500 0.971899 -0.235371
0.693394 0.693414 -0.195913
0.693394 0.693414 0.195913
0.693413 0.693395 0.195913
0.693413 0.693395 -0.195913
0.972073 0.013341 -0.234298
0.972073 0.013341 0.234298
0.003480 0.971886 -0.235424
-0.003502 0.971886 -0.235425
-0.003118 0.707137 -0.707069
0.003118 0.707137 -0.707069
0.003118 0.707069 -0.707137
-0.003118 0.707069 -0.707137
-0.004265 0.016309 -0.999858
0.004265 0.016309 -0.999858
-0.972073 0.013341 0.234297
-0.972073 0.013341 -0.234298
-0.693412 0.693396 -0.195913
-0.693413 0.693395 0.195913
-0.693395 0.693413 0.195912
-0.693395 0.693413 -0.195913
-0.003501 0.971899 -0.235371
-0.003501 0.971899 0.235371
0.004291 -0.016220 0.999859
0.004293 0.016275 0.999858
0.707049 0.011872 0.707065
0.707049 -0.011872 0.707065
0.707064 -0.011872 0.707050
0.707064 0.011872 0.707050
0.972076 0.013313 0.234288
0.972076 -0.013313 0.234288
-0.972076 -0.013313 0.234288
-0.972076 0.013313 0.234288
-0.707064 0.011872 0.707050
-0.707064 -0.011872 0.707050
-0.707049 -0.011872 0.707065
-0.707049 0.011872 0.707065
-0.004290 0.016220 0.999859
-0.004293 -0.016275 0.999858
0.972076 -0.013313 -0.234288
0.972076 0.013313 -0.234288
0.707064 0.011872 -0.707050
0.707064 -0.011872 -0.707050
0.707049 -0.011872 -0.707065
0.707049 0.011872 -0.707065
0.004290 0.016220 -0.999859
0.004293 -0.016275 -0.999858
-0.004291 -0.016220 -0.999859
-0.004293 0.016275 -0.999858
-0.707049 0.011872 -0.707065
-0.707049 -0.011872 -0.707065
-0.707064 -0.011872 -0.707050
-0.707064 0.011872 -0.707050
-0.972076 0.013313 -0.234288
-0.972076 -0.013313 -0.234288
0.972090 -0.013309 0.234230
0.972090 0.013309 0.234230
0.972090 0.013309 -0.234230
0.972090 -0.013309 -0.234230
0.003813 -0.014512 0.999887
-0.003813 -0.014512 0.999887
-0.003813 0.014512 0.999887
0.003813 0.014512 0.999887
0.003813 -0.014512 -0.999887
0.003813 0.014512 -0.999887
-0.003813 0.014512 -0.999887
-0.003813 -0.014512 -0.999887
0.003137 0.971898 0.235379
-0.003137 0.971898 0.235379
-0.003137 0.971898 -0.235379
0.003137 0.971898 -0.235379
-0.972068 -0.011865 0.234401
-0.972068 -0.011865 -0.234401
-0.972068 0.011865 -0.234401
-0.972068 0.011865 0.234401
0.003137 -0.971898 0.235379
0.003137 -0.971898 -0.235379
-0.003137 -0.971898 -0.235379
-0.003137 -0.971898 0.235379
0.972058 -0.011898 0.234441
0.693417 -0.693392 0.195909
0.577353 -0.577363 0.577334
0.707072 -0.010552 0.707063
0.003160 -0.971887 0.235427
0.002761 -0.707097 0.707111
0.577336 -0.577353 0.577362
0.693399 -0.693398 0.195950
0.003834 -0.014491 0.999888
0.707073 -0.010568 0.707062
0.577364 -0.577335 0.577352
0.002745 -0.707103 0.707105
0.003825 0.014500 0.999888
0.002760 0.707112 0.707096
0.577336 0.577363 0.577352
0.707064 0.010552 0.707071
0.003148 0.971878 0.235465
0.693395 0.693415 0.195908
0.577365 0.577352 0.577334
0.002746 0.707106 0.707102
0.972056 0.011895 0.234447
0.707066 0.010568 0.707069
0.577355 0.577335 0.577361
0.693400 0.693398 0.195948
0.972056 -0.011895 -0.234447
0.707066 -0.010568 -0.707069
0.577355 -0.577335 -0.577361
0.693400 -0.693398 -0.195948
0.003825 -0.014500 -0.999888
0.002760 -0.707112 -0.707096
0.577336 -0.577363 -0.577352
0.707064 -0.010552 -0.707071
0.003148 -0.971878 -0.235465
0.693395 -0.693415 -0.195908
0.577365 -0.577352 -0.577334
0.002746 -0.707106 -0.707102
0.972058 0.011898 -0.234441
0.693417 0.693392 -0.195909
0.577353 0.577363 -0.577334
0.707072 0.010552 -0.707063
0.003160 0.971887 -0.235427
0.002761 0.707097 -0.707111
0.577336 0.577353 -0.577362
0.693399 0.693398 -0.195950
0.003834 0.014491 -0.999888
0.707073 0.010568 -0.707062
0.577364 0.577335 -0.577352
0.002745 0.707103 -0.707105
-0.003825 -0.014500 0.999888
-0.002760 -0.707112 0.707096
-0.577336 -0.577363 0.577352
-0.707064 -0.010552 0.707071
-0.003148 -0.971878 0.235465
-0.693395 -0.693415 0.195908
-0.577365 -0.577352 0.577334
-0.002746 -0.707106 0.707102
-0.972056 -0.011895 0.234447
-0.707066 -0.010568 0.707069
-0.577355 -0.577335 0.577361
-0.693400 -0.693398 0.195948
-0.003834 0.014491 0.999888
-0.707073 0.010568 0.707062
-0.577364 0.577335 0.577352
-0.002745 0.707103 0.707105
-0.972058 0.011898 0.234441
-0.693417 0.693392 0.195909
-0.577353 0.577363 0.577334
-0.707072 0.010552 0.707063
-0.003160 0.971887 0.235427
-0.002761 0.707097 0.707111
-0.577336 0.577353 0.577362
-0.693399 0.693398 0.195950
-0.972058 -0.011898 -0.234441
-0.693417 -0.693392 -0.195909
-0.577353 -0.577363 -0.577334
-0.707072 -0.010552 -0.707063
-0.003160 -0.971887 -0.235427
-0.002761 -0.707097 -0.707111
-0.577336 -0.577353 -0.577362
-0.693399 -0.693398 -0.195950
-0.003834 -0.014491 -0.999888
-0.707073 -0.010568 -0.707062
-0.577364 -0.577335 -0.577352
-0.002745 -0.707103 -0.707105
-0.003825 0.014500 -0.999888
-0.002760 0.707112 -0.707096
-0.577336 0.577363 -0.577352
-0.707064 0.010552 -0.707071
-0.003148 0.971878 -0.235465
-0.693395 0.693415 -0.195908
-0.577365 0.577352 -0.577334
-0.002746 0.707106 -0.707102
-0.972056 0.011895 -0.234447
-0.707066 0.010568 -0.707069
-0.577355 0.577335 -0.577361
-0.693400 0.693398 -0.195948
0.972063 -0.011906 0.234417
0.972063 -0.011906 -0.234417
0.693417 -0.693391 -0.195913
0.693393 -0.693415 0.195913
0.693393 -0.693415 -0.195913
0.003144 -0.971887 -0.235427
0.003144 -0.971887 0.235427
0.003123 -0.971878 0.235465
-0.003123 -0.971878 0.235465
-0.002789 -0.707136 0.707072
0.002789 -0.707136 0.707072
0.002789 -0.707072 0.707136
-0.002789 -0.707072 0.707136
-0.003805 -0.014531 0.999887
0.003805 -0.014531 0.999887
-0.003144 -0.971887 0.235427
-0.003144 -0.971887 -0.235427
-0.693393 -0.693415 -0.195913
-0.693393 -0.693415 0.195913
-0.693417 -0.693391 0.195913
-0.972063 -0.011906 -0.234417
-0.972063 -0.011906 0.234417
0.003805 -0.014531 -0.999887
-0.003805 -0.014531 -0.999887
-0.002789 -0.707072 -0.707136
0.002789 -0.707072 -0.707136
0.002789 -0.707136 -0.707072
-0.002789 -0.707136 -0.707072
-0.003123 -0.971878 -0.235465
0.003123 -0.971878 -0.235465
0.003805 0.014531 0.999887
-0.003805 0.014531 0.999887
-0.002789 0.707072 0.707136
0.002789 0.707072 0.707136
0.002789 0.707136 0.707072
-0.002789 0.707136 0.707072
-0.003123 0.971878 0.235465
0.003123 0.971878 0.235465
0.003144 0.971887 0.235427
0.003144 0.971887 -0.235427
0.693393 0.693415 -0.195913
0.693393 0.693415 0.195913
0.693417 0.693391 0.195913
0.972063 0.011906 -0.234417
0.972063 0.011906 0.234417
0.003123 0.971878 -0.235465
-0.003123 0.971878 -0.235465
-0.002789 0.707136 -0.707072
0.002789 0.707136 -0.707072
0.002789 0.707072 -0.707136
-0.002789 0.707072 -0.707136
-0.003805 0.014531 -0.999887
0.003805 0.014531 -0.999887
-0.972063 0.011906 0.234417
-0.972063 0.011906 -0.234417
-0.693417 0.693391 -0.195913
-0.693393 0.693415 0.195913
-0.693393 0.693415 -0.195913
-0.003144 0.971887 -0.235427
-0.003144 0.971887 0.235427
0.003840 -0.014491 0.999888
0.003840 0.014491 0.999888
0.707050 0.010550 0.707085
0.707049 -0.010550 0.707085
0.707088 -0.010550 0.707047
0.707088 0.010550 0.707047
0.972055 0.011859 0.234453
0.972055 -0.011859 0.234453
-0.972055 -0.011859 0.234453
-0.972055 0.011859 0.234453
-0.707088 0.010550 0.707047
-0.707088 -0.010550 0.707047
-0.707050 -0.010550 0.707085
-0.707049 0.010550 0.707085
-0.003840 0.014491 0.999888
-0.003840 -0.014491 0.999888
0.972055 -0.011859 -0.234453
0.972055 0.011859 -0.234453
0.707088 0.010550 -0.707047
0.707088 -0.010550 -0.707047
0.707050 -0.010550 -0.707085
0.707049 0.010550 -0.707085
0.003840 0.014491 -0.999888
0.003840 -0.014491 -0.999888
-0.003840 -0.014491 -0.999888
-0.003840 0.014491 -0.999888
-0.707050 0.010550 -0.707085
-0.707049 -0.010550 -0.707085
-0.707088 -0.010550 -0.707047
-0.707088 0.010550 -0.707047
-0.972055 0.011859 -0.234453
-0.972055 -0.011859 -0.234453
0.972068 -0.011865 0.234401
0.972068 0.011865 0.234401
0.972068 0.011865 -0.234401
0.972068 -0.011865 -0.234401
0.004182 -0.016000 0.999863
-0.004180 -0.016001 0.999863
-0.004182 0.016000 0.999863
0.004180 0.016001 0.999863
0.004180 -0.016001 -0.999863
0.004182 0.016000 -0.999863
-0.004180 0.016001 -0.999863
-0.004182 -0.016000 -0.999863
0.003442 0.971899 0.235375
-0.003442 0.971899 0.235375
-0.003442 0.971899 -0.235375
0.003442 0.971899 -0.235375
-0.972090 -0.013107 0.234242
-0.972090 -0.013107 -0.234242
-0.972090 0.013107 -0.234242
-0.972090 0.013107 0.234242
0.003442 -0.971899 0.235375
0.003442 -0.971899 -0.235375
-0.003442 -0.971899 -0.235375
-0.003442 -0.971899 0.235375
0.972066 -0.013127 0.234342
0.693416 -0.693393 0.195908
0.577353 -0.577364 0.577334
0.707057 -0.011692 0.707060
0.003471 -0.971886 0.235425
0.003052 -0.707097 0.707110
0.577336 -0.577352 0.577363
0.693399 -0.693398 0.195952
0.004233 -0.015984 0.999863
0.707070 -0.011705 0.707046
0.577364 -0.577334 0.577353
0.003037 -0.707100 0.707107
0.004179 0.016042 0.999863
0.003053 0.707110 0.707097
0.577336 0.577363 0.577352
0.707062 0.011690 0.707055
0.003475 0.971888 0.235416
0.693394 0.693415 0.195909
0.577365 0.577352 0.577335
0.003037 0.707106 0.707101
0.972074 0.013140 0.234306
0.707049 0.011708 0.707068
0.577353 0.577336 0.577362
0.693398 0.693399 0.195950
0.972074 -0.013140 -0.234306
0.707049 -0.011708 -0.707068
0.577353 -0.577336 -0.577362
0.693398 -0.693399 -0.195950
0.004179 -0.016042 -0.999863
0.003053 -0.707110 -0.707097
0.577336 -0.577363 -0.577352
0.707062 -0.011690 -0.707055
0.003475 -0.971888 -0.235416
0.693394 -0.693415 -0.195909
0.577365 -0.577352 -0.577335
0.003037 -0.707106 -0.707101
0.972066 0.013127 -0.234342
0.693416 0.693393 -0.195908
0.577353 0.577364 -0.577334
0.707057 0.011692 -0.707060
0.003471 0.971886 -0.235425
0.003052 0.707097 -0.707110
0.577336 0.577352 -0.577363
0.693399 0.693398 -0.195952
0.004233 0.015984 -0.999863
0.707070 0.011705 -0.707046
0.577364 0.577334 -0.577353
0.003037 0.707100 -0.707107
-0.004179 -0.016042 0.999863
-0.003053 -0.707110 0.707097
-0.577336 -0.577363 0.577352
-0.707062 -0.011690 0.707055
-0.003475 -0.971888 0.235416
-0.693394 -0.693415 0.195909
-0.577365 -0.577352 0.577335
-0.003037 -0.707106 0.707101
-0.972074 -0.013140 0.234306
-0.707049 -0.011708 0.707068
-0.577353 -0.577336 0.577362
-0.693398 -0.693399 0.195950
-0.004233 0.015984 0.999863
-0.707070 0.011705 0.707046
-0.577364 0.577334 0.577353
-0.003037 0.707100 0.707107
-0.972066 0.013127 0.234342
-0.693416 0.693393 0.195908
-0.577353 0.577364 0.577334
-0.707057 0.011692 0.707060
-0.003471 0.971886 0.235425
-0.003052 0.707097 0.707110
-0.577336 0.577352 0.577363
-0.693399 0.693398 0.195952
-0.972066 -0.013127 -0.234342
-0.693416 -0.693393 -0.195908
-0.577353 -0.577364 -0.577334
-0.707057 -0.011692 -0.707060
-0.003471 -0.971886 -0.235425
-0.003052 -0.707097 -0.707110
-0.577336 -0.577352 -0.577363
-0.693399 -0.693398 -0.195952
-0.004233 -0.015984 -0.999863
-0.707070 -0.011705 -0.707046
-0.577364 -0.577334 -0.577353
-0.003037 -0.707100 -0.707107
-0.004179 0.016042 -0.999863
-0.003053 0.707110 -0.707097
-0.577336 0.577363 -0.577352
-0.707062 0.011690 -0.707055
-0.003475 0.971888 -0.235416
-0.693394 0.693415 -0.195909
-0.577365 0.577352 -0.577335
-0.003037 0.707106 -0.707101
-0.972074 0.013140 -0.234306
-0.707049 0.011708 -0.707068
-0.577353 0.577336 -0.577362
-0.693398 0.693399 -0.195950
0.972079 -0.013110 0.234289
0.972079 -0.013110 -0.234289
0.693415 -0.693393 -0.195913
0.693393 -0.693415 0.195913
0.003456 -0.971894 -0.235394
0.003456 -0.971894 0.235394
0.003435 -0.971887 0.235423
-0.003435 -0.971887 0.235423
-0.003063 -0.707137 0.707070
0.003063 -0.707137 0.707070
0.003063 -0.707070 0.707137
-0.003063 -0.707070 0.707137
-0.004162 -0.016020 0.999863
0.004162 -0.016020 0.999863
-0.003456 -0.971894 0.235394
-0.003456 -0.971894 -0.235394
-0.693393 -0.693415 -0.195913
-0.693415 -0.693393 0.195913
-0.972079 -0.013110 -0.234289
-0.972079 -0.013110 0.234289
0.004162 -0.016020 -0.999863
-0.004162 -0.016020 -0.999863
-0.003063 -0.707070 -0.707137
0.003063 -0.707070 -0.707137
0.003063 -0.707137 -0.707070
-0.003063 -0.707137 -0.707070
-0.003435 -0.971887 -0.235423
0.003435 -0.971887 -0.235423
0.004162 0.016020 0.999863
-0.004162 0.016020 0.999863
-0.003063 0.707070 0.707137
0.003063 0.707070 0.707137
0.003063 0.707137 0.707070
-0.003063 0.707137 0.707070
-0.003435 0.971887 0.235423
0.003435 0.971887 0.235423
0.003456 0.971894 0.235394
0.003456 0.971894 -0.235394
0.693393 0.693415 -0.195913
0.693415 0.693393 0.195913
0.972079 0.013110 -0.234289
0.972079 0.013110 0.234289
0.003435 0.971887 -0.235423
-0.003435 0.971887 -0.235423
-0.003063 0.707137 -0.707070
0.003063 0.707137 -0.707070
0.003063 0.707070 -0.707137
-0.003063 0.707070 -0.707137
-0.004162 0.016020 -0.999863
0.004162 0.016020 -0.999863
-0.972079 0.013110 0.234289
-0.972079 0.013110 -0.234289
-0.693415 0.693393 -0.195913
-0.693393 0.693415 0.195913
-0.003456 0.971894 -0.235394
-0.003456 0.971894 0.235394
0.004233 -0.016004 0.999863
0.004233 0.016004 0.999863
0.707054 0.011652 0.707063
0.707054 -0.011652 0.707063
0.707097 -0.011650 0.707020
0.707097 0.011650 0.707020
0.972073 0.013085 0.234313
0.972072 -0.013108 0.234315
-0.972073 -0.013085 0.234313
-0.972072 0.013108 0.234315
-0.707097 0.011650 0.707020
-0.707097 -0.011650 0.707020
-0.707054 -0.011652 0.707063
-0.707054 0.011652 0.707063
-0.004233 0.016004 0.999863
-0.004233 -0.016004 0.999863
0.972073 -0.013085 -0.234313
0.972072 0.013108 -0.234315
0.707097 0.011650 -0.707020
0.707097 -0.011650 -0.707020
0.707054 -0.011652 -0.707063
0.707054 0.011652 -0.707063
0.004233 0.016004 -0.999863
0.004233 -0.016004 -0.999863
-0.004233 -0.016004 -0.999863
-0.004233 0.016004 -0.999863
-0.707054 0.011652 -0.707063
-0.707054 -0.011652 -0.707063
-0.707097 -0.011650 -0.707020
-0.707097 0.011650 -0.707020
-0.972073 0.013085 -0.234313
-0.972072 -0.013108 -0.234315
0.972090 -0.013107 0.234242
0.972090 0.013107 0.234242
0.972090 0.013107 -0.234242
0.972090 -0.013107 -0.234242
0.006025 -0.023692 0.999701
-0.006025 -0.023692 0.999701
-0.006025 0.023692 0.999701
0.006025 0.023692 0.999701
0.006025 -0.023692 -0.999701
0.006025 0.023692 -0.999701
-0.006025 0.023692 -0.999701
-0.006025 -0.023692 -0.999701
0.004996 0.971932 0.235208
-0.004996 0.971932 0.235208
-0.004996 0.971932 -0.235208
0.004996 0.971932 -0.235208
-0.972157 -0.019479 0.233518
-0.972157 -0.019479 -0.233518
-0.972157 0.019479 -0.233518
-0.972157 0.019479 0.233518
0.004996 -0.971932 0.235208
0.004996 -0.971932 -0.235208
-0.004996 -0.971932 -0.235208
-0.004996 -0.971932 0.235208
0.972139 -0.019532 0.233592
0.693415 -0.693394 0.195910
0.577352 -0.577364 0.577335
0.707012 -0.017394 0.706988
0.005045 -0.971931 0.235213
0.004430 -0.707111 0.707088
0.577335 -0.577353 0.577363
0.693399 -0.693398 0.195952
0.006048 -0.023746 0.999700
0.706996 -0.017410 0.707003
0.577363 -0.577336 0.577352
0.004413 -0.707080 0.707120
0.006040 0.023755 0.999700
0.004429 0.707089 0.707111
0.577334 0.577364 0.577352
0.706987 0.017395 0.707012
0.005032 0.971922 0.235251
0.693393 0.693416 0.195910
0.577364 0.577352 0.577335
0.004414 0.707120 0.707079
0.972147 0.019545 0.233556
0.707003 0.017410 0.706997
0.577352 0.577335 0.577364
0.693398 0.693399 0.195952
0.972147 -0.019545 -0.233556
0.707003 -0.017410 -0.706996
0.577352 -0.577335 -0.577364
0.693398 -0.693399 -0.195952
0.006039 -0.023754 -0.999700
0.004428 -0.707089 -0.707111
0.577334 -0.577364 -0.577353
0.706987 -0.017394 -0.707013
0.005032 -0.971922 -0.235250
0.693393 -0.693416 -0.195910
0.577363 -0.577353 -0.577335
0.004413 -0.707120 -0.707080
0.972139 0.019532 -0.233592
0.693415 0.693394 -0.195910
0.577352 0.577364 -0.577335
0.707012 0.017394 -0.706988
0.005045 0.971931 -0.235213
0.004430 0.707111 -0.707088
0.577335 0.577353 -0.577363
0.693399 0.693398 -0.195952
0.006048 0.023746 -0.999700
0.706996 0.017410 -0.707003
0.577363 0.577336 -0.577352
0.004413 0.707080 -0.707120
-0.006040 -0.023755 0.999700
-0.004429 -0.707089 0.707111
-0.577334 -0.577364 0.577352
-0.706987 -0.017395 0.707012
-0.005032 -0.971922 0.235251
-0.693393 -0.693416 0.195910
-0.577364 -0.577352 0.577335
-0.004414 -0.707120 0.707079
-0.972147 -0.019545 0.233556
-0.707003 -0.017410 0.706997
-0.577352 -0.577335 0.577364
-0.693398 -0.693399 0.195952
-0.006048 0.023745 0.999700
-0.706996 0.017410 0.707004
-0.577363 0.577335 0.577353
-0.004413 0.707079 0.707120
-0.972139 0.019532 0.233592
-0.693415 0.693393 0.195910
-0.577352 0.577364 0.577335
-0.707012 0.017394 0.706988
-0.005044 0.971931 0.235213
-0.004429 0.707111 0.707089
-0.577334 0.577353 0.577364
-0.693398 0.693399 0.195952
-0.972139 -0.019532 -0.233592
-0.693415 -0.693394 -0.195910
-0.577352 -0.577364 -0.577335
-0.707012 -0.017394 -0.706988
-0.005045 -0.971931 -0.235213
-0.004430 -0.707111 -0.707088
-0.577335 -0.577353 -0.577363
-0.693399 -0.693398 -0.195952
-0.006048 -0.023746 -0.999700
-0.706996 -0.017410 -0.707003
-0.577363 -0.577336 -0.577352
-0.004413 -0.707080 -0.707120
-0.006040 0.023755 -0.999700
-0.004429 0.707089 -0.707111
-0.577334 0.577364 -0.577352
-0.706987 0.017395 -0.707012
-0.005032 0.971922 -0.235251
-0.693393 0.693416 -0.195910
-0.577364 0.577352 -0.577335
-0.004414 0.707120 -0.707079
-0.972147 0.019545 -0.233556
-0.707003 0.017410 -0.706997
-0.577352 0.577335 -0.577364
-0.693398 0.693399 -0.195952
0.972156 -0.019497 0.233523
0.972156 -0.019498 -0.233521
0.693416 -0.693392 -0.195911
0.693392 -0.693416 0.195914
0.005016 -0.971928 -0.235225
0.005015 -0.971927 0.235228
0.004996 -0.971915 0.235277
-0.004996 -0.971915 0.235277
-0.004440 -0.707108 0.707092
0.004440 -0.707108 0.707092
0.004440 -0.707092 0.707108
-0.004440 -0.707092 0.707108
-0.005999 -0.023762 0.999700
0.006051 -0.023762 0.999699
-0.005016 -0.971928 0.235227
-0.005016 -0.971928 -0.235227
-0.693392 -0.693416 -0.195913
-0.693416 -0.693392 0.195913
-0.972156 -0.019498 -0.233522
-0.972156 -0.019498 0.233522
0.005999 -0.023761 -0.999700
-0.006051 -0.023762 -0.999699
-0.004440 -0.707091 -0.707108
0.004440 -0.707092 -0.707108
0.004440 -0.707108 -0.707091
-0.004440 -0.707108 -0.707091
-0.004996 -0.971916 -0.235277
0.004996 -0.971916 -0.235277
0.005999 0.023761 0.999700
-0.006051 0.023762 0.999699
-0.004440 0.707092 0.707108
0.004440 0.707091 0.707108
0.004440 0.707108 0.707091
-0.004440 0.707108 0.707091
-0.004996 0.971916 0.235277
0.004996 0.971916 0.235277
0.005016 0.971928 0.235227
0.005016 0.971928 -0.235227
0.693392 0.693416 -0.195913
0.693416 0.693392 0.195913
0.972156 0.019498 -0.233522
0.972156 0.019498 0.233522
0.004996 0.971915 -0.235277
-0.004996 0.971915 -0.235277
-0.004440 0.707108 -0.707092
0.004440 0.707108 -0.707092
0.004440 0.707092 -0.707108
-0.004440 0.707092 -0.707108
-0.005999 0.023762 -0.999700
0.006051 0.023762 -0.999699
-0.972156 0.019498 0.233520
-0.972156 0.019497 -0.233523
-0.693416 0.693392 -0.195914
-0.693392 0.693416 0.195912
-0.005015 0.971927 -0.235228
-0.005016 0.971928 0.235225
0.006045 -0.023706 0.999701
0.006045 0.023706 0.999701
0.706988 0.017381 0.707012
0.706988 -0.017382 0.707012
0.707011 -0.017381 0.706989
0.707011 0.017382 0.706989
0.972145 0.019483 0.233571
0.972145 -0.019483 0.233571
-0.972145 -0.019483 0.233569
-0.972145 0.019483 0.233569
-0.707013 0.017382 0.706987
-0.707013 -0.017382 0.706987
-0.706987 -0.017381 0.707012
-0.706987 0.017382 0.707013
-0.006044 0.023705 0.999701
-0.006044 -0.023706 0.999701
0.972145 -0.019483 -0.233569
0.972145 0.019483 -0.233569
0.707013 0.017381 -0.706987
0.707013 -0.017382 -0.706987
0.706987 -0.017382 -0.707013
0.706987 0.017382 -0.707013
0.006044 0.023706 -0.999701
0.006044 -0.023705 -0.999701
-0.006045 -0.023706 -0.999701
-0.006045 0.023706 -0.999701
-0.706988 0.017381 -0.707012
-0.706988 -0.017382 -0.707012
-0.707011 -0.017381 -0.706989
-0.707011 0.017382 -0.706989
-0.972145 0.019483 -0.233571
-0.972145 -0.019483 -0.233571
0.972157 -0.019479 0.233518
0.972157 0.019479 0.233518
0.972157 0.019479 -0.233518
0.972157 -0.019479 -0.233518
0.004987 -0.019307 0.999801
-0.004984 -0.019308 0.999801
-0.004987 0.019307 0.999801
0.004984 0.019308 0.999801
0.004984 -0.019308 -0.999801
0.004987 0.019307 -0.999801
-0.004984 0.019308 -0.999801
-0.004987 -0.019307 -0.999801
0.004117 0.971921 0.235271
-0.004117 0.971921 0.235271
-0.004117 0.971921 -0.235271
0.004117 0.971921 -0.235271
-0.972124 -0.015859 0.233932
-0.972124 -0.015859 -0.233932
-0.972124 0.015859 -0.233932
-0.972124 0.015859 0.233932
0.004117 -0.971921 0.235271
0.004117 -0.971921 -0.235271
-0.004117 -0.971921 -0.235271
-0.004117 -0.971921 0.235271
0.972105 -0.015896 0.234008
0.693416 -0.693394 0.195906
0.577354 -0.577365 0.577332
0.707047 -0.014082 0.707027
0.004172 -0.971904 0.235341
0.003638 -0.707100 0.707104
0.577335 -0.577353 0.577362
0.693398 -0.693399 0.195951
0.005035 -0.019327 0.999801
0.707070 -0.014153 0.707002
0.577364 -0.577334 0.577353
0.003623 -0.707095 0.707109
0.004981 0.019385 0.999800
0.003639 0.707104 0.707100
0.577335 0.577363 0.577353
0.707030 0.014078 0.707044
0.004161 0.971895 0.235379
0.693394 0.693415 0.195908
0.577365 0.577353 0.577334
0.003624 0.707109 0.707095
0.972113 0.015909 0.233973
0.707004 0.014156 0.707068
0.577353 0.577336 0.577361
0.693398 0.693399 0.195949
0.972113 -0.015909 -0.233973
0.707004 -0.014156 -0.707068
0.577353 -0.577336 -0.577361
0.693398 -0.693399 -0.195949
0.004981 -0.019385 -0.999800
0.003639 -0.707104 -0.707100
0.577335 -0.577363 -0.577353
0.707030 -0.014078 -0.707044
0.004161 -0.971895 -0.235379
0.693394 -0.693415 -0.195908
0.577365 -0.577353 -0.577334
0.003624 -0.707109 -0.707095
0.972105 0.015896 -0.234008
0.693416 0.693394 -0.195906
0.577354 0.577365 -0.577332
0.707047 0.014082 -0.707027
0.004172 0.971904 -0.235341
0.003638 0.707100 -0.707104
0.577335 0.577353 -0.577362
0.693398 0.693399 -0.195951
0.005035 0.019327 -0.999801
0.707070 0.014153 -0.707002
0.577364 0.577334 -0.577353
0.003623 0.707095 -0.707109
-0.004981 -0.019385 0.999800
-0.003639 -0.707104 0.707100
-0.577335 -0.577363 0.577353
-0.707030 -0.014078 0.707044
-0.004161 -0.971895 0.235379
-0.693394 -0.693415 0.195908
-0.577365 -0.577353 0.577334
-0.003624 -0.707109 0.707095
-0.972113 -0.015909 0.233973
-0.707004 -0.014156 0.707068
-0.577353 -0.577336 0.577361
-0.693398 -0.693399 0.195949
-0.005035 0.019327 0.999801
-0.707070 0.014153 0.707002
-0.577364 0.577334 0.577353
-0.003623 0.707095 0.707109
-0.972105 0.015896 0.234008
-0.693416 0.693394 0.195906
-0.577354 0.577365 0.577332
-0.707047 0.014082 0.707027
-0.004172 0.971904 0.235341
-0.003638 0.707100 0.707104
-0.577335 0.577353 0.577362
-0.693398 0.693399 0.195951
-0.972105 -0.015896 -0.234008
-0.693416 -0.693394 -0.195906
-0.577354 -0.577365 -0.577332
-0.707047 -0.014082 -0.707027
-0.004172 -0.971904 -0.235341
-0.003638 -0.707100 -0.707104
-0.577335 -0.577353 -0.577362
-0.693398 -0.693399 -0.195951
-0.005035 -0.019327 -0.999801
-0.707070 -0.014153 -0.707002
-0.577364 -0.577334 -0.577353
-0.003623 -0.707095 -0.707109
-0.004981 0.019385 -0.999800
-0.003639 0.707104 -0.707100
-0.577335 0.577363 -0.577353
-0.707030 0.014078 -0.707044
-0.004161 0.971895 -0.235379
-0.693394 0.693415 -0.195908
-0.577365 0.577353 -0.577334
-0.003624 0.707109 -0.707095
-0.972113 0.015909 -0.233973
-0.707004 0.014156 -0.707068
-0.577353 0.577336 -0.577361
-0.693398 0.693399 -0.195949
0.972116 -0.015863 0.233962
0.972116 -0.015863 -0.233962
0.693415 -0.693393 -0.195913
0.693415 -0.693393 0.195913
0.693393 -0.693415 0.195913
0.004122 -0.971913 -0.235304
0.004122 -0.971913 0.235304
0.004104 -0.971903 0.235345
-0.004126 -0.971903 0.235346
-0.003669 -0.707139 0.707065
0.003669 -0.707139 0.707065
0.003669 -0.707065 0.707139
-0.003669 -0.707065 0.707139
-0.004966 -0.019337 0.999801
0.004966 -0.019337 0.999801
-0.004122 -0.971913 0.235304
-0.004122 -0.971913 -0.235304
-0.693393 -0.693415 -0.195913
-0.693415 -0.693393 0.195913
-0.693415 -0.693393 -0.195913
-0.972116 -0.015863 -0.233962
-0.972116 -0.015863 0.233962
0.004966 -0.019337 -0.999801
-0.004966 -0.019337 -0.999801
-0.003669 -0.707065 -0.707139
0.003669 -0.707065 -0.707139
0.003669 -0.707139 -0.707065
-0.003669 -0.707139 -0.707065
-0.004104 -0.971903 -0.235345
0.004126 -0.971903 -0.235346
0.004966 0.019337 0.999801
-0.004966 0.019337 0.999801
-0.003669 0.707065 0.707139
0.003669 0.707065 0.707139
0.003669 0.707139 0.707065
-0.003669 0.707139 0.707065
-0.004104 0.971903 0.235345
0.004126 0.971903 0.235346
0.004122 0.971913 0.235304
0.004122 0.971913 -0.235304
0.693393 0.693415 -0.195913
0.693415 0.693393 0.195913
0.693415 0.693393 -0.195913
0.972116 0.015863 -0.233962
0.972116 0.015863 0.233962
0.004104 0.971903 -0.235345
-0.004126 0.971903 -0.235346
-0.003669 0.707139 -0.707065
0.003669 0.707139 -0.707065
0.003669 0.707065 -0.707139
-0.003669 0.707065 -0.707139
-0.004966 0.019337 -0.999801
0.004966 0.019337 -0.999801
-0.972116 0.015863 0.233962
-0.972116 0.015863 -0.233962
-0.693415 0.693393 -0.195913
-0.693415 0.693393 0.195913
-0.693393 0.693415 0.195913
-0.004122 0.971913 -0.235304
-0.004122 0.971913 0.235304
0.005046 -0.019294 0.999801
0.005046 0.019294 0.999801
0.707011 0.014130 0.707062
0.707011 -0.014130 0.707062
0.707062 -0.014130 0.707011
0.707062 0.014130 0.707011
0.972110 0.015847 0.233989
0.972110 -0.015847 0.233989
-0.972110 -0.015847 0.233989
-0.972110 0.015847 0.233989
-0.707062 0.014130 0.707011
-0.707062 -0.014130 0.707011
-0.707011 -0.014130 0.707062
-0.707011 0.014130 0.707062
-0.005046 0.019294 0.999801
-0.005046 -0.019294 0.999801
0.972110 -0.015847 -0.233989
0.972110 0.015847 -0.233989
0.707062 0.014130 -0.707011
0.707062 -0.014130 -0.707011
0.707011 -0.014130 -0.707062
0.707011 0.014130 -0.707062
0.005046 0.019294 -0.999801
0.005046 -0.019294 -0.999801
-0.005046 -0.019294 -0.999801
-0.005046 0.019294 -0.999801
-0.707011 0.014130 -0.707062
-0.707011 -0.014130 -0.707062
-0.707062 -0.014130 -0.707011
-0.707062 0.014130 -0.707011
-0.972110 0.015847 -0.233989
-0.972110 -0.015847 -0.233989
0.972124 -0.015859 0.233932
0.972124 0.015859 0.233932
0.972124 0.015859 -0.233932
0.972124 -0.015859 -0.233932
0.005685 -0.022246 0.999736
-0.005685 -0.022246 0.999736
-0.005685 0.022246 0.999736
0.005685 0.022246 0.999736
0.005685 -0.022246 -0.999736
0.005685 0.022246 -0.999736
-0.005685 0.022246 -0.999736
-0.005685 -0.022246 -0.999736
0.004691 0.971932 0.235214
-0.004691 0.971932 0.235214
-0.004691 0.971932 -0.235214
0.004691 0.971932 -0.235214
-0.972146 -0.018273 0.233662
-0.972146 -0.018273 -0.233662
-0.972146 0.018273 -0.233662
-0.972146 0.018273 0.233662
0.004691 -0.971932 0.235214
0.004691 -0.971932 -0.235214
-0.004691 -0.971932 -0.235214
-0.004691 -0.971932 0.235214
0.972128 -0.018334 0.233732
0.693417 -0.693392 0.195909
0.577354 -0.577363 0.577334
0.706992 -0.016319 0.707033
0.004763 -0.971917 0.235276
0.004195 -0.707077 0.707124
0.577334 -0.577354 0.577362
0.693398 -0.693400 0.195950
0.005710 -0.022249 0.999736
0.707042 -0.016336 0.706983
0.577363 -0.577335 0.577352
0.004179 -0.707117 0.707085
0.005701 0.022258 0.999736
0.004194 0.707125 0.707076
0.577335 0.577364 0.577352
0.707002 0.016261 0.707025
0.004750 0.971908 0.235313
0.693392 0.693417 0.195908
0.577363 0.577354 0.577334
0.004179 0.707086 0.707115
0.972136 0.018347 0.233697
0.706983 0.016334 0.707042
0.577353 0.577334 0.577363
0.693400 0.693398 0.195951
0.972136 -0.018347 -0.233698
0.706982 -0.016333 -0.707043
0.577353 -0.577334 -0.577365
0.693399 -0.693397 -0.195953
0.005701 -0.022258 -0.999736
0.004195 -0.707126 -0.707075
0.577335 -0.577364 -0.577352
0.707002 -0.016261 -0.707024
0.004750 -0.971908 -0.235313
0.693392 -0.693417 -0.195909
0.577363 -0.577354 -0.577334
0.004178 -0.707086 -0.707116
0.972128 0.018334 -0.233732
0.693417 0.693392 -0.195909
0.577354 0.577363 -0.577334
0.707025 0.016260 -0.707001
0.004763 0.971917 -0.235276
0.004195 0.707077 -0.707124
0.577334 0.577354 -0.577362
0.693398 0.693400 -0.195950
0.005710 0.022249 -0.999736
0.707042 0.016336 -0.706983
0.577363 0.577335 -0.577352
0.004179 0.707117 -0.707085
-0.005701 -0.022258 0.999736
-0.004194 -0.707125 0.707076
-0.577335 -0.577364 0.577352
-0.707002 -0.016261 0.707025
-0.004750 -0.971908 0.235313
-0.693392 -0.693417 0.195908
-0.577363 -0.577354 0.577334
-0.004179 -0.707086 0.707115
-0.972136 -0.018347 0.233697
-0.706983 -0.016334 0.707042
-0.577353 -0.577334 0.577363
-0.693400 -0.693398 0.195951
-0.005710 0.022249 0.999736
-0.707042 0.016335 0.706983
-0.577364 0.577335 0.577352
-0.004179 0.707117 0.707084
-0.972128 0.018334 0.233734
-0.693417 0.693392 0.195911
-0.577353 0.577362 0.577336
-0.707024 0.016259 0.707003
-0.004763 0.971917 0.235276
-0.004194 0.707077 0.707124
-0.577334 0.577354 0.577363
-0.693398 0.693400 0.195951
-0.972128 -0.018334 -0.233732
-0.693417 -0.693392 -0.195909
-0.577354 -0.577363 -0.577334
-0.706992 -0.016319 -0.707033
-0.004763 -0.971917 -0.235276
-0.004195 -0.707077 -0.707124
-0.577334 -0.577354 -0.577362
-0.693398 -0.693400 -0.195950
-0.005710 -0.022249 -0.999736
-0.707042 -0.016336 -0.706983
-0.577363 -0.577335 -0.577352
-0.004179 -0.707117 -0.707085
-0.005701 0.022258 -0.999736
-0.004194 0.707125 -0.707076
-0.577335 0.577364 -0.577352
-0.707002 0.016261 -0.707025
-0.004750 0.971908 -0.235313
-0.693392 0.693417 -0.195908
-0.577363 0.577354 -0.577334
-0.004179 0.707086 -0.707115
-0.972136 0.018347 -0.233697
-0.706983 0.016334 -0.707042
-0.577353 0.577334 -0.577363
-0.693400 0.693398 -0.195951
0.972145 -0.018298 0.233663
0.972145 -0.018298 -0.233663
0.693417 -0.693391 -0.195913
0.693391 -0.693417 0.195913
0.004702 -0.971921 -0.235260
0.004702 -0.971921 0.235260
0.004705 -0.971908 0.235315
-0.004705 -0.971908 0.235315
-0.004165 -0.707107 0.707094
0.004165 -0.707107 0.707094
0.004165 -0.707094 0.707107
-0.004165 -0.707094 0.707107
-0.005658 -0.022270 0.999736
0.005710 -0.022271 0.999736
-0.004702 -0.971921 0.235260
-0.004702 -0.971921 -0.235260
-0.693391 -0.693417 -0.195913
-0.693417 -0.693391 0.195913
-0.972145 -0.018298 -0.233663
-0.972145 -0.018298 0.233663
0.005658 -0.022270 -0.999736
-0.005710 -0.022271 -0.999736
-0.004165 -0.707094 -0.707107
0.004165 -0.707094 -0.707107
0.004165 -0.707107 -0.707094
-0.004165 -0.707107 -0.707094
-0.004705 -0.971908 -0.235314
0.004705 -0.971908 -0.235314
0.005658 0.022270 0.999736
-0.005710 0.022271 0.999736
-0.004165 0.707094 0.707107
0.004165 0.707094 0.707107
0.004165 0.707107 0.707094
-0.004165 0.707107 0.707094
-0.004705 0.971908 0.235314
0.004705 0.971908 0.235314
0.004702 0.971921 0.235260
0.004702 0.971921 -0.235260
0.693391 0.693417 -0.195913
0.693417 0.693391 0.195913
0.972145 0.018298 -0.233663
0.972145 0.018298 0.233663
0.004705 0.971908 -0.235315
-0.004705 0.971908 -0.235315
-0.004165 0.707107 -0.707094
0.004165 0.707107 -0.707094
0.004165 0.707094 -0.707107
-0.004165 0.707094 -0.707107
-0.005658 0.022270 -0.999736
0.005710 0.022271 -0.999736
-0.972145 0.018298 0.233663
-0.972145 0.018298 -0.233663
-0.693417 0.693391 -0.195913
-0.693391 0.693417 0.195913
-0.004702 0.971921 -0.235260
-0.004702 0.971921 0.235260
0.005722 -0.022254 0.999736
0.005722 0.022254 0.999736
0.706998 0.016279 0.707028
0.706998 -0.016279 0.707028
0.707026 -0.016279 0.707001
0.707026 0.016279 0.707001
0.972132 0.018281 0.233720
0.972132 -0.018281 0.233720
-0.972132 -0.018281 0.233720
-0.972132 0.018281 0.233720
-0.707026 0.016279 0.707001
-0.707026 -0.016279 0.707001
-0.706999 -0.016279 0.707027
-0.706999 0.016279 0.707027
-0.005723 0.022255 0.999736
-0.005723 -0.022254 0.999736
0.972132 -0.018281 -0.233720
0.972132 0.018281 -0.233720
0.707026 0.016279 -0.707001
0.707026 -0.016279 -0.707001
0.706999 -0.016279 -0.707027
0.706999 0.016279 -0.707027
0.005723 0.022254 -0.999736
0.005723 -0.022255 -0.999736
-0.005722 -0.022254 -0.999736
-0.005722 0.022254 -0.999736
-0.706998 0.016279 -0.707028
-0.706998 -0.016279 -0.707028
-0.707026 -0.016279 -0.707001
-0.707026 0.016279 -0.707001
-0.972132 0.018281 -0.233720
-0.972132 -0.018281 -0.233720
0.972146 -0.018273 0.233662
0.972146 0.018273 0.233662
0.972146 0.018273 -0.233662
0.972146 -0.018273 -0.233662
0.005685 -0.022246 0.999736
-0.005685 -0.022246 0.999736
-0.005685 0.022246 0.999736
0.005685 0.022246 0.999736
0.005685 -0.022246 -0.999736
0.005685 0.022246 -0.999736
-0.005685 0.022246 -0.999736
-0.005685 -0.022246 -0.999736
0.004691 0.971932 0.235214
-0.004691 0.971932 0.235214
-0.004691 0.971932 -0.235214
0.004691 0.971932 -0.235214
-0.972146 -0.018273 0.233662
-0.972146 -0.018273 -0.233662
-0.972146 0.018273 -0.233662
-0.972146 0.018273 0.233662
0.004691 -0.971932 0.235214
0.004691 -0.971932 -0.235214
-0.004691 -0.971932 -0.235214
-0.004691 -0.971932 0.235214
0.972128 -0.018334 0.233732
0.693417 -0.693392 0.195909
0.577354 -0.577363 0.577334
0.706992 -0.016319 0.707033
0.004763 -0.971917 0.235276
0.004195 -0.707077 0.707124
0.577334 -0.577354 0.577362
0.693398 -0.693400 0.195950
0.005710 -0.022249 0.999736
0.707042 -0.016336 0.706983
0.577363 -0.577335 0.577352
0.004179 -0.707117 0.707085
0.005701 0.022258 0.999736
0.004194 0.707125 0.707076
0.577335 0.577364 0.577352
0.707002 0.016261 0.707025
0.004750 0.971908 0.235313
0.693392 0.693417 0.195908
0.577363 0.577354 0.577334
0.004179 0.707086 0.707115
0.972136 0.018347 0.233697
0.706983 0.016334 0.707042
0.577353 0.577334 0.577363
0.693400 0.693398 0.195951
0.972136 -0.018347 -0.233698
0.706982 -0.016333 -0.707043
0.577353 -0.577334 -0.577365
0.693399 -0.693397 -0.195953
0.005701 -0.022258 -0.999736
0.004195 -0.707126 -0.707075
0.577335 -0.577364 -0.577352
0.707002 -0.016261 -0.707024
0.004750 -0.971908 -0.235313
0.693392 -0.693417 -0.195909
0.577363 -0.577354 -0.577334
0.004178 -0.707086 -0.707116
0.972128 0.018334 -0.233732
0.693417 0.693392 -0.195909
0.577354 0.577363 -0.577334
0.707025 0.016260 -0.707001
0.004763 0.971917 -0.235276
0.004195 0.707077 -0.707124
0.577334 0.577354 -0.577362
0.693398 0.693400 -0.195950
0.005710 0.022249 -0.999736
0.707042 0.016336 -0.706983
0.577363 0.577335 -0.577352
0.004179 0.707117 -0.707085
-0.005701 -0.022258 0.999736
-0.004194 -0.707125 0.707076
-0.577335 -0.577364 0.577352
-0.707002 -0.016261 0.707025
-0.004750 -0.971908 0.235313
-0.693392 -0.693417 0.195908
-0.577363 -0.577354 0.577334
-0.004179 -0.707086 0.707115
-0.972136 -0.018347 0.233697
-0.706983 -0.016334 0.707042
-0.577353 -0.577334 0.577363
-0.693400 -0.693398 0.195951
-0.005710 0.022249 0.999736
-0.707042 0.016335 0.706983
-0.577364 0.577335 0.577352
-0.004179 0.707117 0.707084
-0.972128 0.018334 0.233734
-0.693417 0.693392 0.195911
-0.577353 0.577362 0.577336
-0.707024 0.016259 0.707003
-0.004763 0.971917 0.235276
-0.004194 0.707077 0.707124
-0.577334 0.577354 0.577363
-0.693398 0.693400 0.195951
-0.972128 -0.018334 -0.233732
-0.693417 -0.693392 -0.195909
-0.577354 -0.577363 -0.577334
-0.706992 -0.016319 -0.707033
-0.004763 -0.971917 -0.235276
-0.004195 -0.707077 -0.707124
-0.577334 -0.577354 -0.577362
-0.693398 -0.693400 -0.195950
-0.005710 -0.022249 -0.999736
-0.707042 -0.016336 -0.706983
-0.577363 -0.577335 -0.577352
-0.004179 -0.707117 -0.707085
-0.005701 0.022258 -0.999736
-0.004194 0.707125 -0.707076
-0.577335 0.577364 -0.577352
-0.707002 0.016261 -0.707025
-0.004750 0.971908 -0.235313
-0.693392 0.693417 -0.195908
-0.577363 0.577354 -0.577334
-0.004179 0.707086 -0.707115
-0.972136 0.018347 -0.233697
-0.706983 0.016334 -0.707042
-0.577353 0.577334 -0.577363
-0.693400 0.693398 -0.195951
0.972145 -0.018298 0.233663
0.972145 -0.018298 -0.233663
0.693417 -0.693391 -0.195913
0.693391 -0.693417 0.195913
0.004702 -0.971921 -0.235260
0.004702 -0.971921 0.235260
0.004705 -0.971908 0.235315
-0.004705 -0.971908 0.235315
-0.004165 -0.707107 0.707094
0.004165 -0.707107 0.707094
0.004165 -0.707094 0.707107
-0.004165 -0.707094 0.707107
-0.005658 -0.022270 0.999736
0.005710 -0.022271 0.999736
-0.004702 -0.971921 0.235260
-0.004702 -0.971921 -0.235260
-0.693391 -0.693417 -0.195913
-0.693417 -0.693391 0.195913
-0.972145 -0.018298 -0.233663
-0.972145 -0.018298 0.233663
0.005658 -0.022270 -0.999736
-0.005710 -0.022271 -0.999736
-0.004165 -0.707094 -0.707107
0.004165 -0.707094 -0.707107
0.004165 -0.707107 -0.707094
-0.004165 -0.707107 -0.707094
-0.004705 -0.971908 -0.235314
0.004705 -0.971908 -0.235314
0.005658 0.022270 0.999736
-0.005710 0.022271 0.999736
-0.004165 0.707094 0.707107
0.004165 0.707094 0.707107
0.004165 0.707107 0.707094
-0.004165 0.707107 0.707094
-0.004705 0.971908 0.235314
0.004705 0.971908 0.235314
0.004702 0.971921 0.235260
0.004702 0.971921 -0.235260
0.693391 0.693417 -0.195913
0.693417 0.693391 0.195913
0.972145 0.018298 -0.233663
0.972145 0.018298 0.233663
0.004705 0.971908 -0.235315
-0.004705 0.971908 -0.235315
-0.004165 0.707107 -0.707094
0.004165 0.707107 -0.707094
0.004165 0.707094 -0.707107
-0.004165 0.707094 -0.707107
-0.005658 0.022270 -0.999736
0.005710 0.022271 -0.999736
-0.972145 0.018298 0.233663
-0.972145 0.018298 -0.233663
-0.693417 0.693391 -0.195913
-0.693391 0.693417 0.195913
-0.004702 0.971921 -0.235260
-0.004702 0.971921 0.235260
0.005722 -0.022254 0.999736
0.005722 0.022254 0.999736
0.706998 0.016279 0.707028
0.706998 -0.016279 0.707028
0.707026 -0.016279 0.707001
0.707026 0.016279 0.707001
0.972132 0.018281 0.233720
0.972132 -0.018281 0.233720
-0.972132 -0.018281 0.233720
-0.972132 0.018281 0.233720
-0.707026 0.016279 0.707001
-0.707026 -0.016279 0.707001
-0.706999 -0.016279 0.707027
-0.706999 0.016279 0.707027
-0.005723 0.022255 0.999736
-0.005723 -0.022254 0.999736
0.972132 -0.018281 -0.233720
0.972132 0.018281 -0.233720
0.707026 0.016279 -0.707001
0.707026 -0.016279 -0.707001
0.706999 -0.016279 -0.707027
0.706999 0.016279 -0.707027
0.005723 0.022254 -0.999736
0.005723 -0.022255 -0.999736
-0.005722 -0.022254 -0.999736
-0.005722 0.022254 -0.999736
-0.706998 0.016279 -0.707028
-0.706998 -0.016279 -0.707028
-0.707026 -0.016279 -0.707001
-0.707026 0.016279 -0.707001
-0.972132 0.018281 -0.233720
-0.972132 -0.018281 -0.233720
0.972146 -0.018273 0.233662
0.972146 0.018273 0.233662
0.972146 0.018273 -0.233662
0.972146 -0.018273 -0.233662
0.005685 -0.022246 0.999736
-0.005685 -0.022246 0.999736
-0.005685 0.022246 0.999736
0.005685 0.022246 0.999736
0.005685 -0.022246 -0.999736
0.005685 0.022246 -0.999736
-0.005685 0.022246 -0.999736
-0.005685 -0.022246 -0.999736
0.004691 0.971932 0.235214
-0.004691 0.971932 0.235214
-0.004691 0.971932 -0.235214
0.004691 0.971932 -0.235214
-0.972146 -0.018273 0.233662
-0.972146 -0.018273 -0.233662
-0.972146 0.018273 -0.233662
-0.972146 0.018273 0.233662
0.004691 -0.971932 0.235214
0.004691 -0.971932 -0.235214
-0.004691 -0.971932 -0.235214
-0.004691 -0.971932 0.235214
0.972128 -0.018334 0.233732
0.693417 -0.693392 0.195909
0.577354 -0.577363 0.577334
0.706992 -0.016319 0.707033
0.004763 -0.971917 0.235276
0.004195 -0.707077 0.707124
0.577334 -0.577354 0.577362
0.693398 -0.693400 0.195950
0.005710 -0.022249 0.999736
0.707042 -0.016336 0.706983
0.577363 -0.577335 0.577352
0.004179 -0.707117 0.707085
0.005701 0.022258 0.999736
0.004194 0.707125 0.707076
0.577335 0.577364 0.577352
0.707002 0.016261 0.707025
0.004750 0.971908 0.235313
0.693392 0.693417 0.195908
0.577363 0.577354 0.577334
0.004179 0.707086 0.707115
0.972136 0.018347 0.233697
0.706983 0.016334 0.707042
0.577353 0.577334 0.577363
0.693400 0.693398 0.195951
0.972136 -0.018347 -0.233698
0.706982 -0.016333 -0.707043
0.577353 -0.577334 -0.577365
0.693399 -0.693397 -0.195953
0.005701 -0.022258 -0.999736
0.004195 -0.707126 -0.707075
0.577335 -0.577364 -0.577352
0.707002 -0.016261 -0.707024
0.004750 -0.971908 -0.235313
0.693392 -0.693417 -0.195909
0.577363 -0.577354 -0.577334
0.004178 -0.707086 -0.707116
0.972128 0.018334 -0.233732
0.693417 0.693392 -0.195909
0.577354 0.577363 -0.577334
0.707025 0.016260 -0.707001
0.004763 0.971917 -0.235276
0.004195 0.707077 -0.707124
0.577334 0.577354 -0.577362
0.693398 0.693400 -0.195950
0.005710 0.022249 -0.999736
0.707042 0.016336 -0.706983
0.577363 0.577335 -0.577352
0.004179 0.707117 -0.707085
-0.005701 -0.022258 0.999736
-0.004194 -0.707125 0.707076
-0.577335 -0.577364 0.577352
-0.707002 -0.016261 0.707025
-0.004750 -0.971908 0.235313
-0.693392 -0.693417 0.195908
-0.577363 -0.577354 0.577334
-0.004179 -0.707086 0.707115
-0.972136 -0.018347 0.233697
-0.706983 -0.016334 0.707042
-0.577353 -0.577334 0.577363
-0.693400 -0.693398 0.195951
-0.005710 0.022249 0.999736
-0.707042 0.016335 0.706983
-0.577364 0.577335 0.577352
-0.004179 0.707117 0.707084
-0.972128 0.018334 0.233734
-0.693417 0.693392 0.195911
-0.577353 0.577362 0.577336
-0.707024 0.016259 0.707003
-0.004763 0.971917 0.235276
-0.004194 0.707077 0.707124
-0.577334 0.577354 0.577363
-0.693398 0.693400 0.195951
-0.972128 -0.018334 -0.233732
-0.693417 -0.693392 -0.195909
-0.577354 -0.577363 -0.577334
-0.706992 -0.016319 -0.707033
-0.004763 -0.971917 -0.235276
-0.004195 -0.707077 -0.707124
-0.577334 -0.577354 -0.577362
-0.693398 -0.693400 -0.195950
-0.005710 -0.022249 -0.999736
-0.707042 -0.016336 -0.706983
-0.577363 -0.577335 -0.577352
-0.004179 -0.707117 -0.707085
-0.005701 0.022258 -0.999736
-0.004194 0.707125 -0.707076
-0.577335 0.577364 -0.577352
-0.707002 0.016261 -0.707025
-0.004750 0.971908 -0.235313
-0.693392 0.693417 -0.195908
-0.577363 0.577354 -0.577334
-0.004179 0.707086 -0.707115
-0.972136 0.018347 -0.233697
-0.706983 0.016334 -0.707042
-0.577353 0.577334 -0.577363
-0.693400 0.693398 -0.195951
0.972145 -0.018298 0.233663
0.972145 -0.018298 -0.233663
0.693417 -0.693391 -0.195913
0.693391 -0.693417 0.195913
0.004702 -0.971921 -0.235260
0.004702 -0.971921 0.235260
0.004705 -0.971908 0.235315
-0.004705 -0.971908 0.235315
-0.004165 -0.707107 0.707094
0.004165 -0.707107 0.707094
0.004165 -0.707094 0.707107
-0.004165 -0.707094 0.707107
-0.005658 -0.022270 0.999736
0.005710 -0.022271 0.999736
-0.004702 -0.971921 0.235260
-0.004702 -0.971921 -0.235260
-0.693391 -0.693417 -0.195913
-0.693417 -0.693391 0.195913
-0.972145 -0.018298 -0.233663
-0.972145 -0.018298 0.233663
0.005658 -0.022270 -0.999736
-0.005710 -0.022271 -0.999736
-0.004165 -0.707094 -0.707107
0.004165 -0.707094 -0.707107
0.004165 -0.707107 -0.707094
-0.004165 -0.707107 -0.707094
-0.004705 -0.971908 -0.235314
0.004705 -0.971908 -0.235314
0.005658 0.022270 0.999736
-0.005710 0.022271 0.999736
-0.004165 0.707094 0.707107
0.004165 0.707094 0.707107
0.004165 0.707107 0.707094
-0.004165 0.707107 0.707094
-0.004705 0.971908 0.235314
0.004705 0.971908 0.235314
0.004702 0.971921 0.235260
0.004702 0.971921 -0.235260
0.693391 0.693417 -0.195913
0.693417 0.693391 0.195913
0.972145 0.018298 -0.233663
0.972145 0.018298 0.233663
0.004705 0.971908 -0.235315
-0.004705 0.971908 -0.235315
-0.004165 0.707107 -0.707094
0.004165 0.707107 -0.707094
0.004165 0.707094 -0.707107
-0.004165 0.707094 -0.707107
-0.005658 0.022270 -0.999736
0.005710 0.022271 -0.999736
-0.972145 0.018298 0.233663
-0.972145 0.018298 -0.233663
-0.693417 0.693391 -0.195913
-0.693391 0.693417 0.195913
-0.004702 0.971921 -0.235260
-0.004702 0.971921 0.235260
0.005722 -0.022254 0.999736
0.005722 0.022254 0.999736
0.706998 0.016279 0.707028
0.706998 -0.016279 0.707028
0.707026 -0.016279 0.707001
0.707026 0.016279 0.707001
0.972132 0.018281 0.233720
0.972132 -0.018281 0.233720
-0.972132 -0.018281 0.233720
-0.972132 0.018281 0.233720
-0.707026 0.016279 0.707001
-0.707026 -0.016279 0.707001
-0.706999 -0.016279 0.707027
-0.706999 0.016279 0.707027
-0.005723 0.022255 0.999736
-0.005723 -0.022254 0.999736
0.972132 -0.018281 -0.233720
0.972132 0.018281 -0.233720
0.707026 0.016279 -0.707001
0.707026 -0.016279 -0.707001
0.706999 -0.016279 -0.707027
0.706999 0.016279 -0.707027
0.005723 0.022254 -0.999736
0.005723 -0.022255 -0.999736
-0.005722 -0.022254 -0.999736
-0.005722 0.022254 -0.999736
-0.706998 0.016279 -0.707028
-0.706998 -0.016279 -0.707028
-0.707026 -0.016279 -0.707001
-0.707026 0.016279 -0.707001
-0.972132 0.018281 -0.233720
-0.972132 -0.018281 -0.233720
0.972146 -0.018273 0.233662
0.972146 0.018273 0.233662
0.972146 0.018273 -0.233662
0.972146 -0.018273 -0.233662
0.005685 -0.022246 0.999736
-0.005685 -0.022246 0.999736
-0.005685 0.022246 0.999736
0.005685 0.022246 0.999736
0.005685 -0.022246 -0.999736
0.005685 0.022246 -0.999736
-0.005685 0.022246 -0.999736
-0.005685 -0.022246 -0.999736
0.004691 0.971932 0.235214
-0.004691 0.971932 0.235214
-0.004691 0.971932 -0.235214
0.004691 0.971932 -0.235214
-0.972146 -0.018273 0.233662
-0.972146 -0.018273 -0.233662
-0.972146 0.018273 -0.233662
-0.972146 0.018273 0.233662
0.004691 -0.971932 0.235214
0.004691 -0.971932 -0.235214
-0.004691 -0.971932 -0.235214
-0.004691 -0.971932 0.235214
0.972128 -0.018334 0.233732
0.693417 -0.693392 0.195909
0.577354 -0.577363 0.577334
0.706992 -0.016319 0.707033
0.004763 -0.971917 0.235276
0.004195 -0.707077 0.707124
0.577334 -0.577354 0.577362
0.693398 -0.693400 0.195950
0.005710 -0.022249 0.999736
0.707042 -0.016336 0.706983
0.577363 -0.577335 0.577352
0.004179 -0.707117 0.707085
0.005701 0.022258 0.999736
0.004194 0.707125 0.707076
0.577335 0.577364 0.577352
0.707002 0.016261 0.707025
0.004750 0.971908 0.235313
0.693392 0.693417 0.195908
0.577363 0.577354 0.577334
0.004179 0.707086 0.707115
0.972136 0.018347 0.233697
0.706983 0.016334 0.707042
0.577353 0.577334 0.577363
0.693400 0.693398 0.195951
0.972136 -0.018347 -0.233698
0.706982 -0.016333 -0.707043
0.577353 -0.577334 -0.577365
0.693399 -0.693397 -0.195953
0.005701 -0.022258 -0.999736
0.004195 -0.707126 -0.707075
0.577335 -0.577364 -0.577352
0.707002 -0.016261 -0.707024
0.004750 -0.971908 -0.235313
0.693392 -0.693417 -0.195909
0.577363 -0.577354 -0.577334
0.004178 -0.707086 -0.707116
0.972128 0.018334 -0.233732
0.693417 0.693392 -0.195909
0.577354 0.577363 -0.577334
0.707025 0.016260 -0.707001
0.004763 0.971917 -0.235276
0.004195 0.707077 -0.707124
0.577334 0.577354 -0.577362
0.693398 0.693400 -0.195950
0.005710 0.022249 -0.999736
0.707042 0.016336 -0.706983
0.577363 0.577335 -0.577352
0.004179 0.707117 -0.707085
-0.005701 -0.022258 0.999736
-0.004194 -0.707125 0.707076
-0.577335 -0.577364 0.577352
-0.707002 -0.016261 0.707025
-0.004750 -0.971908 0.235313
-0.693392 -0.693417 0.195908
-0.577363 -0.577354 0.577334
-0.004179 -0.707086 0.707115
-0.972136 -0.018347 0.233697
-0.706983 -0.016334 0.707042
-0.577353 -0.577334 0.577363
-0.693400 -0.693398 0.195951
-0.005710 0.022249 0.999736
-0.707042 0.016335 0.706983
-0.577364 0.577335 0.577352
-0.004179 0.707117 0.707084
-0.972128 0.018334 0.233734
-0.693417 0.693392 0.195911
-0.577353 0.577362 0.577336
-0.707024 0.016259 0.707003
-0.004763 0.971917 0.235276
-0.004194 0.707077 0.707124
-0.577334 0.577354 0.577363
-0.693398 0.693400 0.195951
-0.972128 -0.018334 -0.233732
-0.693417 -0.693392 -0.195909
-0.577354 -0.577363 -0.577334
-0.706992 -0.016319 -0.707033
-0.004763 -0.971917 -0.235276
-0.004195 -0.707077 -0.707124
-0.577334 -0.577354 -0.577362
-0.693398 -0.693400 -0.195950
-0.005710 -0.022249 -0.999736
-0.707042 -0.016336 -0.706983
-0.577363 -0.577335 -0.577352
-0.004179 -0.707117 -0.707085
-0.005701 0.022258 -0.999736
-0.004194 0.707125 -0.707076
-0.577335 0.577364 -0.577352
-0.707002 0.016261 -0.707025
-0.004750 0.971908 -0.235313
-0.693392 0.693417 -0.195908
-0.577363 0.577354 -0.577334
-0.004179 0.707086 -0.707115
-0.972136 0.018347 -0.233697
-0.706983 0.016334 -0.707042
-0.577353 0.577334 -0.577363
-0.693400 0.693398 -0.195951
0.972145 -0.018298 0.233663
0.972145 -0.018298 -0.233663
0.693417 -0.693391 -0.195913
0.693391 -0.693417 0.195913
0.004702 -0.971921 -0.235260
0.004702 -0.971921 0.235260
0.004705 -0.971908 0.235315
-0.004705 -0.971908 0.235315
-0.004165 -0.707107 0.707094
0.004165 -0.707107 0.707094
0.004165 -0.707094 0.707107
-0.004165 -0.707094 0.707107
-0.005658 -0.022270 0.999736
0.005710 -0.022271 0.999736
-0.004702 -0.971921 0.235260
-0.004702 -0.971921 -0.235260
-0.693391 -0.693417 -0.195913
-0.693417 -0.693391 0.195913
-0.972145 -0.018298 -0.233663
-0.972145 -0.018298 0.233663
0.005658 -0.022270 -0.999736
-0.005710 -0.022271 -0.999736
-0.004165 -0.707094 -0.707107
0.004165 -0.707094 -0.707107
0.004165 -0.707107 -0.707094
-0.004165 -0.707107 -0.707094
-0.004705 -0.971908 -0.235314
0.004705 -0.971908 -0.235314
0.005658 0.022270 0.999736
-0.005710 0.022271 0.999736
-0.004165 0.707094 0.707107
0.004165 0.707094 0.707107
0.004165 0.707107 0.707094
-0.004165 0.707107 0.707094
-0.004705 0.971908 0.235314
0.004705 0.971908 0.235314
0.004702 0.971921 0.235260
0.004702 0.971921 -0.235260
0.693391 0.693417 -0.195913
0.693417 0.693391 0.195913
0.972145 0.018298 -0.233663
0.972145 0.018298 0.233663
0.004705 0.971908 -0.235315
-0.004705 0.971908 -0.235315
-0.004165 0.707107 -0.707094
0.004165 0.707107 -0.707094
0.004165 0.707094 -0.707107
-0.004165 0.707094 -0.707107
-0.005658 0.022270 -0.999736
0.005710 0.022271 -0.999736
-0.972145 0.018298 0.233663
-0.972145 0.018298 -0.233663
-0.693417 0.693391 -0.195913
-0.693391 0.693417 0.195913
-0.004702 0.971921 -0.235260
-0.004702 0.971921 0.235260
0.005722 -0.022254 0.999736
0.005722 0.022254 0.999736
0.706998 0.016279 0.707028
0.706998 -0.016279 0.707028
0.707026 -0.016279 0.707001
0.707026 0.016279 0.707001
0.972132 0.018281 0.233720
0.972132 -0.018281 0.233720
-0.972132 -0.018281 0.233720
-0.972132 0.018281 0.233720
-0.707026 0.016279 0.707001
-0.707026 -0.016279 0.707001
-0.706999 -0.016279 0.707027
-0.706999 0.016279 0.707027
-0.005723 0.022255 0.999736
-0.005723 -0.022254 0.999736
0.972132 -0.018281 -0.233720
0.972132 0.018281 -0.233720
0.707026 0.016279 -0.707001
0.707026 -0.016279 -0.707001
0.706999 -0.016279 -0.707027
0.706999 0.016279 -0.707027
0.005723 0.022254 -0.999736
0.005723 -0.022255 -0.999736
-0.005722 -0.022254 -0.999736
-0.005722 0.022254 -0.999736
-0.706998 0.016279 -0.707028
-0.706998 -0.016279 -0.707028
-0.707026 -0.016279 -0.707001
-0.707026 0.016279 -0.707001
-0.972132 0.018281 -0.233720
-0.972132 -0.018281 -0.233720
0.972146 -0.018273 0.233662
0.972146 0.018273 0.233662
0.972146 0.018273 -0.233662
0.972146 -0.018273 -0.233662
<Colors>: 4859
0.850000 0.200000 0.025000 1.000000
0.850000 0.200000 0.025000 1.000000
0.850000 0.200000 0.025000 1.000000
0.850000 0.200000 0.025000 1.000000
0.850000 0.200000 0.025000 1.000000
0.850000 0.200000 0.025000 1.000000
0.850000 0.200000 0.025000 1.000000
0.850000 0.200000 0.025000 1.000000
0.850000 0.200000 0.025000 1.000000
0.850000 0.200000 0.025000 1.000000
0.850000 0.200000 0.025000 1.000000
0.850000 0.200000 0.025000 1.000000
0.850000 0.200000 0.025000 1.000000
0.850000 0.200000 0.025000 1.000000
0.850000 0.200000 0.025000 1.000000
0.850000 0.200000 0.025000 1.000000
0.850000 0.200000 0.025000 1.000000
0.850000 0.200000 0.025000 1.000000
0.850000 0.200000 0.025000 1.000000
0.850000 0.200000 0.025000 1.000000
0.850000 0.200000 0.025000 1.000000
0.850000 0.200000 0.025000 1.000000
0.850000 0.200000 0.025000 1.000000
0.850000 0.200000 0.025000 1.000000
0.850000 0.200000 0.025000 1.000000
0.850000 0.200000 0.025000 1.000000
0.850000 0.200000 0.025000 1.000000
0.850000 0.200000 0.025000 1.000000
0.850000 0.200000 0.025000 1.000000
0.850000 0.200000 0.025000 1.000000
0.850000 0.200000 0.025000 1.000000
0.850000 0.200000 0.025000 1.000000
0.850000 0.200000 0.025000 1.000000
0.850000 0.200000 0.025000 1.000000
0.850000 0.200000 0.025000 1.000000
0.850000 0.200000 0.025000 1.000000
0.850000 0.200000 0.025000 1.000000
0.850000 0.200000 0.025000 1.000000
0.850000 0.200000 0.025000 1.000000
0.850000 0.200000 0.025000 1.000000
0.850000 0.200000 0.025000 1.000000
0.850000 0.200000 0.025000 1.000000
0.850000 0.200000 0.025000 1.000000
0.850000 0.200000 0.025000 1.000000
0.850000 0.200000 0.025000 1.000000
0.850000 0.200000 0.025000 1.000000
0.850000 0.200000 0.025000 1.000000
0.850000 0.200000 0.025000 1.000000
0.850000 0.200000 0.025000 1.000000
0.850000 0.200000 0.025000 1.000000
0.850000 0.200000 0.025000 1.000000
0.850000 0.200000 0.025000 1.000000
0.850000 0.200000 0.025000 1.000000
0.850000 0.200000 0.025000 1.000000
0.850000 0.200000 0.025000 1.000000
0.850000 0.200000 0.025000 1.000000
0.850000 0.200000 0.025000 1.000000
0.850000 0.200000 0.025000 1.000000
0.850000 0.200000 0.025000 1.000000
0.850000 0.200000 0.025000 1.000000
0.850000 0.200000 0.025000 1.000000
0.850000 0.200000 0.025000 1.000000
0.850000 0.200000 0.025000 1.000000
0.850000 0.200000 0.025000 1.000000
0.850000 0.200000 0.025000 1.000000
0.850000 0.200000 0.025000 1.000000
0.850000 0.200000 0.025000 1.000000
0.850000 0.200000 0.025000 1.000000
0.850000 0.200000 0.025000 1.000000
0.850000 0.200000 0.025000 1.000000
0.850000 0.200000 0.025000 1.000000
0.850000 0.200000 0.025000 1.000000
0.850000 0.200000 0.025000 1.000000
0.850000 0.200000 0.025000 1.000000
0.850000 0.200000 0.025000 1.000000
0.850000 0.200000 0.025000 1.000000
0.850000 0.200000 0.025000 1.000000
0.850000 0.200000 0.025000 1.000000
0.850000 0.200000 0.025000 1.000000
0.850000 0.200000 0.025000 1.000000
0.850000 0.200000 0.025000 1.000000
0.850000 0.200000 0.025000 1.000000
0.850000 0.200000 0.025000 1.000000
0.850000 0.200000 0.025000 1.000000
0.850000 0.200000 0.025000 1.000000
0.850000 0.200000 0.025000 1.000000
0.850000 0.200000 0.025000 1.000000
0.850000 0.200000 0.025000 1.000000
0.850000 0.200000 0.025000 1.000000
0.850000 0.200000 0.025000 1.000000
0.850000 0.200000 0.025000 1.000000
0.850000 0.200000 0.025000 1.000000
0.850000 0.200000 0.025000 1.000000
0.850000 0.200000 0.025000 1.000000
0.850000 0.200000 0.025000 1.000000
0.850000 0.200000 0.025000 1.000000
0.850000 0.200000 0.025000 1.000000
0.850000 0.200000 0.025000 1.000000
0.850000 0.200000 0.025000 1.000000
0.850000 0.200000 0.025000 1.000000
0.850000 0.200000 0.025000 1.000000
0.850000 0.200000 0.025000 1.000000
0.850000 0.200000 0.025000 1.000000
0.850000 0.200000 0.025000 1.000000
0.850000 0.200000 0.025000 1.000000
0.850000 0.200000 0.025000 1.000000
0.850000 0.200000 0.025000 1.000000
0.850000 0.200000 0.025000 1.000000
0.850000 0.200000 0.025000 1.000000
0.850000 0.200000 0.025000 1.000000
0.850000 0.200000 0.025000 1.000000
0.850000 0.200000 0.025000 1.000000
0.850000 0.200000 0.025000 1.000000
0.850000 0.200000 0.025000 1.000000
0.850000 0.200000 0.025000 1.000000
0.850000 0.200000 0.025000 1.000000
0.850000 0.200000 0.025000 1.000000
0.850000 0.200000 0.025000 1.000000
0.850000 0.200000 0.025000 1.000000
0.850000 0.200000 0.025000 1.000000
0.850000 0.200000 0.025000 1.000000
0.850000 0.200000 0.025000 1.000000
0.850000 0.200000 0.025000 1.000000
0.850000 0.200000 0.025000 1.000000
0.850000 0.200000 0.025000 1.000000
0.850000 0.200000 0.025000 1.000000
0.850000 0.200000 0.025000 1.000000
0.850000 0.200000 0.025000 1.000000
0.850000 0.200000 0.025000 1.000000
0.850000 0.200000 0.025000 1.000000
0.850000 0.200000 0.025000 1.000000
0.850000 0.200000 0.025000 1.000000
0.850000 0.200000 0.025000 1.000000
0.850000 0.200000 0.025000 1.000000
0.850000 0.200000 0.025000 1.000000
0.850000 0.200000 0.025000 1.000000
0.850000 0.200000 0.025000 1.000000
0.850000 0.200000 0.025000 1.000000
0.850000 0.200000 0.025000 1.000000
0.850000 0.200000 0.025000 1.000000
0.850000 0.200000 0.025000 1.000000
0.850000 0.200000 0.025000 1.000000
0.850000 0.200000 0.025000 1.000000
0.850000 0.200000 0.025000 1.000000
0.850000 0.200000 0.025000 1.000000
0.850000 0.200000 0.025000 1.000000
0.850000 0.200000 0.025000 1.000000
0.850000 0.200000 0.025000 1.000000
0.850000 0.200000 0.025000 1.000000
0.850000 0.200000 0.025000 1.000000
0.850000 0.200000 0.025000 1.000000
0.850000 0.200000 0.025000 1.000000
0.850000 0.200000 0.025000 1.000000
0.850000 0.200000 0.025000 1.000000
0.850000 0.200000 0.025000 1.000000
0.850000 0.200000 0.025000 1.000000
0.850000 0.200000 0.025000 1.000000
0.850000 0.200000 0.025000 1.000000
0.850000 0.200000 0.025000 1.000000
0.850000 0.200000 0.025000 1.000000
0.850000 0.200000 0.025000 1.000000
0.850000 0.200000 0.025000 1.000000
0.850000 0.200000 0.025000 1.000000
0.850000 0.200000 0.025000 1.000000
0.850000 0.200000 0.025000 1.000000
0.850000 0.200000 0.025000 1.000000
0.850000 0.200000 0.025000 1.000000
0.850000 0.200000 0.025000 1.000000
0.850000 0.200000 0.025000 1.000000
0.850000 0.200000 0.025000 1.000000
0.850000 0.200000 0.025000 1.000000
0.850000 0.200000 0.025000 1.000000
0.850000 0.200000 0.025000 1.000000
0.850000 0.200000 0.025000 1.000000
0.850000 0.200000 0.025000 1.000000
0.850000 0.200000 0.025000 1.000000
0.850000 0.200000 0.025000 1.000000
0.850000 0.200000 0.025000 1.000000
0.850000 0.200000 0.025000 1.000000
0.850000 0.200000 0.025000 1.000000
0.850000 0.200000 0.025000 1.000000
0.850000 0.200000 0.025000 1.000000
0.850000 0.200000 0.025000 1.000000
0.850000 0.200000 0.025000 1.000000
0.850000 0.200000 0.025000 1.000000
0.850000 0.200000 0.025000 1.000000
0.850000 0.200000 0.025000 1.000000
0.850000 0.200000 0.025000 1.000000
0.850000 0.200000 0.025000 1.000000
0.850000 0.200000 0.025000 1.000000
0.850000 0.200000 0.025000 1.000000
0.850000 0.200000 0.025000 1.000000
0.850000 0.200000 0.025000 1.000000
0.850000 0.200000 0.025000 1.000000
0.850000 0.200000 0.025000 1.000000
0.850000 0.200000 0.025000 1.000000
0.850000 0.200000 0.025000 1.000000
0.850000 0.200000 0.025000 1.000000
0.850000 0.200000 0.025000 1.000000
0.850000 0.200000 0.025000 1.000000
0.850000 0.200000 0.025000 1.000000
0.850000 0.200000 0.025000 1.000000
0.850000 0.200000 0.025000 1.000000
0.850000 0.200000 0.025000 1.000000
0.850000 0.200000 0.025000 1.000000
0.850000 0.200000 0.025000 1.000000
0.850000 0.200000 0.025000 1.000000
0.850000 0.200000 0.025000 1.000000
0.850000 0.200000 0.025000 1.000000
0.850000 0.200000 0.025000 1.000000
0.850000 0.200000 0.025000 1.000000
0.850000 0.200000 0.025000 1.000000
0.850000 0.200000 0.025000 1.000000
0.850000 0.200000 0.025000 1.000000
0.850000 0.200000 0.025000 1.000000
0.850000 0.200000 0.025000 1.000000
0.850000 0.200000 0.025000 1.000000
0.850000 0.200000 0.025000 1.000000
0.850000 0.200000 0.025000 1.000000
0.850000 0.200000 0.025000 1.000000
0.850000 0.200000 0.025000 1.000000
0.850000 0.200000 0.025000 1.000000
0.850000 0.200000 0.025000 1.000000
0.850000 0.200000 0.025000 1.000000
0.850000 0.200000 0.025000 1.000000
0.850000 0.200000 0.025000 1.000000
0.850000 0.200000 0.025000 1.000000
0.850000 0.200000 0.025000 1.000000
0.850000 0.200000 0.025000 1.000000
0.850000 0.200000 0.025000 1.000000
0.850000 0.200000 0.025000 1.000000
0.850000 0.200000 0.025000 1.000000
0.850000 0.200000 0.025000 1.000000
0.850000 0.200000 0.025000 1.000000
0.850000 0.200000 0.025000 1.000000
0.850000 0.200000 0.025000 1.000000
0.850000 0.200000 0.025000 1.000000
0.850000 0.200000 0.025000 1.000000
0.850000 0.200000 0.025000 1.000000
0.850000 0.200000 0.025000 1.000000
0.850000 0.200000 0.025000 1.000000
0.850000 0.200000 0.025000 1.000000
0.850000 0.200000 0.025000 1.000000
0.850000 0.200000 0.025000 1.000000
0.850000 0.200000 0.025000 1.000000
0.850000 0.200000 0.025000 1.000000
0.850000 0.200000 0.025000 1.000000
0.850000 0.200000 0.025000 1.000000
0.850000 0.200000 0.025000 1.000000
0.850000 0.200000 0.025000 1.000000
0.850000 0.200000 0.025000 1.000000
0.850000 0.200000 0.025000 1.000000
0.850000 0.200000 0.025000 1.000000
0.850000 0.200000 0.025000 1.000000
0.850000 0.200000 0.025000 1.000000
0.850000 0.200000 0.025000 1.000000
0.850000 0.200000 0.025000 1.000000
0.850000 0.200000 0.025000 1.000000
0.850000 0.200000 0.025000 1.000000
0.850000 0.200000 0.025000 1.000000
0.850000 0.200000 0.025000 1.000000
0.850000 0.200000 0.025000 1.000000
0.850000 0.200000 0.025000 1.000000
0.850000 0.200000 0.025000 1.000000
0.850000 0.200000 0.025000 1.000000
0.850000 0.200000 0.025000 1.000000
0.850000 0.200000 0.025000 1.000000
0.850000 0.200000 0.025000 1.000000
0.850000 0.200000 0.025000 1.000000
0.850000 0.200000 0.025000 1.000000
0.850000 0.200000 0.025000 1.000000
0.850000 0.200000 0.025000 1.000000
0.850000 0.200000 0.025000 1.000000
0.850000 0.200000 0.025000 1.000000
0.850000 0.200000 0.025000 1.000000
0.850000 0.200000 0.025000 1.000000
0.850000 0.200000 0.025000 1.000000
0.850000 0.200000 0.025000 1.000000
0.850000 0.200000 0.025000 1.000000
0.850000 0.200000 0.025000 1.000000
0.850000 0.200000 0.025000 1.000000
0.850000 0.200000 0.025000 1.000000
0.850000 0.200000 0.025000 1.000000
0.850000 0.200000 0.025000 1.000000
0.850000 0.200000 0.025000 1.000000
0.850000 0.200000 0.025000 1.000000
0.850000 0.200000 0.025000 1.000000
0.850000 0.200000 0.025000 1.000000
0.850000 0.200000 0.025000 1.000000
0.850000 0.200000 0.025000 1.000000
0.850000 0.200000 0.025000 1.000000
0.850000 0.200000 0.025000 1.000000
0.850000 0.200000 0.025000 1.000000
0.850000 0.200000 0.025000 1.000000
0.850000 0.200000 0.025000 1.000000
0.850000 0.200000 0.025000 1.000000
0.850000 0.200000 0.025000 1.000000
0.850000 0.200000 0.025000 1.000000
0.850000 0.200000 0.025000 1.000000
0.850000 0.200000 0.025000 1.000000
0.850000 0.200000 0.025000 1.000000
0.850000 0.200000 0.025000 1.000000
0.850000 0.200000 0.025000 1.000000
0.850000 0.200000 0.025000 1.000000
0.850000 0.200000 0.025000 1.000000
0.850000 0.200000 0.025000 1.000000
0.850000 0.200000 0.025000 1.000000
0.850000 0.200000 0.025000 1.000000
0.850000 0.200000 0.025000 1.000000
0.850000 0.200000 0.025000 1.000000
0.850000 0.200000 0.025000 1.000000
0.850000 0.200000 0.025000 1.000000
0.850000 0.200000 0.025000 1.000000
0.850000 0.200000 0.025000 1.000000
0.850000 0.200000 0.025000 1.000000
0.850000 0.200000 0.025000 1.000000
0.850000 0.200000 0.025000 1.000000
0.850000 0.200000 0.025000 1.000000
0.850000 0.200000 0.025000 1.000000
0.850000 0.200000 0.025000 1.000000
0.850000 0.200000 0.025000 1.000000
0.850000 0.200000 0.025000 1.000000
0.850000 0.200000 0.025000 1.000000
0.850000 0.200000 0.025000 1.000000
0.850000 0.200000 0.025000 1.000000
0.850000 0.200000 0.025000 1.000000
0.850000 0.200000 0.025000 1.000000
0.850000 0.200000 0.025000 1.000000
0.850000 0.200000 0.025000 1.000000
0.850000 0.200000 0.025000 1.000000
0.850000 0.200000 0.025000 1.000000
0.850000 0.200000 0.025000 1.000000
0.850000 0.200000 0.025000 1.000000
0.850000 0.200000 0.025000 1.000000
0.850000 0.200000 0.025000 1.000000
0.850000 0.200000 0.025000 1.000000
0.850000 0.200000 0.025000 1.000000
0.850000 0.200000 0.025000 1.000000
0.850000 0.200000 0.025000 1.000000
0.850000 0.200000 0.025000 1.000000
0.850000 0.200000 0.025000 1.000000
0.850000 0.200000 0.025000 1.000000
0.850000 0.200000 0.025000 1.000000
0.850000 0.200000 0.025000 1.000000
0.850000 0.200000 0.025000 1.000000
0.850000 0.200000 0.025000 1.000000
0.850000 0.200000 0.025000 1.000000
0.850000 0.200000 0.025000 1.000000
0.850000 0.200000 0.025000 1.000000
0.850000 0.200000 0.025000 1.000000
0.850000 0.200000 0.025000 1.000000
0.850000 0.200000 0.025000 1.000000
0.850000 0.200000 0.025000 1.000000
0.850000 0.200000 0.025000 1.000000
0.850000 0.200000 0.025000 1.000000
0.850000 0.200000 0.025000 1.000000
0.850000 0.200000 0.025000 1.000000
0.850000 0.200000 0.025000 1.000000
0.850000 0.200000 0.025000 1.000000
0.850000 0.200000 0.025000 1.000000
0.850000 0.200000 0.025000 1.000000
0.850000 0.200000 0.025000 1.000000
0.850000 0.200000 0.025000 1.000000
0.850000 0.200000 0.025000 1.000000
0.850000 0.200000 0.025000 1.000000
0.850000 0.200000 0.025000 1.000000
0.850000 0.200000 0.025000 1.000000
0.850000 0.200000 0.025000 1.000000
0.850000 0.200000 0.025000 1.000000
0.850000 0.200000 0.025000 1.000000
0.850000 0.200000 0.025000 1.000000
0.850000 0.200000 0.025000 1.000000
0.850000 0.200000 0.025000 1.000000
0.850000 0.200000 0.025000 1.000000
0.850000 0.200000 0.025000 1.000000
0.850000 0.200000 0.025000 1.000000
0.850000 0.200000 0.025000 1.000000
0.850000 0.200000 0.025000 1.000000
0.850000 0.200000 0.025000 1.000000
0.850000 0.200000 0.025000 1.000000
0.850000 0.200000 0.025000 1.000000
0.850000 0.200000 0.025000 1.000000
0.850000 0.200000 0.025000 1.000000
0.850000 0.200000 0.025000 1.000000
0.850000 0.200000 0.025000 1.000000
0.850000 0.200000 0.025000 1.000000
0.850000 0.200000 0.025000 1.000000
0.850000 0.200000 0.025000 1.000000
0.850000 0.200000 0.025000 1.000000
0.850000 0.200000 0.025000 1.000000
0.850000 0.200000 0.025000 1.000000
0.850000 0.200000 0.025000 1.000000
0.850000 0.200000 0.025000 1.000000
0.850000 0.200000 0.025000 1.000000
0.850000 0.200000 0.025000 1.000000
0.850000 0.200000 0.025000 1.000000
0.850000 0.200000 0.025000 1.000000
0.850000 0.200000 0.025000 1.000000
0.850000 0.200000 0.025000 1.000000
0.850000 0.200000 0.025000 1.000000
0.850000 0.200000 0.025000 1.000000
0.850000 0.200000 0.025000 1.000000
0.850000 0.200000 0.025000 1.000000
0.850000 0.200000 0.025000 1.000000
0.850000 0.200000 0.025000 1.000000
0.850000 0.200000 0.025000 1.000000
0.850000 0.200000 0.025000 1.000000
0.850000 0.200000 0.025000 1.000000
0.850000 0.200000 0.025000 1.000000
0.850000 0.200000 0.025000 1.000000
0.850000 0.200000 0.025000 1.000000
0.850000 0.200000 0.025000 1.000000
0.850000 0.200000 0.025000 1.000000
0.850000 0.200000 0.025000 1.000000
0.850000 0.200000 0.025000 1.000000
0.850000 0.200000 0.025000 1.000000
0.850000 0.200000 0.025000 1.000000
0.850000 0.200000 0.025000 1.000000
0.850000 0.200000 0.025000 1.000000
0.850000 0.200000 0.025000 1.000000
0.850000 0.200000 0.025000 1.000000
0.850000 0.200000 0.025000 1.000000
0.850000 0.200000 0.025000 1.000000
0.850000 0.200000 0.025000 1.000000
0.850000 0.200000 0.025000 1.000000
0.850000 0.200000 0.025000 1.000000
0.850000 0.200000 0.025000 1.000000
0.850000 0.200000 0.025000 1.000000
0.850000 0.200000 0.025000 1.000000
0.850000 0.200000 0.025000 1.000000
0.850000 0.200000 0.025000 1.000000
0.850000 0.200000 0.025000 1.000000
0.850000 0.200000 0.025000 1.000000
0.850000 0.200000 0.025000 1.000000
0.850000 0.200000 0.025000 1.000000
0.850000 0.200000 0.025000 1.000000
0.850000 0.200000 0.025000 1.000000
0.850000 0.200000 0.025000 1.000000
0.850000 0.200000 0.025000 1.000000
0.850000 0.200000 0.025000 1.000000
0.850000 0.200000 0.025000 1.000000
0.850000 0.200000 0.025000 1.000000
0.850000 0.200000 0.025000 1.000000
0.850000 0.200000 0.025000 1.000000
0.850000 0.200000 0.025000 1.000000
0.850000 0.200000 0.025000 1.000000
0.850000 0.200000 0.025000 1.000000
0.850000 0.200000 0.025000 1.000000
0.850000 0.200000 0.025000 1.000000
0.850000 0.200000 0.025000 1.000000
0.850000 0.200000 0.025000 1.000000
0.850000 0.200000 0.025000 1.000000
0.850000 0.200000 0.025000 1.000000
0.850000 0.200000 0.025000 1.000000
0.850000 0.200000 0.025000 1.000000
0.850000 0.200000 0.025000 1.000000
0.850000 0.200000 0.025000 1.000000
0.850000 0.200000 0.025000 1.000000
0.850000 0.200000 0.025000 1.000000
0.850000 0.200000 0.025000 1.000000
0.850000 0.200000 0.025000 1.000000
0.850000 0.200000 0.025000 1.000000
0.850000 0.200000 0.025000 1.000000
0.850000 0.200000 0.025000 1.000000
0.850000 0.200000 0.025000 1.000000
0.850000 0.200000 0.025000 1.000000
0.850000 0.200000 0.025000 1.000000
0.850000 0.200000 0.025000 1.000000
0.850000 0.200000 0.025000 1.000000
0.850000 0.200000 0.025000 1.000000
0.850000 0.200000 0.025000 1.000000
0.850000 0.200000 0.025000 1.000000
0.850000 0.200000 0.025000 1.000000
0.850000 0.200000 0.025000 1.000000
0.850000 0.200000 0.025000 1.000000
0.850000 0.200000 0.025000 1.000000
0.850000 0.200000 0.025000 1.000000
0.850000 0.200000 0.025000 1.000000
0.850000 0.200000 0.025000 1.000000
0.850000 0.200000 0.025000 1.000000
0.850000 0.200000 0.025000 1.000000
0.850000 0.200000 0.025000 1.000000
0.850000 0.200000 0.025000 1.000000
0.850000 0.200000 0.025000 1.000000
0.850000 0.200000 0.025000 1.000000
0.850000 0.200000 0.025000 1.000000
0.850000 0.200000 0.025000 1.000000
0.850000 0.200000 0.025000 1.000000
0.850000 0.200000 0.025000 1.000000
0.850000 0.200000 0.025000 1.000000
0.850000 0.200000 0.025000 1.000000
0.850000 0.200000 0.025000 1.000000
0.850000 0.200000 0.025000 1.000000
0.850000 0.200000 0.025000 1.000000
0.850000 0.200000 0.025000 1.000000
0.850000 0.200000 0.025000 1.000000
0.850000 0.200000 0.025000 1.000000
0.850000 0.200000 0.025000 1.000000
0.850000 0.200000 0.025000 1.000000
0.850000 0.200000 0.025000 1.000000
0.850000 0.200000 0.025000 1.000000
0.850000 0.200000 0.025000 1.000000
0.850000 0.200000 0.025000 1.000000
0.850000 0.200000 0.025000 1.000000
0.850000 0.200000 0.025000 1.000000
0.850000 0.200000 0.025000 1.000000
0.850000 0.200000 0.025000 1.000000
0.850000 0.200000 0.025000 1.000000
0.850000 0.200000 0.025000 1.000000
0.850000 0.200000 0.025000 1.000000
0.850000 0.200000 0.025000 1.000000
0.850000 0.200000 0.025000 1.000000
0.850000 0.200000 0.025000 1.000000
0.850000 0.200000 0.025000 1.000000
0.850000 0.200000 0.025000 1.000000
0.850000 0.200000 0.025000 1.000000
0.850000 0.200000 0.025000 1.000000
0.850000 0.200000 0.025000 1.000000
0.850000 0.200000 0.025000 1.000000
0.850000 0.200000 0.025000 1.000000
0.850000 0.200000 0.025000 1.000000
0.850000 0.200000 0.025000 1.000000
0.850000 0.200000 0.025000 1.000000
0.850000 0.200000 0.025000 1.000000
0.850000 0.200000 0.025000 1.000000
0.850000 0.200000 0.025000 1.000000
0.850000 0.200000 0.025000 1.000000
0.850000 0.200000 0.025000 1.000000
0.850000 0.200000 0.025000 1.000000
0.850000 0.200000 0.025000 1.000000
0.850000 0.200000 0.025000 1.000000
0.850000 0.200000 0.025000 1.000000
0.850000 0.200000 0.025000 1.000000
0.850000 0.200000 0.025000 1.000000
0.850000 0.200000 0.025000 1.000000
0.850000 0.200000 0.025000 1.000000
0.850000 0.200000 0.025000 1.000000
0.850000 0.200000 0.025000 1.000000
0.850000 0.200000 0.025000 1.000000
0.850000 0.200000 0.025000 1.000000
0.850000 0.200000 0.025000 1.000000
0.850000 0.200000 0.025000 1.000000
0.850000 0.200000 0.025000 1.000000
0.850000 0.200000 0.025000 1.000000
0.850000 0.200000 0.025000 1.000000
0.850000 0.200000 0.025000 1.000000
0.850000 0.200000 0.025000 1.000000
0.850000 0.200000 0.025000 1.000000
0.850000 0.200000 0.025000 1.000000
0.850000 0.200000 0.025000 1.000000
0.850000 0.200000 0.025000 1.000000
0.850000 0.200000 0.025000 1.000000
0.850000 0.200000 0.025000 1.000000
0.850000 0.200000 0.025000 1.000000
0.850000 0.200000 0.025000 1.000000
0.850000 0.200000 0.025000 1.000000
0.850000 0.200000 0.025000 1.000000
0.850000 0.200000 0.025000 1.000000
0.850000 0.200000 0.025000 1.000000
0.850000 0.200000 0.025000 1.000000
0.850000 0.200000 0.025000 1.000000
0.850000 0.200000 0.025000 1.000000
0.850000 0.200000 0.025000 1.000000
0.850000 0.200000 0.025000 1.000000
0.850000 0.200000 0.025000 1.000000
0.850000 0.200000 0.025000 1.000000
0.850000 0.200000 0.025000 1.000000
0.850000 0.200000 0.025000 1.000000
0.850000 0.200000 0.025000 1.000000
0.850000 0.200000 0.025000 1.000000
0.850000 0.200000 0.025000 1.000000
0.850000 0.200000 0.025000 1.000000
0.850000 0.200000 0.025000 1.000000
0.850000 0.200000 0.025000 1.000000
0.850000 0.200000 0.025000 1.000000
0.850000 0.200000 0.025000 1.000000
0.850000 0.200000 0.025000 1.000000
0.850000 0.200000 0.025000 1.000000
0.850000 0.200000 0.025000 1.000000
0.850000 0.200000 0.025000 1.000000
0.850000 0.200000 0.025000 1.000000
0.850000 0.200000 0.025000 1.000000
0.850000 0.200000 0.025000 1.000000
0.850000 0.200000 0.025000 1.000000
0.850000 0.200000 0.025000 1.000000
0.850000 0.200000 0.025000 1.000000
0.850000 0.200000 0.025000 1.000000
0.850000 0.200000 0.025000 1.000000
0.850000 0.200000 0.025000 1.000000
0.850000 0.200000 0.025000 1.000000
0.850000 0.200000 0.025000 1.000000
0.850000 0.200000 0.025000 1.000000
0.850000 0.200000 0.025000 1.000000
0.850000 0.200000 0.025000 1.000000
0.850000 0.200000 0.025000 1.000000
0.850000 0.200000 0.025000 1.000000
0.850000 0.200000 0.025000 1.000000
0.850000 0.200000 0.025000 1.000000
0.850000 0.200000 0.025000 1.000000
0.850000 0.200000 0.025000 1.000000
0.850000 0.200000 0.025000 1.000000
0.850000 0.200000 0.025000 1.000000
0.850000 0.200000 0.025000 1.000000
0.850000 0.200000 0.025000 1.000000
0.850000 0.200000 0.025000 1.000000
0.850000 0.200000 0.025000 1.000000
0.850000 0.200000 0.025000 1.000000
0.850000 0.200000 0.025000 1.000000
0.850000 0.200000 0.025000 1.000000
0.850000 0.200000 0.025000 1.000000
0.850000 0.200000 0.025000 1.000000
0.850000 0.200000 0.025000 1.000000
0.850000 0.200000 0.025000 1.000000
0.850000 0.200000 0.025000 1.000000
0.850000 0.200000 0.025000 1.000000
0.850000 0.200000 0.025000 1.000000
0.850000 0.200000 0.025000 1.000000
0.850000 0.200000 0.025000 1.000000
0.850000 0.200000 0.025000 1.000000
0.850000 0.200000 0.025000 1.000000
0.850000 0.200000 0.025000 1.000000
0.850000 0.200000 0.025000 1.000000
0.850000 0.200000 0.025000 1.000000
0.850000 0.200000 0.025000 1.000000
0.850000 0.200000 0.025000 1.000000
0.850000 0.200000 0.025000 1.000000
0.850000 0.200000 0.025000 1.000000
0.850000 0.200000 0.025000 1.000000
0.850000 0.200000 0.025000 1.000000
0.850000 0.200000 0.025000 1.000000
0.850000 0.200000 0.025000 1.000000
0.850000 0.200000 0.025000 1.000000
0.850000 0.200000 0.025000 1.000000
0.850000 0.200000 0.025000 1.000000
0.850000 0.200000 0.025000 1.000000
0.850000 0.200000 0.025000 1.000000
0.850000 0.200000 0.025000 1.000000
0.850000 0.200000 0.025000 1.000000
0.850000 0.200000 0.025000 1.000000
0.850000 0.200000 0.025000 1.000000
0.850000 0.200000 0.025000 1.000000
0.850000 0.200000 0.025000 1.000000
0.850000 0.200000 0.025000 1.000000
0.850000 0.200000 0.025000 1.000000
0.850000 0.200000 0.025000 1.000000
0.850000 0.200000 0.025000 1.000000
0.850000 0.200000 0.025000 1.000000
0.850000 0.200000 0.025000 1.000000
0.850000 0.200000 0.025000 1.000000
0.850000 0.200000 0.025000 1.000000
0.850000 0.200000 0.025000 1.000000
0.850000 0.200000 0.025000 1.000000
0.850000 0.200000 0.025000 1.000000
0.850000 0.200000 0.025000 1.000000
0.850000 0.200000 0.025000 1.000000
0.850000 0.200000 0.025000 1.000000
0.850000 0.200000 0.025000 1.000000
0.850000 0.200000 0.025000 1.000000
0.850000 0.200000 0.025000 1.000000
0.850000 0.200000 0.025000 1.000000
0.850000 0.200000 0.025000 1.000000
0.850000 0.200000 0.025000 1.000000
0.850000 0.200000 0.025000 1.000000
0.850000 0.200000 0.025000 1.000000
0.850000 0.200000 0.025000 1.000000
0.850000 0.200000 0.025000 1.000000
0.850000 0.200000 0.025000 1.000000
0.850000 0.200000 0.025000 1.000000
0.850000 0.200000 0.025000 1.000000
0.850000 0.200000 0.025000 1.000000
0.850000 0.200000 0.025000 1.000000
0.850000 0.200000 0.025000 1.000000
0.850000 0.200000 0.025000 1.000000
0.850000 0.200000 0.025000 1.000000
0.850000 0.200000 0.025000 1.000000
0.850000 0.200000 0.025000 1.000000
0.850000 0.200000 0.025000 1.000000
0.850000 0.200000 0.025000 1.000000
0.850000 0.200000 0.025000 1.000000
0.850000 0.200000 0.025000 1.000000
0.850000 0.200000 0.025000 1.000000
0.850000 0.200000 0.025000 1.000000
0.850000 0.200000 0.025000 1.000000
0.850000 0.200000 0.025000 1.000000
0.850000 0.200000 0.025000 1.000000
0.850000 0.200000 0.025000 1.000000
0.850000 0.200000 0.025000 1.000000
0.850000 0.200000 0.025000 1.000000
0.850000 0.200000 0.025000 1.000000
0.850000 0.200000 0.025000 1.000000
0.850000 0.200000 0.025000 1.000000
0.850000 0.200000 0.025000 1.000000
0.850000 0.200000 0.025000 1.000000
0.850000 0.200000 0.025000 1.000000
0.850000 0.200000 0.025000 1.000000
0.850000 0.200000 0.025000 1.000000
0.850000 0.200000 0.025000 1.000000
0.850000 0.200000 0.025000 1.000000
0.850000 0.200000 0.025000 1.000000
0.850000 0.200000 0.025000 1.000000
0.850000 0.200000 0.025000 1.000000
0.850000 0.200000 0.025000 1.000000
0.850000 0.200000 0.025000 1.000000
0.850000 0.200000 0.025000 1.000000
0.850000 0.200000 0.025000 1.000000
0.850000 0.200000 0.025000 1.000000
0.850000 0.200000 0.025000 1.000000
0.850000 0.200000 0.025000 1.000000
0.850000 0.200000 0.025000 1.000000
0.850000 0.200000 0.025000 1.000000
0.850000 0.200000 0.025000 1.000000
0.850000 0.200000 0.025000 1.000000
0.850000 0.200000 0.025000 1.000000
0.850000 0.200000 0.025000 1.000000
0.850000 0.200000 0.025000 1.000000
0.850000 0.200000 0.025000 1.000000
0.850000 0.200000 0.025000 1.000000
0.850000 0.200000 0.025000 1.000000
0.850000 0.200000 0.025000 1.000000
0.850000 0.200000 0.025000 1.000000
0.850000 0.200000 0.025000 1.000000
0.850000 0.200000 0.025000 1.000000
0.850000 0.200000 0.025000 1.000000
0.850000 0.200000 0.025000 1.000000
0.850000 0.200000 0.025000 1.000000
0.850000 0.200000 0.025000 1.000000
0.850000 0.200000 0.025000 1.000000
0.850000 0.200000 0.025000 1.000000
0.850000 0.200000 0.025000 1.000000
0.850000 0.200000 0.025000 1.000000
0.850000 0.200000 0.025000 1.000000
0.850000 0.200000 0.025000 1.000000
0.850000 0.200000 0.025000 1.000000
0.850000 0.200000 0.025000 1.000000
0.850000 0.200000 0.025000 1.000000
0.850000 0.200000 0.025000 1.000000
0.850000 0.200000 0.025000 1.000000
0.850000 0.200000 0.025000 1.000000
0.850000 0.200000 0.025000 1.000000
0.850000 0.200000 0.025000 1.000000
0.850000 0.200000 0.025000 1.000000
0.850000 0.200000 0.025000 1.000000
0.850000 0.200000 0.025000 1.000000
0.850000 0.200000 0.025000 1.000000
0.850000 0.200000 0.025000 1.000000
0.850000 0.200000 0.025000 1.000000
0.850000 0.200000 0.025000 1.000000
0.850000 0.200000 0.025000 1.000000
0.850000 0.200000 0.025000 1.000000
0.850000 0.200000 0.025000 1.000000
0.850000 0.200000 0.025000 1.000000
0.850000 0.200000 0.025000 1.000000
0.850000 0.200000 0.025000 1.000000
0.850000 0.200000 0.025000 1.000000
0.850000 0.200000 0.025000 1.000000
0.850000 0.200000 0.025000 1.000000
0.850000 0.200000 0.025000 1.000000
0.850000 0.200000 0.025000 1.000000
0.850000 0.200000 0.025000 1.000000
0.850000 0.200000 0.025000 1.000000
0.850000 0.200000 0.025000 1.000000
0.850000 0.200000 0.025000 1.000000
0.850000 0.200000 0.025000 1.000000
0.850000 0.200000 0.025000 1.000000
0.850000 0.200000 0.025000 1.000000
0.850000 0.200000 0.025000 1.000000
0.850000 0.200000 0.025000 1.000000
0.850000 0.200000 0.025000 1.000000
0.850000 0.200000 0.025000 1.000000
0.850000 0.200000 0.025000 1.000000
0.850000 0.200000 0.025000 1.000000
0.850000 0.200000 0.025000 1.000000
0.850000 0.200000 0.025000 1.000000
0.850000 0.200000 0.025000 1.000000
0.850000 0.200000 0.025000 1.000000
0.850000 0.200000 0.025000 1.000000
0.850000 0.200000 0.025000 1.000000
0.850000 0.200000 0.025000 1.000000
0.850000 0.200000 0.025000 1.000000
0.850000 0.200000 0.025000 1.000000
0.850000 0.200000 0.025000 1.000000
0.850000 0.200000 0.025000 1.000000
0.850000 0.200000 0.025000 1.000000
0.850000 0.200000 0.025000 1.000000
0.850000 0.200000 0.025000 1.000000
0.850000 0.200000 0.025000 1.000000
0.850000 0.200000 0.025000 1.000000
0.850000 0.200000 0.025000 1.000000
0.850000 0.200000 0.025000 1.000000
0.850000 0.200000 0.025000 1.000000
0.850000 0.200000 0.025000 1.000000
0.850000 0.200000 0.025000 1.000000
0.850000 0.200000 0.025000 1.000000
0.850000 0.200000 0.025000 1.000000
0.850000 0.200000 0.025000 1.000000
0.850000 0.200000 0.025000 1.000000
0.850000 0.200000 0.025000 1.000000
0.850000 0.200000 0.025000 1.000000
0.850000 0.200000 0.025000 1.000000
0.850000 0.200000 0.025000 1.000000
0.850000 0.200000 0.025000 1.000000
0.850000 0.200000 0.025000 1.000000
0.850000 0.200000 0.025000 1.000000
0.850000 0.200000 0.025000 1.000000
0.850000 0.200000 0.025000 1.000000
0.850000 0.200000 0.025000 1.000000
0.850000 0.200000 0.025000 1.000000
0.850000 0.200000 0.025000 1.000000
0.850000 0.200000 0.025000 1.000000
0.850000 0.200000 0.025000 1.000000
0.850000 0.200000 0.025000 1.000000
0.850000 0.200000 0.025000 1.000000
0.850000 0.200000 0.025000 1.000000
0.850000 0.200000 0.025000 1.000000
0.850000 0.200000 0.025000 1.000000
0.850000 0.200000 0.025000 1.000000
0.850000 0.200000 0.025000 1.000000
0.850000 0.200000 0.025000 1.000000
0.850000 0.200000 0.025000 1.000000
0.850000 0.200000 0.025000 1.000000
0.850000 0.200000 0.025000 1.000000
0.850000 0.200000 0.025000 1.000000
0.850000 0.200000 0.025000 1.000000
0.850000 0.200000 0.025000 1.000000
0.850000 0.200000 0.025000 1.000000
0.850000 0.200000 0.025000 1.000000
0.850000 0.200000 0.025000 1.000000
0.850000 0.200000 0.025000 1.000000
0.850000 0.200000 0.025000 1.000000
0.850000 0.200000 0.025000 1.000000
0.850000 0.200000 0.025000 1.000000
0.850000 0.200000 0.025000 1.000000
0.850000 0.200000 0.025000 1.000000
0.850000 0.200000 0.025000 1.000000
0.850000 0.200000 0.025000 1.000000
0.850000 0.200000 0.025000 1.000000
0.850000 0.200000 0.025000 1.000000
0.850000 0.200000 0.025000 1.000000
0.850000 0.200000 0.025000 1.000000
0.850000 0.200000 0.025000 1.000000
0.850000 0.200000 0.025000 1.000000
0.850000 0.200000 0.025000 1.000000
0.850000 0.200000 0.025000 1.000000
0.850000 0.200000 0.025000 1.000000
0.850000 0.200000 0.025000 1.000000
0.850000 0.200000 0.025000 1.000000
0.850000 0.200000 0.025000 1.000000
0.850000 0.200000 0.025000 1.000000
0.850000 0.200000 0.025000 1.000000
0.850000 0.200000 0.025000 1.000000
0.850000 0.200000 0.025000 1.000000
0.850000 0.200000 0.025000 1.000000
0.850000 0.200000 0.025000 1.000000
0.850000 0.200000 0.025000 1.000000
0.850000 0.200000 0.025000 1.000000
0.850000 0.200000 0.025000 1.000000
0.850000 0.200000 0.025000 1.000000
0.850000 0.200000 0.025000 1.000000
0.850000 0.200000 0.025000 1.000000
0.850000 0.200000 0.025000 1.000000
0.850000 0.200000 0.025000 1.000000
0.850000 0.200000 0.025000 1.000000
0.850000 0.200000 0.025000 1.000000
0.850000 0.200000 0.025000 1.000000
0.850000 0.200000 0.025000 1.000000
0.850000 0.200000 0.025000 1.000000
0.850000 0.200000 0.025000 1.000000
0.850000 0.200000 0.025000 1.000000
0.850000 0.200000 0.025000 1.000000
0.850000 0.200000 0.025000 1.000000
0.850000 0.200000 0.025000 1.000000
0.850000 0.200000 0.025000 1.000000
0.850000 0.200000 0.025000 1.000000
0.850000 0.200000 0.025000 1.000000
0.850000 0.200000 0.025000 1.000000
0.850000 0.200000 0.025000 1.000000
0.850000 0.200000 0.025000 1.000000
0.850000 0.200000 0.025000 1.000000
0.850000 0.200000 0.025000 1.000000
0.850000 0.200000 0.025000 1.000000
0.850000 0.200000 0.025000 1.000000
0.850000 0.200000 0.025000 1.000000
0.850000 0.200000 0.025000 1.000000
0.850000 0.200000 0.025000 1.000000
0.850000 0.200000 0.025000 1.000000
0.850000 0.200000 0.025000 1.000000
0.850000 0.200000 0.025000 1.000000
0.850000 0.200000 0.025000 1.000000
0.850000 0.200000 0.025000 1.000000
0.850000 0.200000 0.025000 1.000000
0.850000 0.200000 0.025000 1.000000
0.850000 0.200000 0.025000 1.000000
0.850000 0.200000 0.025000 1.000000
0.850000 0.200000 0.025000 1.000000
0.850000 0.200000 0.025000 1.000000
0.850000 0.200000 0.025000 1.000000
0.850000 0.200000 0.025000 1.000000
0.850000 0.200000 0.025000 1.000000
0.850000 0.200000 0.025000 1.000000
0.850000 0.200000 0.025000 1.000000
0.850000 0.200000 0.025000 1.000000
0.850000 0.200000 0.025000 1.000000
0.850000 0.200000 0.025000 1.000000
0.850000 0.200000 0.025000 1.000000
0.850000 0.200000 0.025000 1.000000
0.850000 0.200000 0.025000 1.000000
0.850000 0.200000 0.025000 1.000000
0.850000 0.200000 0.025000 1.000000
0.850000 0.200000 0.025000 1.000000
0.850000 0.200000 0.025000 1.000000
0.850000 0.200000 0.025000 1.000000
0.850000 0.200000 0.025000 1.000000
0.850000 0.200000 0.025000 1.000000
0.850000 0.200000 0.025000 1.000000
0.850000 0.200000 0.025000 1.000000
0.850000 0.200000 0.025000 1.000000
0.850000 0.200000 0.025000 1.000000
0.850000 0.200000 0.025000 1.000000
0.850000 0.200000 0.025000 1.000000
0.850000 0.200000 0.025000 1.000000
0.850000 0.200000 0.025000 1.000000
0.850000 0.200000 0.025000 1.000000
0.850000 0.200000 0.025000 1.000000
0.850000 0.200000 0.025000 1.000000
0.850000 0.200000 0.025000 1.000000
0.850000 0.200000 0.025000 1.000000
0.850000 0.200000 0.025000 1.000000
0.850000 0.200000 0.025000 1.000000
0.850000 0.200000 0.025000 1.000000
0.850000 0.200000 0.025000 1.000000
0.850000 0.200000 0.025000 1.000000
0.850000 0.200000 0.025000 1.000000
0.850000 0.200000 0.025000 1.000000
0.850000 0.200000 0.025000 1.000000
0.850000 0.200000 0.025000 1.000000
0.850000 0.200000 0.025000 1.000000
0.850000 0.200000 0.025000 1.000000
0.850000 0.200000 0.025000 1.000000
0.850000 0.200000 0.025000 1.000000
0.850000 0.200000 0.025000 1.000000
0.850000 0.200000 0.025000 1.000000
0.850000 0.200000 0.025000 1.000000
0.850000 0.200000 0.025000 1.000000
0.850000 0.200000 0.025000 1.000000
0.850000 0.200000 0.025000 1.000000
0.850000 0.200000 0.025000 1.000000
0.850000 0.200000 0.025000 1.000000
0.850000 0.200000 0.025000 1.000000
0.850000 0.200000 0.025000 1.000000
0.850000 0.200000 0.025000 1.000000
0.850000 0.200000 0.025000 1.000000
0.850000 0.200000 0.025000 1.000000
0.850000 0.200000 0.025000 1.000000
0.850000 0.200000 0.025000 1.000000
0.850000 0.200000 0.025000 1.000000
0.850000 0.200000 0.025000 1.000000
0.850000 0.200000 0.025000 1.000000
0.850000 0.200000 0.025000 1.000000
0.850000 0.200000 0.025000 1.000000
0.850000 0.200000 0.025000 1.000000
0.850000 0.200000 0.025000 1.000000
0.850000 0.200000 0.025000 1.000000
0.850000 0.200000 0.025000 1.000000
0.850000 0.200000 0.025000 1.000000
0.850000 0.200000 0.025000 1.000000
0.850000 0.200000 0.025000 1.000000
0.850000 0.200000 0.025000 1.000000
0.850000 0.200000 0.025000 1.000000
0.850000 0.200000 0.025000 1.000000
0.850000 0.200000 0.025000 1.000000
0.850000 0.200000 0.025000 1.000000
0.850000 0.200000 0.025000 1.000000
0.850000 0.200000 0.025000 1.000000
0.850000 0.200000 0.025000 1.000000
0.850000 0.200000 0.025000 1.000000
0.850000 0.200000 0.025000 1.000000
0.850000 0.200000 0.025000 1.000000
0.850000 0.200000 0.025000 1.000000
0.850000 0.200000 0.025000 1.000000
0.850000 0.200000 0.025000 1.000000
0.850000 0.200000 0.025000 1.000000
0.850000 0.200000 0.025000 1.000000
0.850000 0.200000 0.025000 1.000000
0.850000 0.200000 0.025000 1.000000
0.850000 0.200000 0.025000 1.000000
0.850000 0.200000 0.025000 1.000000
0.850000 0.200000 0.025000 1.000000
0.850000 0.200000 0.025000 1.000000
0.850000 0.200000 0.025000 1.000000
0.850000 0.200000 0.025000 1.000000
0.850000 0.200000 0.025000 1.000000
0.850000 0.200000 0.025000 1.000000
0.850000 0.200000 0.025000 1.000000
0.850000 0.200000 0.025000 1.000000
0.850000 0.200000 0.025000 1.000000
0.850000 0.200000 0.025000 1.000000
0.850000 0.200000 0.025000 1.000000
0.850000 0.200000 0.025000 1.000000
0.850000 0.200000 0.025000 1.000000
0.850000 0.200000 0.025000 1.000000
0.850000 0.200000 0.025000 1.000000
0.850000 0.200000 0.025000 1.000000
0.850000 0.200000 0.025000 1.000000
0.850000 0.200000 0.025000 1.000000
0.850000 0.200000 0.025000 1.000000
0.850000 0.200000 0.025000 1.000000
0.850000 0.200000 0.025000 1.000000
0.850000 0.200000 0.025000 1.000000
0.850000 0.200000 0.025000 1.000000
0.850000 0.200000 0.025000 1.000000
0.850000 0.200000 0.025000 1.000000
0.850000 0.200000 0.025000 1.000000
0.850000 0.200000 0.025000 1.000000
0.850000 0.200000 0.025000 1.000000
0.850000 0.200000 0.025000 1.000000
0.850000 0.200000 0.025000 1.000000
0.850000 0.200000 0.025000 1.000000
0.850000 0.200000 0.025000 1.000000
0.850000 0.200000 0.025000 1.000000
0.850000 0.200000 0.025000 1.000000
0.850000 0.200000 0.025000 1.000000
0.850000 0.200000 0.025000 1.000000
0.850000 0.200000 0.025000 1.000000
0.850000 0.200000 0.025000 1.000000
0.850000 0.200000 0.025000 1.000000
0.850000 0.200000 0.025000 1.000000
0.850000 0.200000 0.025000 1.000000
0.850000 0.200000 0.025000 1.000000
0.850000 0.200000 0.025000 1.000000
0.850000 0.200000 0.025000 1.000000
0.850000 0.200000 0.025000 1.000000
0.850000 0.200000 0.025000 1.000000
0.850000 0.200000 0.025000 1.000000
0.850000 0.200000 0.025000 1.000000
0.850000 0.200000 0.025000 1.000000
0.850000 0.200000 0.025000 1.000000
0.850000 0.200000 0.025000 1.000000
0.850000 0.200000 0.025000 1.000000
0.850000 0.200000 0.025000 1.000000
0.850000 0.200000 0.025000 1.000000
0.850000 0.200000 0.025000 1.000000
0.850000 0.200000 0.025000 1.000000
0.850000 0.200000 0.025000 1.000000
0.850000 0.200000 0.025000 1.000000
0.850000 0.200000 0.025000 1.000000
0.850000 0.200000 0.025000 1.000000
0.850000 0.200000 0.025000 1.000000
0.850000 0.200000 0.025000 1.000000
0.850000 0.200000 0.025000 1.000000
0.850000 0.200000 0.025000 1.000000
0.850000 0.200000 0.025000 1.000000
0.850000 0.200000 0.025000 1.000000
0.850000 0.200000 0.025000 1.000000
0.850000 0.200000 0.025000 1.000000
0.850000 0.200000 0.025000 1.000000
0.850000 0.200000 0.025000 1.000000
0.850000 0.200000 0.025000 1.000000
0.850000 0.200000 0.025000 1.000000
0.850000 0.200000 0.025000 1.000000
0.850000 0.200000 0.025000 1.000000
0.850000 0.200000 0.025000 1.000000
0.850000 0.200000 0.025000 1.000000
0.850000 0.200000 0.025000 1.000000
0.850000 0.200000 0.025000 1.000000
0.850000 0.200000 0.025000 1.000000
0.850000 0.200000 0.025000 1.000000
0.850000 0.200000 0.025000 1.000000
0.850000 0.200000 0.025000 1.000000
0.850000 0.200000 0.025000 1.000000
0.850000 0.200000 0.025000 1.000000
0.850000 0.200000 0.025000 1.000000
0.850000 0.200000 0.025000 1.000000
0.850000 0.200000 0.025000 1.000000
0.850000 0.200000 0.025000 1.000000
0.850000 0.200000 0.025000 1.000000
0.850000 0.200000 0.025000 1.000000
0.850000 0.200000 0.025000 1.000000
0.850000 0.200000 0.025000 1.000000
0.850000 0.200000 0.025000 1.000000
0.850000 0.200000 0.025000 1.000000
0.850000 0.200000 0.025000 1.000000
0.850000 0.200000 0.025000 1.000000
0.850000 0.200000 0.025000 1.000000
0.850000 0.200000 0.025000 1.000000
0.850000 0.200000 0.025000 1.000000
0.850000 0.200000 0.025000 1.000000
0.850000 0.200000 0.025000 1.000000
0.850000 0.200000 0.025000 1.000000
0.850000 0.200000 0.025000 1.000000
0.850000 0.200000 0.025000 1.000000
0.850000 0.200000 0.025000 1.000000
0.850000 0.200000 0.025000 1.000000
0.850000 0.200000 0.025000 1.000000
0.850000 0.200000 0.025000 1.000000
0.850000 0.200000 0.025000 1.000000
0.850000 0.200000 0.025000 1.000000
0.850000 0.200000 0.025000 1.000000
0.850000 0.200000 0.025000 1.000000
0.850000 0.200000 0.025000 1.000000
0.850000 0.200000 0.025000 1.000000
0.850000 0.200000 0.025000 1.000000
0.850000 0.200000 0.025000 1.000000
0.850000 0.200000 0.025000 1.000000
0.850000 0.200000 0.025000 1.000000
0.850000 0.200000 0.025000 1.000000
0.850000 0.200000 0.025000 1.000000
0.850000 0.200000 0.025000 1.000000
0.850000 0.200000 0.025000 1.000000
0.850000 0.200000 0.025000 1.000000
0.850000 0.200000 0.025000 1.000000
0.850000 0.200000 0.025000 1.000000
0.850000 0.200000 0.025000 1.000000
0.850000 0.200000 0.025000 1.000000
0.850000 0.200000 0.025000 1.000000
0.850000 0.200000 0.025000 1.000000
0.850000 0.200000 0.025000 1.000000
0.850000 0.200000 0.025000 1.000000
0.850000 0.200000 0.025000 1.000000
0.850000 0.200000 0.025000 1.000000
0.850000 0.200000 0.025000 1.000000
0.850000 0.200000 0.025000 1.000000
0.850000 0.200000 0.025000 1.000000
0.850000 0.200000 0.025000 1.000000
0.850000 0.200000 0.025000 1.000000
0.850000 0.200000 0.025000 1.000000
0.850000 0.200000 0.025000 1.000000
0.850000 0.200000 0.025000 1.000000
0.850000 0.200000 0.025000 1.000000
0.850000 0.200000 0.025000 1.000000
0.850000 0.200000 0.025000 1.000000
0.850000 0.200000 0.025000 1.000000
0.850000 0.200000 0.025000 1.000000
0.850000 0.200000 0.025000 1.000000
0.850000 0.200000 0.025000 1.000000
0.850000 0.200000 0.025000 1.000000
0.850000 0.200000 0.025000 1.000000
0.850000 0.200000 0.025000 1.000000
0.850000 0.200000 0.025000 1.000000
0.850000 0.200000 0.025000 1.000000
0.850000 0.200000 0.025000 1.000000
0.850000 0.200000 0.025000 1.000000
0.850000 0.200000 0.025000 1.000000
0.850000 0.200000 0.025000 1.000000
0.850000 0.200000 0.025000 1.000000
0.850000 0.200000 0.025000 1.000000
0.850000 0.200000 0.025000 1.000000
0.850000 0.200000 0.025000 1.000000
0.850000 0.200000 0.025000 1.000000
0.850000 0.200000 0.025000 1.000000
0.850000 0.200000 0.025000 1.000000
0.850000 0.200000 0.025000 1.000000
0.850000 0.200000 0.025000 1.000000
0.850000 0.200000 0.025000 1.000000
0.850000 0.200000 0.025000 1.000000
0.850000 0.200000 0.025000 1.000000
0.850000 0.200000 0.025000 1.000000
0.850000 0.200000 0.025000 1.000000
0.850000 0.200000 0.025000 1.000000
0.850000 0.200000 0.025000 1.000000
0.850000 0.200000 0.025000 1.000000
0.850000 0.200000 0.025000 1.000000
0.850000 0.200000 0.025000 1.000000
0.850000 0.200000 0.025000 1.000000
0.850000 0.200000 0.025000 1.000000
0.850000 0.200000 0.025000 1.000000
0.850000 0.200000 0.025000 1.000000
0.850000 0.200000 0.025000 1.000000
0.850000 0.200000 0.025000 1.000000
0.850000 0.200000 0.025000 1.000000
0.850000 0.200000 0.025000 1.000000
0.850000 0.200000 0.025000 1.000000
0.850000 0.200000 0.025000 1.000000
0.850000 0.200000 0.025000 1.000000
0.850000 0.200000 0.025000 1.000000
0.850000 0.200000 0.025000 1.000000
0.850000 0.200000 0.025000 1.000000
0.850000 0.200000 0.025000 1.000000
0.850000 0.200000 0.025000 1.000000
0.850000 0.200000 0.025000 1.000000
0.850000 0.200000 0.025000 1.000000
0.850000 0.200000 0.025000 1.000000
0.850000 0.200000 0.025000 1.000000
0.850000 0.200000 0.025000 1.000000
0.850000 0.200000 0.025000 1.000000
0.850000 0.200000 0.025000 1.000000
0.850000 0.200000 0.025000 1.000000
0.850000 0.200000 0.025000 1.000000
0.850000 0.200000 0.025000 1.000000
0.850000 0.200000 0.025000 1.000000
0.850000 0.200000 0.025000 1.000000
0.850000 0.200000 0.025000 1.000000
0.850000 0.200000 0.025000 1.000000
0.850000 0.200000 0.025000 1.000000
0.850000 0.200000 0.025000 1.000000
0.850000 0.200000 0.025000 1.000000
0.850000 0.200000 0.025000 1.000000
0.850000 0.200000 0.025000 1.000000
0.850000 0.200000 0.025000 1.000000
0.850000 0.200000 0.025000 1.000000
0.850000 0.200000 0.025000 1.000000
0.850000 0.200000 0.025000 1.000000
0.850000 0.200000 0.025000 1.000000
0.850000 0.200000 0.025000 1.000000
0.850000 0.200000 0.025000 1.000000
0.850000 0.200000 0.025000 1.000000
0.850000 0.200000 0.025000 1.000000
0.850000 0.200000 0.025000 1.000000
0.850000 0.200000 0.025000 1.000000
0.850000 0.200000 0.025000 1.000000
0.850000 0.200000 0.025000 1.000000
0.850000 0.200000 0.025000 1.000000
0.850000 0.200000 0.025000 1.000000
0.850000 0.200000 0.025000 1.000000
0.850000 0.200000 0.025000 1.000000
0.850000 0.200000 0.025000 1.000000
0.850000 0.200000 0.025000 1.000000
0.850000 0.200000 0.025000 1.000000
0.850000 0.200000 0.025000 1.000000
0.850000 0.200000 0.025000 1.000000
0.850000 0.200000 0.025000 1.000000
0.850000 0.200000 0.025000 1.000000
0.850000 0.200000 0.025000 1.000000
0.850000 0.200000 0.025000 1.000000
0.850000 0.200000 0.025000 1.000000
0.850000 0.200000 0.025000 1.000000
0.850000 0.200000 0.025000 1.000000
0.850000 0.200000 0.025000 1.000000
0.850000 0.200000 0.025000 1.000000
0.850000 0.200000 0.025000 1.000000
0.850000 0.200000 0.025000 1.000000
0.850000 0.200000 0.025000 1.000000
0.850000 0.200000 0.025000 1.000000
0.850000 0.200000 0.025000 1.000000
0.850000 0.200000 0.025000 1.000000
0.850000 0.200000 0.025000 1.000000
0.850000 0.200000 0.025000 1.000000
0.850000 0.200000 0.025000 1.000000
0.850000 0.200000 0.025000 1.000000
0.850000 0.200000 0.025000 1.000000
0.850000 0.200000 0.025000 1.000000
0.850000 0.200000 0.025000 1.000000
0.850000 0.200000 0.025000 1.000000
0.850000 0.200000 0.025000 1.000000
0.850000 0.200000 0.025000 1.000000
0.850000 0.200000 0.025000 1.000000
0.850000 0.200000 0.025000 1.000000
0.850000 0.200000 0.025000 1.000000
0.850000 0.200000 0.025000 1.000000
0.850000 0.200000 0.025000 1.000000
0.850000 0.200000 0.025000 1.000000
0.850000 0.200000 0.025000 1.000000
0.850000 0.200000 0.025000 1.000000
0.850000 0.200000 0.025000 1.000000
0.850000 0.200000 0.025000 1.000000
0.850000 0.200000 0.025000 1.000000
0.850000 0.200000 0.025000 1.000000
0.850000 0.200000 0.025000 1.000000
0.850000 0.200000 0.025000 1.000000
0.850000 0.200000 0.025000 1.000000
0.850000 0.200000 0.025000 1.000000
0.850000 0.200000 0.025000 1.000000
0.850000 0.200000 0.025000 1.000000
0.850000 0.200000 0.025000 1.000000
0.850000 0.200000 0.025000 1.000000
0.850000 0.200000 0.025000 1.000000
0.850000 0.200000 0.025000 1.000000
0.850000 0.200000 0.025000 1.000000
0.850000 0.200000 0.025000 1.000000
0.850000 0.200000 0.025000 1.000000
0.850000 0.200000 0.025000 1.000000
0.850000 0.200000 0.025000 1.000000
0.850000 0.200000 0.025000 1.000000
0.850000 0.200000 0.025000 1.000000
0.850000 0.200000 0.025000 1.000000
0.850000 0.200000 0.025000 1.000000
0.850000 0.200000 0.025000 1.000000
0.850000 0.200000 0.025000 1.000000
0.850000 0.200000 0.025000 1.000000
0.850000 0.200000 0.025000 1.000000
0.850000 0.200000 0.025000 1.000000
0.850000 0.200000 0.025000 1.000000
0.850000 0.200000 0.025000 1.000000
0.850000 0.200000 0.025000 1.000000
0.850000 0.200000 0.025000 1.000000
0.850000 0.200000 0.025000 1.000000
0.850000 0.200000 0.025000 1.000000
0.850000 0.200000 0.025000 1.000000
0.850000 0.200000 0.025000 1.000000
0.850000 0.200000 0.025000 1.000000
0.850000 0.200000 0.025000 1.000000
0.850000 0.200000 0.025000 1.000000
0.850000 0.200000 0.025000 1.000000
0.850000 0.200000 0.025000 1.000000
0.850000 0.200000 0.025000 1.000000
0.850000 0.200000 0.025000 1.000000
0.850000 0.200000 0.025000 1.000000
0.850000 0.200000 0.025000 1.000000
0.850000 0.200000 0.025000 1.000000
0.850000 0.200000 0.025000 1.000000
0.850000 0.200000 0.025000 1.000000
0.850000 0.200000 0.025000 1.000000
0.850000 0.200000 0.025000 1.000000
0.850000 0.200000 0.025000 1.000000
0.850000 0.200000 0.025000 1.000000
0.850000 0.200000 0.025000 1.000000
0.850000 0.200000 0.025000 1.000000
0.850000 0.200000 0.025000 1.000000
0.850000 0.200000 0.025000 1.000000
0.850000 0.200000 0.025000 1.000000
0.850000 0.200000 0.025000 1.000000
0.850000 0.200000 0.025000 1.000000
0.850000 0.200000 0.025000 1.000000
0.850000 0.200000 0.025000 1.000000
0.850000 0.200000 0.025000 1.000000
0.850000 0.200000 0.025000 1.000000
0.850000 0.200000 0.025000 1.000000
0.850000 0.200000 0.025000 1.000000
0.850000 0.200000 0.025000 1.000000
0.850000 0.200000 0.025000 1.000000
0.850000 0.200000 0.025000 1.000000
0.850000 0.200000 0.025000 1.000000
0.850000 0.200000 0.025000 1.000000
0.850000 0.200000 0.025000 1.000000
0.850000 0.200000 0.025000 1.000000
0.850000 0.200000 0.025000 1.000000
0.850000 0.200000 0.025000 1.000000
0.850000 0.200000 0.025000 1.000000
0.850000 0.200000 0.025000 1.000000
0.850000 0.200000 0.025000 1.000000
0.850000 0.200000 0.025000 1.000000
0.850000 0.200000 0.025000 1.000000
0.850000 0.200000 0.025000 1.000000
0.850000 0.200000 0.025000 1.000000
0.850000 0.200000 0.025000 1.000000
0.850000 0.200000 0.025000 1.000000
0.850000 0.200000 0.025000 1.000000
0.850000 0.200000 0.025000 1.000000
0.850000 0.200000 0.025000 1.000000
0.850000 0.200000 0.025000 1.000000
0.850000 0.200000 0.025000 1.000000
0.850000 0.200000 0.025000 1.000000
0.850000 0.200000 0.025000 1.000000
0.850000 0.200000 0.025000 1.000000
0.850000 0.200000 0.025000 1.000000
0.850000 0.200000 0.025000 1.000000
0.850000 0.200000 0.025000 1.000000
0.850000 0.200000 0.025000 1.000000
0.850000 0.200000 0.025000 1.000000
0.850000 0.200000 0.025000 1.000000
0.850000 0.200000 0.025000 1.000000
0.850000 0.200000 0.025000 1.000000
0.850000 0.200000 0.025000 1.000000
0.850000 0.200000 0.025000 1.000000
0.850000 0.200000 0.025000 1.000000
0.850000 0.200000 0.025000 1.000000
0.850000 0.200000 0.025000 1.000000
0.850000 0.200000 0.025000 1.000000
0.850000 0.200000 0.025000 1.000000
0.850000 0.200000 0.025000 1.000000
0.850000 0.200000 0.025000 1.000000
0.850000 0.200000 0.025000 1.000000
0.850000 0.200000 0.025000 1.000000
0.850000 0.200000 0.025000 1.000000
0.850000 0.200000 0.025000 1.000000
0.850000 0.200000 0.025000 1.000000
0.850000 0.200000 0.025000 1.000000
0.850000 0.200000 0.025000 1.000000
0.850000 0.200000 0.025000 1.000000
0.850000 0.200000 0.025000 1.000000
0.850000 0.200000 0.025000 1.000000
0.850000 0.200000 0.025000 1.000000
0.850000 0.200000 0.025000 1.000000
0.850000 0.200000 0.025000 1.000000
0.850000 0.200000 0.025000 1.000000
0.850000 0.200000 0.025000 1.000000
0.850000 0.200000 0.025000 1.000000
0.850000 0.200000 0.025000 1.000000
0.850000 0.200000 0.025000 1.000000
0.850000 0.200000 0.025000 1.000000
0.850000 0.200000 0.025000 1.000000
0.850000 0.200000 0.025000 1.000000
0.850000 0.200000 0.025000 1.000000
0.850000 0.200000 0.025000 1.000000
0.850000 0.200000 0.025000 1.000000
0.850000 0.200000 0.025000 1.000000
0.850000 0.200000 0.025000 1.000000
0.850000 0.200000 0.025000 1.000000
0.850000 0.200000 0.025000 1.000000
0.850000 0.200000 0.025000 1.000000
0.850000 0.200000 0.025000 1.000000
0.850000 0.200000 0.025000 1.000000
0.850000 0.200000 0.025000 1.000000
0.850000 0.200000 0.025000 1.000000
0.850000 0.200000 0.025000 1.000000
0.850000 0.200000 0.025000 1.000000
0.850000 0.200000 0.025000 1.000000
0.850000 0.200000 0.025000 1.000000
0.850000 0.200000 0.025000 1.000000
0.850000 0.200000 0.025000 1.000000
0.850000 0.200000 0.025000 1.000000
0.850000 0.200000 0.025000 1.000000
0.850000 0.200000 0.025000 1.000000
0.850000 0.200000 0.025000 1.000000
0.850000 0.200000 0.025000 1.000000
0.850000 0.200000 0.025000 1.000000
0.850000 0.200000 0.025000 1.000000
0.850000 0.200000 0.025000 1.000000
0.850000 0.200000 0.025000 1.000000
0.850000 0.200000 0.025000 1.000000
0.850000 0.200000 0.025000 1.000000
0.850000 0.200000 0.025000 1.000000
0.850000 0.200000 0.025000 1.000000
0.850000 0.200000 0.025000 1.000000
0.850000 0.200000 0.025000 1.000000
0.850000 0.200000 0.025000 1.000000
0.850000 0.200000 0.025000 1.000000
0.850000 0.200000 0.025000 1.000000
0.850000 0.200000 0.025000 1.000000
0.850000 0.200000 0.025000 1.000000
0.850000 0.200000 0.025000 1.000000
0.850000 0.200000 0.025000 1.000000
0.850000 0.200000 0.025000 1.000000
0.850000 0.200000 0.025000 1.000000
0.850000 0.200000 0.025000 1.000000
0.850000 0.200000 0.025000 1.000000
0.850000 0.200000 0.025000 1.000000
0.850000 0.200000 0.025000 1.000000
0.850000 0.200000 0.025000 1.000000
0.850000 0.200000 0.025000 1.000000
0.850000 0.200000 0.025000 1.000000
0.850000 0.200000 0.025000 1.000000
0.850000 0.200000 0.025000 1.000000
0.850000 0.200000 0.025000 1.000000
0.850000 0.200000 0.025000 1.000000
0.850000 0.200000 0.025000 1.000000
0.850000 0.200000 0.025000 1.000000
0.850000 0.200000 0.025000 1.000000
0.850000 0.200000 0.025000 1.000000
0.850000 0.200000 0.025000 1.000000
0.850000 0.200000 0.025000 1.000000
0.850000 0.200000 0.025000 1.000000
0.850000 0.200000 0.025000 1.000000
0.850000 0.200000 0.025000 1.000000
0.850000 0.200000 0.025000 1.000000
0.850000 0.200000 0.025000 1.000000
0.850000 0.200000 0.025000 1.000000
0.850000 0.200000 0.025000 1.000000
0.850000 0.200000 0.025000 1.000000
0.850000 0.200000 0.025000 1.000000
0.850000 0.200000 0.025000 1.000000
0.850000 0.200000 0.025000 1.000000
0.850000 0.200000 0.025000 1.000000
0.850000 0.200000 0.025000 1.000000
0.850000 0.200000 0.025000 1.000000
0.850000 0.200000 0.025000 1.000000
0.850000 0.200000 0.025000 1.000000
0.850000 0.200000 0.025000 1.000000
0.850000 0.200000 0.025000 1.000000
0.850000 0.200000 0.025000 1.000000
0.850000 0.200000 0.025000 1.000000
0.850000 0.200000 0.025000 1.000000
0.850000 0.200000 0.025000 1.000000
0.850000 0.200000 0.025000 1.000000
0.850000 0.200000 0.025000 1.000000
0.850000 0.200000 0.025000 1.000000
0.850000 0.200000 0.025000 1.000000
0.850000 0.200000 0.025000 1.000000
0.850000 0.200000 0.025000 1.000000
0.850000 0.200000 0.025000 1.000000
0.850000 0.200000 0.025000 1.000000
0.850000 0.200000 0.025000 1.000000
0.850000 0.200000 0.025000 1.000000
0.850000 0.200000 0.025000 1.000000
0.850000 0.200000 0.025000 1.000000
0.850000 0.200000 0.025000 1.000000
0.850000 0.200000 0.025000 1.000000
0.850000 0.200000 0.025000 1.000000
0.850000 0.200000 0.025000 1.000000
0.850000 0.200000 0.025000 1.000000
0.850000 0.200000 0.025000 1.000000
0.850000 0.200000 0.025000 1.000000
0.850000 0.200000 0.025000 1.000000
0.850000 0.200000 0.025000 1.000000
0.850000 0.200000 0.025000 1.000000
0.850000 0.200000 0.025000 1.000000
0.850000 0.200000 0.025000 1.000000
0.850000 0.200000 0.025000 1.000000
0.850000 0.200000 0.025000 1.000000
0.850000 0.200000 0.025000 1.000000
0.850000 0.200000 0.025000 1.000000
0.850000 0.200000 0.025000 1.000000
0.850000 0.200000 0.025000 1.000000
0.850000 0.200000 0.025000 1.000000
0.850000 0.200000 0.025000 1.000000
0.850000 0.200000 0.025000 1.000000
0.850000 0.200000 0.025000 1.000000
0.850000 0.200000 0.025000 1.000000
0.850000 0.200000 0.025000 1.000000
0.850000 0.200000 0.025000 1.000000
0.850000 0.200000 0.025000 1.000000
0.850000 0.200000 0.025000 1.000000
0.850000 0.200000 0.025000 1.000000
0.850000 0.200000 0.025000 1.000000
0.850000 0.200000 0.025000 1.000000
0.850000 0.200000 0.025000 1.000000
0.850000 0.200000 0.025000 1.000000
0.850000 0.200000 0.025000 1.000000
0.850000 0.200000 0.025000 1.000000
0.850000 0.200000 0.025000 1.000000
0.850000 0.200000 0.025000 1.000000
0.850000 0.200000 0.025000 1.000000
0.850000 0.200000 0.025000 1.000000
0.850000 0.200000 0.025000 1.000000
0.850000 0.200000 0.025000 1.000000
0.850000 0.200000 0.025000 1.000000
0.850000 0.200000 0.025000 1.000000
0.850000 0.200000 0.025000 1.000000
0.850000 0.200000 0.025000 1.000000
0.850000 0.200000 0.025000 1.000000
0.850000 0.200000 0.025000 1.000000
0.850000 0.200000 0.025000 1.000000
0.850000 0.200000 0.025000 1.000000
0.850000 0.200000 0.025000 1.000000
0.850000 0.200000 0.025000 1.000000
0.850000 0.200000 0.025000 1.000000
0.850000 0.200000 0.025000 1.000000
0.850000 0.200000 0.025000 1.000000
0.850000 0.200000 0.025000 1.000000
0.850000 0.200000 0.025000 1.000000
0.850000 0.200000 0.025000 1.000000
0.850000 0.200000 0.025000 1.000000
0.850000 0.200000 0.025000 1.000000
0.850000 0.200000 0.025000 1.000000
0.850000 0.200000 0.025000 1.000000
0.850000 0.200000 0.025000 1.000000
0.850000 0.200000 0.025000 1.000000
0.850000 0.200000 0.025000 1.000000
0.850000 0.200000 0.025000 1.000000
0.850000 0.200000 0.025000 1.000000
0.850000 0.200000 0.025000 1.000000
0.850000 0.200000 0.025000 1.000000
0.850000 0.200000 0.025000 1.000000
0.850000 0.200000 0.025000 1.000000
0.850000 0.200000 0.025000 1.000000
0.850000 0.200000 0.025000 1.000000
0.850000 0.200000 0.025000 1.000000
0.850000 0.200000 0.025000 1.000000
0.850000 0.200000 0.025000 1.000000
0.850000 0.200000 0.025000 1.000000
0.850000 0.200000 0.025000 1.000000
0.850000 0.200000 0.025000 1.000000
0.850000 0.200000 0.025000 1.000000
0.850000 0.200000 0.025000 1.000000
0.850000 0.200000 0.025000 1.000000
0.850000 0.200000 0.025000 1.000000
0.850000 0.200000 0.025000 1.000000
0.850000 0.200000 0.025000 1.000000
0.850000 0.200000 0.025000 1.000000
0.850000 0.200000 0.025000 1.000000
0.850000 0.200000 0.025000 1.000000
0.850000 0.200000 0.025000 1.000000
0.850000 0.200000 0.025000 1.000000
0.850000 0.200000 0.025000 1.000000
0.850000 0.200000 0.025000 1.000000
0.850000 0.200000 0.025000 1.000000
0.850000 0.200000 0.025000 1.000000
0.850000 0.200000 0.025000 1.000000
0.850000 0.200000 0.025000 1.000000
0.850000 0.200000 0.025000 1.000000
0.850000 0.200000 0.025000 1.000000
0.850000 0.200000 0.025000 1.000000
0.850000 0.200000 0.025000 1.000000
0.850000 0.200000 0.025000 1.000000
0.850000 0.200000 0.025000 1.000000
0.850000 0.200000 0.025000 1.000000
0.850000 0.200000 0.025000 1.000000
0.850000 0.200000 0.025000 1.000000
0.850000 0.200000 0.025000 1.000000
0.850000 0.200000 0.025000 1.000000
0.850000 0.200000 0.025000 1.000000
0.850000 0.200000 0.025000 1.000000
0.850000 0.200000 0.025000 1.000000
0.850000 0.200000 0.025000 1.000000
0.850000 0.200000 0.025000 1.000000
0.850000 0.200000 0.025000 1.000000
0.850000 0.200000 0.025000 1.000000
0.850000 0.200000 0.025000 1.000000
0.850000 0.200000 0.025000 1.000000
0.850000 0.200000 0.025000 1.000000
0.850000 0.200000 0.025000 1.000000
0.850000 0.200000 0.025000 1.000000
0.850000 0.200000 0.025000 1.000000
0.850000 0.200000 0.025000 1.000000
0.850000 0.200000 0.025000 1.000000
0.850000 0.200000 0.025000 1.000000
0.850000 0.200000 0.025000 1.000000
0.850000 0.200000 0.025000 1.000000
0.850000 0.200000 0.025000 1.000000
0.850000 0.200000 0.025000 1.000000
0.850000 0.200000 0.025000 1.000000
0.850000 0.200000 0.025000 1.000000
0.850000 0.200000 0.025000 1.000000
0.850000 0.200000 0.025000 1.000000
0.850000 0.200000 0.025000 1.000000
0.850000 0.200000 0.025000 1.000000
0.850000 0.200000 0.025000 1.000000
0.850000 0.200000 0.025000 1.000000
0.850000 0.200000 0.025000 1.000000
0.850000 0.200000 0.025000 1.000000
0.850000 0.200000 0.025000 1.000000
0.850000 0.200000 0.025000 1.000000
0.850000 0.200000 0.025000 1.000000
0.850000 0.200000 0.025000 1.000000
0.850000 0.200000 0.025000 1.000000
0.850000 0.200000 0.025000 1.000000
0.850000 0.200000 0.025000 1.000000
0.850000 0.200000 0.025000 1.000000
0.850000 0.200000 0.025000 1.000000
0.850000 0.200000 0.025000 1.000000
0.850000 0.200000 0.025000 1.000000
0.850000 0.200000 0.025000 1.000000
0.850000 0.200000 0.025000 1.000000
0.850000 0.200000 0.025000 1.000000
0.850000 0.200000 0.025000 1.000000
0.850000 0.200000 0.025000 1.000000
0.850000 0.200000 0.025000 1.000000
0.850000 0.200000 0.025000 1.000000
0.850000 0.200000 0.025000 1.000000
0.850000 0.200000 0.025000 1.000000
0.850000 0.200000 0.025000 1.000000
0.850000 0.200000 0.025000 1.000000
0.850000 0.200000 0.025000 1.000000
0.850000 0.200000 0.025000 1.000000
0.850000 0.200000 0.025000 1.000000
0.850000 0.200000 0.025000 1.000000
0.850000 0.200000 0.025000 1.000000
0.850000 0.200000 0.025000 1.000000
0.850000 0.200000 0.025000 1.000000
0.850000 0.200000 0.025000 1.000000
0.850000 0.200000 0.025000 1.000000
0.850000 0.200000 0.025000 1.000000
0.850000 0.200000 0.025000 1.000000
0.850000 0.200000 0.025000 1.000000
0.850000 0.200000 0.025000 1.000000
0.850000 0.200000 0.025000 1.000000
0.850000 0.200000 0.025000 1.000000
0.850000 0.200000 0.025000 1.000000
0.850000 0.200000 0.025000 1.000000
0.850000 0.200000 0.025000 1.000000
0.850000 0.200000 0.025000 1.000000
0.850000 0.200000 0.025000 1.000000
0.850000 0.200000 0.025000 1.000000
0.850000 0.200000 0.025000 1.000000
0.850000 0.200000 0.025000 1.000000
0.850000 0.200000 0.025000 1.000000
0.850000 0.200000 0.025000 1.000000
0.850000 0.200000 0.025000 1.000000
0.850000 0.200000 0.025000 1.000000
0.850000 0.200000 0.025000 1.000000
0.850000 0.200000 0.025000 1.000000
0.850000 0.200000 0.025000 1.000000
0.850000 0.200000 0.025000 1.000000
0.850000 0.200000 0.025000 1.000000
0.850000 0.200000 0.025000 1.000000
0.850000 0.200000 0.025000 1.000000
0.850000 0.200000 0.025000 1.000000
0.850000 0.200000 0.025000 1.000000
0.850000 0.200000 0.025000 1.000000
0.850000 0.200000 0.025000 1.000000
0.850000 0.200000 0.025000 1.000000
0.850000 0.200000 0.025000 1.000000
0.850000 0.200000 0.025000 1.000000
0.850000 0.200000 0.025000 1.000000
0.850000 0.200000 0.025000 1.000000
0.850000 0.200000 0.025000 1.000000
0.850000 0.200000 0.025000 1.000000
0.850000 0.200000 0.025000 1.000000
0.850000 0.200000 0.025000 1.000000
0.850000 0.200000 0.025000 1.000000
0.850000 0.200000 0.025000 1.000000
0.850000 0.200000 0.025000 1.000000
0.850000 0.200000 0.025000 1.000000
0.850000 0.200000 0.025000 1.000000
0.850000 0.200000 0.025000 1.000000
0.850000 0.200000 0.025000 1.000000
0.850000 0.200000 0.025000 1.000000
0.850000 0.200000 0.025000 1.000000
0.850000 0.200000 0.025000 1.000000
0.850000 0.200000 0.025000 1.000000
0.850000 0.200000 0.025000 1.000000
0.850000 0.200000 0.025000 1.000000
0.850000 0.200000 0.025000 1.000000
0.850000 0.200000 0.025000 1.000000
0.850000 0.200000 0.025000 1.000000
0.850000 0.200000 0.025000 1.000000
0.850000 0.200000 0.025000 1.000000
0.850000 0.200000 0.025000 1.000000
0.850000 0.200000 0.025000 1.000000
0.850000 0.200000 0.025000 1.000000
0.850000 0.200000 0.025000 1.000000
0.850000 0.200000 0.025000 1.000000
0.850000 0.200000 0.025000 1.000000
0.850000 0.200000 0.025000 1.000000
0.850000 0.200000 0.025000 1.000000
0.850000 0.200000 0.025000 1.000000
0.850000 0.200000 0.025000 1.000000
0.850000 0.200000 0.025000 1.000000
0.850000 0.200000 0.025000 1.000000
0.850000 0.200000 0.025000 1.000000
0.850000 0.200000 0.025000 1.000000
0.850000 0.200000 0.025000 1.000000
0.850000 0.200000 0.025000 1.000000
0.850000 0.200000 0.025000 1.000000
0.850000 0.200000 0.025000 1.000000
0.850000 0.200000 0.025000 1.000000
0.850000 0.200000 0.025000 1.000000
0.850000 0.200000 0.025000 1.000000
0.850000 0.200000 0.025000 1.000000
0.850000 0.200000 0.025000 1.000000
0.850000 0.200000 0.025000 1.000000
0.850000 0.200000 0.025000 1.000000
0.850000 0.200000 0.025000 1.000000
0.850000 0.200000 0.025000 1.000000
0.850000 0.200000 0.025000 1.000000
0.850000 0.200000 0.025000 1.000000
0.850000 0.200000 0.025000 1.000000
0.850000 0.200000 0.025000 1.000000
0.850000 0.200000 0.025000 1.000000
0.850000 0.200000 0.025000 1.000000
0.850000 0.200000 0.025000 1.000000
0.850000 0.200000 0.025000 1.000000
0.850000 0.200000 0.025000 1.000000
0.850000 0.200000 0.025000 1.000000
0.850000 0.200000 0.025000 1.000000
0.850000 0.200000 0.025000 1.000000
0.850000 0.200000 0.025000 1.000000
0.850000 0.200000 0.025000 1.000000
0.850000 0.200000 0.025000 1.000000
0.850000 0.200000 0.025000 1.000000
0.850000 0.200000 0.025000 1.000000
0.850000 0.200000 0.025000 1.000000
0.850000 0.200000 0.025000 1.000000
0.850000 0.200000 0.025000 1.000000
0.850000 0.200000 0.025000 1.000000
0.850000 0.200000 0.025000 1.000000
0.850000 0.200000 0.025000 1.000000
0.850000 0.200000 0.025000 1.000000
0.850000 0.200000 0.025000 1.000000
0.850000 0.200000 0.025000 1.000000
0.850000 0.200000 0.025000 1.000000
0.850000 0.200000 0.025000 1.000000
0.850000 0.200000 0.025000 1.000000
0.850000 0.200000 0.025000 1.000000
0.850000 0.200000 0.025000 1.000000
0.850000 0.200000 0.025000 1.000000
0.850000 0.200000 0.025000 1.000000
0.850000 0.200000 0.025000 1.000000
0.850000 0.200000 0.025000 1.000000
0.850000 0.200000 0.025000 1.000000
0.850000 0.200000 0.025000 1.000000
0.850000 0.200000 0.025000 1.000000
0.850000 0.200000 0.025000 1.000000
0.850000 0.200000 0.025000 1.000000
0.850000 0.200000 0.025000 1.000000
0.850000 0.200000 0.025000 1.000000
0.850000 0.200000 0.025000 1.000000
0.850000 0.200000 0.025000 1.000000
0.850000 0.200000 0.025000 1.000000
0.850000 0.200000 0.025000 1.000000
0.850000 0.200000 0.025000 1.000000
0.850000 0.200000 0.025000 1.000000
0.850000 0.200000 0.025000 1.000000
0.850000 0.200000 0.025000 1.000000
0.850000 0.200000 0.025000 1.000000
0.850000 0.200000 0.025000 1.000000
0.850000 0.200000 0.025000 1.000000
0.850000 0.200000 0.025000 1.000000
0.850000 0.200000 0.025000 1.000000
0.850000 0.200000 0.025000 1.000000
0.850000 0.200000 0.025000 1.000000
0.850000 0.200000 0.025000 1.000000
0.850000 0.200000 0.025000 1.000000
0.850000 0.200000 0.025000 1.000000
0.850000 0.200000 0.025000 1.000000
0.850000 0.200000 0.025000 1.000000
0.850000 0.200000 0.025000 1.000000
0.850000 0.200000 0.025000 1.000000
0.850000 0.200000 0.025000 1.000000
0.850000 0.200000 0.025000 1.000000
0.850000 0.200000 0.025000 1.000000
0.850000 0.200000 0.025000 1.000000
0.850000 0.200000 0.025000 1.000000
0.850000 0.200000 0.025000 1.000000
0.850000 0.200000 0.025000 1.000000
0.850000 0.200000 0.025000 1.000000
0.850000 0.200000 0.025000 1.000000
0.850000 0.200000 0.025000 1.000000
0.850000 0.200000 0.025000 1.000000
0.850000 0.200000 0.025000 1.000000
0.850000 0.200000 0.025000 1.000000
0.850000 0.200000 0.025000 1.000000
0.850000 0.200000 0.025000 1.000000
0.850000 0.200000 0.025000 1.000000
0.850000 0.200000 0.025000 1.000000
0.850000 0.200000 0.025000 1.000000
0.850000 0.200000 0.025000 1.000000
0.850000 0.200000 0.025000 1.000000
0.850000 0.200000 0.025000 1.000000
0.850000 0.200000 0.025000 1.000000
0.850000 0.200000 0.025000 1.000000
0.850000 0.200000 0.025000 1.000000
0.850000 0.200000 0.025000 1.000000
0.850000 0.200000 0.025000 1.000000
0.850000 0.200000 0.025000 1.000000
0.850000 0.200000 0.025000 1.000000
0.850000 0.200000 0.025000 1.000000
0.850000 0.200000 0.025000 1.000000
0.850000 0.200000 0.025000 1.000000
0.850000 0.200000 0.025000 1.000000
0.850000 0.200000 0.025000 1.000000
0.850000 0.200000 0.025000 1.000000
0.850000 0.200000 0.025000 1.000000
0.850000 0.200000 0.025000 1.000000
0.850000 0.200000 0.025000 1.000000
0.850000 0.200000 0.025000 1.000000
0.850000 0.200000 0.025000 1.000000
0.850000 0.200000 0.025000 1.000000
0.850000 0.200000 0.025000 1.000000
0.850000 0.200000 0.025000 1.000000
0.850000 0.200000 0.025000 1.000000
0.850000 0.200000 0.025000 1.000000
0.850000 0.200000 0.025000 1.000000
0.850000 0.200000 0.025000 1.000000
0.850000 0.200000 0.025000 1.000000
0.850000 0.200000 0.025000 1.000000
0.850000 0.200000 0.025000 1.000000
0.850000 0.200000 0.025000 1.000000
0.850000 0.200000 0.025000 1.000000
0.850000 0.200000 0.025000 1.000000
0.850000 0.200000 0.025000 1.000000
0.850000 0.200000 0.025000 1.000000
0.850000 0.200000 0.025000 1.000000
0.850000 0.200000 0.025000 1.000000
0.850000 0.200000 0.025000 1.000000
0.850000 0.200000 0.025000 1.000000
0.850000 0.200000 0.025000 1.000000
0.850000 0.200000 0.025000 1.000000
0.850000 0.200000 0.025000 1.000000
0.850000 0.200000 0.025000 1.000000
0.850000 0.200000 0.025000 1.000000
0.850000 0.200000 0.025000 1.000000
0.850000 0.200000 0.025000 1.000000
0.850000 0.200000 0.025000 1.000000
0.850000 0.200000 0.025000 1.000000
0.850000 0.200000 0.025000 1.000000
0.850000 0.200000 0.025000 1.000000
0.850000 0.200000 0.025000 1.000000
0.850000 0.200000 0.025000 1.000000
0.850000 0.200000 0.025000 1.000000
0.850000 0.200000 0.025000 1.000000
0.850000 0.200000 0.025000 1.000000
0.850000 0.200000 0.025000 1.000000
0.850000 0.200000 0.025000 1.000000
0.850000 0.200000 0.025000 1.000000
0.850000 0.200000 0.025000 1.000000
0.850000 0.200000 0.025000 1.000000
0.850000 0.200000 0.025000 1.000000
0.850000 0.200000 0.025000 1.000000
0.850000 0.200000 0.025000 1.000000
0.850000 0.200000 0.025000 1.000000
0.850000 0.200000 0.025000 1.000000
0.850000 0.200000 0.025000 1.000000
0.850000 0.200000 0.025000 1.000000
0.850000 0.200000 0.025000 1.000000
0.850000 0.200000 0.025000 1.000000
0.850000 0.200000 0.025000 1.000000
0.850000 0.200000 0.025000 1.000000
0.850000 0.200000 0.025000 1.000000
0.850000 0.200000 0.025000 1.000000
0.850000 0.200000 0.025000 1.000000
0.850000 0.200000 0.025000 1.000000
0.850000 0.200000 0.025000 1.000000
0.850000 0.200000 0.025000 1.000000
0.850000 0.200000 0.025000 1.000000
0.850000 0.200000 0.025000 1.000000
0.850000 0.200000 0.025000 1.000000
0.850000 0.200000 0.025000 1.000000
0.850000 0.200000 0.025000 1.000000
0.850000 0.200000 0.025000 1.000000
0.850000 0.200000 0.025000 1.000000
0.850000 0.200000 0.025000 1.000000
0.850000 0.200000 0.025000 1.000000
0.850000 0.200000 0.025000 1.000000
0.850000 0.200000 0.025000 1.000000
0.850000 0.200000 0.025000 1.000000
0.850000 0.200000 0.025000 1.000000
0.850000 0.200000 0.025000 1.000000
0.850000 0.200000 0.025000 1.000000
0.850000 0.200000 0.025000 1.000000
0.850000 0.200000 0.025000 1.000000
0.850000 0.200000 0.025000 1.000000
0.850000 0.200000 0.025000 1.000000
0.850000 0.200000 0.025000 1.000000
0.850000 0.200000 0.025000 1.000000
0.850000 0.200000 0.025000 1.000000
0.850000 0.200000 0.025000 1.000000
0.850000 0.200000 0.025000 1.000000
0.850000 0.200000 0.025000 1.000000
0.850000 0.200000 0.025000 1.000000
0.850000 0.200000 0.025000 1.000000
0.850000 0.200000 0.025000 1.000000
0.850000 0.200000 0.025000 1.000000
0.850000 0.200000 0.025000 1.000000
0.850000 0.200000 0.025000 1.000000
0.850000 0.200000 0.025000 1.000000
0.850000 0.200000 0.025000 1.000000
0.850000 0.200000 0.025000 1.000000
0.850000 0.200000 0.025000 1.000000
0.850000 0.200000 0.025000 1.000000
0.850000 0.200000 0.025000 1.000000
0.850000 0.200000 0.025000 1.000000
0.850000 0.200000 0.025000 1.000000
0.850000 0.200000 0.025000 1.000000
0.850000 0.200000 0.025000 1.000000
0.850000 0.200000 0.025000 1.000000
0.850000 0.200000 0.025000 1.000000
0.850000 0.200000 0.025000 1.000000
0.850000 0.200000 0.025000 1.000000
0.850000 0.200000 0.025000 1.000000
0.850000 0.200000 0.025000 1.000000
0.850000 0.200000 0.025000 1.000000
0.850000 0.200000 0.025000 1.000000
0.850000 0.200000 0.025000 1.000000
0.850000 0.200000 0.025000 1.000000
0.850000 0.200000 0.025000 1.000000
0.850000 0.200000 0.025000 1.000000
0.850000 0.200000 0.025000 1.000000
0.850000 0.200000 0.025000 1.000000
0.850000 0.200000 0.025000 1.000000
0.850000 0.200000 0.025000 1.000000
0.850000 0.200000 0.025000 1.000000
0.850000 0.200000 0.025000 1.000000
0.850000 0.200000 0.025000 1.000000
0.850000 0.200000 0.025000 1.000000
0.850000 0.200000 0.025000 1.000000
0.850000 0.200000 0.025000 1.000000
0.850000 0.200000 0.025000 1.000000
0.850000 0.200000 0.025000 1.000000
0.850000 0.200000 0.025000 1.000000
0.850000 0.200000 0.025000 1.000000
0.850000 0.200000 0.025000 1.000000
0.850000 0.200000 0.025000 1.000000
0.850000 0.200000 0.025000 1.000000
0.850000 0.200000 0.025000 1.000000
0.850000 0.200000 0.025000 1.000000
0.850000 0.200000 0.025000 1.000000
0.850000 0.200000 0.025000 1.000000
0.850000 0.200000 0.025000 1.000000
0.850000 0.200000 0.025000 1.000000
0.850000 0.200000 0.025000 1.000000
0.850000 0.200000 0.025000 1.000000
0.850000 0.200000 0.025000 1.000000
0.850000 0.200000 0.025000 1.000000
0.850000 0.200000 0.025000 1.000000
0.850000 0.200000 0.025000 1.000000
0.850000 0.200000 0.025000 1.000000
0.850000 0.200000 0.025000 1.000000
0.850000 0.200000 0.025000 1.000000
0.850000 0.200000 0.025000 1.000000
0.850000 0.200000 0.025000 1.000000
0.850000 0.200000 0.025000 1.000000
0.850000 0.200000 0.025000 1.000000
0.850000 0.200000 0.025000 1.000000
0.850000 0.200000 0.025000 1.000000
0.850000 0.200000 0.025000 1.000000
0.850000 0.200000 0.025000 1.000000
0.850000 0.200000 0.025000 1.000000
0.850000 0.200000 0.025000 1.000000
0.850000 0.200000 0.025000 1.000000
0.850000 0.200000 0.025000 1.000000
0.850000 0.200000 0.025000 1.000000
0.850000 0.200000 0.025000 1.000000
0.850000 0.200000 0.025000 1.000000
0.850000 0.200000 0.025000 1.000000
0.850000 0.200000 0.025000 1.000000
0.850000 0.200000 0.025000 1.000000
0.850000 0.200000 0.025000 1.000000
0.850000 0.200000 0.025000 1.000000
0.850000 0.200000 0.025000 1.000000
0.850000 0.200000 0.025000 1.000000
0.850000 0.200000 0.025000 1.000000
0.850000 0.200000 0.025000 1.000000
0.850000 0.200000 0.025000 1.000000
0.850000 0.200000 0.025000 1.000000
0.850000 0.200000 0.025000 1.000000
0.850000 0.200000 0.025000 1.000000
0.850000 0.200000 0.025000 1.000000
0.850000 0.200000 0.025000 1.000000
0.850000 0.200000 0.025000 1.000000
0.850000 0.200000 0.025000 1.000000
0.850000 0.200000 0.025000 1.000000
0.850000 0.200000 0.025000 1.000000
0.850000 0.200000 0.025000 1.000000
0.850000 0.200000 0.025000 1.000000
0.850000 0.200000 0.025000 1.000000
0.850000 0.200000 0.025000 1.000000
0.850000 0.200000 0.025000 1.000000
0.850000 0.200000 0.025000 1.000000
0.850000 0.200000 0.025000 1.000000
0.850000 0.200000 0.025000 1.000000
0.850000 0.200000 0.025000 1.000000
0.850000 0.200000 0.025000 1.000000
0.850000 0.200000 0.025000 1.000000
0.850000 0.200000 0.025000 1.000000
0.850000 0.200000 0.025000 1.000000
0.850000 0.200000 0.025000 1.000000
0.850000 0.200000 0.025000 1.000000
0.850000 0.200000 0.025000 1.000000
0.850000 0.200000 0.025000 1.000000
0.850000 0.200000 0.025000 1.000000
0.850000 0.200000 0.025000 1.000000
0.850000 0.200000 0.025000 1.000000
0.850000 0.200000 0.025000 1.000000
0.850000 0.200000 0.025000 1.000000
0.850000 0.200000 0.025000 1.000000
0.850000 0.200000 0.025000 1.000000
0.850000 0.200000 0.025000 1.000000
0.850000 0.200000 0.025000 1.000000
0.850000 0.200000 0.025000 1.000000
0.850000 0.200000 0.025000 1.000000
0.850000 0.200000 0.025000 1.000000
0.850000 0.200000 0.025000 1.000000
0.850000 0.200000 0.025000 1.000000
0.850000 0.200000 0.025000 1.000000
0.850000 0.200000 0.025000 1.000000
0.850000 0.200000 0.025000 1.000000
0.850000 0.200000 0.025000 1.000000
0.850000 0.200000 0.025000 1.000000
0.850000 0.200000 0.025000 1.000000
0.850000 0.200000 0.025000 1.000000
0.850000 0.200000 0.025000 1.000000
0.850000 0.200000 0.025000 1.000000
0.850000 0.200000 0.025000 1.000000
0.850000 0.200000 0.025000 1.000000
0.850000 0.200000 0.025000 1.000000
0.850000 0.200000 0.025000 1.000000
0.850000 0.200000 0.025000 1.000000
0.850000 0.200000 0.025000 1.000000
0.850000 0.200000 0.025000 1.000000
0.850000 0.200000 0.025000 1.000000
0.850000 0.200000 0.025000 1.000000
0.850000 0.200000 0.025000 1.000000
0.850000 0.200000 0.025000 1.000000
0.850000 0.200000 0.025000 1.000000
0.850000 0.200000 0.025000 1.000000
0.850000 0.200000 0.025000 1.000000
0.850000 0.200000 0.025000 1.000000
0.850000 0.200000 0.025000 1.000000
0.850000 0.200000 0.025000 1.000000
0.850000 0.200000 0.025000 1.000000
0.850000 0.200000 0.025000 1.000000
0.850000 0.200000 0.025000 1.000000
0.850000 0.200000 0.025000 1.000000
0.850000 0.200000 0.025000 1.000000
0.850000 0.200000 0.025000 1.000000
0.850000 0.200000 0.025000 1.000000
0.850000 0.200000 0.025000 1.000000
0.850000 0.200000 0.025000 1.000000
0.850000 0.200000 0.025000 1.000000
0.850000 0.200000 0.025000 1.000000
0.850000 0.200000 0.025000 1.000000
0.850000 0.200000 0.025000 1.000000
0.850000 0.200000 0.025000 1.000000
0.850000 0.200000 0.025000 1.000000
0.850000 0.200000 0.025000 1.000000
0.850000 0.200000 0.025000 1.000000
0.850000 0.200000 0.025000 1.000000
0.850000 0.200000 0.025000 1.000000
0.850000 0.200000 0.025000 1.000000
0.850000 0.200000 0.025000 1.000000
0.850000 0.200000 0.025000 1.000000
0.850000 0.200000 0.025000 1.000000
0.850000 0.200000 0.025000 1.000000
0.850000 0.200000 0.025000 1.000000
0.850000 0.200000 0.025000 1.000000
0.850000 0.200000 0.025000 1.000000
0.850000 0.200000 0.025000 1.000000
0.850000 0.200000 0.025000 1.000000
0.850000 0.200000 0.025000 1.000000
0.850000 0.200000 0.025000 1.000000
0.850000 0.200000 0.025000 1.000000
0.850000 0.200000 0.025000 1.000000
0.850000 0.200000 0.025000 1.000000
0.850000 0.200000 0.025000 1.000000
0.850000 0.200000 0.025000 1.000000
0.850000 0.200000 0.025000 1.000000
0.850000 0.200000 0.025000 1.000000
0.850000 0.200000 0.025000 1.000000
0.850000 0.200000 0.025000 1.000000
0.850000 0.200000 0.025000 1.000000
0.850000 0.200000 0.025000 1.000000
0.850000 0.200000 0.025000 1.000000
0.850000 0.200000 0.025000 1.000000
0.850000 0.200000 0.025000 1.000000
0.850000 0.200000 0.025000 1.000000
0.850000 0.200000 0.025000 1.000000
0.850000 0.200000 0.025000 1.000000
0.850000 0.200000 0.025000 1.000000
0.850000 0.200000 0.025000 1.000000
0.850000 0.200000 0.025000 1.000000
0.850000 0.200000 0.025000 1.000000
0.850000 0.200000 0.025000 1.000000
0.850000 0.200000 0.025000 1.000000
0.850000 0.200000 0.025000 1.000000
0.850000 0.200000 0.025000 1.000000
0.850000 0.200000 0.025000 1.000000
0.850000 0.200000 0.025000 1.000000
0.850000 0.200000 0.025000 1.000000
0.850000 0.200000 0.025000 1.000000
0.850000 0.200000 0.025000 1.000000
0.850000 0.200000 0.025000 1.000000
0.850000 0.200000 0.025000 1.000000
0.850000 0.200000 0.025000 1.000000
0.850000 0.200000 0.025000 1.000000
0.850000 0.200000 0.025000 1.000000
0.850000 0.200000 0.025000 1.000000
0.850000 0.200000 0.025000 1.000000
0.850000 0.200000 0.025000 1.000000
0.850000 0.200000 0.025000 1.000000
0.850000 0.200000 0.025000 1.000000
0.850000 0.200000 0.025000 1.000000
0.850000 0.200000 0.025000 1.000000
0.850000 0.200000 0.025000 1.000000
0.850000 0.200000 0.025000 1.000000
0.850000 0.200000 0.025000 1.000000
0.850000 0.200000 0.025000 1.000000
0.850000 0.200000 0.025000 1.000000
0.850000 0.200000 0.025000 1.000000
0.850000 0.200000 0.025000 1.000000
0.850000 0.200000 0.025000 1.000000
0.850000 0.200000 0.025000 1.000000
0.850000 0.200000 0.025000 1.000000
0.850000 0.200000 0.025000 1.000000
0.850000 0.200000 0.025000 1.000000
0.850000 0.200000 0.025000 1.000000
0.850000 0.200000 0.025000 1.000000
0.850000 0.200000 0.025000 1.000000
0.850000 0.200000 0.025000 1.000000
0.850000 0.200000 0.025000 1.000000
0.850000 0.200000 0.025000 1.000000
0.850000 0.200000 0.025000 1.000000
0.850000 0.200000 0.025000 1.000000
0.850000 0.200000 0.025000 1.000000
0.850000 0.200000 0.025000 1.000000
0.850000 0.200000 0.025000 1.000000
0.850000 0.200000 0.025000 1.000000
0.850000 0.200000 0.025000 1.000000
0.850000 0.200000 0.025000 1.000000
0.850000 0.200000 0.025000 1.000000
0.850000 0.200000 0.025000 1.000000
0.850000 0.200000 0.025000 1.000000
0.850000 0.200000 0.025000 1.000000
0.850000 0.200000 0.025000 1.000000
0.850000 0.200000 0.025000 1.000000
0.850000 0.200000 0.025000 1.000000
0.850000 0.200000 0.025000 1.000000
0.850000 0.200000 0.025000 1.000000
0.850000 0.200000 0.025000 1.000000
0.850000 0.200000 0.025000 1.000000
0.850000 0.200000 0.025000 1.000000
0.850000 0.200000 0.025000 1.000000
0.850000 0.200000 0.025000 1.000000
0.850000 0.200000 0.025000 1.000000
0.850000 0.200000 0.025000 1.000000
0.850000 0.200000 0.025000 1.000000
0.850000 0.200000 0.025000 1.000000
0.850000 0.200000 0.025000 1.000000
0.850000 0.200000 0.025000 1.000000
0.850000 0.200000 0.025000 1.000000
0.850000 0.200000 0.025000 1.000000
0.850000 0.200000 0.025000 1.000000
0.850000 0.200000 0.025000 1.000000
0.850000 0.200000 0.025000 1.000000
0.850000 0.200000 0.025000 1.000000
0.850000 0.200000 0.025000 1.000000
0.850000 0.200000 0.025000 1.000000
0.850000 0.200000 0.025000 1.000000
0.850000 0.200000 0.025000 1.000000
0.850000 0.200000 0.025000 1.000000
0.850000 0.200000 0.025000 1.000000
0.850000 0.200000 0.025000 1.000000
0.850000 0.200000 0.025000 1.000000
0.850000 0.200000 0.025000 1.000000
0.850000 0.200000 0.025000 1.000000
0.850000 0.200000 0.025000 1.000000
0.850000 0.200000 0.025000 1.000000
0.850000 0.200000 0.025000 1.000000
0.850000 0.200000 0.025000 1.000000
0.850000 0.200000 0.025000 1.000000
0.850000 0.200000 0.025000 1.000000
0.850000 0.200000 0.025000 1.000000
0.850000 0.200000 0.025000 1.000000
0.850000 0.200000 0.025000 1.000000
0.850000 0.200000 0.025000 1.000000
0.850000 0.200000 0.025000 1.000000
0.850000 0.200000 0.025000 1.000000
0.850000 0.200000 0.025000 1.000000
0.850000 0.200000 0.025000 1.000000
0.850000 0.200000 0.025000 1.000000
0.850000 0.200000 0.025000 1.000000
0.850000 0.200000 0.025000 1.000000
0.850000 0.200000 0.025000 1.000000
0.850000 0.200000 0.025000 1.000000
0.850000 0.200000 0.025000 1.000000
0.850000 0.200000 0.025000 1.000000
0.850000 0.200000 0.025000 1.000000
0.850000 0.200000 0.025000 1.000000
0.850000 0.200000 0.025000 1.000000
0.850000 0.200000 0.025000 1.000000
0.850000 0.200000 0.025000 1.000000
0.850000 0.200000 0.025000 1.000000
0.850000 0.200000 0.025000 1.000000
0.850000 0.200000 0.025000 1.000000
0.850000 0.200000 0.025000 1.000000
0.850000 0.200000 0.025000 1.000000
0.850000 0.200000 0.025000 1.000000
0.850000 0.200000 0.025000 1.000000
0.850000 0.200000 0.025000 1.000000
0.850000 0.200000 0.025000 1.000000
0.850000 0.200000 0.025000 1.000000
0.850000 0.200000 0.025000 1.000000
0.850000 0.200000 0.025000 1.000000
0.850000 0.200000 0.025000 1.000000
0.850000 0.200000 0.025000 1.000000
0.850000 0.200000 0.025000 1.000000
0.850000 0.200000 0.025000 1.000000
0.850000 0.200000 0.025000 1.000000
0.850000 0.200000 0.025000 1.000000
0.850000 0.200000 0.025000 1.000000
0.850000 0.200000 0.025000 1.000000
0.850000 0.200000 0.025000 1.000000
0.850000 0.200000 0.025000 1.000000
0.850000 0.200000 0.025000 1.000000
0.850000 0.200000 0.025000 1.000000
0.850000 0.200000 0.025000 1.000000
0.850000 0.200000 0.025000 1.000000
0.850000 0.200000 0.025000 1.000000
0.850000 0.200000 0.025000 1.000000
0.850000 0.200000 0.025000 1.000000
0.850000 0.200000 0.025000 1.000000
0.850000 0.200000 0.025000 1.000000
0.850000 0.200000 0.025000 1.000000
0.850000 0.200000 0.025000 1.000000
0.850000 0.200000 0.025000 1.000000
0.850000 0.200000 0.025000 1.000000
0.850000 0.200000 0.025000 1.000000
0.850000 0.200000 0.025000 1.000000
0.850000 0.200000 0.025000 1.000000
0.850000 0.200000 0.025000 1.000000
0.850000 0.200000 0.025000 1.000000
0.850000 0.200000 0.025000 1.000000
0.850000 0.200000 0.025000 1.000000
0.850000 0.200000 0.025000 1.000000
0.850000 0.200000 0.025000 1.000000
0.850000 0.200000 0.025000 1.000000
0.850000 0.200000 0.025000 1.000000
0.850000 0.200000 0.025000 1.000000
0.850000 0.200000 0.025000 1.000000
0.850000 0.200000 0.025000 1.000000
0.850000 0.200000 0.025000 1.000000
0.850000 0.200000 0.025000 1.000000
0.850000 0.200000 0.025000 1.000000
0.850000 0.200000 0.025000 1.000000
0.850000 0.200000 0.025000 1.000000
0.850000 0.200000 0.025000 1.000000
0.850000 0.200000 0.025000 1.000000
0.850000 0.200000 0.025000 1.000000
0.850000 0.200000 0.025000 1.000000
0.850000 0.200000 0.025000 1.000000
0.850000 0.200000 0.025000 1.000000
0.850000 0.200000 0.025000 1.000000
0.850000 0.200000 0.025000 1.000000
0.850000 0.200000 0.025000 1.000000
0.850000 0.200000 0.025000 1.000000
0.850000 0.200000 0.025000 1.000000
0.850000 0.200000 0.025000 1.000000
0.850000 0.200000 0.025000 1.000000
0.850000 0.200000 0.025000 1.000000
0.850000 0.200000 0.025000 1.000000
0.850000 0.200000 0.025000 1.000000
0.850000 0.200000 0.025000 1.000000
0.850000 0.200000 0.025000 1.000000
0.850000 0.200000 0.025000 1.000000
0.850000 0.200000 0.025000 1.000000
0.850000 0.200000 0.025000 1.000000
0.850000 0.200000 0.025000 1.000000
0.850000 0.200000 0.025000 1.000000
0.850000 0.200000 0.025000 1.000000
0.850000 0.200000 0.025000 1.000000
0.850000 0.200000 0.025000 1.000000
0.850000 0.200000 0.025000 1.000000
0.850000 0.200000 0.025000 1.000000
0.850000 0.200000 0.025000 1.000000
0.850000 0.200000 0.025000 1.000000
0.850000 0.200000 0.025000 1.000000
0.850000 0.200000 0.025000 1.000000
0.850000 0.200000 0.025000 1.000000
0.850000 0.200000 0.025000 1.000000
0.850000 0.200000 0.025000 1.000000
0.850000 0.200000 0.025000 1.000000
0.850000 0.200000 0.025000 1.000000
0.850000 0.200000 0.025000 1.000000
0.850000 0.200000 0.025000 1.000000
0.850000 0.200000 0.025000 1.000000
0.850000 0.200000 0.025000 1.000000
0.850000 0.200000 0.025000 1.000000
0.850000 0.200000 0.025000 1.000000
0.850000 0.200000 0.025000 1.000000
0.850000 0.200000 0.025000 1.000000
0.850000 0.200000 0.025000 1.000000
0.850000 0.200000 0.025000 1.000000
0.850000 0.200000 0.025000 1.000000
0.850000 0.200000 0.025000 1.000000
0.850000 0.200000 0.025000 1.000000
0.850000 0.200000 0.025000 1.000000
0.850000 0.200000 0.025000 1.000000
0.850000 0.200000 0.025000 1.000000
0.850000 0.200000 0.025000 1.000000
0.850000 0.200000 0.025000 1.000000
0.850000 0.200000 0.025000 1.000000
0.850000 0.200000 0.025000 1.000000
0.850000 0.200000 0.025000 1.000000
0.850000 0.200000 0.025000 1.000000
0.850000 0.200000 0.025000 1.000000
0.850000 0.200000 0.025000 1.000000
0.850000 0.200000 0.025000 1.000000
0.850000 0.200000 0.025000 1.000000
0.850000 0.200000 0.025000 1.000000
0.850000 0.200000 0.025000 1.000000
0.850000 0.200000 0.025000 1.000000
0.850000 0.200000 0.025000 1.000000
0.850000 0.200000 0.025000 1.000000
0.850000 0.200000 0.025000 1.000000
0.850000 0.200000 0.025000 1.000000
0.850000 0.200000 0.025000 1.000000
0.850000 0.200000 0.025000 1.000000
0.850000 0.200000 0.025000 1.000000
0.850000 0.200000 0.025000 1.000000
0.850000 0.200000 0.025000 1.000000
0.850000 0.200000 0.025000 1.000000
0.850000 0.200000 0.025000 1.000000
0.850000 0.200000 0.025000 1.000000
0.850000 0.200000 0.025000 1.000000
0.850000 0.200000 0.025000 1.000000
0.850000 0.200000 0.025000 1.000000
0.850000 0.200000 0.025000 1.000000
0.850000 0.200000 0.025000 1.000000
0.850000 0.200000 0.025000 1.000000
0.850000 0.200000 0.025000 1.000000
0.850000 0.200000 0.025000 1.000000
0.850000 0.200000 0.025000 1.000000
0.850000 0.200000 0.025000 1.000000
0.850000 0.200000 0.025000 1.000000
0.850000 0.200000 0.025000 1.000000
0.850000 0.200000 0.025000 1.000000
0.850000 0.200000 0.025000 1.000000
0.850000 0.200000 0.025000 1.000000
0.850000 0.200000 0.025000 1.000000
0.850000 0.200000 0.025000 1.000000
0.850000 0.200000 0.025000 1.000000
0.850000 0.200000 0.025000 1.000000
0.850000 0.200000 0.025000 1.000000
0.850000 0.200000 0.025000 1.000000
0.850000 0.200000 0.025000 1.000000
0.850000 0.200000 0.025000 1.000000
0.850000 0.200000 0.025000 1.000000
0.850000 0.200000 0.025000 1.000000
0.850000 0.200000 0.025000 1.000000
0.850000 0.200000 0.025000 1.000000
0.850000 0.200000 0.025000 1.000000
0.850000 0.200000 0.025000 1.000000
0.850000 0.200000 0.025000 1.000000
0.850000 0.200000 0.025000 1.000000
0.850000 0.200000 0.025000 1.000000
0.850000 0.200000 0.025000 1.000000
0.850000 0.200000 0.025000 1.000000
0.850000 0.200000 0.025000 1.000000
0.850000 0.200000 0.025000 1.000000
0.850000 0.200000 0.025000 1.000000
0.850000 0.200000 0.025000 1.000000
0.850000 0.200000 0.025000 1.000000
0.850000 0.200000 0.025000 1.000000
0.850000 0.200000 0.025000 1.000000
0.850000 0.200000 0.025000 1.000000
0.850000 0.200000 0.025000 1.000000
0.850000 0.200000 0.025000 1.000000
0.850000 0.200000 0.025000 1.000000
0.850000 0.200000 0.025000 1.000000
0.850000 0.200000 0.025000 1.000000
0.850000 0.200000 0.025000 1.000000
0.850000 0.200000 0.025000 1.000000
0.850000 0.200000 0.025000 1.000000
0.850000 0.200000 0.025000 1.000000
0.850000 0.200000 0.025000 1.000000
0.850000 0.200000 0.025000 1.000000
0.850000 0.200000 0.025000 1.000000
0.850000 0.200000 0.025000 1.000000
0.850000 0.200000 0.025000 1.000000
0.850000 0.200000 0.025000 1.000000
0.850000 0.200000 0.025000 1.000000
0.850000 0.200000 0.025000 1.000000
0.850000 0.200000 0.025000 1.000000
0.850000 0.200000 0.025000 1.000000
0.850000 0.200000 0.025000 1.000000
0.850000 0.200000 0.025000 1.000000
0.850000 0.200000 0.025000 1.000000
0.850000 0.200000 0.025000 1.000000
0.850000 0.200000 0.025000 1.000000
0.850000 0.200000 0.025000 1.000000
0.850000 0.200000 0.025000 1.000000
0.850000 0.200000 0.025000 1.000000
0.850000 0.200000 0.025000 1.000000
0.850000 0.200000 0.025000 1.000000
0.850000 0.200000 0.025000 1.000000
0.850000 0.200000 0.025000 1.000000
0.850000 0.200000 0.025000 1.000000
0.850000 0.200000 0.025000 1.000000
0.850000 0.200000 0.025000 1.000000
0.850000 0.200000 0.025000 1.000000
0.850000 0.200000 0.025000 1.000000
0.850000 0.200000 0.025000 1.000000
0.850000 0.200000 0.025000 1.000000
0.850000 0.200000 0.025000 1.000000
0.850000 0.200000 0.025000 1.000000
0.850000 0.200000 0.025000 1.000000
0.850000 0.200000 0.025000 1.000000
0.850000 0.200000 0.025000 1.000000
0.850000 0.200000 0.025000 1.000000
0.850000 0.200000 0.025000 1.000000
0.850000 0.200000 0.025000 1.000000
0.850000 0.200000 0.025000 1.000000
0.850000 0.200000 0.025000 1.000000
0.850000 0.200000 0.025000 1.000000
0.850000 0.200000 0.025000 1.000000
0.850000 0.200000 0.025000 1.000000
0.850000 0.200000 0.025000 1.000000
0.850000 0.200000 0.025000 1.000000
0.850000 0.200000 0.025000 1.000000
0.850000 0.200000 0.025000 1.000000
0.850000 0.200000 0.025000 1.000000
0.850000 0.200000 0.025000 1.000000
0.850000 0.200000 0.025000 1.000000
0.850000 0.200000 0.025000 1.000000
0.850000 0.200000 0.025000 1.000000
0.850000 0.200000 0.025000 1.000000
0.850000 0.200000 0.025000 1.000000
0.850000 0.200000 0.025000 1.000000
0.850000 0.200000 0.025000 1.000000
0.850000 0.200000 0.025000 1.000000
0.850000 0.200000 0.025000 1.000000
0.850000 0.200000 0.025000 1.000000
0.850000 0.200000 0.025000 1.000000
0.850000 0.200000 0.025000 1.000000
0.850000 0.200000 0.025000 1.000000
0.850000 0.200000 0.025000 1.000000
0.850000 0.200000 0.025000 1.000000
0.850000 0.200000 0.025000 1.000000
0.850000 0.200000 0.025000 1.000000
0.850000 0.200000 0.025000 1.000000
0.850000 0.200000 0.025000 1.000000
0.850000 0.200000 0.025000 1.000000
0.850000 0.200000 0.025000 1.000000
0.850000 0.200000 0.025000 1.000000
0.850000 0.200000 0.025000 1.000000
0.850000 0.200000 0.025000 1.000000
0.850000 0.200000 0.025000 1.000000
0.850000 0.200000 0.025000 1.000000
0.850000 0.200000 0.025000 1.000000
0.850000 0.200000 0.025000 1.000000
0.850000 0.200000 0.025000 1.000000
0.850000 0.200000 0.025000 1.000000
0.850000 0.200000 0.025000 1.000000
0.850000 0.200000 0.025000 1.000000
0.850000 0.200000 0.025000 1.000000
0.850000 0.200000 0.025000 1.000000
0.850000 0.200000 0.025000 1.000000
0.850000 0.200000 0.025000 1.000000
0.850000 0.200000 0.025000 1.000000
0.850000 0.200000 0.025000 1.000000
0.850000 0.200000 0.025000 1.000000
0.850000 0.200000 0.025000 1.000000
0.850000 0.200000 0.025000 1.000000
0.850000 0.200000 0.025000 1.000000
0.850000 0.200000 0.025000 1.000000
0.850000 0.200000 0.025000 1.000000
0.850000 0.200000 0.025000 1.000000
0.850000 0.200000 0.025000 1.000000
0.850000 0.200000 0.025000 1.000000
0.850000 0.200000 0.025000 1.000000
0.850000 0.200000 0.025000 1.000000
0.850000 0.200000 0.025000 1.000000
0.850000 0.200000 0.025000 1.000000
0.850000 0.200000 0.025000 1.000000
0.850000 0.200000 0.025000 1.000000
0.850000 0.200000 0.025000 1.000000
0.850000 0.200000 0.025000 1.000000
0.850000 0.200000 0.025000 1.000000
0.850000 0.200000 0.025000 1.000000
0.850000 0.200000 0.025000 1.000000
0.850000 0.200000 0.025000 1.000000
0.850000 0.200000 0.025000 1.000000
0.850000 0.200000 0.025000 1.000000
0.850000 0.200000 0.025000 1.000000
0.850000 0.200000 0.025000 1.000000
0.850000 0.200000 0.025000 1.000000
0.850000 0.200000 0.025000 1.000000
0.850000 0.200000 0.025000 1.000000
0.850000 0.200000 0.025000 1.000000
0.850000 0.200000 0.025000 1.000000
0.850000 0.200000 0.025000 1.000000
0.850000 0.200000 0.025000 1.000000
0.850000 0.200000 0.025000 1.000000
0.850000 0.200000 0.025000 1.000000
0.850000 0.200000 0.025000 1.000000
0.850000 0.200000 0.025000 1.000000
0.850000 0.200000 0.025000 1.000000
0.850000 0.200000 0.025000 1.000000
0.850000 0.200000 0.025000 1.000000
0.850000 0.200000 0.025000 1.000000
0.850000 0.200000 0.025000 1.000000
0.850000 0.200000 0.025000 1.000000
0.850000 0.200000 0.025000 1.000000
0.850000 0.200000 0.025000 1.000000
0.850000 0.200000 0.025000 1.000000
0.850000 0.200000 0.025000 1.000000
0.850000 0.200000 0.025000 1.000000
0.850000 0.200000 0.025000 1.000000
0.850000 0.200000 0.025000 1.000000
0.850000 0.200000 0.025000 1.000000
0.850000 0.200000 0.025000 1.000000
0.850000 0.200000 0.025000 1.000000
0.850000 0.200000 0.025000 1.000000
0.850000 0.200000 0.025000 1.000000
0.850000 0.200000 0.025000 1.000000
0.850000 0.200000 0.025000 1.000000
0.850000 0.200000 0.025000 1.000000
0.850000 0.200000 0.025000 1.000000
0.850000 0.200000 0.025000 1.000000
0.850000 0.200000 0.025000 1.000000
0.850000 0.200000 0.025000 1.000000
0.850000 0.200000 0.025000 1.000000
0.850000 0.200000 0.025000 1.000000
0.850000 0.200000 0.025000 1.000000
0.850000 0.200000 0.025000 1.000000
0.850000 0.200000 0.025000 1.000000
0.850000 0.200000 0.025000 1.000000
0.850000 0.200000 0.025000 1.000000
0.850000 0.200000 0.025000 1.000000
0.850000 0.200000 0.025000 1.000000
0.850000 0.200000 0.025000 1.000000
0.850000 0.200000 0.025000 1.000000
0.850000 0.200000 0.025000 1.000000
0.850000 0.200000 0.025000 1.000000
0.850000 0.200000 0.025000 1.000000
0.850000 0.200000 0.025000 1.000000
0.850000 0.200000 0.025000 1.000000
0.850000 0.200000 0.025000 1.000000
0.850000 0.200000 0.025000 1.000000
0.850000 0.200000 0.025000 1.000000
0.850000 0.200000 0.025000 1.000000
0.850000 0.200000 0.025000 1.000000
0.850000 0.200000 0.025000 1.000000
0.850000 0.200000 0.025000 1.000000
0.850000 0.200000 0.025000 1.000000
0.850000 0.200000 0.025000 1.000000
0.850000 0.200000 0.025000 1.000000
0.850000 0.200000 0.025000 1.000000
0.850000 0.200000 0.025000 1.000000
0.850000 0.200000 0.025000 1.000000
0.850000 0.200000 0.025000 1.000000
0.850000 0.200000 0.025000 1.000000
0.850000 0.200000 0.025000 1.000000
0.850000 0.200000 0.025000 1.000000
0.850000 0.200000 0.025000 1.000000
0.850000 0.200000 0.025000 1.000000
0.850000 0.200000 0.025000 1.000000
0.850000 0.200000 0.025000 1.000000
0.850000 0.200000 0.025000 1.000000
0.850000 0.200000 0.025000 1.000000
0.850000 0.200000 0.025000 1.000000
0.850000 0.200000 0.025000 1.000000
0.850000 0.200000 0.025000 1.000000
0.850000 0.200000 0.025000 1.000000
0.850000 0.200000 0.025000 1.000000
0.850000 0.200000 0.025000 1.000000
0.850000 0.200000 0.025000 1.000000
0.850000 0.200000 0.025000 1.000000
0.850000 0.200000 0.025000 1.000000
0.850000 0.200000 0.025000 1.000000
0.850000 0.200000 0.025000 1.000000
0.850000 0.200000 0.025000 1.000000
0.850000 0.200000 0.025000 1.000000
0.850000 0.200000 0.025000 1.000000
0.850000 0.200000 0.025000 1.000000
0.850000 0.200000 0.025000 1.000000
0.850000 0.200000 0.025000 1.000000
0.850000 0.200000 0.025000 1.000000
0.850000 0.200000 0.025000 1.000000
0.850000 0.200000 0.025000 1.000000
0.850000 0.200000 0.025000 1.000000
0.850000 0.200000 0.025000 1.000000
0.850000 0.200000 0.025000 1.000000
0.850000 0.200000 0.025000 1.000000
0.850000 0.200000 0.025000 1.000000
0.850000 0.200000 0.025000 1.000000
0.850000 0.200000 0.025000 1.000000
0.850000 0.200000 0.025000 1.000000
0.850000 0.200000 0.025000 1.000000
0.850000 0.200000 0.025000 1.000000
0.850000 0.200000 0.025000 1.000000
0.850000 0.200000 0.025000 1.000000
0.850000 0.200000 0.025000 1.000000
0.850000 0.200000 0.025000 1.000000
0.850000 0.200000 0.025000 1.000000
0.850000 0.200000 0.025000 1.000000
0.850000 0.200000 0.025000 1.000000
0.850000 0.200000 0.025000 1.000000
0.850000 0.200000 0.025000 1.000000
0.850000 0.200000 0.025000 1.000000
0.850000 0.200000 0.025000 1.000000
0.850000 0.200000 0.025000 1.000000
0.850000 0.200000 0.025000 1.000000
0.850000 0.200000 0.025000 1.000000
0.850000 0.200000 0.025000 1.000000
0.850000 0.200000 0.025000 1.000000
0.850000 0.200000 0.025000 1.000000
0.850000 0.200000 0.025000 1.000000
0.850000 0.200000 0.025000 1.000000
0.850000 0.200000 0.025000 1.000000
0.850000 0.200000 0.025000 1.000000
0.850000 0.200000 0.025000 1.000000
0.850000 0.200000 0.025000 1.000000
0.850000 0.200000 0.025000 1.000000
0.850000 0.200000 0.025000 1.000000
0.850000 0.200000 0.025000 1.000000
0.850000 0.200000 0.025000 1.000000
0.850000 0.200000 0.025000 1.000000
0.850000 0.200000 0.025000 1.000000
0.850000 0.200000 0.025000 1.000000
0.850000 0.200000 0.025000 1.000000
0.850000 0.200000 0.025000 1.000000
0.850000 0.200000 0.025000 1.000000
0.850000 0.200000 0.025000 1.000000
0.850000 0.200000 0.025000 1.000000
0.850000 0.200000 0.025000 1.000000
0.850000 0.200000 0.025000 1.000000
0.850000 0.200000 0.025000 1.000000
0.850000 0.200000 0.025000 1.000000
0.850000 0.200000 0.025000 1.000000
0.850000 0.200000 0.025000 1.000000
0.850000 0.200000 0.025000 1.000000
0.850000 0.200000 0.025000 1.000000
0.850000 0.200000 0.025000 1.000000
0.850000 0.200000 0.025000 1.000000
0.850000 0.200000 0.025000 1.000000
0.850000 0.200000 0.025000 1.000000
0.850000 0.200000 0.025000 1.000000
0.850000 0.200000 0.025000 1.000000
0.850000 0.200000 0.025000 1.000000
0.850000 0.200000 0.025000 1.000000
0.850000 0.200000 0.025000 1.000000
0.850000 0.200000 0.025000 1.000000
0.850000 0.200000 0.025000 1.000000
0.850000 0.200000 0.025000 1.000000
0.850000 0.200000 0.025000 1.000000
0.850000 0.200000 0.025000 1.000000
0.850000 0.200000 0.025000 1.000000
0.850000 0.200000 0.025000 1.000000
0.850000 0.200000 0.025000 1.000000
0.850000 0.200000 0.025000 1.000000
0.850000 0.200000 0.025000 1.000000
0.850000 0.200000 0.025000 1.000000
0.850000 0.200000 0.025000 1.000000
0.850000 0.200000 0.025000 1.000000
0.850000 0.200000 0.025000 1.000000
0.850000 0.200000 0.025000 1.000000
0.850000 0.200000 0.025000 1.000000
0.850000 0.200000 0.025000 1.000000
0.850000 0.200000 0.025000 1.000000
0.850000 0.200000 0.025000 1.000000
0.850000 0.200000 0.025000 1.000000
0.850000 0.200000 0.025000 1.000000
0.850000 0.200000 0.025000 1.000000
0.850000 0.200000 0.025000 1.000000
0.850000 0.200000 0.025000 1.000000
0.850000 0.200000 0.025000 1.000000
0.850000 0.200000 0.025000 1.000000
0.850000 0.200000 0.025000 1.000000
0.850000 0.200000 0.025000 1.000000
0.850000 0.200000 0.025000 1.000000
0.850000 0.200000 0.025000 1.000000
0.850000 0.200000 0.025000 1.000000
0.850000 0.200000 0.025000 1.000000
0.850000 0.200000 0.025000 1.000000
0.850000 0.200000 0.025000 1.000000
0.850000 0.200000 0.025000 1.000000
0.850000 0.200000 0.025000 1.000000
0.850000 0.200000 0.025000 1.000000
0.850000 0.200000 0.025000 1.000000
0.850000 0.200000 0.025000 1.000000
0.850000 0.200000 0.025000 1.000000
0.850000 0.200000 0.025000 1.000000
0.850000 0.200000 0.025000 1.000000
0.850000 0.200000 0.025000 1.000000
0.850000 0.200000 0.025000 1.000000
0.850000 0.200000 0.025000 1.000000
0.850000 0.200000 0.025000 1.000000
0.850000 0.200000 0.025000 1.000000
0.850000 0.200000 0.025000 1.000000
0.850000 0.200000 0.025000 1.000000
0.850000 0.200000 0.025000 1.000000
0.850000 0.200000 0.025000 1.000000
0.850000 0.200000 0.025000 1.000000
0.850000 0.200000 0.025000 1.000000
0.850000 0.200000 0.025000 1.000000
0.850000 0.200000 0.025000 1.000000
0.850000 0.200000 0.025000 1.000000
0.850000 0.200000 0.025000 1.000000
0.850000 0.200000 0.025000 1.000000
0.850000 0.200000 0.025000 1.000000
0.850000 0.200000 0.025000 1.000000
0.850000 0.200000 0.025000 1.000000
0.850000 0.200000 0.025000 1.000000
0.850000 0.200000 0.025000 1.000000
0.850000 0.200000 0.025000 1.000000
0.850000 0.200000 0.025000 1.000000
0.850000 0.200000 0.025000 1.000000
0.850000 0.200000 0.025000 1.000000
0.850000 0.200000 0.025000 1.000000
0.850000 0.200000 0.025000 1.000000
0.850000 0.200000 0.025000 1.000000
0.850000 0.200000 0.025000 1.000000
0.850000 0.200000 0.025000 1.000000
0.850000 0.200000 0.025000 1.000000
0.850000 0.200000 0.025000 1.000000
0.850000 0.200000 0.025000 1.000000
0.850000 0.200000 0.025000 1.000000
0.850000 0.200000 0.025000 1.000000
0.850000 0.200000 0.025000 1.000000
0.850000 0.200000 0.025000 1.000000
0.850000 0.200000 0.025000 1.000000
0.850000 0.200000 0.025000 1.000000
0.850000 0.200000 0.025000 1.000000
0.850000 0.200000 0.025000 1.000000
0.850000 0.200000 0.025000 1.000000
0.850000 0.200000 0.025000 1.000000
0.850000 0.200000 0.025000 1.000000
0.850000 0.200000 0.025000 1.000000
0.850000 0.200000 0.025000 1.000000
0.850000 0.200000 0.025000 1.000000
0.850000 0.200000 0.025000 1.000000
0.850000 0.200000 0.025000 1.000000
0.850000 0.200000 0.025000 1.000000
0.850000 0.200000 0.025000 1.000000
0.850000 0.200000 0.025000 1.000000
0.850000 0.200000 0.025000 1.000000
0.850000 0.200000 0.025000 1.000000
0.850000 0.200000 0.025000 1.000000
0.850000 0.200000 0.025000 1.000000
0.850000 0.200000 0.025000 1.000000
0.850000 0.200000 0.025000 1.000000
0.850000 0.200000 0.025000 1.000000
0.850000 0.200000 0.025000 1.000000
0.850000 0.200000 0.025000 1.000000
0.850000 0.200000 0.025000 1.000000
0.850000 0.200000 0.025000 1.000000
0.850000 0.200000 0.025000 1.000000
0.850000 0.200000 0.025000 1.000000
0.850000 0.200000 0.025000 1.000000
0.850000 0.200000 0.025000 1.000000
0.850000 0.200000 0.025000 1.000000
0.850000 0.200000 0.025000 1.000000
0.850000 0.200000 0.025000 1.000000
0.850000 0.200000 0.025000 1.000000
0.850000 0.200000 0.025000 1.000000
0.850000 0.200000 0.025000 1.000000
0.850000 0.200000 0.025000 1.000000
0.850000 0.200000 0.025000 1.000000
0.850000 0.200000 0.025000 1.000000
0.850000 0.200000 0.025000 1.000000
0.850000 0.200000 0.025000 1.000000
0.850000 0.200000 0.025000 1.000000
0.850000 0.200000 0.025000 1.000000
0.850000 0.200000 0.025000 1.000000
0.850000 0.200000 0.025000 1.000000
0.850000 0.200000 0.025000 1.000000
0.850000 0.200000 0.025000 1.000000
0.850000 0.200000 0.025000 1.000000
0.850000 0.200000 0.025000 1.000000
0.850000 0.200000 0.025000 1.000000
0.850000 0.200000 0.025000 1.000000
0.850000 0.200000 0.025000 1.000000
0.850000 0.200000 0.025000 1.000000
0.850000 0.200000 0.025000 1.000000
0.850000 0.200000 0.025000 1.000000
0.850000 0.200000 0.025000 1.000000
0.850000 0.200000 0.025000 1.000000
0.850000 0.200000 0.025000 1.000000
0.850000 0.200000 0.025000 1.000000
0.850000 0.200000 0.025000 1.000000
0.850000 0.200000 0.025000 1.000000
0.850000 0.200000 0.025000 1.000000
0.850000 0.200000 0.025000 1.000000
0.850000 0.200000 0.025000 1.000000
0.850000 0.200000 0.025000 1.000000
0.850000 0.200000 0.025000 1.000000
0.850000 0.200000 0.025000 1.000000
0.850000 0.200000 0.025000 1.000000
0.850000 0.200000 0.025000 1.000000
0.850000 0.200000 0.025000 1.000000
0.850000 0.200000 0.025000 1.000000
0.850000 0.200000 0.025000 1.000000
0.850000 0.200000 0.025000 1.000000
0.850000 0.200000 0.025000 1.000000
0.850000 0.200000 0.025000 1.000000
0.850000 0.200000 0.025000 1.000000
0.850000 0.200000 0.025000 1.000000
0.850000 0.200000 0.025000 1.000000
0.850000 0.200000 0.025000 1.000000
0.850000 0.200000 0.025000 1.000000
0.850000 0.200000 0.025000 1.000000
0.850000 0.200000 0.025000 1.000000
0.850000 0.200000 0.025000 1.000000
0.850000 0.200000 0.025000 1.000000
0.850000 0.200000 0.025000 1.000000
0.850000 0.200000 0.025000 1.000000
0.850000 0.200000 0.025000 1.000000
0.850000 0.200000 0.025000 1.000000
0.850000 0.200000 0.025000 1.000000
0.850000 0.200000 0.025000 1.000000
0.850000 0.200000 0.025000 1.000000
0.850000 0.200000 0.025000 1.000000
0.850000 0.200000 0.025000 1.000000
0.850000 0.200000 0.025000 1.000000
0.850000 0.200000 0.025000 1.000000
0.850000 0.200000 0.025000 1.000000
0.850000 0.200000 0.025000 1.000000
0.850000 0.200000 0.025000 1.000000
0.850000 0.200000 0.025000 1.000000
0.850000 0.200000 0.025000 1.000000
0.850000 0.200000 0.025000 1.000000
0.850000 0.200000 0.025000 1.000000
0.850000 0.200000 0.025000 1.000000
0.850000 0.200000 0.025000 1.000000
0.850000 0.200000 0.025000 1.000000
0.850000 0.200000 0.025000 1.000000
0.850000 0.200000 0.025000 1.000000
0.850000 0.200000 0.025000 1.000000
0.850000 0.200000 0.025000 1.000000
0.850000 0.200000 0.025000 1.000000
0.850000 0.200000 0.025000 1.000000
0.850000 0.200000 0.025000 1.000000
0.850000 0.200000 0.025000 1.000000
0.850000 0.200000 0.025000 1.000000
0.850000 0.200000 0.025000 1.000000
0.850000 0.200000 0.025000 1.000000
0.850000 0.200000 0.025000 1.000000
0.850000 0.200000 0.025000 1.000000
0.850000 0.200000 0.025000 1.000000
0.850000 0.200000 0.025000 1.000000
0.850000 0.200000 0.025000 1.000000
0.850000 0.200000 0.025000 1.000000
0.850000 0.200000 0.025000 1.000000
0.850000 0.200000 0.025000 1.000000
0.850000 0.200000 0.025000 1.000000
0.850000 0.200000 0.025000 1.000000
0.850000 0.200000 0.025000 1.000000
0.850000 0.200000 0.025000 1.000000
0.850000 0.200000 0.025000 1.000000
0.850000 0.200000 0.025000 1.000000
0.850000 0.200000 0.025000 1.000000
0.850000 0.200000 0.025000 1.000000
0.850000 0.200000 0.025000 1.000000
0.850000 0.200000 0.025000 1.000000
0.850000 0.200000 0.025000 1.000000
0.850000 0.200000 0.025000 1.000000
0.850000 0.200000 0.025000 1.000000
0.850000 0.200000 0.025000 1.000000
0.850000 0.200000 0.025000 1.000000
0.850000 0.200000 0.025000 1.000000
0.850000 0.200000 0.025000 1.000000
0.850000 0.200000 0.025000 1.000000
0.850000 0.200000 0.025000 1.000000
0.850000 0.200000 0.025000 1.000000
0.850000 0.200000 0.025000 1.000000
0.850000 0.200000 0.025000 1.000000
0.850000 0.200000 0.025000 1.000000
0.850000 0.200000 0.025000 1.000000
0.850000 0.200000 0.025000 1.000000
0.850000 0.200000 0.025000 1.000000
0.850000 0.200000 0.025000 1.000000
0.850000 0.200000 0.025000 1.000000
0.850000 0.200000 0.025000 1.000000
0.850000 0.200000 0.025000 1.000000
0.850000 0.200000 0.025000 1.000000
0.850000 0.200000 0.025000 1.000000
0.850000 0.200000 0.025000 1.000000
0.850000 0.200000 0.025000 1.000000
0.850000 0.200000 0.025000 1.000000
0.850000 0.200000 0.025000 1.000000
0.850000 0.200000 0.025000 1.000000
0.850000 0.200000 0.025000 1.000000
0.850000 0.200000 0.025000 1.000000
0.850000 0.200000 0.025000 1.000000
0.850000 0.200000 0.025000 1.000000
0.850000 0.200000 0.025000 1.000000
0.850000 0.200000 0.025000 1.000000
0.850000 0.200000 0.025000 1.000000
0.850000 0.200000 0.025000 1.000000
0.850000 0.200000 0.025000 1.000000
0.850000 0.200000 0.025000 1.000000
0.850000 0.200000 0.025000 1.000000
0.850000 0.200000 0.025000 1.000000
0.850000 0.200000 0.025000 1.000000
0.850000 0.200000 0.025000 1.000000
0.850000 0.200000 0.025000 1.000000
0.850000 0.200000 0.025000 1.000000
0.850000 0.200000 0.025000 1.000000
0.850000 0.200000 0.025000 1.000000
0.850000 0.200000 0.025000 1.000000
0.850000 0.200000 0.025000 1.000000
0.850000 0.200000 0.025000 1.000000
0.850000 0.200000 0.025000 1.000000
0.850000 0.200000 0.025000 1.000000
0.850000 0.200000 0.025000 1.000000
0.850000 0.200000 0.025000 1.000000
0.850000 0.200000 0.025000 1.000000
0.850000 0.200000 0.025000 1.000000
0.850000 0.200000 0.025000 1.000000
0.850000 0.200000 0.025000 1.000000
0.850000 0.200000 0.025000 1.000000
0.850000 0.200000 0.025000 1.000000
0.850000 0.200000 0.025000 1.000000
0.850000 0.200000 0.025000 1.000000
0.850000 0.200000 0.025000 1.000000
0.850000 0.200000 0.025000 1.000000
0.850000 0.200000 0.025000 1.000000
0.850000 0.200000 0.025000 1.000000
0.850000 0.200000 0.025000 1.000000
0.850000 0.200000 0.025000 1.000000
0.850000 0.200000 0.025000 1.000000
0.850000 0.200000 0.025000 1.000000
0.850000 0.200000 0.025000 1.000000
0.850000 0.200000 0.025000 1.000000
0.850000 0.200000 0.025000 1.000000
0.850000 0.200000 0.025000 1.000000
0.850000 0.200000 0.025000 1.000000
0.850000 0.200000 0.025000 1.000000
0.850000 0.200000 0.025000 1.000000
0.850000 0.200000 0.025000 1.000000
0.850000 0.200000 0.025000 1.000000
0.850000 0.200000 0.025000 1.000000
0.850000 0.200000 0.025000 1.000000
0.850000 0.200000 0.025000 1.000000
0.850000 0.200000 0.025000 1.000000
0.850000 0.200000 0.025000 1.000000
0.850000 0.200000 0.025000 1.000000
0.850000 0.200000 0.025000 1.000000
0.850000 0.200000 0.025000 1.000000
0.850000 0.200000 0.025000 1.000000
0.850000 0.200000 0.025000 1.000000
0.850000 0.200000 0.025000 1.000000
0.850000 0.200000 0.025000 1.000000
0.850000 0.200000 0.025000 1.000000
0.850000 0.200000 0.025000 1.000000
0.850000 0.200000 0.025000 1.000000
0.850000 0.200000 0.025000 1.000000
0.850000 0.200000 0.025000 1.000000
0.850000 0.200000 0.025000 1.000000
0.850000 0.200000 0.025000 1.000000
0.850000 0.200000 0.025000 1.000000
0.850000 0.200000 0.025000 1.000000
0.850000 0.200000 0.025000 1.000000
0.850000 0.200000 0.025000 1.000000
0.850000 0.200000 0.025000 1.000000
0.850000 0.200000 0.025000 1.000000
0.850000 0.200000 0.025000 1.000000
0.850000 0.200000 0.025000 1.000000
0.850000 0.200000 0.025000 1.000000
0.850000 0.200000 0.025000 1.000000
0.850000 0.200000 0.025000 1.000000
0.850000 0.200000 0.025000 1.000000
0.850000 0.200000 0.025000 1.000000
0.850000 0.200000 0.025000 1.000000
0.850000 0.200000 0.025000 1.000000
0.850000 0.200000 0.025000 1.000000
0.850000 0.200000 0.025000 1.000000
0.850000 0.200000 0.025000 1.000000
0.850000 0.200000 0.025000 1.000000
0.850000 0.200000 0.025000 1.000000
0.850000 0.200000 0.025000 1.000000
0.850000 0.200000 0.025000 1.000000
0.850000 0.200000 0.025000 1.000000
0.850000 0.200000 0.025000 1.000000
0.850000 0.200000 0.025000 1.000000
0.850000 0.200000 0.025000 1.000000
0.850000 0.200000 0.025000 1.000000
0.850000 0.200000 0.025000 1.000000
0.850000 0.200000 0.025000 1.000000
0.850000 0.200000 0.025000 1.000000
0.850000 0.200000 0.025000 1.000000
0.850000 0.200000 0.025000 1.000000
0.850000 0.200000 0.025000 1.000000
0.850000 0.200000 0.025000 1.000000
0.850000 0.200000 0.025000 1.000000
0.850000 0.200000 0.025000 1.000000
0.850000 0.200000 0.025000 1.000000
0.850000 0.200000 0.025000 1.000000
0.850000 0.200000 0.025000 1.000000
0.850000 0.200000 0.025000 1.000000
0.850000 0.200000 0.025000 1.000000
0.850000 0.200000 0.025000 1.000000
0.850000 0.200000 0.025000 1.000000
0.850000 0.200000 0.025000 1.000000
0.850000 0.200000 0.025000 1.000000
0.850000 0.200000 0.025000 1.000000
0.850000 0.200000 0.025000 1.000000
0.850000 0.200000 0.025000 1.000000
0.850000 0.200000 0.025000 1.000000
0.850000 0.200000 0.025000 1.000000
0.850000 0.200000 0.025000 1.000000
0.850000 0.200000 0.025000 1.000000
0.850000 0.200000 0.025000 1.000000
0.850000 0.200000 0.025000 1.000000
0.850000 0.200000 0.025000 1.000000
0.850000 0.200000 0.025000 1.000000
0.850000 0.200000 0.025000 1.000000
0.850000 0.200000 0.025000 1.000000
0.850000 0.200000 0.025000 1.000000
0.850000 0.200000 0.025000 1.000000
0.850000 0.200000 0.025000 1.000000
0.850000 0.200000 0.025000 1.000000
0.850000 0.200000 0.025000 1.000000
0.850000 0.200000 0.025000 1.000000
0.850000 0.200000 0.025000 1.000000
0.850000 0.200000 0.025000 1.000000
0.850000 0.200000 0.025000 1.000000
0.850000 0.200000 0.025000 1.000000
0.850000 0.200000 0.025000 1.000000
0.850000 0.200000 0.025000 1.000000
0.850000 0.200000 0.025000 1.000000
0.850000 0.200000 0.025000 1.000000
0.850000 0.200000 0.025000 1.000000
0.850000 0.200000 0.025000 1.000000
0.850000 0.200000 0.025000 1.000000
0.850000 0.200000 0.025000 1.000000
0.850000 0.200000 0.025000 1.000000
0.850000 0.200000 0.025000 1.000000
0.850000 0.200000 0.025000 1.000000
0.850000 0.200000 0.025000 1.000000
0.850000 0.200000 0.025000 1.000000
0.850000 0.200000 0.025000 1.000000
0.850000 0.200000 0.025000 1.000000
0.850000 0.200000 0.025000 1.000000
0.850000 0.200000 0.025000 1.000000
0.850000 0.200000 0.025000 1.000000
0.850000 0.200000 0.025000 1.000000
0.850000 0.200000 0.025000 1.000000
0.850000 0.200000 0.025000 1.000000
0.850000 0.200000 0.025000 1.000000
0.850000 0.200000 0.025000 1.000000
0.850000 0.200000 0.025000 1.000000
0.850000 0.200000 0.025000 1.000000
0.850000 0.200000 0.025000 1.000000
0.850000 0.200000 0.025000 1.000000
0.850000 0.200000 0.025000 1.000000
0.850000 0.200000 0.025000 1.000000
0.850000 0.200000 0.025000 1.000000
0.850000 0.200000 0.025000 1.000000
0.850000 0.200000 0.025000 1.000000
0.850000 0.200000 0.025000 1.000000
0.850000 0.200000 0.025000 1.000000
0.850000 0.200000 0.025000 1.000000
0.850000 0.200000 0.025000 1.000000
0.850000 0.200000 0.025000 1.000000
0.850000 0.200000 0.025000 1.000000
0.850000 0.200000 0.025000 1.000000
0.850000 0.200000 0.025000 1.000000
0.850000 0.200000 0.025000 1.000000
0.850000 0.200000 0.025000 1.000000
0.850000 0.200000 0.025000 1.000000
0.850000 0.200000 0.025000 1.000000
0.850000 0.200000 0.025000 1.000000
0.850000 0.200000 0.025000 1.000000
0.850000 0.200000 0.025000 1.000000
0.850000 0.200000 0.025000 1.000000
0.850000 0.200000 0.025000 1.000000
0.850000 0.200000 0.025000 1.000000
0.850000 0.200000 0.025000 1.000000
0.850000 0.200000 0.025000 1.000000
0.850000 0.200000 0.025000 1.000000
0.850000 0.200000 0.025000 1.000000
0.850000 0.200000 0.025000 1.000000
0.850000 0.200000 0.025000 1.000000
0.850000 0.200000 0.025000 1.000000
0.850000 0.200000 0.025000 1.000000
0.850000 0.200000 0.025000 1.000000
0.850000 0.200000 0.025000 1.000000
0.850000 0.200000 0.025000 1.000000
0.850000 0.200000 0.025000 1.000000
0.850000 0.200000 0.025000 1.000000
0.850000 0.200000 0.025000 1.000000
0.850000 0.200000 0.025000 1.000000
0.850000 0.200000 0.025000 1.000000
0.850000 0.200000 0.025000 1.000000
0.850000 0.200000 0.025000 1.000000
0.850000 0.200000 0.025000 1.000000
0.850000 0.200000 0.025000 1.000000
0.850000 0.200000 0.025000 1.000000
0.850000 0.200000 0.025000 1.000000
0.850000 0.200000 0.025000 1.000000
0.850000 0.200000 0.025000 1.000000
0.850000 0.200000 0.025000 1.000000
0.850000 0.200000 0.025000 1.000000
0.850000 0.200000 0.025000 1.000000
0.850000 0.200000 0.025000 1.000000
0.850000 0.200000 0.025000 1.000000
0.850000 0.200000 0.025000 1.000000
0.850000 0.200000 0.025000 1.000000
0.850000 0.200000 0.025000 1.000000
0.850000 0.200000 0.025000 1.000000
0.850000 0.200000 0.025000 1.000000
0.850000 0.200000 0.025000 1.000000
0.850000 0.200000 0.025000 1.000000
0.850000 0.200000 0.025000 1.000000
0.850000 0.200000 0.025000 1.000000
0.850000 0.200000 0.025000 1.000000
0.850000 0.200000 0.025000 1.000000
0.850000 0.200000 0.025000 1.000000
0.850000 0.200000 0.025000 1.000000
0.850000 0.200000 0.025000 1.000000
0.850000 0.200000 0.025000 1.000000
0.850000 0.200000 0.025000 1.000000
0.850000 0.200000 0.025000 1.000000
0.850000 0.200000 0.025000 1.000000
0.850000 0.200000 0.025000 1.000000
0.850000 0.200000 0.025000 1.000000
0.850000 0.200000 0.025000 1.000000
0.850000 0.200000 0.025000 1.000000
0.850000 0.200000 0.025000 1.000000
0.850000 0.200000 0.025000 1.000000
0.850000 0.200000 0.025000 1.000000
0.850000 0.200000 0.025000 1.000000
0.850000 0.200000 0.025000 1.000000
0.850000 0.200000 0.025000 1.000000
0.850000 0.200000 0.025000 1.000000
0.850000 0.200000 0.025000 1.000000
0.850000 0.200000 0.025000 1.000000
0.850000 0.200000 0.025000 1.000000
0.850000 0.200000 0.025000 1.000000
0.850000 0.200000 0.025000 1.000000
0.850000 0.200000 0.025000 1.000000
0.850000 0.200000 0.025000 1.000000
0.850000 0.200000 0.025000 1.000000
0.850000 0.200000 0.025000 1.000000
0.850000 0.200000 0.025000 1.000000
0.850000 0.200000 0.025000 1.000000
0.850000 0.200000 0.025000 1.000000
0.850000 0.200000 0.025000 1.000000
0.850000 0.200000 0.025000 1.000000
0.850000 0.200000 0.025000 1.000000
0.850000 0.200000 0.025000 1.000000
0.850000 0.200000 0.025000 1.000000
0.850000 0.200000 0.025000 1.000000
0.850000 0.200000 0.025000 1.000000
0.850000 0.200000 0.025000 1.000000
0.850000 0.200000 0.025000 1.000000
0.850000 0.200000 0.025000 1.000000
0.850000 0.200000 0.025000 1.000000
0.850000 0.200000 0.025000 1.000000
0.850000 0.200000 0.025000 1.000000
0.850000 0.200000 0.025000 1.000000
0.850000 0.200000 0.025000 1.000000
0.850000 0.200000 0.025000 1.000000
0.850000 0.200000 0.025000 1.000000
0.850000 0.200000 0.025000 1.000000
0.850000 0.200000 0.025000 1.000000
0.850000 0.200000 0.025000 1.000000
0.850000 0.200000 0.025000 1.000000
0.850000 0.200000 0.025000 1.000000
0.850000 0.200000 0.025000 1.000000
0.850000 0.200000 0.025000 1.000000
0.850000 0.200000 0.025000 1.000000
0.850000 0.200000 0.025000 1.000000
0.850000 0.200000 0.025000 1.000000
0.850000 0.200000 0.025000 1.000000
0.850000 0.200000 0.025000 1.000000
0.850000 0.200000 0.025000 1.000000
0.850000 0.200000 0.025000 1.000000
0.850000 0.200000 0.025000 1.000000
0.850000 0.200000 0.025000 1.000000
0.850000 0.200000 0.025000 1.000000
0.850000 0.200000 0.025000 1.000000
0.850000 0.200000 0.025000 1.000000
0.850000 0.200000 0.025000 1.000000
0.850000 0.200000 0.025000 1.000000
0.850000 0.200000 0.025000 1.000000
0.850000 0.200000 0.025000 1.000000
0.850000 0.200000 0.025000 1.000000
0.850000 0.200000 0.025000 1.000000
0.850000 0.200000 0.025000 1.000000
0.850000 0.200000 0.025000 1.000000
0.850000 0.200000 0.025000 1.000000
0.850000 0.200000 0.025000 1.000000
0.850000 0.200000 0.025000 1.000000
0.850000 0.200000 0.025000 1.000000
0.850000 0.200000 0.025000 1.000000
0.850000 0.200000 0.025000 1.000000
0.850000 0.200000 0.025000 1.000000
0.850000 0.200000 0.025000 1.000000
0.850000 0.200000 0.025000 1.000000
0.850000 0.200000 0.025000 1.000000
0.850000 0.200000 0.025000 1.000000
0.850000 0.200000 0.025000 1.000000
0.850000 0.200000 0.025000 1.000000
0.850000 0.200000 0.025000 1.000000
0.850000 0.200000 0.025000 1.000000
0.850000 0.200000 0.025000 1.000000
0.850000 0.200000 0.025000 1.000000
0.850000 0.200000 0.025000 1.000000
0.850000 0.200000 0.025000 1.000000
0.850000 0.200000 0.025000 1.000000
0.850000 0.200000 0.025000 1.000000
0.850000 0.200000 0.025000 1.000000
0.850000 0.200000 0.025000 1.000000
0.850000 0.200000 0.025000 1.000000
0.850000 0.200000 0.025000 1.000000
0.850000 0.200000 0.025000 1.000000
0.850000 0.200000 0.025000 1.000000
0.850000 0.200000 0.025000 1.000000
0.850000 0.200000 0.025000 1.000000
0.850000 0.200000 0.025000 1.000000
0.850000 0.200000 0.025000 1.000000
0.850000 0.200000 0.025000 1.000000
0.850000 0.200000 0.025000 1.000000
0.850000 0.200000 0.025000 1.000000
0.850000 0.200000 0.025000 1.000000
0.850000 0.200000 0.025000 1.000000
0.850000 0.200000 0.025000 1.000000
0.850000 0.200000 0.025000 1.000000
0.850000 0.200000 0.025000 1.000000
0.850000 0.200000 0.025000 1.000000
0.850000 0.200000 0.025000 1.000000
0.850000 0.200000 0.025000 1.000000
0.850000 0.200000 0.025000 1.000000
0.850000 0.200000 0.025000 1.000000
0.850000 0.200000 0.025000 1.000000
0.850000 0.200000 0.025000 1.000000
0.850000 0.200000 0.025000 1.000000
0.850000 0.200000 0.025000 1.000000
0.850000 0.200000 0.025000 1.000000
0.850000 0.200000 0.025000 1.000000
0.850000 0.200000 0.025000 1.000000
0.850000 0.200000 0.025000 1.000000
0.850000 0.200000 0.025000 1.000000
0.850000 0.200000 0.025000 1.000000
0.850000 0.200000 0.025000 1.000000
0.850000 0.200000 0.025000 1.000000
0.850000 0.200000 0.025000 1.000000
0.850000 0.200000 0.025000 1.000000
0.850000 0.200000 0.025000 1.000000
0.850000 0.200000 0.025000 1.000000
0.850000 0.200000 0.025000 1.000000
0.850000 0.200000 0.025000 1.000000
0.850000 0.200000 0.025000 1.000000
0.850000 0.200000 0.025000 1.000000
0.850000 0.200000 0.025000 1.000000
0.850000 0.200000 0.025000 1.000000
0.850000 0.200000 0.025000 1.000000
0.850000 0.200000 0.025000 1.000000
0.850000 0.200000 0.025000 1.000000
0.850000 0.200000 0.025000 1.000000
0.850000 0.200000 0.025000 1.000000
0.850000 0.200000 0.025000 1.000000
0.850000 0.200000 0.025000 1.000000
0.850000 0.200000 0.025000 1.000000
0.850000 0.200000 0.025000 1.000000
0.850000 0.200000 0.025000 1.000000
0.850000 0.200000 0.025000 1.000000
0.850000 0.200000 0.025000 1.000000
0.850000 0.200000 0.025000 1.000000
0.850000 0.200000 0.025000 1.000000
0.850000 0.200000 0.025000 1.000000
0.850000 0.200000 0.025000 1.000000
0.850000 0.200000 0.025000 1.000000
0.850000 0.200000 0.025000 1.000000
0.850000 0.200000 0.025000 1.000000
0.850000 0.200000 0.025000 1.000000
0.850000 0.200000 0.025000 1.000000
0.850000 0.200000 0.025000 1.000000
0.850000 0.200000 0.025000 1.000000
0.850000 0.200000 0.025000 1.000000
0.850000 0.200000 0.025000 1.000000
0.850000 0.200000 0.025000 1.000000
0.850000 0.200000 0.025000 1.000000
0.850000 0.200000 0.025000 1.000000
0.850000 0.200000 0.025000 1.000000
0.850000 0.200000 0.025000 1.000000
0.850000 0.200000 0.025000 1.000000
0.850000 0.200000 0.025000 1.000000
0.850000 0.200000 0.025000 1.000000
0.850000 0.200000 0.025000 1.000000
0.850000 0.200000 0.025000 1.000000
0.850000 0.200000 0.025000 1.000000
0.850000 0.200000 0.025000 1.000000
0.850000 0.200000 0.025000 1.000000
0.850000 0.200000 0.025000 1.000000
0.850000 0.200000 0.025000 1.000000
0.850000 0.200000 0.025000 1.000000
0.850000 0.200000 0.025000 1.000000
0.850000 0.200000 0.025000 1.000000
0.850000 0.200000 0.025000 1.000000
0.850000 0.200000 0.025000 1.000000
0.850000 0.200000 0.025000 1.000000
0.850000 0.200000 0.025000 1.000000
0.850000 0.200000 0.025000 1.000000
0.850000 0.200000 0.025000 1.000000
0.850000 0.200000 0.025000 1.000000
0.850000 0.200000 0.025000 1.000000
0.850000 0.200000 0.025000 1.000000
0.850000 0.200000 0.025000 1.000000
0.850000 0.200000 0.025000 1.000000
0.850000 0.200000 0.025000 1.000000
0.850000 0.200000 0.025000 1.000000
0.850000 0.200000 0.025000 1.000000
0.850000 0.200000 0.025000 1.000000
0.850000 0.200000 0.025000 1.000000
0.850000 0.200000 0.025000 1.000000
0.850000 0.200000 0.025000 1.000000
0.850000 0.200000 0.025000 1.000000
0.850000 0.200000 0.025000 1.000000
0.850000 0.200000 0.025000 1.000000
0.850000 0.200000 0.025000 1.000000
0.850000 0.200000 0.025000 1.000000
0.850000 0.200000 0.025000 1.000000
0.850000 0.200000 0.025000 1.000000
0.850000 0.200000 0.025000 1.000000
0.850000 0.200000 0.025000 1.000000
0.850000 0.200000 0.025000 1.000000
0.850000 0.200000 0.025000 1.000000
0.850000 0.200000 0.025000 1.000000
0.850000 0.200000 0.025000 1.000000
0.850000 0.200000 0.025000 1.000000
0.850000 0.200000 0.025000 1.000000
0.850000 0.200000 0.025000 1.000000
0.850000 0.200000 0.025000 1.000000
0.850000 0.200000 0.025000 1.000000
0.850000 0.200000 0.025000 1.000000
0.850000 0.200000 0.025000 1.000000
0.850000 0.200000 0.025000 1.000000
0.850000 0.200000 0.025000 1.000000
0.850000 0.200000 0.025000 1.000000
0.850000 0.200000 0.025000 1.000000
0.850000 0.200000 0.025000 1.000000
0.850000 0.200000 0.025000 1.000000
0.850000 0.200000 0.025000 1.000000
0.850000 0.200000 0.025000 1.000000
0.850000 0.200000 0.025000 1.000000
0.850000 0.200000 0.025000 1.000000
0.850000 0.200000 0.025000 1.000000
0.850000 0.200000 0.025000 1.000000
0.850000 0.200000 0.025000 1.000000
0.850000 0.200000 0.025000 1.000000
0.850000 0.200000 0.025000 1.000000
0.850000 0.200000 0.025000 1.000000
0.850000 0.200000 0.025000 1.000000
0.850000 0.200000 0.025000 1.000000
0.850000 0.200000 0.025000 1.000000
0.850000 0.200000 0.025000 1.000000
0.850000 0.200000 0.025000 1.000000
0.850000 0.200000 0.025000 1.000000
0.850000 0.200000 0.025000 1.000000
0.850000 0.200000 0.025000 1.000000
0.850000 0.200000 0.025000 1.000000
0.850000 0.200000 0.025000 1.000000
0.850000 0.200000 0.025000 1.000000
0.850000 0.200000 0.025000 1.000000
0.850000 0.200000 0.025000 1.000000
0.850000 0.200000 0.025000 1.000000
0.850000 0.200000 0.025000 1.000000
0.850000 0.200000 0.025000 1.000000
0.850000 0.200000 0.025000 1.000000
0.850000 0.200000 0.025000 1.000000
0.850000 0.200000 0.025000 1.000000
0.850000 0.200000 0.025000 1.000000
0.850000 0.200000 0.025000 1.000000
0.850000 0.200000 0.025000 1.000000
0.850000 0.200000 0.025000 1.000000
0.850000 0.200000 0.025000 1.000000
0.850000 0.200000 0.025000 1.000000
0.850000 0.200000 0.025000 1.000000
0.850000 0.200000 0.025000 1.000000
0.850000 0.200000 0.025000 1.000000
0.850000 0.200000 0.025000 1.000000
0.850000 0.200000 0.025000 1.000000
0.850000 0.200000 0.025000 1.000000
0.850000 0.200000 0.025000 1.000000
0.850000 0.200000 0.025000 1.000000
0.850000 0.200000 0.025000 1.000000
0.850000 0.200000 0.025000 1.000000
0.850000 0.200000 0.025000 1.000000
0.850000 0.200000 0.025000 1.000000
0.850000 0.200000 0.025000 1.000000
0.850000 0.200000 0.025000 1.000000
0.850000 0.200000 0.025000 1.000000
0.850000 0.200000 0.025000 1.000000
0.850000 0.200000 0.025000 1.000000
0.850000 0.200000 0.025000 1.000000
0.850000 0.200000 0.025000 1.000000
0.850000 0.200000 0.025000 1.000000
0.850000 0.200000 0.025000 1.000000
0.850000 0.200000 0.025000 1.000000
0.850000 0.200000 0.025000 1.000000
0.850000 0.200000 0.025000 1.000000
0.850000 0.200000 0.025000 1.000000
0.850000 0.200000 0.025000 1.000000
0.850000 0.200000 0.025000 1.000000
0.850000 0.200000 0.025000 1.000000
0.850000 0.200000 0.025000 1.000000
0.850000 0.200000 0.025000 1.000000
0.850000 0.200000 0.025000 1.000000
0.850000 0.200000 0.025000 1.000000
0.850000 0.200000 0.025000 1.000000
0.850000 0.200000 0.025000 1.000000
0.850000 0.200000 0.025000 1.000000
0.850000 0.200000 0.025000 1.000000
0.850000 0.200000 0.025000 1.000000
0.850000 0.200000 0.025000 1.000000
0.850000 0.200000 0.025000 1.000000
0.850000 0.200000 0.025000 1.000000
0.850000 0.200000 0.025000 1.000000
0.850000 0.200000 0.025000 1.000000
0.850000 0.200000 0.025000 1.000000
0.850000 0.200000 0.025000 1.000000
0.850000 0.200000 0.025000 1.000000
0.850000 0.200000 0.025000 1.000000
0.850000 0.200000 0.025000 1.000000
0.850000 0.200000 0.025000 1.000000
0.850000 0.200000 0.025000 1.000000
0.850000 0.200000 0.025000 1.000000
0.850000 0.200000 0.025000 1.000000
0.850000 0.200000 0.025000 1.000000
0.850000 0.200000 0.025000 1.000000
0.850000 0.200000 0.025000 1.000000
0.850000 0.200000 0.025000 1.000000
0.850000 0.200000 0.025000 1.000000
0.850000 0.200000 0.025000 1.000000
0.850000 0.200000 0.025000 1.000000
0.850000 0.200000 0.025000 1.000000
0.850000 0.200000 0.025000 1.000000
0.850000 0.200000 0.025000 1.000000
0.850000 0.200000 0.025000 1.000000
0.850000 0.200000 0.025000 1.000000
0.850000 0.200000 0.025000 1.000000
0.850000 0.200000 0.025000 1.000000
0.850000 0.200000 0.025000 1.000000
0.850000 0.200000 0.025000 1.000000
0.850000 0.200000 0.025000 1.000000
0.850000 0.200000 0.025000 1.000000
0.850000 0.200000 0.025000 1.000000
0.850000 0.200000 0.025000 1.000000
0.850000 0.200000 0.025000 1.000000
0.850000 0.200000 0.025000 1.000000
0.850000 0.200000 0.025000 1.000000
0.850000 0.200000 0.025000 1.000000
0.850000 0.200000 0.025000 1.000000
0.850000 0.200000 0.025000 1.000000
0.850000 0.200000 0.025000 1.000000
0.850000 0.200000 0.025000 1.000000
0.850000 0.200000 0.025000 1.000000
0.850000 0.200000 0.025000 1.000000
0.850000 0.200000 0.025000 1.000000
0.850000 0.200000 0.025000 1.000000
0.850000 0.200000 0.025000 1.000000
0.850000 0.200000 0.025000 1.000000
0.850000 0.200000 0.025000 1.000000
0.850000 0.200000 0.025000 1.000000
0.850000 0.200000 0.025000 1.000000
0.850000 0.200000 0.025000 1.000000
0.850000 0.200000 0.025000 1.000000
0.850000 0.200000 0.025000 1.000000
0.850000 0.200000 0.025000 1.000000
0.850000 0.200000 0.025000 1.000000
0.850000 0.200000 0.025000 1.000000
0.850000 0.200000 0.025000 1.000000
0.850000 0.200000 0.025000 1.000000
0.850000 0.200000 0.025000 1.000000
0.850000 0.200000 0.025000 1.000000
0.850000 0.200000 0.025000 1.000000
0.850000 0.200000 0.025000 1.000000
0.850000 0.200000 0.025000 1.000000
0.850000 0.200000 0.025000 1.000000
0.850000 0.200000 0.025000 1.000000
0.850000 0.200000 0.025000 1.000000
0.850000 0.200000 0.025000 1.000000
0.850000 0.200000 0.025000 1.000000
0.850000 0.200000 0.025000 1.000000
0.850000 0.200000 0.025000 1.000000
0.850000 0.200000 0.025000 1.000000
0.850000 0.200000 0.025000 1.000000
0.850000 0.200000 0.025000 1.000000
0.850000 0.200000 0.025000 1.000000
0.850000 0.200000 0.025000 1.000000
0.850000 0.200000 0.025000 1.000000
0.850000 0.200000 0.025000 1.000000
0.850000 0.200000 0.025000 1.000000
0.850000 0.200000 0.025000 1.000000
0.850000 0.200000 0.025000 1.000000
0.850000 0.200000 0.025000 1.000000
0.850000 0.200000 0.025000 1.000000
0.850000 0.200000 0.025000 1.000000
0.850000 0.200000 0.025000 1.000000
0.850000 0.200000 0.025000 1.000000
0.850000 0.200000 0.025000 1.000000
0.850000 0.200000 0.025000 1.000000
0.850000 0.200000 0.025000 1.000000
0.850000 0.200000 0.025000 1.000000
0.850000 0.200000 0.025000 1.000000
0.850000 0.200000 0.025000 1.000000
0.850000 0.200000 0.025000 1.000000
0.850000 0.200000 0.025000 1.000000
0.850000 0.200000 0.025000 1.000000
0.850000 0.200000 0.025000 1.000000
0.850000 0.200000 0.025000 1.000000
0.850000 0.200000 0.025000 1.000000
0.850000 0.200000 0.025000 1.000000
0.850000 0.200000 0.025000 1.000000
0.850000 0.200000 0.025000 1.000000
0.850000 0.200000 0.025000 1.000000
0.850000 0.200000 0.025000 1.000000
0.850000 0.200000 0.025000 1.000000
0.850000 0.200000 0.025000 1.000000
0.850000 0.200000 0.025000 1.000000
0.850000 0.200000 0.025000 1.000000
0.850000 0.200000 0.025000 1.000000
0.850000 0.200000 0.025000 1.000000
0.850000 0.200000 0.025000 1.000000
0.850000 0.200000 0.025000 1.000000
0.850000 0.200000 0.025000 1.000000
0.850000 0.200000 0.025000 1.000000
0.850000 0.200000 0.025000 1.000000
0.850000 0.200000 0.025000 1.000000
0.850000 0.200000 0.025000 1.000000
0.850000 0.200000 0.025000 1.000000
0.850000 0.200000 0.025000 1.000000
0.850000 0.200000 0.025000 1.000000
0.850000 0.200000 0.025000 1.000000
0.850000 0.200000 0.025000 1.000000
0.850000 0.200000 0.025000 1.000000
0.850000 0.200000 0.025000 1.000000
0.850000 0.200000 0.025000 1.000000
0.850000 0.200000 0.025000 1.000000
0.850000 0.200000 0.025000 1.000000
0.850000 0.200000 0.025000 1.000000
0.850000 0.200000 0.025000 1.000000
0.850000 0.200000 0.025000 1.000000
0.850000 0.200000 0.025000 1.000000
0.850000 0.200000 0.025000 1.000000
0.850000 0.200000 0.025000 1.000000
0.850000 0.200000 0.025000 1.000000
0.850000 0.200000 0.025000 1.000000
0.850000 0.200000 0.025000 1.000000
0.850000 0.200000 0.025000 1.000000
0.850000 0.200000 0.025000 1.000000
0.850000 0.200000 0.025000 1.000000
0.850000 0.200000 0.025000 1.000000
0.850000 0.200000 0.025000 1.000000
0.850000 0.200000 0.025000 1.000000
0.850000 0.200000 0.025000 1.000000
0.850000 0.200000 0.025000 1.000000
0.850000 0.200000 0.025000 1.000000
0.850000 0.200000 0.025000 1.000000
0.850000 0.200000 0.025000 1.000000
0.850000 0.200000 0.025000 1.000000
0.850000 0.200000 0.025000 1.000000
0.850000 0.200000 0.025000 1.000000
0.850000 0.200000 0.025000 1.000000
0.850000 0.200000 0.025000 1.000000
0.850000 0.200000 0.025000 1.000000
0.850000 0.200000 0.025000 1.000000
0.850000 0.200000 0.025000 1.000000
0.850000 0.200000 0.025000 1.000000
0.850000 0.200000 0.025000 1.000000
0.850000 0.200000 0.025000 1.000000
0.850000 0.200000 0.025000 1.000000
0.850000 0.200000 0.025000 1.000000
0.850000 0.200000 0.025000 1.000000
0.850000 0.200000 0.025000 1.000000
0.850000 0.200000 0.025000 1.000000
0.850000 0.200000 0.025000 1.000000
0.850000 0.200000 0.025000 1.000000
0.850000 0.200000 0.025000 1.000000
0.850000 0.200000 0.025000 1.000000
0.850000 0.200000 0.025000 1.000000
0.850000 0.200000 0.025000 1.000000
0.850000 0.200000 0.025000 1.000000
0.850000 0.200000 0.025000 1.000000
0.850000 0.200000 0.025000 1.000000
0.850000 0.200000 0.025000 1.000000
0.850000 0.200000 0.025000 1.000000
0.850000 0.200000 0.025000 1.000000
0.850000 0.200000 0.025000 1.000000
0.850000 0.200000 0.025000 1.000000
0.850000 0.200000 0.025000 1.000000
0.850000 0.200000 0.025000 1.000000
0.850000 0.200000 0.025000 1.000000
0.850000 0.200000 0.025000 1.000000
0.850000 0.200000 0.025000 1.000000
0.850000 0.200000 0.025000 1.000000
0.850000 0.200000 0.025000 1.000000
0.850000 0.200000 0.025000 1.000000
0.850000 0.200000 0.025000 1.000000
0.850000 0.200000 0.025000 1.000000
0.850000 0.200000 0.025000 1.000000
0.850000 0.200000 0.025000 1.000000
0.850000 0.200000 0.025000 1.000000
0.850000 0.200000 0.025000 1.000000
0.850000 0.200000 0.025000 1.000000
0.850000 0.200000 0.025000 1.000000
0.850000 0.200000 0.025000 1.000000
0.850000 0.200000 0.025000 1.000000
0.850000 0.200000 0.025000 1.000000
0.850000 0.200000 0.025000 1.000000
0.850000 0.200000 0.025000 1.000000
0.850000 0.200000 0.025000 1.000000
0.850000 0.200000 0.025000 1.000000
0.850000 0.200000 0.025000 1.000000
0.850000 0.200000 0.025000 1.000000
0.850000 0.200000 0.025000 1.000000
0.850000 0.200000 0.025000 1.000000
0.850000 0.200000 0.025000 1.000000
0.850000 0.200000 0.025000 1.000000
0.850000 0.200000 0.025000 1.000000
0.850000 0.200000 0.025000 1.000000
0.850000 0.200000 0.025000 1.000000
0.850000 0.200000 0.025000 1.000000
0.850000 0.200000 0.025000 1.000000
0.850000 0.200000 0.025000 1.000000
0.850000 0.200000 0.025000 1.000000
0.850000 0.200000 0.025000 1.000000
0.850000 0.200000 0.025000 1.000000
0.850000 0.200000 0.025000 1.000000
0.850000 0.200000 0.025000 1.000000
0.850000 0.200000 0.025000 1.000000
0.850000 0.200000 0.025000 1.000000
0.850000 0.200000 0.025000 1.000000
0.850000 0.200000 0.025000 1.000000
0.850000 0.200000 0.025000 1.000000
0.850000 0.200000 0.025000 1.000000
0.850000 0.200000 0.025000 1.000000
0.850000 0.200000 0.025000 1.000000
0.850000 0.200000 0.025000 1.000000
0.850000 0.200000 0.025000 1.000000
0.850000 0.200000 0.025000 1.000000
0.850000 0.200000 0.025000 1.000000
0.850000 0.200000 0.025000 1.000000
0.850000 0.200000 0.025000 1.000000
0.850000 0.200000 0.025000 1.000000
0.850000 0.200000 0.025000 1.000000
0.850000 0.200000 0.025000 1.000000
0.850000 0.200000 0.025000 1.000000
0.850000 0.200000 0.025000 1.000000
0.850000 0.200000 0.025000 1.000000
0.850000 0.200000 0.025000 1.000000
0.850000 0.200000 0.025000 1.000000
0.850000 0.200000 0.025000 1.000000
0.850000 0.200000 0.025000 1.000000
0.850000 0.200000 0.025000 1.000000
0.850000 0.200000 0.025000 1.000000
0.850000 0.200000 0.025000 1.000000
0.850000 0.200000 0.025000 1.000000
0.850000 0.200000 0.025000 1.000000
0.850000 0.200000 0.025000 1.000000
0.850000 0.200000 0.025000 1.000000
0.850000 0.200000 0.025000 1.000000
0.850000 0.200000 0.025000 1.000000
0.850000 0.200000 0.025000 1.000000
0.850000 0.200000 0.025000 1.000000
0.850000 0.200000 0.025000 1.000000
0.850000 0.200000 0.025000 1.000000
0.850000 0.200000 0.025000 1.000000
0.850000 0.200000 0.025000 1.000000
0.850000 0.200000 0.025000 1.000000
0.850000 0.200000 0.025000 1.000000
0.850000 0.200000 0.025000 1.000000
0.850000 0.200000 0.025000 1.000000
0.850000 0.200000 0.025000 1.000000
0.850000 0.200000 0.025000 1.000000
0.850000 0.200000 0.025000 1.000000
0.850000 0.200000 0.025000 1.000000
0.850000 0.200000 0.025000 1.000000
0.850000 0.200000 0.025000 1.000000
0.850000 0.200000 0.025000 1.000000
0.850000 0.200000 0.025000 1.000000
0.850000 0.200000 0.025000 1.000000
0.850000 0.200000 0.025000 1.000000
0.850000 0.200000 0.025000 1.000000
0.850000 0.200000 0.025000 1.000000
0.850000 0.200000 0.025000 1.000000
0.850000 0.200000 0.025000 1.000000
0.850000 0.200000 0.025000 1.000000
0.850000 0.200000 0.025000 1.000000
0.850000 0.200000 0.025000 1.000000
0.850000 0.200000 0.025000 1.000000
0.850000 0.200000 0.025000 1.000000
0.850000 0.200000 0.025000 1.000000
0.850000 0.200000 0.025000 1.000000
0.850000 0.200000 0.025000 1.000000
0.850000 0.200000 0.025000 1.000000
0.850000 0.200000 0.025000 1.000000
0.850000 0.200000 0.025000 1.000000
0.850000 0.200000 0.025000 1.000000
0.850000 0.200000 0.025000 1.000000
0.850000 0.200000 0.025000 1.000000
0.850000 0.200000 0.025000 1.000000
0.850000 0.200000 0.025000 1.000000
0.850000 0.200000 0.025000 1.000000
0.850000 0.200000 0.025000 1.000000
0.850000 0.200000 0.025000 1.000000
0.850000 0.200000 0.025000 1.000000
0.850000 0.200000 0.025000 1.000000
0.850000 0.200000 0.025000 1.000000
0.850000 0.200000 0.025000 1.000000
0.850000 0.200000 0.025000 1.000000
0.850000 0.200000 0.025000 1.000000
0.850000 0.200000 0.025000 1.000000
0.850000 0.200000 0.025000 1.000000
0.850000 0.200000 0.025000 1.000000
0.850000 0.200000 0.025000 1.000000
0.850000 0.200000 0.025000 1.000000
0.850000 0.200000 0.025000 1.000000
0.850000 0.200000 0.025000 1.000000
0.850000 0.200000 0.025000 1.000000
0.850000 0.200000 0.025000 1.000000
0.850000 0.200000 0.025000 1.000000
0.850000 0.200000 0.025000 1.000000
0.850000 0.200000 0.025000 1.000000
0.850000 0.200000 0.025000 1.000000
0.850000 0.200000 0.025000 1.000000
0.850000 0.200000 0.025000 1.000000
0.850000 0.200000 0.025000 1.000000
0.850000 0.200000 0.025000 1.000000
0.850000 0.200000 0.025000 1.000000
0.850000 0.200000 0.025000 1.000000
0.850000 0.200000 0.025000 1.000000
0.850000 0.200000 0.025000 1.000000
0.850000 0.200000 0.025000 1.000000
0.850000 0.200000 0.025000 1.000000
0.850000 0.200000 0.025000 1.000000
0.850000 0.200000 0.025000 1.000000
0.850000 0.200000 0.025000 1.000000
0.850000 0.200000 0.025000 1.000000
0.850000 0.200000 0.025000 1.000000
0.850000 0.200000 0.025000 1.000000
0.850000 0.200000 0.025000 1.000000
0.850000 0.200000 0.025000 1.000000
0.850000 0.200000 0.025000 1.000000
0.850000 0.200000 0.025000 1.000000
0.850000 0.200000 0.025000 1.000000
0.850000 0.200000 0.025000 1.000000
0.850000 0.200000 0.025000 1.000000
0.850000 0.200000 0.025000 1.000000
0.850000 0.200000 0.025000 1.000000
0.850000 0.200000 0.025000 1.000000
0.850000 0.200000 0.025000 1.000000
0.850000 0.200000 0.025000 1.000000
0.850000 0.200000 0.025000 1.000000
0.850000 0.200000 0.025000 1.000000
0.850000 0.200000 0.025000 1.000000
0.850000 0.200000 0.025000 1.000000
0.850000 0.200000 0.025000 1.000000
0.850000 0.200000 0.025000 1.000000
0.850000 0.200000 0.025000 1.000000
0.850000 0.200000 0.025000 1.000000
0.850000 0.200000 0.025000 1.000000
0.850000 0.200000 0.025000 1.000000
0.850000 0.200000 0.025000 1.000000
0.850000 0.200000 0.025000 1.000000
0.850000 0.200000 0.025000 1.000000
0.850000 0.200000 0.025000 1.000000
0.850000 0.200000 0.025000 1.000000
0.850000 0.200000 0.025000 1.000000
0.850000 0.200000 0.025000 1.000000
0.850000 0.200000 0.025000 1.000000
0.850000 0.200000 0.025000 1.000000
0.850000 0.200000 0.025000 1.000000
0.850000 0.200000 0.025000 1.000000
0.850000 0.200000 0.025000 1.000000
0.850000 0.200000 0.025000 1.000000
0.850000 0.200000 0.025000 1.000000
0.850000 0.200000 0.025000 1.000000
0.850000 0.200000 0.025000 1.000000
0.850000 0.200000 0.025000 1.000000
0.850000 0.200000 0.025000 1.000000
0.850000 0.200000 0.025000 1.000000
0.850000 0.200000 0.025000 1.000000
0.850000 0.200000 0.025000 1.000000
0.850000 0.200000 0.025000 1.000000
0.850000 0.200000 0.025000 1.000000
0.850000 0.200000 0.025000 1.000000
0.850000 0.200000 0.025000 1.000000
0.850000 0.200000 0.025000 1.000000
0.850000 0.200000 0.025000 1.000000
0.850000 0.200000 0.025000 1.000000
0.850000 0.200000 0.025000 1.000000
0.850000 0.200000 0.025000 1.000000
0.850000 0.200000 0.025000 1.000000
0.850000 0.200000 0.025000 1.000000
0.850000 0.200000 0.025000 1.000000
0.850000 0.200000 0.025000 1.000000
0.850000 0.200000 0.025000 1.000000
0.850000 0.200000 0.025000 1.000000
0.850000 0.200000 0.025000 1.000000
0.850000 0.200000 0.025000 1.000000
0.850000 0.200000 0.025000 1.000000
0.850000 0.200000 0.025000 1.000000
0.850000 0.200000 0.025000 1.000000
0.850000 0.200000 0.025000 1.000000
0.850000 0.200000 0.025000 1.000000
0.850000 0.200000 0.025000 1.000000
0.850000 0.200000 0.025000 1.000000
0.850000 0.200000 0.025000 1.000000
0.850000 0.200000 0.025000 1.000000
0.850000 0.200000 0.025000 1.000000
0.850000 0.200000 0.025000 1.000000
0.850000 0.200000 0.025000 1.000000
0.850000 0.200000 0.025000 1.000000
0.850000 0.200000 0.025000 1.000000
0.850000 0.200000 0.025000 1.000000
0.850000 0.200000 0.025000 1.000000
0.850000 0.200000 0.025000 1.000000
0.850000 0.200000 0.025000 1.000000
0.850000 0.200000 0.025000 1.000000
0.850000 0.200000 0.025000 1.000000
0.850000 0.200000 0.025000 1.000000
0.850000 0.200000 0.025000 1.000000
0.850000 0.200000 0.025000 1.000000
0.850000 0.200000 0.025000 1.000000
0.850000 0.200000 0.025000 1.000000
0.850000 0.200000 0.025000 1.000000
0.850000 0.200000 0.025000 1.000000
0.850000 0.200000 0.025000 1.000000
0.850000 0.200000 0.025000 1.000000
0.850000 0.200000 0.025000 1.000000
0.850000 0.200000 0.025000 1.000000
0.850000 0.200000 0.025000 1.000000
0.850000 0.200000 0.025000 1.000000
0.850000 0.200000 0.025000 1.000000
0.850000 0.200000 0.025000 1.000000
0.850000 0.200000 0.025000 1.000000
0.850000 0.200000 0.025000 1.000000
0.850000 0.200000 0.025000 1.000000
0.850000 0.200000 0.025000 1.000000
0.850000 0.200000 0.025000 1.000000
0.850000 0.200000 0.025000 1.000000
0.850000 0.200000 0.025000 1.000000
0.850000 0.200000 0.025000 1.000000
0.850000 0.200000 0.025000 1.000000
0.850000 0.200000 0.025000 1.000000
0.850000 0.200000 0.025000 1.000000
0.850000 0.200000 0.025000 1.000000
0.850000 0.200000 0.025000 1.000000
0.850000 0.200000 0.025000 1.000000
0.850000 0.200000 0.025000 1.000000
0.850000 0.200000 0.025000 1.000000
0.850000 0.200000 0.025000 1.000000
0.850000 0.200000 0.025000 1.000000
0.850000 0.200000 0.025000 1.000000
0.850000 0.200000 0.025000 1.000000
0.850000 0.200000 0.025000 1.000000
0.850000 0.200000 0.025000 1.000000
0.850000 0.200000 0.025000 1.000000
0.850000 0.200000 0.025000 1.000000
0.850000 0.200000 0.025000 1.000000
0.850000 0.200000 0.025000 1.000000
0.850000 0.200000 0.025000 1.000000
0.850000 0.200000 0.025000 1.000000
0.850000 0.200000 0.025000 1.000000
0.850000 0.200000 0.025000 1.000000
0.850000 0.200000 0.025000 1.000000
0.850000 0.200000 0.025000 1.000000
0.850000 0.200000 0.025000 1.000000
0.850000 0.200000 0.025000 1.000000
0.850000 0.200000 0.025000 1.000000
0.850000 0.200000 0.025000 1.000000
0.850000 0.200000 0.025000 1.000000
0.850000 0.200000 0.025000 1.000000
0.850000 0.200000 0.025000 1.000000
0.850000 0.200000 0.025000 1.000000
0.850000 0.200000 0.025000 1.000000
0.850000 0.200000 0.025000 1.000000
0.850000 0.200000 0.025000 1.000000
0.850000 0.200000 0.025000 1.000000
0.850000 0.200000 0.025000 1.000000
0.850000 0.200000 0.025000 1.000000
0.850000 0.200000 0.025000 1.000000
0.850000 0.200000 0.025000 1.000000
0.850000 0.200000 0.025000 1.000000
0.850000 0.200000 0.025000 1.000000
0.850000 0.200000 0.025000 1.000000
0.850000 0.200000 0.025000 1.000000
0.850000 0.200000 0.025000 1.000000
0.850000 0.200000 0.025000 1.000000
0.850000 0.200000 0.025000 1.000000
0.850000 0.200000 0.025000 1.000000
0.850000 0.200000 0.025000 1.000000
0.850000 0.200000 0.025000 1.000000
0.850000 0.200000 0.025000 1.000000
0.850000 0.200000 0.025000 1.000000
0.850000 0.200000 0.025000 1.000000
0.850000 0.200000 0.025000 1.000000
0.850000 0.200000 0.025000 1.000000
0.850000 0.200000 0.025000 1.000000
0.850000 0.200000 0.025000 1.000000
0.850000 0.200000 0.025000 1.000000
0.850000 0.200000 0.025000 1.000000
0.850000 0.200000 0.025000 1.000000
0.850000 0.200000 0.025000 1.000000
0.850000 0.200000 0.025000 1.000000
0.850000 0.200000 0.025000 1.000000
0.850000 0.200000 0.025000 1.000000
0.850000 0.200000 0.025000 1.000000
0.850000 0.200000 0.025000 1.000000
0.850000 0.200000 0.025000 1.000000
0.850000 0.200000 0.025000 1.000000
0.850000 0.200000 0.025000 1.000000
0.850000 0.200000 0.025000 1.000000
0.850000 0.200000 0.025000 1.000000
0.850000 0.200000 0.025000 1.000000
0.850000 0.200000 0.025000 1.000000
0.850000 0.200000 0.025000 1.000000
0.850000 0.200000 0.025000 1.000000
0.850000 0.200000 0.025000 1.000000
0.850000 0.200000 0.025000 1.000000
0.850000 0.200000 0.025000 1.000000
0.850000 0.200000 0.025000 1.000000
0.850000 0.200000 0.025000 1.000000
0.850000 0.200000 0.025000 1.000000
0.850000 0.200000 0.025000 1.000000
0.850000 0.200000 0.025000 1.000000
0.850000 0.200000 0.025000 1.000000
0.850000 0.200000 0.025000 1.000000
0.850000 0.200000 0.025000 1.000000
0.850000 0.200000 0.025000 1.000000
0.850000 0.200000 0.025000 1.000000
0.850000 0.200000 0.025000 1.000000
0.850000 0.200000 0.025000 1.000000
0.850000 0.200000 0.025000 1.000000
0.850000 0.200000 0.025000 1.000000
0.850000 0.200000 0.025000 1.000000
0.850000 0.200000 0.025000 1.000000
0.850000 0.200000 0.025000 1.000000
0.850000 0.200000 0.025000 1.000000
0.850000 0.200000 0.025000 1.000000
0.850000 0.200000 0.025000 1.000000
0.850000 0.200000 0.025000 1.000000
0.850000 0.200000 0.025000 1.000000
0.850000 0.200000 0.025000 1.000000
0.850000 0.200000 0.025000 1.000000
0.850000 0.200000 0.025000 1.000000
0.850000 0.200000 0.025000 1.000000
0.850000 0.200000 0.025000 1.000000
0.850000 0.200000 0.025000 1.000000
0.850000 0.200000 0.025000 1.000000
0.850000 0.200000 0.025000 1.000000
0.850000 0.200000 0.025000 1.000000
0.850000 0.200000 0.025000 1.000000
0.850000 0.200000 0.025000 1.000000
0.850000 0.200000 0.025000 1.000000
0.850000 0.200000 0.025000 1.000000
0.850000 0.200000 0.025000 1.000000
0.850000 0.200000 0.025000 1.000000
0.850000 0.200000 0.025000 1.000000
0.850000 0.200000 0.025000 1.000000
0.850000 0.200000 0.025000 1.000000
0.850000 0.200000 0.025000 1.000000
0.850000 0.200000 0.025000 1.000000
0.850000 0.200000 0.025000 1.000000
0.850000 0.200000 0.025000 1.000000
0.850000 0.200000 0.025000 1.000000
0.850000 0.200000 0.025000 1.000000
0.850000 0.200000 0.025000 1.000000
0.850000 0.200000 0.025000 1.000000
0.850000 0.200000 0.025000 1.000000
0.850000 0.200000 0.025000 1.000000
0.850000 0.200000 0.025000 1.000000
0.850000 0.200000 0.025000 1.000000
0.850000 0.200000 0.025000 1.000000
0.850000 0.200000 0.025000 1.000000
0.850000 0.200000 0.025000 1.000000
0.850000 0.200000 0.025000 1.000000
0.850000 0.200000 0.025000 1.000000
0.850000 0.200000 0.025000 1.000000
0.850000 0.200000 0.025000 1.000000
0.850000 0.200000 0.025000 1.000000
0.850000 0.200000 0.025000 1.000000
0.850000 0.200000 0.025000 1.000000
0.850000 0.200000 0.025000 1.000000
0.850000 0.200000 0.025000 1.000000
0.850000 0.200000 0.025000 1.000000
0.850000 0.200000 0.025000 1.000000
0.850000 0.200000 0.025000 1.000000
0.850000 0.200000 0.025000 1.000000
0.850000 0.200000 0.025000 1.000000
0.850000 0.200000 0.025000 1.000000
0.850000 0.200000 0.025000 1.000000
0.850000 0.200000 0.025000 1.000000
0.850000 0.200000 0.025000 1.000000
0.850000 0.200000 0.025000 1.000000
0.850000 0.200000 0.025000 1.000000
0.850000 0.200000 0.025000 1.000000
0.850000 0.200000 0.025000 1.000000
0.850000 0.200000 0.025000 1.000000
0.850000 0.200000 0.025000 1.000000
0.850000 0.200000 0.025000 1.000000
0.850000 0.200000 0.025000 1.000000
0.850000 0.200000 0.025000 1.000000
0.850000 0.200000 0.025000 1.000000
0.850000 0.200000 0.025000 1.000000
0.850000 0.200000 0.025000 1.000000
0.850000 0.200000 0.025000 1.000000
0.850000 0.200000 0.025000 1.000000
0.850000 0.200000 0.025000 1.000000
0.850000 0.200000 0.025000 1.000000
0.850000 0.200000 0.025000 1.000000
0.850000 0.200000 0.025000 1.000000
0.850000 0.200000 0.025000 1.000000
0.850000 0.200000 0.025000 1.000000
0.850000 0.200000 0.025000 1.000000
0.850000 0.200000 0.025000 1.000000
0.850000 0.200000 0.025000 1.000000
0.850000 0.200000 0.025000 1.000000
0.850000 0.200000 0.025000 1.000000
0.850000 0.200000 0.025000 1.000000
0.850000 0.200000 0.025000 1.000000
0.850000 0.200000 0.025000 1.000000
0.850000 0.200000 0.025000 1.000000
0.850000 0.200000 0.025000 1.000000
0.850000 0.200000 0.025000 1.000000
0.850000 0.200000 0.025000 1.000000
0.850000 0.200000 0.025000 1.000000
0.850000 0.200000 0.025000 1.000000
0.850000 0.200000 0.025000 1.000000
0.850000 0.200000 0.025000 1.000000
0.850000 0.200000 0.025000 1.000000
0.850000 0.200000 0.025000 1.000000
0.850000 0.200000 0.025000 1.000000
0.850000 0.200000 0.025000 1.000000
0.850000 0.200000 0.025000 1.000000
0.850000 0.200000 0.025000 1.000000
0.850000 0.200000 0.025000 1.000000
0.850000 0.200000 0.025000 1.000000
0.850000 0.200000 0.025000 1.000000
0.850000 0.200000 0.025000 1.000000
0.850000 0.200000 0.025000 1.000000
0.850000 0.200000 0.025000 1.000000
0.850000 0.200000 0.025000 1.000000
0.850000 0.200000 0.025000 1.000000
0.850000 0.200000 0.025000 1.000000
0.850000 0.200000 0.025000 1.000000
0.850000 0.200000 0.025000 1.000000
0.850000 0.200000 0.025000 1.000000
0.850000 0.200000 0.025000 1.000000
0.850000 0.200000 0.025000 1.000000
0.850000 0.200000 0.025000 1.000000
0.850000 0.200000 0.025000 1.000000
0.850000 0.200000 0.025000 1.000000
0.850000 0.200000 0.025000 1.000000
0.850000 0.200000 0.025000 1.000000
0.850000 0.200000 0.025000 1.000000
0.850000 0.200000 0.025000 1.000000
0.850000 0.200000 0.025000 1.000000
0.850000 0.200000 0.025000 1.000000
0.850000 0.200000 0.025000 1.000000
0.850000 0.200000 0.025000 1.000000
0.850000 0.200000 0.025000 1.000000
0.850000 0.200000 0.025000 1.000000
0.850000 0.200000 0.025000 1.000000
0.850000 0.200000 0.025000 1.000000
0.850000 0.200000 0.025000 1.000000
0.850000 0.200000 0.025000 1.000000
0.850000 0.200000 0.025000 1.000000
0.850000 0.200000 0.025000 1.000000
0.850000 0.200000 0.025000 1.000000
0.850000 0.200000 0.025000 1.000000
0.850000 0.200000 0.025000 1.000000
0.850000 0.200000 0.025000 1.000000
0.850000 0.200000 0.025000 1.000000
0.850000 0.200000 0.025000 1.000000
0.850000 0.200000 0.025000 1.000000
0.850000 0.200000 0.025000 1.000000
0.850000 0.200000 0.025000 1.000000
0.850000 0.200000 0.025000 1.000000
0.850000 0.200000 0.025000 1.000000
0.850000 0.200000 0.025000 1.000000
0.850000 0.200000 0.025000 1.000000
0.850000 0.200000 0.025000 1.000000
0.850000 0.200000 0.025000 1.000000
0.850000 0.200000 0.025000 1.000000
0.850000 0.200000 0.025000 1.000000
0.850000 0.200000 0.025000 1.000000
0.850000 0.200000 0.025000 1.000000
0.850000 0.200000 0.025000 1.000000
0.850000 0.200000 0.025000 1.000000
0.850000 0.200000 0.025000 1.000000
0.850000 0.200000 0.025000 1.000000
0.850000 0.200000 0.025000 1.000000
0.850000 0.200000 0.025000 1.000000
0.850000 0.200000 0.025000 1.000000
0.850000 0.200000 0.025000 1.000000
0.850000 0.200000 0.025000 1.000000
0.850000 0.200000 0.025000 1.000000
0.850000 0.200000 0.025000 1.000000
0.850000 0.200000 0.025000 1.000000
0.850000 0.200000 0.025000 1.000000
0.850000 0.200000 0.025000 1.000000
0.850000 0.200000 0.025000 1.000000
0.850000 0.200000 0.025000 1.000000
0.850000 0.200000 0.025000 1.000000
0.850000 0.200000 0.025000 1.000000
0.850000 0.200000 0.025000 1.000000
0.850000 0.200000 0.025000 1.000000
0.850000 0.200000 0.025000 1.000000
0.850000 0.200000 0.025000 1.000000
0.850000 0.200000 0.025000 1.000000
0.850000 0.200000 0.025000 1.000000
0.850000 0.200000 0.025000 1.000000
0.850000 0.200000 0.025000 1.000000
0.850000 0.200000 0.025000 1.000000
0.850000 0.200000 0.025000 1.000000
0.850000 0.200000 0.025000 1.000000
0.850000 0.200000 0.025000 1.000000
0.850000 0.200000 0.025000 1.000000
0.850000 0.200000 0.025000 1.000000
0.850000 0.200000 0.025000 1.000000
0.850000 0.200000 0.025000 1.000000
0.850000 0.200000 0.025000 1.000000
0.850000 0.200000 0.025000 1.000000
0.850000 0.200000 0.025000 1.000000
0.850000 0.200000 0.025000 1.000000
0.850000 0.200000 0.025000 1.000000
0.850000 0.200000 0.025000 1.000000
0.850000 0.200000 0.025000 1.000000
0.850000 0.200000 0.025000 1.000000
0.850000 0.200000 0.025000 1.000000
0.850000 0.200000 0.025000 1.000000
0.850000 0.200000 0.025000 1.000000
0.850000 0.200000 0.025000 1.000000
0.850000 0.200000 0.025000 1.000000
0.850000 0.200000 0.025000 1.000000
0.850000 0.200000 0.025000 1.000000
0.850000 0.200000 0.025000 1.000000
0.850000 0.200000 0.025000 1.000000
0.850000 0.200000 0.025000 1.000000
0.850000 0.200000 0.025000 1.000000
0.850000 0.200000 0.025000 1.000000
0.850000 0.200000 0.025000 1.000000
0.850000 0.200000 0.025000 1.000000
0.850000 0.200000 0.025000 1.000000
0.850000 0.200000 0.025000 1.000000
0.850000 0.200000 0.025000 1.000000
0.850000 0.200000 0.025000 1.000000
0.850000 0.200000 0.025000 1.000000
0.850000 0.200000 0.025000 1.000000
0.850000 0.200000 0.025000 1.000000
0.850000 0.200000 0.025000 1.000000
0.850000 0.200000 0.025000 1.000000
0.850000 0.200000 0.025000 1.000000
0.850000 0.200000 0.025000 1.000000
0.850000 0.200000 0.025000 1.000000
0.850000 0.200000 0.025000 1.000000
0.850000 0.200000 0.025000 1.000000
0.850000 0.200000 0.025000 1.000000
0.850000 0.200000 0.025000 1.000000
0.850000 0.200000 0.025000 1.000000
0.850000 0.200000 0.025000 1.000000
0.850000 0.200000 0.025000 1.000000
0.850000 0.200000 0.025000 1.000000
0.850000 0.200000 0.025000 1.000000
0.850000 0.200000 0.025000 1.000000
0.850000 0.200000 0.025000 1.000000
0.850000 0.200000 0.025000 1.000000
0.850000 0.200000 0.025000 1.000000
0.850000 0.200000 0.025000 1.000000
0.850000 0.200000 0.025000 1.000000
0.850000 0.200000 0.025000 1.000000
0.850000 0.200000 0.025000 1.000000
0.850000 0.200000 0.025000 1.000000
0.850000 0.200000 0.025000 1.000000
0.850000 0.200000 0.025000 1.000000
0.850000 0.200000 0.025000 1.000000
0.850000 0.200000 0.025000 1.000000
0.850000 0.200000 0.025000 1.000000
0.850000 0.200000 0.025000 1.000000
0.850000 0.200000 0.025000 1.000000
0.850000 0.200000 0.025000 1.000000
0.850000 0.200000 0.025000 1.000000
0.850000 0.200000 0.025000 1.000000
0.850000 0.200000 0.025000 1.000000
0.850000 0.200000 0.025000 1.000000
0.850000 0.200000 0.025000 1.000000
0.850000 0.200000 0.025000 1.000000
0.850000 0.200000 0.025000 1.000000
0.850000 0.200000 0.025000 1.000000
0.850000 0.200000 0.025000 1.000000
0.850000 0.200000 0.025000 1.000000
0.850000 0.200000 0.025000 1.000000
0.850000 0.200000 0.025000 1.000000
0.850000 0.200000 0.025000 1.000000
0.850000 0.200000 0.025000 1.000000
0.850000 0.200000 0.025000 1.000000
0.850000 0.200000 0.025000 1.000000
0.850000 0.200000 0.025000 1.000000
0.850000 0.200000 0.025000 1.000000
0.850000 0.200000 0.025000 1.000000
0.850000 0.200000 0.025000 1.000000
0.850000 0.200000 0.025000 1.000000
0.850000 0.200000 0.025000 1.000000
0.850000 0.200000 0.025000 1.000000
0.850000 0.200000 0.025000 1.000000
0.850000 0.200000 0.025000 1.000000
0.850000 0.200000 0.025000 1.000000
0.850000 0.200000 0.025000 1.000000
0.850000 0.200000 0.025000 1.000000
0.850000 0.200000 0.025000 1.000000
0.850000 0.200000 0.025000 1.000000
0.850000 0.200000 0.025000 1.000000
0.850000 0.200000 0.025000 1.000000
0.850000 0.200000 0.025000 1.000000
0.850000 0.200000 0.025000 1.000000
0.850000 0.200000 0.025000 1.000000
0.850000 0.200000 0.025000 1.000000
0.850000 0.200000 0.025000 1.000000
0.850000 0.200000 0.025000 1.000000
0.850000 0.200000 0.025000 1.000000
0.850000 0.200000 0.025000 1.000000
0.850000 0.200000 0.025000 1.000000
0.850000 0.200000 0.025000 1.000000
0.850000 0.200000 0.025000 1.000000
0.850000 0.200000 0.025000 1.000000
0.850000 0.200000 0.025000 1.000000
0.850000 0.200000 0.025000 1.000000
0.850000 0.200000 0.025000 1.000000
0.850000 0.200000 0.025000 1.000000
0.850000 0.200000 0.025000 1.000000
0.850000 0.200000 0.025000 1.000000
0.850000 0.200000 0.025000 1.000000
0.850000 0.200000 0.025000 1.000000
0.850000 0.200000 0.025000 1.000000
0.850000 0.200000 0.025000 1.000000
0.850000 0.200000 0.025000 1.000000
0.850000 0.200000 0.025000 1.000000
0.850000 0.200000 0.025000 1.000000
0.850000 0.200000 0.025000 1.000000
0.850000 0.200000 0.025000 1.000000
0.850000 0.200000 0.025000 1.000000
0.850000 0.200000 0.025000 1.000000
0.850000 0.200000 0.025000 1.000000
0.850000 0.200000 0.025000 1.000000
0.850000 0.200000 0.025000 1.000000
0.850000 0.200000 0.025000 1.000000
0.850000 0.200000 0.025000 1.000000
0.850000 0.200000 0.025000 1.000000
0.850000 0.200000 0.025000 1.000000
0.850000 0.200000 0.025000 1.000000
0.850000 0.200000 0.025000 1.000000
0.850000 0.200000 0.025000 1.000000
0.850000 0.200000 0.025000 1.000000
0.850000 0.200000 0.025000 1.000000
0.850000 0.200000 0.025000 1.000000
0.850000 0.200000 0.025000 1.000000
0.850000 0.200000 0.025000 1.000000
0.850000 0.200000 0.025000 1.000000
0.850000 0.200000 0.025000 1.000000
0.850000 0.200000 0.025000 1.000000
0.850000 0.200000 0.025000 1.000000
0.850000 0.200000 0.025000 1.000000
0.850000 0.200000 0.025000 1.000000
0.850000 0.200000 0.025000 1.000000
0.850000 0.200000 0.025000 1.000000
0.850000 0.200000 0.025000 1.000000
0.850000 0.200000 0.025000 1.000000
0.850000 0.200000 0.025000 1.000000
0.850000 0.200000 0.025000 1.000000
0.850000 0.200000 0.025000 1.000000
0.850000 0.200000 0.025000 1.000000
0.850000 0.200000 0.025000 1.000000
0.850000 0.200000 0.025000 1.000000
0.850000 0.200000 0.025000 1.000000
0.850000 0.200000 0.025000 1.000000
0.850000 0.200000 0.025000 1.000000
0.850000 0.200000 0.025000 1.000000
0.850000 0.200000 0.025000 1.000000
0.850000 0.200000 0.025000 1.000000
0.850000 0.200000 0.025000 1.000000
0.850000 0.200000 0.025000 1.000000
0.850000 0.200000 0.025000 1.000000
0.850000 0.200000 0.025000 1.000000
0.850000 0.200000 0.025000 1.000000
0.850000 0.200000 0.025000 1.000000
0.850000 0.200000 0.025000 1.000000
0.850000 0.200000 0.025000 1.000000
0.850000 0.200000 0.025000 1.000000
0.850000 0.200000 0.025000 1.000000
0.850000 0.200000 0.025000 1.000000
0.850000 0.200000 0.025000 1.000000
0.850000 0.200000 0.025000 1.000000
0.850000 0.200000 0.025000 1.000000
0.850000 0.200000 0.025000 1.000000
0.850000 0.200000 0.025000 1.000000
0.850000 0.200000 0.025000 1.000000
0.850000 0.200000 0.025000 1.000000
0.850000 0.200000 0.025000 1.000000
0.850000 0.200000 0.025000 1.000000
0.850000 0.200000 0.025000 1.000000
0.850000 0.200000 0.025000 1.000000
0.850000 0.200000 0.025000 1.000000
0.850000 0.200000 0.025000 1.000000
0.850000 0.200000 0.025000 1.000000
0.850000 0.200000 0.025000 1.000000
0.850000 0.200000 0.025000 1.000000
0.850000 0.200000 0.025000 1.000000
0.850000 0.200000 0.025000 1.000000
0.850000 0.200000 0.025000 1.000000
0.850000 0.200000 0.025000 1.000000
0.850000 0.200000 0.025000 1.000000
0.850000 0.200000 0.025000 1.000000
0.850000 0.200000 0.025000 1.000000
0.850000 0.200000 0.025000 1.000000
0.850000 0.200000 0.025000 1.000000
0.850000 0.200000 0.025000 1.000000
0.850000 0.200000 0.025000 1.000000
0.850000 0.200000 0.025000 1.000000
0.850000 0.200000 0.025000 1.000000
0.850000 0.200000 0.025000 1.000000
0.850000 0.200000 0.025000 1.000000
0.850000 0.200000 0.025000 1.000000
0.850000 0.200000 0.025000 1.000000
0.850000 0.200000 0.025000 1.000000
0.850000 0.200000 0.025000 1.000000
0.850000 0.200000 0.025000 1.000000
0.850000 0.200000 0.025000 1.000000
0.850000 0.200000 0.025000 1.000000
0.850000 0.200000 0.025000 1.000000
0.850000 0.200000 0.025000 1.000000
0.850000 0.200000 0.025000 1.000000
0.850000 0.200000 0.025000 1.000000
0.850000 0.200000 0.025000 1.000000
0.850000 0.200000 0.025000 1.000000
0.850000 0.200000 0.025000 1.000000
0.850000 0.200000 0.025000 1.000000
0.850000 0.200000 0.025000 1.000000
0.850000 0.200000 0.025000 1.000000
0.850000 0.200000 0.025000 1.000000
0.850000 0.200000 0.025000 1.000000
0.850000 0.200000 0.025000 1.000000
0.850000 0.200000 0.025000 1.000000
0.850000 0.200000 0.025000 1.000000
0.850000 0.200000 0.025000 1.000000
0.850000 0.200000 0.025000 1.000000
0.850000 0.200000 0.025000 1.000000
0.850000 0.200000 0.025000 1.000000
0.850000 0.200000 0.025000 1.000000
0.850000 0.200000 0.025000 1.000000
0.850000 0.200000 0.025000 1.000000
0.850000 0.200000 0.025000 1.000000
0.850000 0.200000 0.025000 1.000000
0.850000 0.200000 0.025000 1.000000
0.850000 0.200000 0.025000 1.000000
0.850000 0.200000 0.025000 1.000000
0.850000 0.200000 0.025000 1.000000
0.850000 0.200000 0.025000 1.000000
0.850000 0.200000 0.025000 1.000000
0.850000 0.200000 0.025000 1.000000
0.850000 0.200000 0.025000 1.000000
0.850000 0.200000 0.025000 1.000000
0.850000 0.200000 0.025000 1.000000
0.850000 0.200000 0.025000 1.000000
0.850000 0.200000 0.025000 1.000000
0.850000 0.200000 0.025000 1.000000
0.850000 0.200000 0.025000 1.000000
0.850000 0.200000 0.025000 1.000000
0.850000 0.200000 0.025000 1.000000
0.850000 0.200000 0.025000 1.000000
0.850000 0.200000 0.025000 1.000000
0.850000 0.200000 0.025000 1.000000
0.850000 0.200000 0.025000 1.000000
0.850000 0.200000 0.025000 1.000000
0.850000 0.200000 0.025000 1.000000
0.850000 0.200000 0.025000 1.000000
0.850000 0.200000 0.025000 1.000000
0.850000 0.200000 0.025000 1.000000
0.850000 0.200000 0.025000 1.000000
0.850000 0.200000 0.025000 1.000000
0.850000 0.200000 0.025000 1.000000
0.850000 0.200000 0.025000 1.000000
0.850000 0.200000 0.025000 1.000000
0.850000 0.200000 0.025000 1.000000
0.850000 0.200000 0.025000 1.000000
0.850000 0.200000 0.025000 1.000000
0.850000 0.200000 0.025000 1.000000
0.850000 0.200000 0.025000 1.000000
0.850000 0.200000 0.025000 1.000000
0.850000 0.200000 0.025000 1.000000
0.850000 0.200000 0.025000 1.000000
0.850000 0.200000 0.025000 1.000000
0.850000 0.200000 0.025000 1.000000
0.850000 0.200000 0.025000 1.000000
0.850000 0.200000 0.025000 1.000000
0.850000 0.200000 0.025000 1.000000
0.850000 0.200000 0.025000 1.000000
0.850000 0.200000 0.025000 1.000000
0.850000 0.200000 0.025000 1.000000
0.850000 0.200000 0.025000 1.000000
0.850000 0.200000 0.025000 1.000000
0.850000 0.200000 0.025000 1.000000
0.850000 0.200000 0.025000 1.000000
0.850000 0.200000 0.025000 1.000000
0.850000 0.200000 0.025000 1.000000
0.850000 0.200000 0.025000 1.000000
0.850000 0.200000 0.025000 1.000000
0.850000 0.200000 0.025000 1.000000
0.850000 0.200000 0.025000 1.000000
0.850000 0.200000 0.025000 1.000000
0.850000 0.200000 0.025000 1.000000
0.850000 0.200000 0.025000 1.000000
0.850000 0.200000 0.025000 1.000000
0.850000 0.200000 0.025000 1.000000
0.850000 0.200000 0.025000 1.000000
0.850000 0.200000 0.025000 1.000000
0.850000 0.200000 0.025000 1.000000
0.850000 0.200000 0.025000 1.000000
0.850000 0.200000 0.025000 1.000000
0.850000 0.200000 0.025000 1.000000
0.850000 0.200000 0.025000 1.000000
0.850000 0.200000 0.025000 1.000000
0.850000 0.200000 0.025000 1.000000
0.850000 0.200000 0.025000 1.000000
0.850000 0.200000 0.025000 1.000000
0.850000 0.200000 0.025000 1.000000
0.850000 0.200000 0.025000 1.000000
0.850000 0.200000 0.025000 1.000000
0.850000 0.200000 0.025000 1.000000
0.850000 0.200000 0.025000 1.000000
0.850000 0.200000 0.025000 1.000000
0.850000 0.200000 0.025000 1.000000
0.850000 0.200000 0.025000 1.000000
0.850000 0.200000 0.025000 1.000000
0.850000 0.200000 0.025000 1.000000
0.850000 0.200000 0.025000 1.000000
0.850000 0.200000 0.025000 1.000000
0.850000 0.200000 0.025000 1.000000
0.850000 0.200000 0.025000 1.000000
0.850000 0.200000 0.025000 1.000000
0.850000 0.200000 0.025000 1.000000
0.850000 0.200000 0.025000 1.000000
0.850000 0.200000 0.025000 1.000000
0.850000 0.200000 0.025000 1.000000
0.850000 0.200000 0.025000 1.000000
0.850000 0.200000 0.025000 1.000000
0.850000 0.200000 0.025000 1.000000
0.850000 0.200000 0.025000 1.000000
0.850000 0.200000 0.025000 1.000000
0.850000 0.200000 0.025000 1.000000
0.850000 0.200000 0.025000 1.000000
0.850000 0.200000 0.025000 1.000000
0.850000 0.200000 0.025000 1.000000
0.850000 0.200000 0.025000 1.000000
0.850000 0.200000 0.025000 1.000000
0.850000 0.200000 0.025000 1.000000
0.850000 0.200000 0.025000 1.000000
0.850000 0.200000 0.025000 1.000000
0.850000 0.200000 0.025000 1.000000
0.850000 0.200000 0.025000 1.000000
0.850000 0.200000 0.025000 1.000000
0.850000 0.200000 0.025000 1.000000
0.850000 0.200000 0.025000 1.000000
0.850000 0.200000 0.025000 1.000000
0.850000 0.200000 0.025000 1.000000
0.850000 0.200000 0.025000 1.000000
0.850000 0.200000 0.025000 1.000000
0.850000 0.200000 0.025000 1.000000
0.850000 0.200000 0.025000 1.000000
0.850000 0.200000 0.025000 1.000000
0.850000 0.200000 0.025000 1.000000
0.850000 0.200000 0.025000 1.000000
0.850000 0.200000 0.025000 1.000000
0.850000 0.200000 0.025000 1.000000
0.850000 0.200000 0.025000 1.000000
0.850000 0.200000 0.025000 1.000000
0.850000 0.200000 0.025000 1.000000
0.850000 0.200000 0.025000 1.000000
0.850000 0.200000 0.025000 1.000000
0.850000 0.200000 0.025000 1.000000
0.850000 0.200000 0.025000 1.000000
0.850000 0.200000 0.025000 1.000000
0.850000 0.200000 0.025000 1.000000
0.850000 0.200000 0.025000 1.000000
0.850000 0.200000 0.025000 1.000000
0.850000 0.200000 0.025000 1.000000
0.850000 0.200000 0.025000 1.000000
0.850000 0.200000 0.025000 1.000000
0.850000 0.200000 0.025000 1.000000
0.850000 0.200000 0.025000 1.000000
0.850000 0.200000 0.025000 1.000000
0.850000 0.200000 0.025000 1.000000
0.850000 0.200000 0.025000 1.000000
0.850000 0.200000 0.025000 1.000000
0.850000 0.200000 0.025000 1.000000
0.850000 0.200000 0.025000 1.000000
0.850000 0.200000 0.025000 1.000000
0.850000 0.200000 0.025000 1.000000
0.850000 0.200000 0.025000 1.000000
0.850000 0.200000 0.025000 1.000000
0.850000 0.200000 0.025000 1.000000
0.850000 0.200000 0.025000 1.000000
0.850000 0.200000 0.025000 1.000000
0.850000 0.200000 0.025000 1.000000
0.850000 0.200000 0.025000 1.000000
0.850000 0.200000 0.025000 1.000000
0.850000 0.200000 0.025000 1.000000
0.850000 0.200000 0.025000 1.000000
0.850000 0.200000 0.025000 1.000000
0.850000 0.200000 0.025000 1.000000
0.850000 0.200000 0.025000 1.000000
0.850000 0.200000 0.025000 1.000000
0.850000 0.200000 0.025000 1.000000
0.850000 0.200000 0.025000 1.000000
0.850000 0.200000 0.025000 1.000000
0.850000 0.200000 0.025000 1.000000
0.850000 0.200000 0.025000 1.000000
0.850000 0.200000 0.025000 1.000000
0.850000 0.200000 0.025000 1.000000
0.850000 0.200000 0.025000 1.000000
0.850000 0.200000 0.025000 1.000000
0.850000 0.200000 0.025000 1.000000
0.850000 0.200000 0.025000 1.000000
0.850000 0.200000 0.025000 1.000000
0.850000 0.200000 0.025000 1.000000
0.850000 0.200000 0.025000 1.000000
0.850000 0.200000 0.025000 1.000000
0.850000 0.200000 0.025000 1.000000
0.850000 0.200000 0.025000 1.000000
0.850000 0.200000 0.025000 1.000000
0.850000 0.200000 0.025000 1.000000
0.850000 0.200000 0.025000 1.000000
0.850000 0.200000 0.025000 1.000000
0.850000 0.200000 0.025000 1.000000
0.850000 0.200000 0.025000 1.000000
0.850000 0.200000 0.025000 1.000000
0.850000 0.200000 0.025000 1.000000
0.850000 0.200000 0.025000 1.000000
0.850000 0.200000 0.025000 1.000000
0.850000 0.200000 0.025000 1.000000
0.850000 0.200000 0.025000 1.000000
0.850000 0.200000 0.025000 1.000000
0.850000 0.200000 0.025000 1.000000
0.850000 0.200000 0.025000 1.000000
0.850000 0.200000 0.025000 1.000000
0.850000 0.200000 0.025000 1.000000
0.850000 0.200000 0.025000 1.000000
0.850000 0.200000 0.025000 1.000000
0.850000 0.200000 0.025000 1.000000
0.850000 0.200000 0.025000 1.000000
0.850000 0.200000 0.025000 1.000000
0.850000 0.200000 0.025000 1.000000
0.850000 0.200000 0.025000 1.000000
0.850000 0.200000 0.025000 1.000000
0.850000 0.200000 0.025000 1.000000
0.850000 0.200000 0.025000 1.000000
0.850000 0.200000 0.025000 1.000000
0.850000 0.200000 0.025000 1.000000
0.850000 0.200000 0.025000 1.000000
0.850000 0.200000 0.025000 1.000000
0.850000 0.200000 0.025000 1.000000
0.850000 0.200000 0.025000 1.000000
0.850000 0.200000 0.025000 1.000000
0.850000 0.200000 0.025000 1.000000
0.850000 0.200000 0.025000 1.000000
0.850000 0.200000 0.025000 1.000000
0.850000 0.200000 0.025000 1.000000
0.850000 0.200000 0.025000 1.000000
0.850000 0.200000 0.025000 1.000000
0.850000 0.200000 0.025000 1.000000
0.850000 0.200000 0.025000 1.000000
0.850000 0.200000 0.025000 1.000000
0.850000 0.200000 0.025000 1.000000
0.850000 0.200000 0.025000 1.000000
0.850000 0.200000 0.025000 1.000000
0.850000 0.200000 0.025000 1.000000
0.850000 0.200000 0.025000 1.000000
0.850000 0.200000 0.025000 1.000000
0.850000 0.200000 0.025000 1.000000
0.850000 0.200000 0.025000 1.000000
0.850000 0.200000 0.025000 1.000000
0.850000 0.200000 0.025000 1.000000
0.850000 0.200000 0.025000 1.000000
0.850000 0.200000 0.025000 1.000000
0.850000 0.200000 0.025000 1.000000
0.850000 0.200000 0.025000 1.000000
0.850000 0.200000 0.025000 1.000000
0.850000 0.200000 0.025000 1.000000
0.850000 0.200000 0.025000 1.000000
0.850000 0.200000 0.025000 1.000000
0.850000 0.200000 0.025000 1.000000
0.850000 0.200000 0.025000 1.000000
0.850000 0.200000 0.025000 1.000000
0.850000 0.200000 0.025000 1.000000
0.850000 0.200000 0.025000 1.000000
0.850000 0.200000 0.025000 1.000000
0.850000 0.200000 0.025000 1.000000
0.850000 0.200000 0.025000 1.000000
0.850000 0.200000 0.025000 1.000000
0.850000 0.200000 0.025000 1.000000
0.850000 0.200000 0.025000 1.000000
0.850000 0.200000 0.025000 1.000000
0.850000 0.200000 0.025000 1.000000
0.850000 0.200000 0.025000 1.000000
0.850000 0.200000 0.025000 1.000000
0.850000 0.200000 0.025000 1.000000
0.850000 0.200000 0.025000 1.000000
0.850000 0.200000 0.025000 1.000000
0.850000 0.200000 0.025000 1.000000
0.850000 0.200000 0.025000 1.000000
0.850000 0.200000 0.025000 1.000000
0.850000 0.200000 0.025000 1.000000
0.850000 0.200000 0.025000 1.000000
0.850000 0.200000 0.025000 1.000000
0.850000 0.200000 0.025000 1.000000
0.850000 0.200000 0.025000 1.000000
0.850000 0.200000 0.025000 1.000000
0.850000 0.200000 0.025000 1.000000
0.850000 0.200000 0.025000 1.000000
0.850000 0.200000 0.025000 1.000000
0.850000 0.200000 0.025000 1.000000
0.850000 0.200000 0.025000 1.000000
0.850000 0.200000 0.025000 1.000000
0.850000 0.200000 0.025000 1.000000
0.850000 0.200000 0.025000 1.000000
0.850000 0.200000 0.025000 1.000000
0.850000 0.200000 0.025000 1.000000
0.850000 0.200000 0.025000 1.000000
0.850000 0.200000 0.025000 1.000000
0.850000 0.200000 0.025000 1.000000
0.850000 0.200000 0.025000 1.000000
0.850000 0.200000 0.025000 1.000000
0.850000 0.200000 0.025000 1.000000
0.850000 0.200000 0.025000 1.000000
0.850000 0.200000 0.025000 1.000000
0.850000 0.200000 0.025000 1.000000
0.850000 0.200000 0.025000 1.000000
0.850000 0.200000 0.025000 1.000000
0.850000 0.200000 0.025000 1.000000
0.850000 0.200000 0.025000 1.000000
0.850000 0.200000 0.025000 1.000000
0.850000 0.200000 0.025000 1.000000
0.850000 0.200000 0.025000 1.000000
0.850000 0.200000 0.025000 1.000000
0.850000 0.200000 0.025000 1.000000
0.850000 0.200000 0.025000 1.000000
0.850000 0.200000 0.025000 1.000000
0.850000 0.200000 0.025000 1.000000
0.850000 0.200000 0.025000 1.000000
0.850000 0.200000 0.025000 1.000000
0.850000 0.200000 0.025000 1.000000
0.850000 0.200000 0.025000 1.000000
0.850000 0.200000 0.025000 1.000000
0.850000 0.200000 0.025000 1.000000
0.850000 0.200000 0.025000 1.000000
0.850000 0.200000 0.025000 1.000000
0.850000 0.200000 0.025000 1.000000
0.850000 0.200000 0.025000 1.000000
0.850000 0.200000 0.025000 1.000000
0.850000 0.200000 0.025000 1.000000
0.850000 0.200000 0.025000 1.000000
0.850000 0.200000 0.025000 1.000000
0.850000 0.200000 0.025000 1.000000
0.850000 0.200000 0.025000 1.000000
0.850000 0.200000 0.025000 1.000000
0.850000 0.200000 0.025000 1.000000
0.850000 0.200000 0.025000 1.000000
0.850000 0.200000 0.025000 1.000000
0.850000 0.200000 0.025000 1.000000
0.850000 0.200000 0.025000 1.000000
0.850000 0.200000 0.025000 1.000000
0.850000 0.200000 0.025000 1.000000
0.850000 0.200000 0.025000 1.000000
0.850000 0.200000 0.025000 1.000000
0.850000 0.200000 0.025000 1.000000
0.850000 0.200000 0.025000 1.000000
0.850000 0.200000 0.025000 1.000000
0.850000 0.200000 0.025000 1.000000
0.850000 0.200000 0.025000 1.000000
0.850000 0.200000 0.025000 1.000000
0.850000 0.200000 0.025000 1.000000
0.850000 0.200000 0.025000 1.000000
0.850000 0.200000 0.025000 1.000000
0.850000 0.200000 0.025000 1.000000
0.850000 0.200000 0.025000 1.000000
0.850000 0.200000 0.025000 1.000000
0.850000 0.200000 0.025000 1.000000
0.850000 0.200000 0.025000 1.000000
0.850000 0.200000 0.025000 1.000000
0.850000 0.200000 0.025000 1.000000
0.850000 0.200000 0.025000 1.000000
0.850000 0.200000 0.025000 1.000000
0.850000 0.200000 0.025000 1.000000
0.850000 0.200000 0.025000 1.000000
0.850000 0.200000 0.025000 1.000000
0.850000 0.200000 0.025000 1.000000
0.850000 0.200000 0.025000 1.000000
0.850000 0.200000 0.025000 1.000000
0.850000 0.200000 0.025000 1.000000
0.850000 0.200000 0.025000 1.000000
0.850000 0.200000 0.025000 1.000000
0.850000 0.200000 0.025000 1.000000
0.850000 0.200000 0.025000 1.000000
0.850000 0.200000 0.025000 1.000000
0.850000 0.200000 0.025000 1.000000
0.850000 0.200000 0.025000 1.000000
0.850000 0.200000 0.025000 1.000000
0.850000 0.200000 0.025000 1.000000
0.850000 0.200000 0.025000 1.000000
0.850000 0.200000 0.025000 1.000000
0.850000 0.200000 0.025000 1.000000
0.850000 0.200000 0.025000 1.000000
0.850000 0.200000 0.025000 1.000000
0.850000 0.200000 0.025000 1.000000
0.850000 0.200000 0.025000 1.000000
0.850000 0.200000 0.025000 1.000000
0.850000 0.200000 0.025000 1.000000
0.850000 0.200000 0.025000 1.000000
0.850000 0.200000 0.025000 1.000000
0.850000 0.200000 0.025000 1.000000
0.850000 0.200000 0.025000 1.000000
0.850000 0.200000 0.025000 1.000000
0.850000 0.200000 0.025000 1.000000
0.850000 0.200000 0.025000 1.000000
0.850000 0.200000 0.025000 1.000000
0.850000 0.200000 0.025000 1.000000
0.850000 0.200000 0.025000 1.000000
0.850000 0.200000 0.025000 1.000000
0.850000 0.200000 0.025000 1.000000
0.850000 0.200000 0.025000 1.000000
0.850000 0.200000 0.025000 1.000000
0.850000 0.200000 0.025000 1.000000
0.850000 0.200000 0.025000 1.000000
0.850000 0.200000 0.025000 1.000000
0.850000 0.200000 0.025000 1.000000
0.850000 0.200000 0.025000 1.000000
0.850000 0.200000 0.025000 1.000000
0.850000 0.200000 0.025000 1.000000
0.850000 0.200000 0.025000 1.000000
0.850000 0.200000 0.025000 1.000000
0.850000 0.200000 0.025000 1.000000
0.850000 0.200000 0.025000 1.000000
0.850000 0.200000 0.025000 1.000000
0.850000 0.200000 0.025000 1.000000
0.850000 0.200000 0.025000 1.000000
0.850000 0.200000 0.025000 1.000000
0.850000 0.200000 0.025000 1.000000
0.850000 0.200000 0.025000 1.000000
0.850000 0.200000 0.025000 1.000000
0.850000 0.200000 0.025000 1.000000
0.850000 0.200000 0.025000 1.000000
0.850000 0.200000 0.025000 1.000000
0.850000 0.200000 0.025000 1.000000
0.850000 0.200000 0.025000 1.000000
0.850000 0.200000 0.025000 1.000000
0.850000 0.200000 0.025000 1.000000
0.850000 0.200000 0.025000 1.000000
0.850000 0.200000 0.025000 1.000000
0.850000 0.200000 0.025000 1.000000
0.850000 0.200000 0.025000 1.000000
0.850000 0.200000 0.025000 1.000000
0.850000 0.200000 0.025000 1.000000
0.850000 0.200000 0.025000 1.000000
0.850000 0.200000 0.025000 1.000000
0.850000 0.200000 0.025000 1.000000
0.850000 0.200000 0.025000 1.000000
0.850000 0.200000 0.025000 1.000000
0.850000 0.200000 0.025000 1.000000
0.850000 0.200000 0.025000 1.000000
0.850000 0.200000 0.025000 1.000000
0.850000 0.200000 0.025000 1.000000
0.850000 0.200000 0.025000 1.000000
0.850000 0.200000 0.025000 1.000000
0.850000 0.200000 0.025000 1.000000
0.850000 0.200000 0.025000 1.000000
0.850000 0.200000 0.025000 1.000000
0.850000 0.200000 0.025000 1.000000
0.850000 0.200000 0.025000 1.000000
0.850000 0.200000 0.025000 1.000000
0.850000 0.200000 0.025000 1.000000
0.850000 0.200000 0.025000 1.000000
0.850000 0.200000 0.025000 1.000000
0.850000 0.200000 0.025000 1.000000
0.850000 0.200000 0.025000 1.000000
0.850000 0.200000 0.025000 1.000000
0.850000 0.200000 0.025000 1.000000
0.850000 0.200000 0.025000 1.000000
0.850000 0.200000 0.025000 1.000000
0.850000 0.200000 0.025000 1.000000
0.850000 0.200000 0.025000 1.000000
0.850000 0.200000 0.025000 1.000000
0.850000 0.200000 0.025000 1.000000
0.850000 0.200000 0.025000 1.000000
0.850000 0.200000 0.025000 1.000000
0.850000 0.200000 0.025000 1.000000
0.850000 0.200000 0.025000 1.000000
0.850000 0.200000 0.025000 1.000000
0.850000 0.200000 0.025000 1.000000
0.850000 0.200000 0.025000 1.000000
0.850000 0.200000 0.025000 1.000000
0.850000 0.200000 0.025000 1.000000
0.850000 0.200000 0.025000 1.000000
0.850000 0.200000 0.025000 1.000000
0.850000 0.200000 0.025000 1.000000
0.850000 0.200000 0.025000 1.000000
0.850000 0.200000 0.025000 1.000000
0.850000 0.200000 0.025000 1.000000
0.850000 0.200000 0.025000 1.000000
0.850000 0.200000 0.025000 1.000000
0.850000 0.200000 0.025000 1.000000
0.850000 0.200000 0.025000 1.000000
0.850000 0.200000 0.025000 1.000000
0.850000 0.200000 0.025000 1.000000
0.850000 0.200000 0.025000 1.000000
0.850000 0.200000 0.025000 1.000000
0.850000 0.200000 0.025000 1.000000
0.850000 0.200000 0.025000 1.000000
0.850000 0.200000 0.025000 1.000000
0.850000 0.200000 0.025000 1.000000
0.850000 0.200000 0.025000 1.000000
0.850000 0.200000 0.025000 1.000000
0.850000 0.200000 0.025000 1.000000
0.850000 0.200000 0.025000 1.000000
0.850000 0.200000 0.025000 1.000000
0.850000 0.200000 0.025000 1.000000
0.850000 0.200000 0.025000 1.000000
0.850000 0.200000 0.025000 1.000000
0.850000 0.200000 0.025000 1.000000
0.850000 0.200000 0.025000 1.000000
0.850000 0.200000 0.025000 1.000000
0.850000 0.200000 0.025000 1.000000
0.850000 0.200000 0.025000 1.000000
0.850000 0.200000 0.025000 1.000000
0.850000 0.200000 0.025000 1.000000
0.850000 0.200000 0.025000 1.000000
<Indices>: 7452
0 1 2
0 2 3
4 5 6
4 6 7
8 9 10
8 10 11
12 13 14
12 14 15
16 17 18
16 18 19
20 21 22
20 22 23
24 25 26
24 26 27
28 29 30
28 30 31
32 33 34
32 34 35
36 37 38
36 38 39
40 41 42
40 42 43
44 45 46
44 46 47
48 49 50
48 50 51
52 53 54
52 54 55
56 57 58
56 58 59
60 61 62
60 62 63
64 65 66
64 66 67
68 69 70
68 70 71
72 73 74
72 74 75
76 77 78
76 78 79
80 81 82
80 82 83
84 85 86
84 86 87
88 89 90
88 90 91
92 93 94
92 94 95
96 97 98
96 98 99
100 101 102
100 102 103
104 105 106
104 106 107
108 109 110
108 110 111
112 113 114
112 114 115
116 117 118
116 118 119
120 121 122
120 122 123
124 125 126
124 126 127
128 129 130
128 130 131
132 133 134
132 134 135
136 137 138
136 138 139
140 141 142
140 142 143
144 145 146
144 146 147
148 149 150
148 150 151
152 153 154
152 154 155
156 157 158
156 158 159
160 161 162
160 162 163
164 165 166
164 166 167
168 169 170
168 170 171
172 173 174
172 174 175
176 177 178
176 178 179
180 181 182
180 182 183
184 185 186
184 186 187
188 189 190
188 190 191
192 193 194
192 194 195
196 197 198
196 198 199
200 201 202
200 202 203
204 205 206
204 206 207
208 209 210
208 210 211
212 213 214
212 214 215
216 217 218
216 218 219
220 221 222
220 222 223
224 225 226
224 226 227
228 229 230
228 230 231
232 233 234
232 234 235
236 237 238
236 238 239
240 241 242
240 242 243
244 245 246
244 246 247
248 249 250
248 250 251
252 253 254
252 254 255
256 257 258
256 258 259
260 261 262
260 262 263
264 265 266
264 266 267
268 269 270
268 270 271
272 273 274
272 274 275
276 277 278
276 278 279
280 281 282
280 282 283
284 285 286
284 286 287
288 289 290
288 290 291
292 293 294
292 294 295
296 297 298
296 298 299
300 301 302
300 302 303
304 305 306
304 306 307
308 309 310
308 310 311
312 313 314
312 314 315
316 317 318
316 318 319
320 321 322
320 322 323
324 325 326
324 326 327
328 329 330
328 330 331
332 333 334
332 334 335
336 337 338
336 338 339
340 341 342
340 342 343
344 345 346
344 346 347
348 349 350
348 350 351
352 353 354
352 354 355
356 357 358
356 358 359
360 361 362
360 362 363
364 365 366
364 366 367
368 369 370
368 370 371
372 373 374
372 374 375
376 377 378
376 378 379
380 381 382
380 382 383
384 385 386
384 386 387
388 389 390
388 390 391
392 393 394
392 394 395
396 397 398
396 398 399
400 401 402
400 402 403
404 405 406
404 406 407
408 409 410
408 410 411
412 413 414
412 414 415
416 417 418
416 418 419
420 421 422
420 422 423
424 425 426
424 426 427
428 429 430
428 430 431
432 433 434
432 434 435
436 437 438
436 438 439
440 441 442
440 442 443
444 445 446
444 446 447
448 449 450
448 450 451
452 453 454
452 454 455
456 457 458
456 458 459
460 461 462
460 462 463
464 465 466
464 466 467
468 469 470
468 470 471
472 473 474
472 474 475
476 477 478
476 478 479
480 481 482
480 482 483
484 485 486
484 486 487
488 489 490
488 490 491
492 493 494
492 494 495
496 497 498
496 498 499
500 501 502
500 502 503
504 505 506
504 506 507
508 509 510
508 510 511
512 513 514
512 514 515
516 517 518
516 518 519
520 521 522
520 522 523
524 525 526
524 526 527
528 529 530
528 530 531
532 533 534
532 534 535
536 537 538
536 538 539
540 541 542
540 542 543
544 545 546
544 546 547
548 549 550
548 550 551
552 553 554
552 554 555
556 557 558
556 558 559
560 561 562
560 562 563
564 565 566
564 566 567
568 569 570
568 570 571
572 573 574
572 574 575
576 577 578
576 578 579
580 581 582
580 582 583
584 585 586
584 586 587
588 589 590
588 590 591
592 593 594
592 594 595
596 597 598
596 598 599
600 601 602
600 602 603
604 605 606
604 606 607
608 609 610
608 610 611
612 613 614
612 614 615
616 617 618
616 618 619
620 621 622
620 622 623
624 625 626
624 626 627
628 629 630
628 630 631
632 633 634
632 634 635
636 637 638
636 638 639
640 641 642
640 642 643
644 645 646
644 646 647
648 649 650
648 650 651
652 653 654
652 654 655
656 657 658
656 658 659
660 661 662
660 662 663
664 665 666
664 666 667
668 669 670
668 670 671
672 673 674
672 674 675
676 677 678
676 678 679
680 681 682
680 682 683
684 685 686
684 686 687
688 689 690
688 690 691
692 693 694
692 694 695
696 697 698
696 698 699
700 701 702
700 702 703
704 705 706
704 706 707
708 709 710
708 710 711
712 713 714
712 714 715
716 717 718
716 718 719
720 721 722
720 722 723
724 725 726
724 726 727
728 729 730
728 730 731
732 733 734
732 734 735
736 737 738
736 738 739
740 741 742
740 742 743
744 745 746
744 746 747
748 749 750
748 750 751
752 753 754
752 754 755
756 757 758
756 758 759
760 761 762
760 762 763
764 765 766
764 766 767
768 769 770
768 770 771
772 773 774
772 774 775
776 777 778
776 778 779
780 781 782
780 782 783
784 785 786
784 786 787
788 789 790
788 790 791
792 793 794
792 794 795
796 797 798
796 798 799
800 801 802
800 802 803
804 805 806
804 806 807
808 809 810
808 810 811
812 813 814
812 814 815
816 817 818
816 818 819
820 821 822
820 822 823
824 825 826
824 826 827
828 829 830
828 830 831
832 833 834
832 834 835
836 837 838
836 838 839
840 841 842
840 842 843
844 845 846
844 846 847
848 849 850
848 850 851
852 853 854
852 854 855
856 857 858
856 858 859
860 861 862
860 862 863
864 865 866
864 866 867
868 869 870
868 870 871
872 873 874
872 874 875
876 877 878
876 878 879
880 881 882
880 882 883
884 885 886
884 886 887
888 889 890
888 890 891
892 893 894
892 894 895
896 897 898
896 898 899
900 901 902
900 902 903
904 905 906
904 906 907
908 909 910
908 910 911
912 913 914
912 914 915
916 917 918
916 918 919
920 921 922
920 922 923
924 925 926
924 926 927
928 929 930
928 930 931
932 933 934
932 934 935
936 937 938
936 938 939
940 941 942
940 942 943
944 945 946
944 946 947
948 949 950
948 950 951
952 953 954
952 954 955
956 957 958
956 958 959
960 961 962
960 962 963
964 965 966
964 966 967
968 969 970
968 970 971
972 973 974
972 974 975
976 977 978
976 978 979
884 980 981
884 981 982
983 984 985
983 985 986
987 988 989
987 989 990
991 992 993
991 993 994
995 996 997
995 997 998
999 1000 956
999 956 1001
1002 1003 1004
1002 1004 1005
1006 1007 1008
1006 1008 1009
1010 1011 1012
1010 1012 1013
1014 1015 1016
1014 1016 1017
1018 1019 1020
1018 1020 1021
1022 1023 920
1022 920 1024
1025 1026 1027
1025 1027 1028
1029 1030 1031
1029 1031 1032
948 1033 1034
948 1034 1035
1036 1037 1038
1036 1038 1039
1040 1041 1042
1040 1042 1043
1044 1045 1046
1044 1046 1047
1048 1049 1050
1048 1050 1051
1052 1053 1054
1052 1054 1055
1056 1057 1058
1056 1058 1059
1060 1061 1062
1060 1062 1063
1064 1065 1066
1064 1066 1067
1068 1069 1070
1068 1070 1071
1072 1073 1074
1072 1074 1075
1076 1077 1078
1076 1078 1079
1080 1081 1082
1080 1082 1083
1084 1085 1086
1084 1086 1087
1088 1089 1090
1088 1090 1091
1092 1093 1094
1092 1094 1095
1096 1097 1098
1096 1098 1099
1100 1101 1102
1100 1102 1103
1104 1105 1106
1104 1106 1107
1108 1109 1110
1108 1110 1111
1112 1113 1114
1112 1114 1115
1116 1117 1118
1116 1118 1119
1120 1121 1122
1120 1122 1123
1124 1125 1126
1124 1126 1127
1128 1129 1130
1128 1130 1131
1132 1133 1134
1132 1134 1135
1136 1137 1138
1136 1138 1139
1140 1141 1142
1140 1142 1143
1144 1145 1146
1144 1146 1147
1148 1149 1150
1148 1150 1151
1152 1153 1154
1152 1154 1155
1156 1157 1158
1156 1158 1159
1160 1161 1162
1160 1162 1163
1164 1165 1166
1164 1166 1167
1168 1169 1170
1168 1170 1171
1172 1173 1174
1172 1174 1175
1176 1177 1178
1176 1178 1179
1180 1181 1182
1180 1182 1183
1184 1185 1186
1184 1186 1187
1188 1189 1190
1188 1190 1191
1192 1193 1194
1192 1194 1195
1196 1129 1197
1196 1197 1198
1199 1200 1201
1199 1201 1202
1203 1204 1205
1203 1205 1206
1207 1208 1209
1207 1209 1149
1210 1211 1212
1210 1212 1213
1214 1215 1216
1214 1216 1217
1218 1219 1220
1218 1220 1221
1222 1223 1224
1222 1224 1225
1226 1227 1228
1226 1228 1229
1230 1231 1232
1230 1232 1113
1233 1234 1235
1233 1235 1236
1237 1238 1239
1237 1239 1240
1241 1242 1243
1241 1243 1244
1245 1246 1247
1245 1247 1248
1249 1185 1250
1249 1250 1251
1252 1253 1254
1252 1254 1255
1256 1257 1258
1256 1258 1259
1260 1261 1262
1260 1262 1263
1264 1265 1266
1264 1266 1267
1268 1269 1270
1268 1270 1271
1272 1273 1274
1272 1274 1275
1276 1277 1278
1276 1278 1279
1280 1281 1282
1280 1282 1283
1284 1285 1286
1284 1286 1287
1288 1289 1290
1288 1290 1291
1292 1293 1294
1292 1294 1295
1296 1297 1298
1296 1298 1299
1300 1301 1302
1300 1302 1303
1304 1305 1306
1304 1306 1307
1308 1309 1310
1308 1310 1311
1312 1313 1314
1312 1314 1315
1316 1317 1318
1316 1318 1319
1320 1321 1322
1320 1322 1323
1324 1325 1326
1324 1326 1327
1328 1329 1330
1328 1330 1331
1332 1333 1334
1332 1334 1335
1336 1337 1338
1336 1338 1339
1340 1341 1342
1340 1342 1343
1344 1345 1346
1344 1346 1347
1348 1349 1350
1348 1350 1351
1352 1353 1354
1352 1354 1355
1356 1357 1358
1356 1358 1359
1360 1361 1362
1360 1362 1363
1364 1365 1366
1364 1366 1367
1368 1369 1370
1368 1370 1371
1372 1373 1374
1372 1374 1375
1376 1377 1378
1376 1378 1379
1380 1381 1382
1380 1382 1383
1384 1385 1386
1384 1386 1387
1388 1389 1390
1388 1390 1391
1392 1393 1394
1392 1394 1395
1396 1397 1398
1396 1398 1399
1400 1401 1402
1400 1402 1403
1404 1405 1406
1404 1406 1407
1408 1341 1409
1408 1409 1410
1411 1412 1413
1411 1413 1414
1415 1416 1417
1415 1417 1418
1419 1420 1421
1419 1421 1361
1422 1423 1424
1422 1424 1425
1426 1427 1428
1426 1428 1429
1430 1431 1432
1430 1432 1433
1434 1435 1436
1434 1436 1437
1438 1439 1440
1438 1440 1441
1442 1443 1444
1442 1444 1325
1445 1446 1447
1445 1447 1448
1449 1450 1451
1449 1451 1452
1453 1454 1455
1453 1455 1456
1457 1458 1459
1457 1459 1460
1461 1397 1462
1461 1462 1463
1464 1465 1466
1464 1466 1467
1468 1469 1470
1468 1470 1471
1472 1473 1474
1472 1474 1475
1476 1477 1478
1476 1478 1479
1480 1481 1482
1480 1482 1483
1484 1485 1486
1484 1486 1487
1488 1489 1490
1488 1490 1491
1492 1493 1494
1492 1494 1495
1496 1497 1498
1496 1498 1499
1500 1501 1502
1500 1502 1503
1504 1505 1506
1504 1506 1507
1508 1509 1510
1508 1510 1511
1512 1513 1514
1512 1514 1515
1516 1517 1518
1516 1518 1519
1520 1521 1522
1520 1522 1523
1524 1525 1526
1524 1526 1527
1528 1529 1530
1528 1530 1531
1532 1533 1534
1532 1534 1535
1536 1537 1538
1536 1538 1539
1540 1541 1542
1540 1542 1543
1544 1545 1546
1544 1546 1547
1548 1549 1550
1548 1550 1551
1552 1553 1554
1552 1554 1555
1556 1557 1558
1556 1558 1559
1560 1561 1562
1560 1562 1563
1564 1565 1566
1564 1566 1567
1568 1569 1570
1568 1570 1571
1572 1573 1574
1572 1574 1575
1576 1577 1578
1576 1578 1579
1580 1581 1582
1580 1582 1583
1584 1585 1586
1584 1586 1587
1588 1589 1590
1588 1590 1591
1592 1593 1594
1592 1594 1595
1596 1597 1598
1596 1598 1599
1600 1601 1602
1600 1602 1603
1604 1605 1606
1604 1606 1607
1608 1609 1610
1608 1610 1611
1612 1613 1614
1612 1614 1615
1616 1617 1618
1616 1618 1619
1620 1553 1621
1620 1621 1622
1623 1624 1625
1623 1625 1626
1627 1628 1629
1627 1629 1630
1631 1632 1633
1631 1633 1573
1634 1635 1636
1634 1636 1637
1638 1639 1640
1638 1640 1641
1642 1643 1644
1642 1644 1645
1646 1647 1648
1646 1648 1649
1650 1651 1652
1650 1652 1653
1654 1655 1656
1654 1656 1537
1657 1658 1659
1657 1659 1660
1661 1662 1663
1661 1663 1664
1665 1666 1667
1665 1667 1668
1669 1670 1671
1669 1671 1672
1673 1609 1674
1673 1674 1675
1676 1677 1678
1676 1678 1679
1680 1541 1681
1680 1681 1682
1683 1684 1685
1683 1685 1686
1687 1688 1689
1687 1689 1690
1691 1692 1693
1691 1693 1694
1695 1696 1697
1695 1697 1698
1699 1700 1701
1699 1701 1702
1703 1613 1704
1703 1704 1705
1706 1707 1708
1706 1708 1709
1710 1711 1712
1710 1712 1713
1714 1715 1716
1714 1716 1717
1718 1719 1720
1718 1720 1721
1722 1723 1724
1722 1724 1725
1726 1727 1728
1726 1728 1729
1730 1731 1732
1730 1732 1733
1734 1735 1736
1734 1736 1737
1738 1739 1740
1738 1740 1741
1742 1743 1744
1742 1744 1745
1746 1747 1748
1746 1748 1749
1750 1751 1752
1750 1752 1753
1754 1755 1756
1754 1756 1757
1758 1759 1760
1758 1760 1761
1762 1763 1764
1762 1764 1765
1766 1767 1768
1766 1768 1769
1770 1771 1772
1770 1772 1773
1774 1775 1776
1774 1776 1777
1778 1779 1780
1778 1780 1781
1782 1783 1784
1782 1784 1785
1786 1787 1788
1786 1788 1789
1790 1791 1792
1790 1792 1793
1794 1795 1796
1794 1796 1797
1798 1799 1800
1798 1800 1801
1802 1803 1804
1802 1804 1805
1806 1807 1808
1806 1808 1809
1810 1811 1812
1810 1812 1813
1814 1815 1816
1814 1816 1817
1818 1819 1820
1818 1820 1821
1822 1823 1824
1822 1824 1825
1826 1827 1828
1826 1828 1731
1829 1763 1830
1829 1830 1831
1832 1833 1834
1832 1834 1835
1836 1837 1838
1836 1838 1839
1840 1841 1842
1840 1842 1783
1843 1803 1844
1843 1844 1845
1846 1847 1848
1846 1848 1849
1850 1851 1852
1850 1852 1853
1854 1855 1856
1854 1856 1857
1858 1859 1860
1858 1860 1861
1862 1863 1864
1862 1864 1747
1865 1767 1866
1865 1866 1867
1868 1869 1870
1868 1870 1871
1872 1873 1874
1872 1874 1875
1876 1877 1878
1876 1878 1795
1879 1819 1880
1879 1880 1881
1882 1883 1884
1882 1884 1885
1886 1887 1888
1886 1888 1889
1890 1891 1892
1890 1892 1893
1894 1895 1896
1894 1896 1897
1898 1899 1900
1898 1900 1901
1902 1903 1904
1902 1904 1905
1906 1907 1908
1906 1908 1909
1910 1911 1912
1910 1912 1913
1914 1915 1916
1914 1916 1917
1918 1919 1920
1918 1920 1921
1922 1923 1924
1922 1924 1925
1926 1927 1928
1926 1928 1929
1930 1931 1932
1930 1932 1933
1934 1935 1936
1934 1936 1937
1938 1939 1940
1938 1940 1941
1942 1943 1944
1942 1944 1945
1946 1947 1948
1946 1948 1949
1950 1951 1952
1950 1952 1953
1954 1955 1956
1954 1956 1957
1958 1959 1960
1958 1960 1961
1962 1963 1964
1962 1964 1965
1966 1967 1968
1966 1968 1969
1970 1971 1972
1970 1972 1973
1974 1975 1976
1974 1976 1977
1978 1979 1980
1978 1980 1981
1982 1983 1984
1982 1984 1985
1986 1987 1988
1986 1988 1989
1990 1991 1992
1990 1992 1993
1994 1995 1996
1994 1996 1997
1998 1999 2000
1998 2000 2001
2002 2003 2004
2002 2004 2005
2006 2007 2008
2006 2008 2009
2010 2011 2012
2010 2012 2013
2014 2015 2016
2014 2016 2017
2018 2019 2020
2018 2020 2021
2022 2023 2024
2022 2024 2025
2026 2027 2028
2026 2028 2029
2030 2031 2032
2030 2032 2033
2034 2035 2036
2034 2036 2037
2038 2039 2040
2038 2040 2041
2042 2043 2044
2042 2044 2045
2046 2047 2048
2046 2048 1946
2049 2050 2051
2049 2051 2052
2053 2054 2055
2053 2055 2056
2057 2018 2058
2057 2058 2059
2060 2061 2062
2060 2062 2063
2064 1998 2065
2064 2065 2066
2067 2068 2069
2067 2069 2070
2071 2072 2073
2071 2073 2074
2075 2076 2077
2075 2077 2078
2079 2080 2081
2079 2081 2082
2083 2084 2085
2083 2085 1982
2086 2087 2088
2086 2088 2089
2090 2091 2092
2090 2092 2093
2094 2095 2096
2094 2096 2097
2098 2099 2100
2098 2100 2101
2102 2103 2104
2102 2104 2105
2106 2107 2108
2106 2108 2109
2110 2111 2112
2110 2112 2113
2114 2115 2116
2114 2116 2117
2118 2119 2120
2118 2120 2121
2122 2123 2124
2122 2124 2125
2126 2127 2128
2126 2128 2129
2130 2131 2132
2130 2132 2133
2134 2135 2136
2134 2136 2137
2138 2139 2140
2138 2140 2141
2142 2143 2144
2142 2144 2145
2146 2147 2148
2146 2148 2149
2150 2151 2152
2150 2152 2153
2154 2155 2156
2154 2156 2157
2158 2159 2160
2158 2160 2161
2162 2163 2164
2162 2164 2165
2166 2167 2168
2166 2168 2169
2170 2171 2172
2170 2172 2173
2174 2175 2176
2174 2176 2177
2178 2179 2180
2178 2180 2181
2182 2183 2184
2182 2184 2185
2186 2187 2188
2186 2188 2189
2190 2191 2192
2190 2192 2193
2194 2195 2196
2194 2196 2197
2198 2199 2200
2198 2200 2201
2202 2203 2204
2202 2204 2205
2206 2207 2208
2206 2208 2209
2210 2211 2212
2210 2212 2213
2214 2215 2216
2214 2216 2217
2218 2219 2220
2218 2220 2221
2222 2223 2224
2222 2224 2225
2226 2227 2228
2226 2228 2229
2230 2231 2232
2230 2232 2233
2234 2235 2236
2234 2236 2237
2238 2239 2240
2238 2240 2241
2242 2243 2244
2242 2244 2245
2246 2247 2248
2246 2248 2249
2250 2251 2252
2250 2252 2253
2254 2255 2256
2254 2256 2257
2258 2259 2260
2258 2260 2261
2262 2263 2264
2262 2264 2265
2266 2267 2268
2266 2268 2269
2270 2271 2272
2270 2272 2273
2274 2275 2276
2274 2276 2277
2278 2279 2280
2278 2280 2281
2282 2283 2284
2282 2284 2285
2286 2287 2288
2286 2288 2289
2290 2291 2292
2290 2292 2293
2294 2295 2296
2294 2296 2297
2298 2299 2300
2298 2300 2301
2302 2303 2304
2302 2304 2305
2306 2307 2308
2306 2308 2309
2158 2310 2311
2158 2311 2312
2313 2314 2315
2313 2315 2316
2317 2318 2319
2317 2319 2320
2321 2322 2210
2321 2210 2323
2324 2325 2326
2324 2326 2327
2328 2329 2194
2328 2194 2330
2230 2331 2332
2230 2332 2333
2334 2335 2336
2334 2336 2337
2338 2339 2340
2338 2340 2341
2342 2343 2344
2342 2344 2345
2346 2347 2348
2346 2348 2349
2350 2351 2352
2350 2352 2353
2354 2355 2356
2354 2356 2357
2358 2359 2360
2358 2360 2361
2362 2363 2364
2362 2364 2365
2366 2367 2368
2366 2368 2369
2370 2371 2372
2370 2372 2373
2374 2375 2376
2374 2376 2377
2378 2379 2380
2378 2380 2381
2382 2383 2384
2382 2384 2385
2386 2387 2388
2386 2388 2389
2390 2391 2392
2390 2392 2393
2394 2395 2396
2394 2396 2397
2398 2399 2400
2398 2400 2401
2402 2403 2404
2402 2404 2405
2406 2407 2408
2406 2408 2409
2410 2411 2412
2410 2412 2413
2414 2415 2416
2414 2416 2417
2418 2419 2420
2418 2420 2421
2422 2423 2424
2422 2424 2425
2426 2427 2428
2426 2428 2429
2430 2431 2432
2430 2432 2433
2434 2435 2436
2434 2436 2437
2438 2439 2440
2438 2440 2441
2442 2443 2444
2442 2444 2445
2446 2447 2448
2446 2448 2449
2450 2451 2452
2450 2452 2453
2454 2455 2456
2454 2456 2457
2458 2459 2460
2458 2460 2461
2462 2463 2464
2462 2464 2465
2466 2467 2468
2466 2468 2469
2470 2471 2472
2470 2472 2473
2474 2475 2476
2474 2476 2415
2477 2478 2479
2477 2479 2480
2481 2482 2483
2481 2483 2484
2485 2486 2487
2485 2487 2488
2489 2490 2491
2489 2491 2492
2493 2494 2495
2493 2495 2496
2497 2498 2499
2497 2499 2379
2500 2501 2502
2500 2502 2503
2504 2505 2506
2504 2506 2507
2508 2509 2510
2508 2510 2511
2512 2513 2514
2512 2514 2515
2516 2517 2518
2516 2518 2519
2520 2521 2522
2520 2522 2523
2524 2525 2526
2524 2526 2527
2528 2529 2530
2528 2530 2531
2532 2533 2534
2532 2534 2535
2536 2537 2538
2536 2538 2539
2540 2541 2542
2540 2542 2543
2544 2545 2546
2544 2546 2547
2548 2549 2550
2548 2550 2551
2552 2553 2554
2552 2554 2555
2556 2557 2558
2556 2558 2559
2560 2561 2562
2560 2562 2563
2564 2565 2566
2564 2566 2567
2568 2569 2570
2568 2570 2571
2572 2573 2574
2572 2574 2575
2576 2577 2578
2576 2578 2579
2580 2581 2582
2580 2582 2583
2584 2585 2586
2584 2586 2587
2588 2589 2590
2588 2590 2591
2592 2593 2594
2592 2594 2595
2596 2597 2598
2596 2598 2599
2600 2601 2602
2600 2602 2603
2604 2605 2606
2604 2606 2607
2608 2609 2610
2608 2610 2611
2612 2613 2614
2612 2614 2615
2616 2617 2618
2616 2618 2619
2620 2621 2622
2620 2622 2623
2624 2625 2626
2624 2626 2627
2628 2629 2630
2628 2630 2631
2632 2633 2634
2632 2634 2635
2636 2637 2638
2636 2638 2639
2640 2641 2642
2640 2642 2643
2644 2645 2646
2644 2646 2647
2648 2649 2650
2648 2650 2651
2652 2653 2654
2652 2654 2655
2656 2657 2658
2656 2658 2659
2660 2661 2662
2660 2662 2663
2664 2665 2666
2664 2666 2667
2668 2669 2670
2668 2670 2671
2672 2673 2674
2672 2674 2577
2675 2609 2676
2675 2676 2677
2678 2679 2625
2678 2625 2680
2581 2681 2682
2581 2682 2683
2684 2685 2686
2684 2686 2629
2687 2649 2688
2687 2688 2689
2690 2691 2653
2690 2653 2692
2605 2693 2694
2605 2694 2695
2696 2697 2645
2696 2645 2698
2589 2699 2700
2589 2700 2701
2702 2703 2704
2702 2704 2593
2705 2613 2706
2705 2706 2707
2708 2709 2661
2708 2661 2710
2617 2711 2712
2617 2712 2713
2714 2715 2716
2714 2716 2641
2717 2665 2718
2717 2718 2719
2720 2721 2722
2720 2722 2723
2724 2725 2726
2724 2726 2727
2728 2729 2730
2728 2730 2731
2732 2733 2734
2732 2734 2735
2736 2737 2738
2736 2738 2739
2740 2741 2742
2740 2742 2743
2744 2745 2746
2744 2746 2747
2748 2749 2750
2748 2750 2751
2752 2753 2754
2752 2754 2755
2756 2757 2758
2756 2758 2759
2760 2761 2762
2760 2762 2763
2764 2765 2766
2764 2766 2767
2768 2769 2770
2768 2770 2771
2772 2773 2774
2772 2774 2775
2776 2777 2778
2776 2778 2779
2780 2781 2782
2780 2782 2783
2784 2785 2786
2784 2786 2787
2788 2789 2790
2788 2790 2791
2792 2793 2794
2792 2794 2795
2796 2797 2798
2796 2798 2799
2800 2801 2802
2800 2802 2803
2804 2805 2806
2804 2806 2807
2808 2809 2810
2808 2810 2811
2812 2813 2814
2812 2814 2815
2816 2817 2818
2816 2818 2819
2820 2821 2822
2820 2822 2823
2824 2825 2826
2824 2826 2827
2828 2829 2830
2828 2830 2831
2832 2833 2834
2832 2834 2835
2836 2837 2838
2836 2838 2839
2840 2841 2842
2840 2842 2843
2844 2845 2846
2844 2846 2847
2848 2849 2850
2848 2850 2851
2852 2853 2854
2852 2854 2855
2856 2857 2858
2856 2858 2859
2860 2861 2862
2860 2862 2863
2864 2865 2866
2864 2866 2867
2868 2869 2870
2868 2870 2871
2872 2873 2874
2872 2874 2875
2876 2877 2878
2876 2878 2879
2880 2881 2882
2880 2882 2883
2884 2885 2886
2884 2886 2887
2888 2889 2890
2888 2890 2891
2892 2893 2894
2892 2894 2895
2896 2897 2898
2896 2898 2899
2900 2901 2902
2900 2902 2903
2904 2905 2906
2904 2906 2907
2908 2909 2910
2908 2910 2911
2912 2913 2914
2912 2914 2915
2916 2917 2918
2916 2918 2919
2920 2921 2922
2920 2922 2923
2924 2925 2926
2924 2926 2927
2928 2929 2930
2928 2930 2931
2932 2933 2934
2932 2934 2935
2936 2937 2938
2936 2938 2939
2940 2941 2942
2940 2942 2943
2944 2945 2946
2944 2946 2947
2948 2949 2950
2948 2950 2951
2952 2953 2954
2952 2954 2955
2956 2957 2958
2956 2958 2959
2960 2961 2962
2960 2962 2963
2964 2965 2966
2964 2966 2967
2968 2969 2970
2968 2970 2971
2972 2973 2974
2972 2974 2975
2976 2977 2978
2976 2978 2979
2980 2981 2982
2980 2982 2983
2984 2985 2986
2984 2986 2987
2988 2989 2990
2988 2990 2991
2992 2993 2994
2992 2994 2995
2996 2997 2998
2996 2998 2999
3000 3001 3002
3000 3002 3003
3004 3005 3006
3004 3006 3007
3008 3009 3010
3008 3010 3011
3012 3013 3014
3012 3014 3015
3016 3017 3018
3016 3018 3019
3020 3021 3022
3020 3022 3023
3024 3025 3026
3024 3026 3027
3028 3029 3030
3028 3030 3031
3032 3033 3034
3032 3034 3035
3036 3037 3038
3036 3038 3039
3040 3041 3042
3040 3042 3043
3044 3045 3046
3044 3046 3047
3048 3049 3050
3048 3050 3051
3052 3053 3054
3052 3054 3055
3056 3057 3058
3056 3058 3059
3060 3061 3062
3060 3062 3063
3064 3065 3066
3064 3066 3067
3068 3069 3070
3068 3070 3071
3072 3073 3074
3072 3074 3075
3076 3077 3078
3076 3078 3079
3080 3081 3082
3080 3082 3083
3084 3085 3086
3084 3086 3087
3088 3089 3090
3088 3090 3091
3092 3025 3093
3092 3093 3094
3095 3096 3097
3095 3097 3098
3099 3100 3101
3099 3101 3102
3103 3104 3105
3103 3105 3106
3107 3108 3109
3107 3109 3110
3111 3112 3113
3111 3113 3114
3115 3116 3117
3115 3117 3118
3119 3120 3121
3119 3121 3122
3123 3124 3125
3123 3125 3126
3127 3128 3129
3127 3129 3130
3131 3132 3133
3131 3133 3134
3135 3136 3137
3135 3137 3138
3139 3140 3141
3139 3141 3142
3143 3144 3145
3143 3145 3146
3147 3148 3149
3147 3149 3150
3151 3152 3153
3151 3153 3154
3155 3156 3157
3155 3157 3158
3159 3160 3161
3159 3161 3162
3163 3164 3165
3163 3165 3166
3167 3168 3169
3167 3169 3170
3171 3172 3173
3171 3173 3174
3175 3176 3177
3175 3177 3178
3179 3180 3181
3179 3181 3182
3183 3184 3185
3183 3185 3186
3187 3188 3189
3187 3189 3190
3191 3192 3193
3191 3193 3194
3195 3196 3197
3195 3197 3198
3199 3200 3201
3199 3201 3202
3203 3204 3205
3203 3205 3206
3207 3208 3209
3207 3209 3210
3211 3212 3213
3211 3213 3214
3215 3216 3217
3215 3217 3218
3219 3220 3221
3219 3221 3222
3223 3224 3225
3223 3225 3226
3227 3228 3229
3227 3229 3230
3231 3232 3233
3231 3233 3234
3235 3236 3237
3235 3237 3238
3239 3240 3241
3239 3241 3242
3243 3244 3245
3243 3245 3246
3247 3248 3249
3247 3249 3250
3251 3252 3253
3251 3253 3254
3255 3256 3257
3255 3257 3258
3259 3260 3261
3259 3261 3262
3263 3264 3265
3263 3265 3266
3267 3268 3269
3267 3269 3270
3271 3272 3273
3271 3273 3274
3275 3276 3277
3275 3277 3278
3279 3280 3281
3279 3281 3282
3283 3284 3285
3283 3285 3286
3287 3288 3289
3287 3289 3290
3291 3292 3293
3291 3293 3294
3295 3296 3297
3295 3297 3298
3299 3300 3301
3299 3301 3302
3303 3304 3305
3303 3305 3208
3306 3307 3308
3306 3308 3309
3310 3311 3312
3310 3312 3313
3314 3315 3316
3314 3316 3317
3318 3319 3320
3318 3320 3321
3322 3280 3323
3322 3323 3324
3325 3326 3327
3325 3327 3328
3329 3330 3331
3329 3331 3332
3333 3334 3335
3333 3335 3336
3337 3338 3339
3337 3339 3340
3341 3342 3343
3341 3343 3344
3345 3244 3346
3345 3346 3347
3348 3349 3350
3348 3350 3351
3352 3353 3354
3352 3354 3355
3356 3357 3358
3356 3358 3272
3359 3360 3361
3359 3361 3362
3363 3364 3365
3363 3365 3366
3367 3368 3369
3367 3369 3370
3371 3372 3373
3371 3373 3374
3375 3376 3377
3375 3377 3378
3379 3380 3381
3379 3381 3382
3383 3384 3385
3383 3385 3386
3387 3388 3389
3387 3389 3390
3391 3392 3393
3391 3393 3394
3395 3396 3397
3395 3397 3398
3399 3400 3401
3399 3401 3402
3403 3404 3405
3403 3405 3406
3407 3408 3409
3407 3409 3410
3411 3412 3413
3411 3413 3414
3415 3416 3417
3415 3417 3418
3419 3420 3421
3419 3421 3422
3423 3424 3425
3423 3425 3426
3427 3428 3429
3427 3429 3430
3431 3432 3433
3431 3433 3434
3435 3436 3437
3435 3437 3438
3439 3440 3441
3439 3441 3442
3443 3444 3445
3443 3445 3446
3447 3448 3449
3447 3449 3450
3451 3452 3453
3451 3453 3454
3455 3456 3457
3455 3457 3458
3459 3460 3461
3459 3461 3462
3463 3464 3465
3463 3465 3466
3467 3468 3469
3467 3469 3470
3471 3472 3473
3471 3473 3474
3475 3476 3477
3475 3477 3478
3479 3480 3481
3479 3481 3482
3483 3484 3485
3483 3485 3486
3487 3488 3489
3487 3489 3490
3491 3492 3493
3491 3493 3494
3495 3496 3497
3495 3497 3498
3499 3500 3501
3499 3501 3502
3503 3504 3505
3503 3505 3506
3507 3508 3509
3507 3509 3510
3511 3512 3513
3511 3513 3514
3515 3516 3517
3515 3517 3420
3518 3452 3519
3518 3519 3520
3521 3522 3523
3521 3523 3524
3525 3526 3527
3525 3527 3528
3529 3530 3531
3529 3531 3472
3532 3492 3533
3532 3533 3534
3535 3536 3537
3535 3537 3538
3539 3540 3541
3539 3541 3542
3543 3544 3545
3543 3545 3546
3547 3548 3549
3547 3549 3550
3551 3552 3553
3551 3553 3436
3554 3456 3555
3554 3555 3556
3557 3558 3559
3557 3559 3560
3561 3562 3563
3561 3563 3564
3565 3566 3567
3565 3567 3484
3568 3508 3569
3568 3569 3570
3571 3572 3573
3571 3573 3574
3575 3576 3577
3575 3577 3578
3579 3580 3581
3579 3581 3582
3583 3584 3585
3583 3585 3586
3587 3588 3589
3587 3589 3590
3591 3592 3593
3591 3593 3594
3595 3596 3597
3595 3597 3598
3599 3600 3601
3599 3601 3602
3603 3604 3605
3603 3605 3606
3607 3608 3609
3607 3609 3610
3611 3612 3613
3611 3613 3614
3615 3616 3617
3615 3617 3618
3619 3620 3621
3619 3621 3622
3623 3624 3625
3623 3625 3626
3627 3628 3629
3627 3629 3630
3631 3632 3633
3631 3633 3634
3635 3636 3637
3635 3637 3638
3639 3640 3641
3639 3641 3642
3643 3644 3645
3643 3645 3646
3647 3648 3649
3647 3649 3650
3651 3652 3653
3651 3653 3654
3655 3656 3657
3655 3657 3658
3659 3660 3661
3659 3661 3662
3663 3664 3665
3663 3665 3666
3667 3668 3669
3667 3669 3670
3671 3672 3673
3671 3673 3674
3675 3676 3677
3675 3677 3678
3679 3680 3681
3679 3681 3682
3683 3684 3685
3683 3685 3686
3687 3688 3689
3687 3689 3690
3691 3692 3693
3691 3693 3694
3695 3696 3697
3695 3697 3698
3699 3700 3701
3699 3701 3702
3703 3704 3705
3703 3705 3706
3707 3708 3709
3707 3709 3710
3711 3712 3713
3711 3713 3714
3715 3716 3717
3715 3717 3718
3719 3720 3721
3719 3721 3722
3723 3724 3725
3723 3725 3628
3726 3660 3727
3726 3727 3728
3729 3730 3731
3729 3731 3732
3733 3734 3735
3733 3735 3736
3737 3738 3739
3737 3739 3680
3740 3700 3741
3740 3741 3742
3743 3744 3745
3743 3745 3746
3747 3748 3749
3747 3749 3750
3751 3752 3753
3751 3753 3754
3755 3756 3757
3755 3757 3758
3759 3760 3761
3759 3761 3644
3762 3664 3763
3762 3763 3764
3765 3766 3767
3765 3767 3768
3769 3770 3771
3769 3771 3772
3773 3774 3775
3773 3775 3692
3776 3716 3777
3776 3777 3778
3779 3780 3781
3779 3781 3782
3783 3784 3785
3783 3785 3786
3787 3788 3789
3787 3789 3790
3791 3792 3793
3791 3793 3794
3795 3796 3797
3795 3797 3798
3799 3800 3801
3799 3801 3802
3803 3804 3805
3803 3805 3806
3807 3808 3809
3807 3809 3810
3811 3812 3813
3811 3813 3814
3815 3816 3817
3815 3817 3818
3819 3820 3821
3819 3821 3822
3823 3824 3825
3823 3825 3826
3827 3828 3829
3827 3829 3830
3831 3832 3833
3831 3833 3834
3835 3836 3837
3835 3837 3838
3839 3840 3841
3839 3841 3842
3843 3844 3845
3843 3845 3846
3847 3848 3849
3847 3849 3850
3851 3852 3853
3851 3853 3854
3855 3856 3857
3855 3857 3858
3859 3860 3861
3859 3861 3862
3863 3864 3865
3863 3865 3866
3867 3868 3869
3867 3869 3870
3871 3872 3873
3871 3873 3874
3875 3876 3877
3875 3877 3878
3879 3880 3881
3879 3881 3882
3883 3884 3885
3883 3885 3886
3887 3888 3889
3887 3889 3890
3891 3892 3893
3891 3893 3894
3895 3896 3897
3895 3897 3898
3899 3900 3901
3899 3901 3902
3903 3904 3905
3903 3905 3906
3907 3908 3909
3907 3909 3910
3911 3912 3913
3911 3913 3914
3915 3916 3917
3915 3917 3918
3919 3920 3921
3919 3921 3922
3923 3924 3925
3923 3925 3926
3927 3928 3929
3927 3929 3930
3931 3932 3933
3931 3933 3934
3935 3868 3936
3935 3936 3937
3938 3939 3940
3938 3940 3941
3942 3943 3944
3942 3944 3945
3946 3947 3948
3946 3948 3888
3949 3950 3951
3949 3951 3952
3953 3954 3955
3953 3955 3956
3957 3958 3959
3957 3959 3960
3961 3962 3963
3961 3963 3964
3965 3966 3967
3965 3967 3968
3969 3970 3971
3969 3971 3852
3972 3973 3974
3972 3974 3975
3976 3977 3978
3976 3978 3979
3980 3981 3982
3980 3982 3983
3984 3985 3986
3984 3986 3987
3988 3924 3989
3988 3989 3990
3991 3992 3993
3991 3993 3994
3995 3996 3997
3995 3997 3998
3999 4000 4001
3999 4001 4002
4003 4004 4005
4003 4005 4006
4007 4008 4009
4007 4009 4010
4011 4012 4013
4011 4013 4014
4015 4016 4017
4015 4017 4018
4019 4020 4021
4019 4021 4022
4023 4024 4025
4023 4025 4026
4027 4028 4029
4027 4029 4030
4031 4032 4033
4031 4033 4034
4035 4036 4037
4035 4037 4038
4039 4040 4041
4039 4041 4042
4043 4044 4045
4043 4045 4046
4047 4048 4049
4047 4049 4050
4051 4052 4053
4051 4053 4054
4055 4056 4057
4055 4057 4058
4059 4060 4061
4059 4061 4062
4063 4064 4065
4063 4065 4066
4067 4068 4069
4067 4069 4070
4071 4072 4073
4071 4073 4074
4075 4076 4077
4075 4077 4078
4079 4080 4081
4079 4081 4082
4083 4084 4085
4083 4085 4086
4087 4088 4089
4087 4089 4090
4091 4092 4093
4091 4093 4094
4095 4096 4097
4095 4097 4098
4099 4100 4101
4099 4101 4102
4103 4104 4105
4103 4105 4106
4107 4108 4109
4107 4109 4110
4111 4112 4113
4111 4113 4114
4115 4116 4117
4115 4117 4118
4119 4120 4121
4119 4121 4122
4123 4124 4125
4123 4125 4126
4127 4128 4129
4127 4129 4130
4131 4132 4133
4131 4133 4134
4135 4136 4137
4135 4137 4138
4139 4140 4141
4139 4141 4142
4143 4144 4145
4143 4145 4048
4146 4080 4147
4146 4147 4148
4149 4150 4151
4149 4151 4152
4153 4154 4155
4153 4155 4156
4157 4158 4159
4157 4159 4100
4160 4120 4161
4160 4161 4162
4163 4164 4165
4163 4165 4166
4167 4168 4169
4167 4169 4170
4171 4172 4173
4171 4173 4174
4175 4176 4177
4175 4177 4178
4179 4180 4181
4179 4181 4064
4182 4084 4183
4182 4183 4184
4185 4186 4187
4185 4187 4188
4189 4190 4191
4189 4191 4192
4193 4194 4195
4193 4195 4112
4196 4136 4197
4196 4197 4198
4199 4200 4201
4199 4201 4202
4203 4204 4205
4203 4205 4206
4207 4208 4209
4207 4209 4210
4211 4212 4213
4211 4213 4214
4215 4216 4217
4215 4217 4218
4219 4220 4221
4219 4221 4222
4223 4224 4225
4223 4225 4226
4227 4228 4229
4227 4229 4230
4231 4232 4233
4231 4233 4234
4235 4236 4237
4235 4237 4238
4239 4240 4241
4239 4241 4242
4243 4244 4245
4243 4245 4246
4247 4248 4249
4247 4249 4250
4251 4252 4253
4251 4253 4254
4255 4256 4257
4255 4257 4258
4259 4260 4261
4259 4261 4262
4263 4264 4265
4263 4265 4266
4267 4268 4269
4267 4269 4270
4271 4272 4273
4271 4273 4274
4275 4276 4277
4275 4277 4278
4279 4280 4281
4279 4281 4282
4283 4284 4285
4283 4285 4286
4287 4288 4289
4287 4289 4290
4291 4292 4293
4291 4293 4294
4295 4296 4297
4295 4297 4298
4299 4300 4301
4299 4301 4302
4303 4304 4305
4303 4305 4306
4307 4308 4309
4307 4309 4310
4311 4312 4313
4311 4313 4314
4315 4316 4317
4315 4317 4318
4319 4320 4321
4319 4321 4322
4323 4324 4325
4323 4325 4326
4327 4328 4329
4327 4329 4330
4331 4332 4333
4331 4333 4334
4335 4336 4337
4335 4337 4338
4339 4340 4341
4339 4341 4342
4343 4344 4345
4343 4345 4346
4347 4348 4349
4347 4349 4350
4351 4352 4353
4351 4353 4256
4354 4288 4355
4354 4355 4356
4357 4358 4359
4357 4359 4360
4361 4362 4363
4361 4363 4364
4365 4366 4367
4365 4367 4308
4368 4328 4369
4368 4369 4370
4371 4372 4373
4371 4373 4374
4375 4376 4377
4375 4377 4378
4379 4380 4381
4379 4381 4382
4383 4384 4385
4383 4385 4386
4387 4388 4389
4387 4389 4272
4390 4292 4391
4390 4391 4392
4393 4394 4395
4393 4395 4396
4397 4398 4399
4397 4399 4400
4401 4402 4403
4401 4403 4320
4404 4344 4405
4404 4405 4406
4407 4408 4409
4407 4409 4410
4411 4412 4413
4411 4413 4414
4415 4416 4417
4415 4417 4418
4419 4420 4421
4419 4421 4422
4423 4424 4425
4423 4425 4426
4427 4428 4429
4427 4429 4430
4431 4432 4433
4431 4433 4434
4435 4436 4437
4435 4437 4438
4439 4440 4441
4439 4441 4442
4443 4444 4445
4443 4445 4446
4447 4448 4449
4447 4449 4450
4451 4452 4453
4451 4453 4454
4455 4456 4457
4455 4457 4458
4459 4460 4461
4459 4461 4462
4463 4464 4465
4463 4465 4466
4467 4468 4469
4467 4469 4470
4471 4472 4473
4471 4473 4474
4475 4476 4477
4475 4477 4478
4479 4480 4481
4479 4481 4482
4483 4484 4485
4483 4485 4486
4487 4488 4489
4487 4489 4490
4491 4492 4493
4491 4493 4494
4495 4496 4497
4495 4497 4498
4499 4500 4501
4499 4501 4502
4503 4504 4505
4503 4505 4506
4507 4508 4509
4507 4509 4510
4511 4512 4513
4511 4513 4514
4515 4516 4517
4515 4517 4518
4519 4520 4521
4519 4521 4522
4523 4524 4525
4523 4525 4526
4527 4528 4529
4527 4529 4530
4531 4532 4533
4531 4533 4534
4535 4536 4537
4535 4537 4538
4539 4540 4541
4539 4541 4542
4543 4544 4545
4543 4545 4546
4547 4548 4549
4547 4549 4550
4551 4552 4553
4551 4553 4554
4555 4556 4557
4555 4557 4558
4559 4560 4561
4559 4561 4464
4562 4496 4563
4562 4563 4564
4565 4566 4567
4565 4567 4568
4569 4570 4571
4569 4571 4572
4573 4574 4575
4573 4575 4516
4576 4536 4577
4576 4577 4578
4579 4580 4581
4579 4581 4582
4583 4584 4585
4583 4585 4586
4587 4588 4589
4587 4589 4590
4591 4592 4593
4591 4593 4594
4595 4596 4597
4595 4597 4480
4598 4500 4599
4598 4599 4600
4601 4602 4603
4601 4603 4604
4605 4606 4607
4605 4607 4608
4609 4610 4611
4609 4611 4528
4612 4552 4613
4612 4613 4614
4615 4616 4617
4615 4617 4618
4619 4620 4621
4619 4621 4622
4623 4624 4625
4623 4625 4626
4627 4628 4629
4627 4629 4630
4631 4632 4633
4631 4633 4634
4635 4636 4637
4635 4637 4638
4639 4640 4641
4639 4641 4642
4643 4644 4645
4643 4645 4646
4647 4648 4649
4647 4649 4650
4651 4652 4653
4651 4653 4654
4655 4656 4657
4655 4657 4658
4659 4660 4661
4659 4661 4662
4663 4664 4665
4663 4665 4666
4667 4668 4669
4667 4669 4670
4671 4672 4673
4671 4673 4674
4675 4676 4677
4675 4677 4678
4679 4680 4681
4679 4681 4682
4683 4684 4685
4683 4685 4686
4687 4688 4689
4687 4689 4690
4691 4692 4693
4691 4693 4694
4695 4696 4697
4695 4697 4698
4699 4700 4701
4699 4701 4702
4703 4704 4705
4703 4705 4706
4707 4708 4709
4707 4709 4710
4711 4712 4713
4711 4713 4714
4715 4716 4717
4715 4717 4718
4719 4720 4721
4719 4721 4722
4723 4724 4725
4723 4725 4726
4727 4728 4729
4727 4729 4730
4731 4732 4733
4731 4733 4734
4735 4736 4737
4735 4737 4738
4739 4740 4741
4739 4741 4742
4743 4744 4745
4743 4745 4746
4747 4748 4749
4747 4749 4750
4751 4752 4753
4751 4753 4754
4755 4756 4757
4755 4757 4758
4759 4760 4761
4759 4761 4762
4763 4764 4765
4763 4765 4766
4767 4768 4769
4767 4769 4672
4770 4704 4771
4770 4771 4772
4773 4774 4775
4773 4775 4776
4777 4778 4779
4777 4779 4780
4781 4782 4783
4781 4783 4724
4784 4744 4785
4784 4785 4786
4787 4788 4789
4787 4789 4790
4791 4792 4793
4791 4793 4794
4795 4796 4797
4795 4797 4798
4799 4800 4801
4799 4801 4802
4803 4804 4805
4803 4805 4688
4806 4708 4807
4806 4807 4808
4809 4810 4811
4809 4811 4812
4813 4814 4815
4813 4815 4816
4817 4818 4819
4817 4819 4736
4820 4760 4821
4820 4821 4822
4823 4824 4825
4823 4825 4826
4827 4828 4829
4827 4829 4830
4831 4832 4833
4831 4833 4834
4835 4836 4837
4835 4837 4838
4839 4840 4841
4839 4841 4842
4843 4844 4845
4843 4845 4846
4847 4848 4849
4847 4849 4850
4851 4852 4853
4851 4853 4854
4855 4856 4857
4855 4857 4858
</Mesh>
</Frame>
