<Frame>: 0 Lunar_Solar_cells
<TransformMatrix>:
1 0 0 0
0 1 0 0
0 0 1 0
0 0 0 1
<Mesh>: 1296 Lunar_Solar_cells
<Positions>: 1296
99.709999 20.409342 -66.105637
90.290001 20.409342 -66.105637
90.290001 20.506234 -66.080894
99.709999 20.506234 -66.080894
99.709999 21.893766 -71.919106
99.709999 21.990657 -71.894363
90.290001 21.990657 -71.894363
90.290001 21.893766 -71.919106
99.709999 20.554886 -66.109756
90.290001 20.554886 -66.109756
90.290001 22.019517 -71.845711
99.709999 22.019517 -71.845711
90.250000 20.419239 -66.144386
90.250000 21.883870 -71.880348
90.250000 21.980761 -71.855614
90.250000 20.516129 -66.119652
99.709999 20.380482 -66.154289
99.709999 21.845113 -71.890244
90.290001 21.845113 -71.890244
90.290001 20.380482 -66.154289
99.750000 20.419239 -66.144386
99.738281 20.391833 -66.151390
99.733093 20.391149 -66.127724
99.738281 20.412241 -66.116982
99.709999 20.380482 -66.154289
99.709999 20.384836 -66.123985
99.733093 20.391149 -66.127724
99.738281 20.391833 -66.151390
99.709999 20.409342 -66.105637
99.738281 20.412241 -66.116982
99.733093 20.391149 -66.127724
99.709999 20.384836 -66.123985
99.709999 20.506234 -66.080894
99.709999 20.536537 -66.085243
99.733093 20.532792 -66.091560
99.738281 20.509132 -66.092247
99.709999 20.554886 -66.109756
99.738281 20.543535 -66.112648
99.733093 20.532792 -66.091560
99.709999 20.536537 -66.085243
99.750000 20.516129 -66.119652
99.738281 20.509132 -66.092247
99.733093 20.532792 -66.091560
99.738281 20.543535 -66.112648
99.750000 21.883870 -71.880348
99.738281 21.890868 -71.907753
99.733093 21.867208 -71.908440
99.738281 21.856465 -71.887352
99.709999 21.893766 -71.919106
99.709999 21.863462 -71.914757
99.733093 21.867208 -71.908440
99.738281 21.890868 -71.907753
99.709999 21.845113 -71.890244
99.738281 21.856465 -71.887352
99.733093 21.867208 -71.908440
99.709999 21.863462 -71.914757
99.750000 21.980761 -71.855614
99.738281 22.008166 -71.848610
99.733093 22.008851 -71.872276
99.738281 21.987759 -71.883018
99.709999 22.019517 -71.845711
99.709999 22.015164 -71.876015
99.733093 22.008851 -71.872276
99.738281 22.008166 -71.848610
99.709999 21.990657 -71.894363
99.738281 21.987759 -71.883018
99.733093 22.008851 -71.872276
99.709999 22.015164 -71.876015
90.290001 20.409342 -66.105637
90.290001 20.384836 -66.123985
90.266907 20.391149 -66.127724
90.261719 20.412241 -66.116982
90.290001 20.380482 -66.154289
90.261719 20.391833 -66.151390
90.266907 20.391149 -66.127724
90.290001 20.384836 -66.123985
90.250000 20.419239 -66.144386
90.261719 20.412241 -66.116982
90.266907 20.391149 -66.127724
90.261719 20.391833 -66.151390
90.290001 20.506234 -66.080894
90.261719 20.509132 -66.092247
90.266907 20.532792 -66.091560
90.290001 20.536537 -66.085243
90.250000 20.516129 -66.119652
90.261719 20.543535 -66.112648
90.266907 20.532792 -66.091560
90.261719 20.509132 -66.092247
90.290001 20.554886 -66.109756
90.290001 20.536537 -66.085243
90.266907 20.532792 -66.091560
90.261719 20.543535 -66.112648
90.250000 21.883870 -71.880348
90.261719 21.856465 -71.887352
90.266907 21.867208 -71.908440
90.261719 21.890868 -71.907753
90.290001 21.845113 -71.890244
90.290001 21.863462 -71.914757
90.266907 21.867208 -71.908440
90.261719 21.856465 -71.887352
90.290001 21.893766 -71.919106
90.261719 21.890868 -71.907753
90.266907 21.867208 -71.908440
90.290001 21.863462 -71.914757
90.290001 21.990657 -71.894363
90.290001 22.015164 -71.876015
90.266907 22.008851 -71.872276
90.261719 21.987759 -71.883018
90.290001 22.019517 -71.845711
90.261719 22.008166 -71.848610
90.266907 22.008851 -71.872276
90.290001 22.015164 -71.876015
90.250000 21.980761 -71.855614
90.261719 21.987759 -71.883018
90.266907 22.008851 -71.872276
90.261719 22.008166 -71.848610
99.750000 20.419239 -66.144386
99.750000 21.883870 -71.880348
99.738281 21.856465 -71.887352
99.738281 20.391833 -66.151390
99.738281 20.391833 -66.151390
99.738281 21.856465 -71.887352
99.709999 21.845113 -71.890244
99.709999 20.380482 -66.154289
99.709999 20.380482 -66.154289
90.290001 20.380482 -66.154289
90.290001 20.384836 -66.123985
99.709999 20.384836 -66.123985
99.709999 20.384836 -66.123985
90.290001 20.384836 -66.123985
90.290001 20.409342 -66.105637
99.709999 20.409342 -66.105637
90.290001 20.380482 -66.154289
90.290001 21.845113 -71.890244
90.261719 21.856465 -71.887352
90.261719 20.391833 -66.151390
90.261719 20.391833 -66.151390
90.261719 21.856465 -71.887352
90.250000 21.883870 -71.880348
90.250000 20.419239 -66.144386
99.709999 21.893766 -71.919106
90.290001 21.893766 -71.919106
90.290001 21.863462 -71.914757
99.709999 21.863462 -71.914757
99.709999 21.863462 -71.914757
90.290001 21.863462 -71.914757
90.290001 21.845113 -71.890244
99.709999 21.845113 -71.890244
99.709999 20.506234 -66.080894
90.290001 20.506234 -66.080894
90.290001 20.536537 -66.085243
99.709999 20.536537 -66.085243
99.709999 20.536537 -66.085243
90.290001 20.536537 -66.085243
90.290001 20.554886 -66.109756
99.709999 20.554886 -66.109756
99.709999 20.554886 -66.109756
99.709999 22.019517 -71.845711
99.738281 22.008166 -71.848610
99.738281 20.543535 -66.112648
99.738281 20.543535 -66.112648
99.738281 22.008166 -71.848610
99.750000 21.980761 -71.855614
99.750000 20.516129 -66.119652
99.709999 22.019517 -71.845711
90.290001 22.019517 -71.845711
90.290001 22.015164 -71.876015
99.709999 22.015164 -71.876015
99.709999 22.015164 -71.876015
90.290001 22.015164 -71.876015
90.290001 21.990657 -71.894363
99.709999 21.990657 -71.894363
90.250000 20.516129 -66.119652
90.250000 21.980761 -71.855614
90.261719 22.008166 -71.848610
90.261719 20.543535 -66.112648
90.261719 20.543535 -66.112648
90.261719 22.008166 -71.848610
90.290001 22.019517 -71.845711
90.290001 20.554886 -66.109756
99.709999 20.409342 -66.105637
99.709999 20.506234 -66.080894
99.738281 20.509132 -66.092247
99.738281 20.412241 -66.116982
99.738281 20.412241 -66.116982
99.738281 20.509132 -66.092247
99.750000 20.516129 -66.119652
99.750000 20.419239 -66.144386
90.250000 20.419239 -66.144386
90.250000 20.516129 -66.119652
90.261719 20.509132 -66.092247
90.261719 20.412241 -66.116982
90.261719 20.412241 -66.116982
90.261719 20.509132 -66.092247
90.290001 20.506234 -66.080894
90.290001 20.409342 -66.105637
99.750000 21.883870 -71.880348
99.750000 21.980761 -71.855614
99.738281 21.987759 -71.883018
99.738281 21.890868 -71.907753
99.738281 21.890868 -71.907753
99.738281 21.987759 -71.883018
99.709999 21.990657 -71.894363
99.709999 21.893766 -71.919106
90.290001 21.893766 -71.919106
90.290001 21.990657 -71.894363
90.261719 21.987759 -71.883018
90.261719 21.890868 -71.907753
90.261719 21.890868 -71.907753
90.261719 21.987759 -71.883018
90.250000 21.980761 -71.855614
90.250000 21.883870 -71.880348
99.750000 20.419239 -66.144386
99.750000 20.516129 -66.119652
99.750000 21.980761 -71.855614
99.750000 21.883870 -71.880348
99.709999 19.276556 -79.105637
90.290001 19.276556 -79.105637
90.290001 19.373447 -79.080894
99.709999 19.373447 -79.080894
99.709999 20.760980 -84.919106
99.709999 20.857871 -84.894363
90.290001 20.857871 -84.894363
90.290001 20.760980 -84.919106
99.709999 19.422100 -79.109756
90.290001 19.422100 -79.109756
90.290001 20.886731 -84.845711
99.709999 20.886731 -84.845711
90.250000 19.286452 -79.144386
90.250000 20.751084 -84.880348
90.250000 20.847975 -84.855614
90.250000 19.383343 -79.119652
99.709999 19.247696 -79.154289
99.709999 20.712327 -84.890244
90.290001 20.712327 -84.890244
90.290001 19.247696 -79.154289
99.750000 19.286452 -79.144386
99.738281 19.259047 -79.151390
99.733093 19.258363 -79.127724
99.738281 19.279454 -79.116982
99.709999 19.247696 -79.154289
99.709999 19.252049 -79.123985
99.733093 19.258363 -79.127724
99.738281 19.259047 -79.151390
99.709999 19.276556 -79.105637
99.738281 19.279454 -79.116982
99.733093 19.258363 -79.127724
99.709999 19.252049 -79.123985
99.709999 19.373447 -79.080894
99.709999 19.403751 -79.085243
99.733093 19.400006 -79.091560
99.738281 19.376346 -79.092247
99.709999 19.422100 -79.109756
99.738281 19.410748 -79.112648
99.733093 19.400006 -79.091560
99.709999 19.403751 -79.085243
99.750000 19.383343 -79.119652
99.738281 19.376346 -79.092247
99.733093 19.400006 -79.091560
99.738281 19.410748 -79.112648
99.750000 20.751084 -84.880348
99.738281 20.758081 -84.907753
99.733093 20.734421 -84.908440
99.738281 20.723679 -84.887352
99.709999 20.760980 -84.919106
99.709999 20.730676 -84.914757
99.733093 20.734421 -84.908440
99.738281 20.758081 -84.907753
99.709999 20.712327 -84.890244
99.738281 20.723679 -84.887352
99.733093 20.734421 -84.908440
99.709999 20.730676 -84.914757
99.750000 20.847975 -84.855614
99.738281 20.875380 -84.848610
99.733093 20.876065 -84.872276
99.738281 20.854972 -84.883018
99.709999 20.886731 -84.845711
99.709999 20.882378 -84.876015
99.733093 20.876065 -84.872276
99.738281 20.875380 -84.848610
99.709999 20.857871 -84.894363
99.738281 20.854972 -84.883018
99.733093 20.876065 -84.872276
99.709999 20.882378 -84.876015
90.290001 19.276556 -79.105637
90.290001 19.252049 -79.123985
90.266907 19.258363 -79.127724
90.261719 19.279454 -79.116982
90.290001 19.247696 -79.154289
90.261719 19.259047 -79.151390
90.266907 19.258363 -79.127724
90.290001 19.252049 -79.123985
90.250000 19.286452 -79.144386
90.261719 19.279454 -79.116982
90.266907 19.258363 -79.127724
90.261719 19.259047 -79.151390
90.290001 19.373447 -79.080894
90.261719 19.376346 -79.092247
90.266907 19.400006 -79.091560
90.290001 19.403751 -79.085243
90.250000 19.383343 -79.119652
90.261719 19.410748 -79.112648
90.266907 19.400006 -79.091560
90.261719 19.376346 -79.092247
90.290001 19.422100 -79.109756
90.290001 19.403751 -79.085243
90.266907 19.400006 -79.091560
90.261719 19.410748 -79.112648
90.250000 20.751084 -84.880348
90.261719 20.723679 -84.887352
90.266907 20.734421 -84.908440
90.261719 20.758081 -84.907753
90.290001 20.712327 -84.890244
90.290001 20.730676 -84.914757
90.266907 20.734421 -84.908440
90.261719 20.723679 -84.887352
90.290001 20.760980 -84.919106
90.261719 20.758081 -84.907753
90.266907 20.734421 -84.908440
90.290001 20.730676 -84.914757
90.290001 20.857871 -84.894363
90.290001 20.882378 -84.876015
90.266907 20.876065 -84.872276
90.261719 20.854972 -84.883018
90.290001 20.886731 -84.845711
90.261719 20.875380 -84.848610
90.266907 20.876065 -84.872276
90.290001 20.882378 -84.876015
90.250000 20.847975 -84.855614
90.261719 20.854972 -84.883018
90.266907 20.876065 -84.872276
90.261719 20.875380 -84.848610
99.750000 19.286452 -79.144386
99.750000 20.751084 -84.880348
99.738281 20.723679 -84.887352
99.738281 19.259047 -79.151390
99.738281 19.259047 -79.151390
99.738281 20.723679 -84.887352
99.709999 20.712327 -84.890244
99.709999 19.247696 -79.154289
99.709999 19.247696 -79.154289
90.290001 19.247696 -79.154289
90.290001 19.252049 -79.123985
99.709999 19.252049 -79.123985
99.709999 19.252049 -79.123985
90.290001 19.252049 -79.123985
90.290001 19.276556 -79.105637
99.709999 19.276556 -79.105637
90.290001 19.247696 -79.154289
90.290001 20.712327 -84.890244
90.261719 20.723679 -84.887352
90.261719 19.259047 -79.151390
90.261719 19.259047 -79.151390
90.261719 20.723679 -84.887352
90.250000 20.751084 -84.880348
90.250000 19.286452 -79.144386
99.709999 20.760980 -84.919106
90.290001 20.760980 -84.919106
90.290001 20.730676 -84.914757
99.709999 20.730676 -84.914757
99.709999 20.730676 -84.914757
90.290001 20.730676 -84.914757
90.290001 20.712327 -84.890244
99.709999 20.712327 -84.890244
99.709999 19.373447 -79.080894
90.290001 19.373447 -79.080894
90.290001 19.403751 -79.085243
99.709999 19.403751 -79.085243
99.709999 19.403751 -79.085243
90.290001 19.403751 -79.085243
90.290001 19.422100 -79.109756
99.709999 19.422100 -79.109756
99.709999 19.422100 -79.109756
99.709999 20.886731 -84.845711
99.738281 20.875380 -84.848610
99.738281 19.410748 -79.112648
99.738281 19.410748 -79.112648
99.738281 20.875380 -84.848610
99.750000 20.847975 -84.855614
99.750000 19.383343 -79.119652
99.709999 20.886731 -84.845711
90.290001 20.886731 -84.845711
90.290001 20.882378 -84.876015
99.709999 20.882378 -84.876015
99.709999 20.882378 -84.876015
90.290001 20.882378 -84.876015
90.290001 20.857871 -84.894363
99.709999 20.857871 -84.894363
90.250000 19.383343 -79.119652
90.250000 20.847975 -84.855614
90.261719 20.875380 -84.848610
90.261719 19.410748 -79.112648
90.261719 19.410748 -79.112648
90.261719 20.875380 -84.848610
90.290001 20.886731 -84.845711
90.290001 19.422100 -79.109756
99.709999 19.276556 -79.105637
99.709999 19.373447 -79.080894
99.738281 19.376346 -79.092247
99.738281 19.279454 -79.116982
99.738281 19.279454 -79.116982
99.738281 19.376346 -79.092247
99.750000 19.383343 -79.119652
99.750000 19.286452 -79.144386
90.250000 19.286452 -79.144386
90.250000 19.383343 -79.119652
90.261719 19.376346 -79.092247
90.261719 19.279454 -79.116982
90.261719 19.279454 -79.116982
90.261719 19.376346 -79.092247
90.290001 19.373447 -79.080894
90.290001 19.276556 -79.105637
99.750000 20.751084 -84.880348
99.750000 20.847975 -84.855614
99.738281 20.854972 -84.883018
99.738281 20.758081 -84.907753
99.738281 20.758081 -84.907753
99.738281 20.854972 -84.883018
99.709999 20.857871 -84.894363
99.709999 20.760980 -84.919106
90.290001 20.760980 -84.919106
90.290001 20.857871 -84.894363
90.261719 20.854972 -84.883018
90.261719 20.758081 -84.907753
90.261719 20.758081 -84.907753
90.261719 20.854972 -84.883018
90.250000 20.847975 -84.855614
90.250000 20.751084 -84.880348
99.750000 19.286452 -79.144386
99.750000 19.383343 -79.119652
99.750000 20.847975 -84.855614
99.750000 20.751084 -84.880348
87.709999 20.409342 -66.105637
78.290001 20.409342 -66.105637
78.290001 20.506234 -66.080894
87.709999 20.506234 -66.080894
87.709999 21.893766 -71.919106
87.709999 21.990657 -71.894363
78.290001 21.990657 -71.894363
78.290001 21.893766 -71.919106
87.709999 20.554886 -66.109756
78.290001 20.554886 -66.109756
78.290001 22.019517 -71.845711
87.709999 22.019517 -71.845711
78.250000 20.419239 -66.144386
78.250000 21.883870 -71.880348
78.250000 21.980761 -71.855614
78.250000 20.516129 -66.119652
87.709999 20.380482 -66.154289
87.709999 21.845113 -71.890244
78.290001 21.845113 -71.890244
78.290001 20.380482 -66.154289
87.750000 20.419239 -66.144386
87.738281 20.391833 -66.151390
87.733093 20.391149 -66.127724
87.738281 20.412241 -66.116982
87.709999 20.380482 -66.154289
87.709999 20.384836 -66.123985
87.733093 20.391149 -66.127724
87.738281 20.391833 -66.151390
87.709999 20.409342 -66.105637
87.738281 20.412241 -66.116982
87.733093 20.391149 -66.127724
87.709999 20.384836 -66.123985
87.709999 20.506234 -66.080894
87.709999 20.536537 -66.085243
87.733093 20.532792 -66.091560
87.738281 20.509132 -66.092247
87.709999 20.554886 -66.109756
87.738281 20.543535 -66.112648
87.733093 20.532792 -66.091560
87.709999 20.536537 -66.085243
87.750000 20.516129 -66.119652
87.738281 20.509132 -66.092247
87.733093 20.532792 -66.091560
87.738281 20.543535 -66.112648
87.750000 21.883870 -71.880348
87.738281 21.890868 -71.907753
87.733093 21.867208 -71.908440
87.738281 21.856465 -71.887352
87.709999 21.893766 -71.919106
87.709999 21.863462 -71.914757
87.733093 21.867208 -71.908440
87.738281 21.890868 -71.907753
87.709999 21.845113 -71.890244
87.738281 21.856465 -71.887352
87.733093 21.867208 -71.908440
87.709999 21.863462 -71.914757
87.750000 21.980761 -71.855614
87.738281 22.008166 -71.848610
87.733093 22.008851 -71.872276
87.738281 21.987759 -71.883018
87.709999 22.019517 -71.845711
87.709999 22.015164 -71.876015
87.733093 22.008851 -71.872276
87.738281 22.008166 -71.848610
87.709999 21.990657 -71.894363
87.738281 21.987759 -71.883018
87.733093 22.008851 -71.872276
87.709999 22.015164 -71.876015
78.290001 20.409342 -66.105637
78.290001 20.384836 -66.123985
78.266907 20.391149 -66.127724
78.261719 20.412241 -66.116982
78.290001 20.380482 -66.154289
78.261719 20.391833 -66.151390
78.266907 20.391149 -66.127724
78.290001 20.384836 -66.123985
78.250000 20.419239 -66.144386
78.261719 20.412241 -66.116982
78.266907 20.391149 -66.127724
78.261719 20.391833 -66.151390
78.290001 20.506234 -66.080894
78.261719 20.509132 -66.092247
78.266907 20.532792 -66.091560
78.290001 20.536537 -66.085243
78.250000 20.516129 -66.119652
78.261719 20.543535 -66.112648
78.266907 20.532792 -66.091560
78.261719 20.509132 -66.092247
78.290001 20.554886 -66.109756
78.290001 20.536537 -66.085243
78.266907 20.532792 -66.091560
78.261719 20.543535 -66.112648
78.250000 21.883870 -71.880348
78.261719 21.856465 -71.887352
78.266907 21.867208 -71.908440
78.261719 21.890868 -71.907753
78.290001 21.845113 -71.890244
78.290001 21.863462 -71.914757
78.266907 21.867208 -71.908440
78.261719 21.856465 -71.887352
78.290001 21.893766 -71.919106
78.261719 21.890868 -71.907753
78.266907 21.867208 -71.908440
78.290001 21.863462 -71.914757
78.290001 21.990657 -71.894363
78.290001 22.015164 -71.876015
78.266907 22.008851 -71.872276
78.261719 21.987759 -71.883018
78.290001 22.019517 -71.845711
78.261719 22.008166 -71.848610
78.266907 22.008851 -71.872276
78.290001 22.015164 -71.876015
78.250000 21.980761 -71.855614
78.261719 21.987759 -71.883018
78.266907 22.008851 -71.872276
78.261719 22.008166 -71.848610
87.750000 20.419239 -66.144386
87.750000 21.883870 -71.880348
87.738281 21.856465 -71.887352
87.738281 20.391833 -66.151390
87.738281 20.391833 -66.151390
87.738281 21.856465 -71.887352
87.709999 21.845113 -71.890244
87.709999 20.380482 -66.154289
87.709999 20.380482 -66.154289
78.290001 20.380482 -66.154289
78.290001 20.384836 -66.123985
87.709999 20.384836 -66.123985
87.709999 20.384836 -66.123985
78.290001 20.384836 -66.123985
78.290001 20.409342 -66.105637
87.709999 20.409342 -66.105637
78.290001 20.380482 -66.154289
78.290001 21.845113 -71.890244
78.261719 21.856465 -71.887352
78.261719 20.391833 -66.151390
78.261719 20.391833 -66.151390
78.261719 21.856465 -71.887352
78.250000 21.883870 -71.880348
78.250000 20.419239 -66.144386
87.709999 21.893766 -71.919106
78.290001 21.893766 -71.919106
78.290001 21.863462 -71.914757
87.709999 21.863462 -71.914757
87.709999 21.863462 -71.914757
78.290001 21.863462 -71.914757
78.290001 21.845113 -71.890244
87.709999 21.845113 -71.890244
87.709999 20.506234 -66.080894
78.290001 20.506234 -66.080894
78.290001 20.536537 -66.085243
87.709999 20.536537 -66.085243
87.709999 20.536537 -66.085243
78.290001 20.536537 -66.085243
78.290001 20.554886 -66.109756
87.709999 20.554886 -66.109756
87.709999 20.554886 -66.109756
87.709999 22.019517 -71.845711
87.738281 22.008166 -71.848610
87.738281 20.543535 -66.112648
87.738281 20.543535 -66.112648
87.738281 22.008166 -71.848610
87.750000 21.980761 -71.855614
87.750000 20.516129 -66.119652
87.709999 22.019517 -71.845711
78.290001 22.019517 -71.845711
78.290001 22.015164 -71.876015
87.709999 22.015164 -71.876015
87.709999 22.015164 -71.876015
78.290001 22.015164 -71.876015
78.290001 21.990657 -71.894363
87.709999 21.990657 -71.894363
78.250000 20.516129 -66.119652
78.250000 21.980761 -71.855614
78.261719 22.008166 -71.848610
78.261719 20.543535 -66.112648
78.261719 20.543535 -66.112648
78.261719 22.008166 -71.848610
78.290001 22.019517 -71.845711
78.290001 20.554886 -66.109756
87.709999 20.409342 -66.105637
87.709999 20.506234 -66.080894
87.738281 20.509132 -66.092247
87.738281 20.412241 -66.116982
87.738281 20.412241 -66.116982
87.738281 20.509132 -66.092247
87.750000 20.516129 -66.119652
87.750000 20.419239 -66.144386
78.250000 20.419239 -66.144386
78.250000 20.516129 -66.119652
78.261719 20.509132 -66.092247
78.261719 20.412241 -66.116982
78.261719 20.412241 -66.116982
78.261719 20.509132 -66.092247
78.290001 20.506234 -66.080894
78.290001 20.409342 -66.105637
87.750000 21.883870 -71.880348
87.750000 21.980761 -71.855614
87.738281 21.987759 -71.883018
87.738281 21.890868 -71.907753
87.738281 21.890868 -71.907753
87.738281 21.987759 -71.883018
87.709999 21.990657 -71.894363
87.709999 21.893766 -71.919106
78.290001 21.893766 -71.919106
78.290001 21.990657 -71.894363
78.261719 21.987759 -71.883018
78.261719 21.890868 -71.907753
78.261719 21.890868 -71.907753
78.261719 21.987759 -71.883018
78.250000 21.980761 -71.855614
78.250000 21.883870 -71.880348
87.750000 20.419239 -66.144386
87.750000 20.516129 -66.119652
87.750000 21.980761 -71.855614
87.750000 21.883870 -71.880348
87.709999 20.207211 -79.105637
78.290001 20.207211 -79.105637
78.290001 20.304103 -79.080894
87.709999 20.304103 -79.080894
87.709999 21.691635 -84.919106
87.709999 21.788527 -84.894363
78.290001 21.788527 -84.894363
78.290001 21.691635 -84.919106
87.709999 20.352756 -79.109756
78.290001 20.352756 -79.109756
78.290001 21.817387 -84.845711
87.709999 21.817387 -84.845711
78.250000 20.217108 -79.144386
78.250000 21.681739 -84.880348
78.250000 21.778630 -84.855614
78.250000 20.313999 -79.119652
87.709999 20.178351 -79.154289
87.709999 21.642982 -84.890244
78.290001 21.642982 -84.890244
78.290001 20.178351 -79.154289
87.750000 20.217108 -79.144386
87.738281 20.189703 -79.151390
87.733093 20.189018 -79.127724
87.738281 20.210110 -79.116982
87.709999 20.178351 -79.154289
87.709999 20.182705 -79.123985
87.733093 20.189018 -79.127724
87.738281 20.189703 -79.151390
87.709999 20.207211 -79.105637
87.738281 20.210110 -79.116982
87.733093 20.189018 -79.127724
87.709999 20.182705 -79.123985
87.709999 20.304103 -79.080894
87.709999 20.334406 -79.085243
87.733093 20.330661 -79.091560
87.738281 20.307001 -79.092247
87.709999 20.352756 -79.109756
87.738281 20.341404 -79.112648
87.733093 20.330661 -79.091560
87.709999 20.334406 -79.085243
87.750000 20.313999 -79.119652
87.738281 20.307001 -79.092247
87.733093 20.330661 -79.091560
87.738281 20.341404 -79.112648
87.750000 21.681739 -84.880348
87.738281 21.688737 -84.907753
87.733093 21.665077 -84.908440
87.738281 21.654334 -84.887352
87.709999 21.691635 -84.919106
87.709999 21.661332 -84.914757
87.733093 21.665077 -84.908440
87.738281 21.688737 -84.907753
87.709999 21.642982 -84.890244
87.738281 21.654334 -84.887352
87.733093 21.665077 -84.908440
87.709999 21.661332 -84.914757
87.750000 21.778630 -84.855614
87.738281 21.806036 -84.848610
87.733093 21.806720 -84.872276
87.738281 21.785628 -84.883018
87.709999 21.817387 -84.845711
87.709999 21.813033 -84.876015
87.733093 21.806720 -84.872276
87.738281 21.806036 -84.848610
87.709999 21.788527 -84.894363
87.738281 21.785628 -84.883018
87.733093 21.806720 -84.872276
87.709999 21.813033 -84.876015
78.290001 20.207211 -79.105637
78.290001 20.182705 -79.123985
78.266907 20.189018 -79.127724
78.261719 20.210110 -79.116982
78.290001 20.178351 -79.154289
78.261719 20.189703 -79.151390
78.266907 20.189018 -79.127724
78.290001 20.182705 -79.123985
78.250000 20.217108 -79.144386
78.261719 20.210110 -79.116982
78.266907 20.189018 -79.127724
78.261719 20.189703 -79.151390
78.290001 20.304103 -79.080894
78.261719 20.307001 -79.092247
78.266907 20.330661 -79.091560
78.290001 20.334406 -79.085243
78.250000 20.313999 -79.119652
78.261719 20.341404 -79.112648
78.266907 20.330661 -79.091560
78.261719 20.307001 -79.092247
78.290001 20.352756 -79.109756
78.290001 20.334406 -79.085243
78.266907 20.330661 -79.091560
78.261719 20.341404 -79.112648
78.250000 21.681739 -84.880348
78.261719 21.654334 -84.887352
78.266907 21.665077 -84.908440
78.261719 21.688737 -84.907753
78.290001 21.642982 -84.890244
78.290001 21.661332 -84.914757
78.266907 21.665077 -84.908440
78.261719 21.654334 -84.887352
78.290001 21.691635 -84.919106
78.261719 21.688737 -84.907753
78.266907 21.665077 -84.908440
78.290001 21.661332 -84.914757
78.290001 21.788527 -84.894363
78.290001 21.813033 -84.876015
78.266907 21.806720 -84.872276
78.261719 21.785628 -84.883018
78.290001 21.817387 -84.845711
78.261719 21.806036 -84.848610
78.266907 21.806720 -84.872276
78.290001 21.813033 -84.876015
78.250000 21.778630 -84.855614
78.261719 21.785628 -84.883018
78.266907 21.806720 -84.872276
78.261719 21.806036 -84.848610
87.750000 20.217108 -79.144386
87.750000 21.681739 -84.880348
87.738281 21.654334 -84.887352
87.738281 20.189703 -79.151390
87.738281 20.189703 -79.151390
87.738281 21.654334 -84.887352
87.709999 21.642982 -84.890244
87.709999 20.178351 -79.154289
87.709999 20.178351 -79.154289
78.290001 20.178351 -79.154289
78.290001 20.182705 -79.123985
87.709999 20.182705 -79.123985
87.709999 20.182705 -79.123985
78.290001 20.182705 -79.123985
78.290001 20.207211 -79.105637
87.709999 20.207211 -79.105637
78.290001 20.178351 -79.154289
78.290001 21.642982 -84.890244
78.261719 21.654334 -84.887352
78.261719 20.189703 -79.151390
78.261719 20.189703 -79.151390
78.261719 21.654334 -84.887352
78.250000 21.681739 -84.880348
78.250000 20.217108 -79.144386
87.709999 21.691635 -84.919106
78.290001 21.691635 -84.919106
78.290001 21.661332 -84.914757
87.709999 21.661332 -84.914757
87.709999 21.661332 -84.914757
78.290001 21.661332 -84.914757
78.290001 21.642982 -84.890244
87.709999 21.642982 -84.890244
87.709999 20.304103 -79.080894
78.290001 20.304103 -79.080894
78.290001 20.334406 -79.085243
87.709999 20.334406 -79.085243
87.709999 20.334406 -79.085243
78.290001 20.334406 -79.085243
78.290001 20.352756 -79.109756
87.709999 20.352756 -79.109756
87.709999 20.352756 -79.109756
87.709999 21.817387 -84.845711
87.738281 21.806036 -84.848610
87.738281 20.341404 -79.112648
87.738281 20.341404 -79.112648
87.738281 21.806036 -84.848610
87.750000 21.778630 -84.855614
87.750000 20.313999 -79.119652
87.709999 21.817387 -84.845711
78.290001 21.817387 -84.845711
78.290001 21.813033 -84.876015
87.709999 21.813033 -84.876015
87.709999 21.813033 -84.876015
78.290001 21.813033 -84.876015
78.290001 21.788527 -84.894363
87.709999 21.788527 -84.894363
78.250000 20.313999 -79.119652
78.250000 21.778630 -84.855614
78.261719 21.806036 -84.848610
78.261719 20.341404 -79.112648
78.261719 20.341404 -79.112648
78.261719 21.806036 -84.848610
78.290001 21.817387 -84.845711
78.290001 20.352756 -79.109756
87.709999 20.207211 -79.105637
87.709999 20.304103 -79.080894
87.738281 20.307001 -79.092247
87.738281 20.210110 -79.116982
87.738281 20.210110 -79.116982
87.738281 20.307001 -79.092247
87.750000 20.313999 -79.119652
87.750000 20.217108 -79.144386
78.250000 20.217108 -79.144386
78.250000 20.313999 -79.119652
78.261719 20.307001 -79.092247
78.261719 20.210110 -79.116982
78.261719 20.210110 -79.116982
78.261719 20.307001 -79.092247
78.290001 20.304103 -79.080894
78.290001 20.207211 -79.105637
87.750000 21.681739 -84.880348
87.750000 21.778630 -84.855614
87.738281 21.785628 -84.883018
87.738281 21.688737 -84.907753
87.738281 21.688737 -84.907753
87.738281 21.785628 -84.883018
87.709999 21.788527 -84.894363
87.709999 21.691635 -84.919106
78.290001 21.691635 -84.919106
78.290001 21.788527 -84.894363
78.261719 21.785628 -84.883018
78.261719 21.688737 -84.907753
78.261719 21.688737 -84.907753
78.261719 21.785628 -84.883018
78.250000 21.778630 -84.855614
78.250000 21.681739 -84.880348
87.750000 20.217108 -79.144386
87.750000 20.313999 -79.119652
87.750000 21.778630 -84.855614
87.750000 21.681739 -84.880348
75.709999 20.409342 -66.105637
66.290001 20.409342 -66.105637
66.290001 20.506234 -66.080894
75.709999 20.506234 -66.080894
75.709999 21.893766 -71.919106
75.709999 21.990657 -71.894363
66.290001 21.990657 -71.894363
66.290001 21.893766 -71.919106
75.709999 20.554886 -66.109756
66.290001 20.554886 -66.109756
66.290001 22.019517 -71.845711
75.709999 22.019517 -71.845711
66.250000 20.419239 -66.144386
66.250000 21.883870 -71.880348
66.250000 21.980761 -71.855614
66.250000 20.516129 -66.119652
75.709999 20.380482 -66.154289
75.709999 21.845113 -71.890244
66.290001 21.845113 -71.890244
66.290001 20.380482 -66.154289
75.750000 20.419239 -66.144386
75.738281 20.391833 -66.151390
75.733093 20.391149 -66.127724
75.738281 20.412241 -66.116982
75.709999 20.380482 -66.154289
75.709999 20.384836 -66.123985
75.733093 20.391149 -66.127724
75.738281 20.391833 -66.151390
75.709999 20.409342 -66.105637
75.738281 20.412241 -66.116982
75.733093 20.391149 -66.127724
75.709999 20.384836 -66.123985
75.709999 20.506234 -66.080894
75.709999 20.536537 -66.085243
75.733093 20.532792 -66.091560
75.738281 20.509132 -66.092247
75.709999 20.554886 -66.109756
75.738281 20.543535 -66.112648
75.733093 20.532792 -66.091560
75.709999 20.536537 -66.085243
75.750000 20.516129 -66.119652
75.738281 20.509132 -66.092247
75.733093 20.532792 -66.091560
75.738281 20.543535 -66.112648
75.750000 21.883870 -71.880348
75.738281 21.890868 -71.907753
75.733093 21.867208 -71.908440
75.738281 21.856465 -71.887352
75.709999 21.893766 -71.919106
75.709999 21.863462 -71.914757
75.733093 21.867208 -71.908440
75.738281 21.890868 -71.907753
75.709999 21.845113 -71.890244
75.738281 21.856465 -71.887352
75.733093 21.867208 -71.908440
75.709999 21.863462 -71.914757
75.750000 21.980761 -71.855614
75.738281 22.008166 -71.848610
75.733093 22.008851 -71.872276
75.738281 21.987759 -71.883018
75.709999 22.019517 -71.845711
75.709999 22.015164 -71.876015
75.733093 22.008851 -71.872276
75.738281 22.008166 -71.848610
75.709999 21.990657 -71.894363
75.738281 21.987759 -71.883018
75.733093 22.008851 -71.872276
75.709999 22.015164 -71.876015
66.290001 20.409342 -66.105637
66.290001 20.384836 -66.123985
66.266907 20.391149 -66.127724
66.261719 20.412241 -66.116982
66.290001 20.380482 -66.154289
66.261719 20.391833 -66.151390
66.266907 20.391149 -66.127724
66.290001 20.384836 -66.123985
66.250000 20.419239 -66.144386
66.261719 20.412241 -66.116982
66.266907 20.391149 -66.127724
66.261719 20.391833 -66.151390
66.290001 20.506234 -66.080894
66.261719 20.509132 -66.092247
66.266907 20.532792 -66.091560
66.290001 20.536537 -66.085243
66.250000 20.516129 -66.119652
66.261719 20.543535 -66.112648
66.266907 20.532792 -66.091560
66.261719 20.509132 -66.092247
66.290001 20.554886 -66.109756
66.290001 20.536537 -66.085243
66.266907 20.532792 -66.091560
66.261719 20.543535 -66.112648
66.250000 21.883870 -71.880348
66.261719 21.856465 -71.887352
66.266907 21.867208 -71.908440
66.261719 21.890868 -71.907753
66.290001 21.845113 -71.890244
66.290001 21.863462 -71.914757
66.266907 21.867208 -71.908440
66.261719 21.856465 -71.887352
66.290001 21.893766 -71.919106
66.261719 21.890868 -71.907753
66.266907 21.867208 -71.908440
66.290001 21.863462 -71.914757
66.290001 21.990657 -71.894363
66.290001 22.015164 -71.876015
66.266907 22.008851 -71.872276
66.261719 21.987759 -71.883018
66.290001 22.019517 -71.845711
66.261719 22.008166 -71.848610
66.266907 22.008851 -71.872276
66.290001 22.015164 -71.876015
66.250000 21.980761 -71.855614
66.261719 21.987759 -71.883018
66.266907 22.008851 -71.872276
66.261719 22.008166 -71.848610
75.750000 20.419239 -66.144386
75.750000 21.883870 -71.880348
75.738281 21.856465 -71.887352
75.738281 20.391833 -66.151390
75.738281 20.391833 -66.151390
75.738281 21.856465 -71.887352
75.709999 21.845113 -71.890244
75.709999 20.380482 -66.154289
75.709999 20.380482 -66.154289
66.290001 20.380482 -66.154289
66.290001 20.384836 -66.123985
75.709999 20.384836 -66.123985
75.709999 20.384836 -66.123985
66.290001 20.384836 -66.123985
66.290001 20.409342 -66.105637
75.709999 20.409342 -66.105637
66.290001 20.380482 -66.154289
66.290001 21.845113 -71.890244
66.261719 21.856465 -71.887352
66.261719 20.391833 -66.151390
66.261719 20.391833 -66.151390
66.261719 21.856465 -71.887352
66.250000 21.883870 -71.880348
66.250000 20.419239 -66.144386
75.709999 21.893766 -71.919106
66.290001 21.893766 -71.919106
66.290001 21.863462 -71.914757
75.709999 21.863462 -71.914757
75.709999 21.863462 -71.914757
66.290001 21.863462 -71.914757
66.290001 21.845113 -71.890244
75.709999 21.845113 -71.890244
75.709999 20.506234 -66.080894
66.290001 20.506234 -66.080894
66.290001 20.536537 -66.085243
75.709999 20.536537 -66.085243
75.709999 20.536537 -66.085243
66.290001 20.536537 -66.085243
66.290001 20.554886 -66.109756
75.709999 20.554886 -66.109756
75.709999 20.554886 -66.109756
75.709999 22.019517 -71.845711
75.738281 22.008166 -71.848610
75.738281 20.543535 -66.112648
75.738281 20.543535 -66.112648
75.738281 22.008166 -71.848610
75.750000 21.980761 -71.855614
75.750000 20.516129 -66.119652
75.709999 22.019517 -71.845711
66.290001 22.019517 -71.845711
66.290001 22.015164 -71.876015
75.709999 22.015164 -71.876015
75.709999 22.015164 -71.876015
66.290001 22.015164 -71.876015
66.290001 21.990657 -71.894363
75.709999 21.990657 -71.894363
66.250000 20.516129 -66.119652
66.250000 21.980761 -71.855614
66.261719 22.008166 -71.848610
66.261719 20.543535 -66.112648
66.261719 20.543535 -66.112648
66.261719 22.008166 -71.848610
66.290001 22.019517 -71.845711
66.290001 20.554886 -66.109756
75.709999 20.409342 -66.105637
75.709999 20.506234 -66.080894
75.738281 20.509132 -66.092247
75.738281 20.412241 -66.116982
75.738281 20.412241 -66.116982
75.738281 20.509132 -66.092247
75.750000 20.516129 -66.119652
75.750000 20.419239 -66.144386
66.250000 20.419239 -66.144386
66.250000 20.516129 -66.119652
66.261719 20.509132 -66.092247
66.261719 20.412241 -66.116982
66.261719 20.412241 -66.116982
66.261719 20.509132 -66.092247
66.290001 20.506234 -66.080894
66.290001 20.409342 -66.105637
75.750000 21.883870 -71.880348
75.750000 21.980761 -71.855614
75.738281 21.987759 -71.883018
75.738281 21.890868 -71.907753
75.738281 21.890868 -71.907753
75.738281 21.987759 -71.883018
75.709999 21.990657 -71.894363
75.709999 21.893766 -71.919106
66.290001 21.893766 -71.919106
66.290001 21.990657 -71.894363
66.261719 21.987759 -71.883018
66.261719 21.890868 -71.907753
66.261719 21.890868 -71.907753
66.261719 21.987759 -71.883018
66.250000 21.980761 -71.855614
66.250000 21.883870 -71.880348
75.750000 20.419239 -66.144386
75.750000 20.516129 -66.119652
75.750000 21.980761 -71.855614
75.750000 21.883870 -71.880348
75.709999 19.273635 -79.105637
66.290001 19.273635 -79.105637
66.290001 19.370526 -79.080894
75.709999 19.370526 -79.080894
75.709999 20.758059 -84.919106
75.709999 20.854950 -84.894363
66.290001 20.854950 -84.894363
66.290001 20.758059 -84.919106
75.709999 19.419179 -79.109756
66.290001 19.419179 -79.109756
66.290001 20.883810 -84.845711
75.709999 20.883810 -84.845711
66.250000 19.283531 -79.144386
66.250000 20.748163 -84.880348
66.250000 20.845054 -84.855614
66.250000 19.380422 -79.119652
75.709999 19.244775 -79.154289
75.709999 20.709406 -84.890244
66.290001 20.709406 -84.890244
66.290001 19.244775 -79.154289
75.750000 19.283531 -79.144386
75.738281 19.256126 -79.151390
75.733093 19.255441 -79.127724
75.738281 19.276533 -79.116982
75.709999 19.244775 -79.154289
75.709999 19.249128 -79.123985
75.733093 19.255441 -79.127724
75.738281 19.256126 -79.151390
75.709999 19.273635 -79.105637
75.738281 19.276533 -79.116982
75.733093 19.255441 -79.127724
75.709999 19.249128 -79.123985
75.709999 19.370526 -79.080894
75.709999 19.400830 -79.085243
75.733093 19.397085 -79.091560
75.738281 19.373425 -79.092247
75.709999 19.419179 -79.109756
75.738281 19.407827 -79.112648
75.733093 19.397085 -79.091560
75.709999 19.400830 -79.085243
75.750000 19.380422 -79.119652
75.738281 19.373425 -79.092247
75.733093 19.397085 -79.091560
75.738281 19.407827 -79.112648
75.750000 20.748163 -84.880348
75.738281 20.755160 -84.907753
75.733093 20.731500 -84.908440
75.738281 20.720757 -84.887352
75.709999 20.758059 -84.919106
75.709999 20.727755 -84.914757
75.733093 20.731500 -84.908440
75.738281 20.755160 -84.907753
75.709999 20.709406 -84.890244
75.738281 20.720757 -84.887352
75.733093 20.731500 -84.908440
75.709999 20.727755 -84.914757
75.750000 20.845054 -84.855614
75.738281 20.872459 -84.848610
75.733093 20.873144 -84.872276
75.738281 20.852051 -84.883018
75.709999 20.883810 -84.845711
75.709999 20.879457 -84.876015
75.733093 20.873144 -84.872276
75.738281 20.872459 -84.848610
75.709999 20.854950 -84.894363
75.738281 20.852051 -84.883018
75.733093 20.873144 -84.872276
75.709999 20.879457 -84.876015
66.290001 19.273635 -79.105637
66.290001 19.249128 -79.123985
66.266907 19.255441 -79.127724
66.261719 19.276533 -79.116982
66.290001 19.244775 -79.154289
66.261719 19.256126 -79.151390
66.266907 19.255441 -79.127724
66.290001 19.249128 -79.123985
66.250000 19.283531 -79.144386
66.261719 19.276533 -79.116982
66.266907 19.255441 -79.127724
66.261719 19.256126 -79.151390
66.290001 19.370526 -79.080894
66.261719 19.373425 -79.092247
66.266907 19.397085 -79.091560
66.290001 19.400830 -79.085243
66.250000 19.380422 -79.119652
66.261719 19.407827 -79.112648
66.266907 19.397085 -79.091560
66.261719 19.373425 -79.092247
66.290001 19.419179 -79.109756
66.290001 19.400830 -79.085243
66.266907 19.397085 -79.091560
66.261719 19.407827 -79.112648
66.250000 20.748163 -84.880348
66.261719 20.720757 -84.887352
66.266907 20.731500 -84.908440
66.261719 20.755160 -84.907753
66.290001 20.709406 -84.890244
66.290001 20.727755 -84.914757
66.266907 20.731500 -84.908440
66.261719 20.720757 -84.887352
66.290001 20.758059 -84.919106
66.261719 20.755160 -84.907753
66.266907 20.731500 -84.908440
66.290001 20.727755 -84.914757
66.290001 20.854950 -84.894363
66.290001 20.879457 -84.876015
66.266907 20.873144 -84.872276
66.261719 20.852051 -84.883018
66.290001 20.883810 -84.845711
66.261719 20.872459 -84.848610
66.266907 20.873144 -84.872276
66.290001 20.879457 -84.876015
66.250000 20.845054 -84.855614
66.261719 20.852051 -84.883018
66.266907 20.873144 -84.872276
66.261719 20.872459 -84.848610
75.750000 19.283531 -79.144386
75.750000 20.748163 -84.880348
75.738281 20.720757 -84.887352
75.738281 19.256126 -79.151390
75.738281 19.256126 -79.151390
75.738281 20.720757 -84.887352
75.709999 20.709406 -84.890244
75.709999 19.244775 -79.154289
75.709999 19.244775 -79.154289
66.290001 19.244775 -79.154289
66.290001 19.249128 -79.123985
75.709999 19.249128 -79.123985
75.709999 19.249128 -79.123985
66.290001 19.249128 -79.123985
66.290001 19.273635 -79.105637
75.709999 19.273635 -79.105637
66.290001 19.244775 -79.154289
66.290001 20.709406 -84.890244
66.261719 20.720757 -84.887352
66.261719 19.256126 -79.151390
66.261719 19.256126 -79.151390
66.261719 20.720757 -84.887352
66.250000 20.748163 -84.880348
66.250000 19.283531 -79.144386
75.709999 20.758059 -84.919106
66.290001 20.758059 -84.919106
66.290001 20.727755 -84.914757
75.709999 20.727755 -84.914757
75.709999 20.727755 -84.914757
66.290001 20.727755 -84.914757
66.290001 20.709406 -84.890244
75.709999 20.709406 -84.890244
75.709999 19.370526 -79.080894
66.290001 19.370526 -79.080894
66.290001 19.400830 -79.085243
75.709999 19.400830 -79.085243
75.709999 19.400830 -79.085243
66.290001 19.400830 -79.085243
66.290001 19.419179 -79.109756
75.709999 19.419179 -79.109756
75.709999 19.419179 -79.109756
75.709999 20.883810 -84.845711
75.738281 20.872459 -84.848610
75.738281 19.407827 -79.112648
75.738281 19.407827 -79.112648
75.738281 20.872459 -84.848610
75.750000 20.845054 -84.855614
75.750000 19.380422 -79.119652
75.709999 20.883810 -84.845711
66.290001 20.883810 -84.845711
66.290001 20.879457 -84.876015
75.709999 20.879457 -84.876015
75.709999 20.879457 -84.876015
66.290001 20.879457 -84.876015
66.290001 20.854950 -84.894363
75.709999 20.854950 -84.894363
66.250000 19.380422 -79.119652
66.250000 20.845054 -84.855614
66.261719 20.872459 -84.848610
66.261719 19.407827 -79.112648
66.261719 19.407827 -79.112648
66.261719 20.872459 -84.848610
66.290001 20.883810 -84.845711
66.290001 19.419179 -79.109756
75.709999 19.273635 -79.105637
75.709999 19.370526 -79.080894
75.738281 19.373425 -79.092247
75.738281 19.276533 -79.116982
75.738281 19.276533 -79.116982
75.738281 19.373425 -79.092247
75.750000 19.380422 -79.119652
75.750000 19.283531 -79.144386
66.250000 19.283531 -79.144386
66.250000 19.380422 -79.119652
66.261719 19.373425 -79.092247
66.261719 19.276533 -79.116982
66.261719 19.276533 -79.116982
66.261719 19.373425 -79.092247
66.290001 19.370526 -79.080894
66.290001 19.273635 -79.105637
75.750000 20.748163 -84.880348
75.750000 20.845054 -84.855614
75.738281 20.852051 -84.883018
75.738281 20.755160 -84.907753
75.738281 20.755160 -84.907753
75.738281 20.852051 -84.883018
75.709999 20.854950 -84.894363
75.709999 20.758059 -84.919106
66.290001 20.758059 -84.919106
66.290001 20.854950 -84.894363
66.261719 20.852051 -84.883018
66.261719 20.755160 -84.907753
66.261719 20.755160 -84.907753
66.261719 20.852051 -84.883018
66.250000 20.845054 -84.855614
66.250000 20.748163 -84.880348
75.750000 19.283531 -79.144386
75.750000 19.380422 -79.119652
75.750000 20.845054 -84.855614
75.750000 20.748163 -84.880348
<Normals>: 1296
0.001159 -0.334410 0.942427
-0.001159 -0.334410 0.942427
-0.001159 -0.158351 0.987382
0.001159 -0.158351 0.987382
0.001159 0.158351 -0.987382
0.001159 0.334410 -0.942427
-0.001159 0.334410 -0.942427
-0.001159 0.158351 -0.987382
0.001226 0.968428 0.249290
-0.001226 0.968428 0.249290
-0.001226 0.969392 0.245516
0.001226 0.969392 0.245516
-0.995864 -0.088474 -0.020694
-0.995864 -0.087564 -0.024256
-0.995864 0.088474 0.020694
-0.995864 0.087564 0.024256
0.001226 -0.969392 -0.245516
0.001226 -0.968428 -0.249290
-0.001226 -0.968428 -0.249290
-0.001226 -0.969392 -0.245516
0.995861 -0.088509 -0.020659
0.707081 -0.685511 -0.173525
0.577357 -0.702247 0.416543
0.705435 -0.241296 0.666436
0.001254 -0.969400 -0.245482
0.000912 -0.860059 0.510193
0.577339 -0.702243 0.416575
0.707093 -0.685482 -0.173595
0.001181 -0.334415 0.942425
0.705431 -0.241316 0.666434
0.577370 -0.702228 0.416557
0.000897 -0.860069 0.510178
0.001176 -0.158265 0.987396
0.000914 0.510196 0.860058
0.577341 0.416578 0.702239
0.705424 -0.107752 0.700547
0.001265 0.968421 0.249317
0.707103 0.684779 0.176307
0.577368 0.416565 0.702225
0.000897 0.510183 0.860065
0.995862 0.087568 0.024313
0.705423 -0.107737 0.700550
0.577353 0.416543 0.702250
0.707123 0.684762 0.176291
0.995862 -0.087568 -0.024313
0.705423 0.107737 -0.700550
0.577353 -0.416543 -0.702250
0.707123 -0.684762 -0.176291
0.001168 0.158273 -0.987395
0.000909 -0.510190 -0.860061
0.577337 -0.416572 -0.702246
0.705444 0.107693 -0.700536
0.001264 -0.968421 -0.249317
0.707102 -0.684779 -0.176308
0.577368 -0.416565 -0.702225
0.000896 -0.510183 -0.860065
0.995861 0.088509 0.020659
0.707081 0.685511 0.173525
0.577357 0.702247 -0.416543
0.705435 0.241296 -0.666436
0.001254 0.969400 0.245482
0.000912 0.860059 -0.510193
0.577339 0.702243 -0.416575
0.707093 0.685482 0.173595
0.001181 0.334415 -0.942425
0.705431 0.241316 -0.666434
0.577370 0.702228 -0.416557
0.000897 0.860069 -0.510178
-0.001176 -0.334492 0.942398
-0.000914 -0.860073 0.510171
-0.577341 -0.702253 0.416554
-0.705424 -0.241299 0.666447
-0.001265 -0.969398 -0.245490
-0.707103 -0.685476 -0.173576
-0.577368 -0.702234 0.416549
-0.000897 -0.860065 0.510183
-0.995862 -0.088504 -0.020645
-0.705423 -0.241314 0.666442
-0.577353 -0.702228 0.416581
-0.707123 -0.685453 -0.173583
-0.001212 -0.158325 0.987386
-0.705426 -0.107736 0.700548
-0.577366 0.416548 0.702237
-0.000893 0.510183 0.860065
-0.995861 0.087578 0.024303
-0.707081 0.684785 0.176369
-0.577357 0.416579 0.702226
-0.705405 -0.107699 0.700575
-0.001254 0.968419 0.249324
-0.000911 0.510173 0.860071
-0.577339 0.416560 0.702252
-0.707092 0.684793 0.176294
-0.995861 -0.087578 -0.024303
-0.707081 -0.684785 -0.176369
-0.577357 -0.416579 -0.702226
-0.705435 0.107749 -0.700536
-0.001254 -0.968419 -0.249325
-0.000912 -0.510173 -0.860071
-0.577339 -0.416559 -0.702252
-0.707093 -0.684793 -0.176294
-0.001181 0.158346 -0.987383
-0.705431 0.107730 -0.700544
-0.577370 -0.416555 -0.702229
-0.000897 -0.510189 -0.860062
-0.001176 0.334492 -0.942398
-0.000914 0.860073 -0.510171
-0.577341 0.702253 -0.416554
-0.705424 0.241299 -0.666447
-0.001265 0.969398 0.245490
-0.707103 0.685476 0.173576
-0.577368 0.702234 -0.416549
-0.000897 0.860065 -0.510183
-0.995862 0.088504 0.020645
-0.705423 0.241314 -0.666442
-0.577353 0.702228 -0.416581
-0.707123 0.685453 0.173583
0.995858 -0.088532 -0.020724
0.995858 -0.087630 -0.024257
0.707130 -0.684752 -0.176304
0.707130 -0.685450 -0.173566
0.707081 -0.685498 -0.173579
0.707081 -0.684799 -0.176316
0.001289 -0.968426 -0.249299
0.001289 -0.969394 -0.245507
0.001241 -0.969405 -0.245465
-0.001241 -0.969405 -0.245465
-0.000917 -0.860085 0.510149
0.000862 -0.860085 0.510149
0.000917 -0.860044 0.510218
-0.000917 -0.860044 0.510218
-0.001139 -0.334495 0.942397
0.001139 -0.334495 0.942397
-0.001289 -0.969394 -0.245507
-0.001289 -0.968426 -0.249299
-0.707080 -0.684799 -0.176316
-0.707080 -0.685498 -0.173579
-0.707130 -0.685450 -0.173566
-0.707130 -0.684751 -0.176303
-0.995858 -0.087630 -0.024257
-0.995858 -0.088532 -0.020724
0.001139 0.158262 -0.987396
-0.001139 0.158262 -0.987396
-0.000917 -0.510148 -0.860086
0.000917 -0.510148 -0.860086
0.000917 -0.510217 -0.860045
-0.000862 -0.510217 -0.860045
-0.001241 -0.968415 -0.249342
0.001241 -0.968415 -0.249342
0.001139 -0.158262 0.987396
-0.001139 -0.158262 0.987396
-0.000917 0.510148 0.860086
0.000917 0.510148 0.860086
0.000917 0.510217 0.860045
-0.000862 0.510217 0.860045
-0.001241 0.968415 0.249342
0.001241 0.968415 0.249342
0.001289 0.968426 0.249299
0.001289 0.969394 0.245507
0.707080 0.685498 0.173579
0.707080 0.684799 0.176316
0.707130 0.684751 0.176304
0.707130 0.685450 0.173566
0.995858 0.088532 0.020724
0.995858 0.087630 0.024257
0.001241 0.969405 0.245465
-0.001241 0.969405 0.245465
-0.000917 0.860085 -0.510149
0.000862 0.860085 -0.510149
0.000917 0.860044 -0.510218
-0.000917 0.860044 -0.510218
-0.001139 0.334495 -0.942397
0.001139 0.334495 -0.942397
-0.995858 0.087630 0.024257
-0.995858 0.088532 0.020724
-0.707130 0.685450 0.173566
-0.707130 0.684752 0.176303
-0.707081 0.684799 0.176316
-0.707081 0.685498 0.173579
-0.001289 0.969394 0.245507
-0.001289 0.968426 0.249299
0.001214 -0.334450 0.942413
0.001202 -0.158364 0.987380
0.705395 -0.107718 0.700582
0.705404 -0.241291 0.666471
0.705448 -0.241332 0.666409
0.705445 -0.107760 0.700525
0.995862 0.087566 0.024320
0.995867 -0.088450 -0.020637
-0.995862 -0.088506 -0.020639
-0.995867 0.087517 0.024295
-0.705448 -0.107705 0.700530
-0.705445 -0.241281 0.666432
-0.705395 -0.241345 0.666461
-0.705404 -0.107770 0.700565
-0.001214 -0.158310 0.987389
-0.001202 -0.334398 0.942431
0.995862 -0.087566 -0.024320
0.995867 0.088450 0.020637
0.705448 0.241332 -0.666409
0.705445 0.107760 -0.700525
0.705395 0.107718 -0.700582
0.705404 0.241291 -0.666471
0.001214 0.334450 -0.942413
0.001202 0.158364 -0.987380
-0.001214 0.158310 -0.987389
-0.001202 0.334398 -0.942431
-0.705395 0.241345 -0.666461
-0.705404 0.107770 -0.700565
-0.705448 0.107705 -0.700530
-0.705445 0.241281 -0.666432
-0.995862 0.088506 0.020639
-0.995867 -0.087517 -0.024295
0.995864 -0.088474 -0.020694
0.995864 0.087564 0.024256
0.995864 0.088474 0.020694
0.995864 -0.087564 -0.024256
0.001159 -0.334410 0.942427
-0.001159 -0.334410 0.942427
-0.001159 -0.158351 0.987382
0.001159 -0.158351 0.987382
0.001159 0.158351 -0.987382
0.001159 0.334410 -0.942427
-0.001159 0.334410 -0.942427
-0.001159 0.158351 -0.987382
0.001226 0.968428 0.249290
-0.001226 0.968428 0.249290
-0.001226 0.969392 0.245516
0.001226 0.969392 0.245516
-0.995864 -0.088474 -0.020694
-0.995864 -0.087564 -0.024256
-0.995864 0.088474 0.020694
-0.995864 0.087564 0.024256
0.001226 -0.969392 -0.245516
0.001226 -0.968428 -0.249290
-0.001226 -0.968428 -0.249290
-0.001226 -0.969392 -0.245516
0.995861 -0.088509 -0.020659
0.707081 -0.685511 -0.173525
0.577357 -0.702247 0.416543
0.705435 -0.241296 0.666436
0.001254 -0.969400 -0.245482
0.000912 -0.860059 0.510193
0.577339 -0.702243 0.416575
0.707093 -0.685482 -0.173595
0.001181 -0.334415 0.942425
0.705431 -0.241316 0.666434
0.577370 -0.702228 0.416557
0.000897 -0.860069 0.510178
0.001176 -0.158265 0.987396
0.000914 0.510196 0.860058
0.577341 0.416578 0.702239
0.705424 -0.107752 0.700547
0.001265 0.968421 0.249317
0.707103 0.684779 0.176307
0.577368 0.416565 0.702225
0.000897 0.510183 0.860065
0.995862 0.087568 0.024313
0.705423 -0.107737 0.700550
0.577353 0.416543 0.702250
0.707123 0.684762 0.176291
0.995862 -0.087568 -0.024313
0.705423 0.107737 -0.700550
0.577353 -0.416543 -0.702250
0.707123 -0.684762 -0.176291
0.001168 0.158273 -0.987395
0.000909 -0.510190 -0.860061
0.577337 -0.416572 -0.702246
0.705444 0.107693 -0.700536
0.001264 -0.968421 -0.249317
0.707102 -0.684779 -0.176308
0.577368 -0.416565 -0.702225
0.000896 -0.510183 -0.860065
0.995861 0.088509 0.020659
0.707081 0.685511 0.173525
0.577357 0.702247 -0.416543
0.705435 0.241296 -0.666436
0.001254 0.969400 0.245482
0.000912 0.860059 -0.510193
0.577339 0.702243 -0.416575
0.707093 0.685482 0.173595
0.001181 0.334415 -0.942425
0.705431 0.241316 -0.666434
0.577370 0.702228 -0.416557
0.000897 0.860069 -0.510178
-0.001176 -0.334492 0.942398
-0.000914 -0.860073 0.510171
-0.577341 -0.702253 0.416554
-0.705424 -0.241299 0.666447
-0.001265 -0.969398 -0.245490
-0.707103 -0.685476 -0.173576
-0.577368 -0.702234 0.416549
-0.000897 -0.860065 0.510183
-0.995862 -0.088504 -0.020645
-0.705423 -0.241314 0.666442
-0.577353 -0.702228 0.416581
-0.707123 -0.685453 -0.173583
-0.001212 -0.158325 0.987386
-0.705426 -0.107736 0.700548
-0.577366 0.416548 0.702237
-0.000893 0.510183 0.860065
-0.995861 0.087578 0.024303
-0.707081 0.684785 0.176369
-0.577357 0.416579 0.702226
-0.705405 -0.107699 0.700575
-0.001254 0.968419 0.249324
-0.000911 0.510173 0.860071
-0.577339 0.416560 0.702252
-0.707092 0.684793 0.176294
-0.995861 -0.087578 -0.024303
-0.707081 -0.684785 -0.176369
-0.577357 -0.416579 -0.702226
-0.705435 0.107749 -0.700536
-0.001254 -0.968419 -0.249325
-0.000912 -0.510173 -0.860071
-0.577339 -0.416559 -0.702252
-0.707093 -0.684793 -0.176294
-0.001181 0.158346 -0.987383
-0.705431 0.107730 -0.700544
-0.577370 -0.416555 -0.702229
-0.000897 -0.510189 -0.860062
-0.001176 0.334492 -0.942398
-0.000914 0.860073 -0.510171
-0.577341 0.702253 -0.416554
-0.705424 0.241299 -0.666447
-0.001265 0.969398 0.245490
-0.707103 0.685476 0.173576
-0.577368 0.702234 -0.416549
-0.000897 0.860065 -0.510183
-0.995862 0.088504 0.020645
-0.705423 0.241314 -0.666442
-0.577353 0.702228 -0.416581
-0.707123 0.685453 0.173583
0.995858 -0.088532 -0.020724
0.995858 -0.087630 -0.024257
0.707130 -0.684752 -0.176304
0.707130 -0.685450 -0.173566
0.707081 -0.685498 -0.173579
0.707081 -0.684799 -0.176316
0.001289 -0.968426 -0.249299
0.001289 -0.969394 -0.245507
0.001241 -0.969405 -0.245465
-0.001241 -0.969405 -0.245465
-0.000917 -0.860085 0.510149
0.000862 -0.860085 0.510149
0.000917 -0.860044 0.510218
-0.000917 -0.860044 0.510218
-0.001139 -0.334495 0.942397
0.001139 -0.334495 0.942397
-0.001289 -0.969394 -0.245507
-0.001289 -0.968426 -0.249299
-0.707080 -0.684799 -0.176316
-0.707080 -0.685498 -0.173579
-0.707130 -0.685450 -0.173566
-0.707130 -0.684751 -0.176303
-0.995858 -0.087630 -0.024257
-0.995858 -0.088532 -0.020724
0.001139 0.158262 -0.987396
-0.001139 0.158262 -0.987396
-0.000917 -0.510148 -0.860086
0.000917 -0.510148 -0.860086
0.000917 -0.510217 -0.860045
-0.000862 -0.510217 -0.860045
-0.001241 -0.968415 -0.249342
0.001241 -0.968415 -0.249342
0.001139 -0.158262 0.987396
-0.001139 -0.158262 0.987396
-0.000917 0.510148 0.860086
0.000917 0.510148 0.860086
0.000917 0.510217 0.860045
-0.000862 0.510217 0.860045
-0.001241 0.968415 0.249342
0.001241 0.968415 0.249342
0.001289 0.968426 0.249299
0.001289 0.969394 0.245507
0.707080 0.685498 0.173579
0.707080 0.684799 0.176316
0.707130 0.684751 0.176304
0.707130 0.685450 0.173566
0.995858 0.088532 0.020724
0.995858 0.087630 0.024257
0.001241 0.969405 0.245465
-0.001241 0.969405 0.245465
-0.000917 0.860085 -0.510149
0.000862 0.860085 -0.510149
0.000917 0.860044 -0.510218
-0.000917 0.860044 -0.510218
-0.001139 0.334495 -0.942397
0.001139 0.334495 -0.942397
-0.995858 0.087630 0.024257
-0.995858 0.088532 0.020724
-0.707130 0.685450 0.173566
-0.707130 0.684752 0.176303
-0.707081 0.684799 0.176316
-0.707081 0.685498 0.173579
-0.001289 0.969394 0.245507
-0.001289 0.968426 0.249299
0.001214 -0.334450 0.942413
0.001202 -0.158364 0.987380
0.705395 -0.107718 0.700582
0.705404 -0.241291 0.666471
0.705448 -0.241332 0.666409
0.705445 -0.107760 0.700525
0.995862 0.087566 0.024320
0.995867 -0.088450 -0.020637
-0.995862 -0.088506 -0.020639
-0.995867 0.087517 0.024295
-0.705448 -0.107705 0.700530
-0.705445 -0.241281 0.666432
-0.705395 -0.241345 0.666461
-0.705404 -0.107770 0.700565
-0.001214 -0.158310 0.987389
-0.001202 -0.334398 0.942431
0.995862 -0.087566 -0.024320
0.995867 0.088450 0.020637
0.705448 0.241332 -0.666409
0.705445 0.107760 -0.700525
0.705395 0.107718 -0.700582
0.705404 0.241291 -0.666471
0.001214 0.334450 -0.942413
0.001202 0.158364 -0.987380
-0.001214 0.158310 -0.987389
-0.001202 0.334398 -0.942431
-0.705395 0.241345 -0.666461
-0.705404 0.107770 -0.700565
-0.705448 0.107705 -0.700530
-0.705445 0.241281 -0.666432
-0.995862 0.088506 0.020639
-0.995867 -0.087517 -0.024295
0.995864 -0.088474 -0.020694
0.995864 0.087564 0.024256
0.995864 0.088474 0.020694
0.995864 -0.087564 -0.024256
0.001159 -0.334410 0.942427
-0.001159 -0.334410 0.942427
-0.001159 -0.158351 0.987382
0.001159 -0.158351 0.987382
0.001159 0.158351 -0.987382
0.001159 0.334410 -0.942427
-0.001159 0.334410 -0.942427
-0.001159 0.158351 -0.987382
0.001226 0.968428 0.249290
-0.001226 0.968428 0.249290
-0.001226 0.969392 0.245516
0.001226 0.969392 0.245516
-0.995864 -0.088474 -0.020694
-0.995864 -0.087564 -0.024256
-0.995864 0.088474 0.020694
-0.995864 0.087564 0.024256
0.001226 -0.969392 -0.245516
0.001226 -0.968428 -0.249290
-0.001226 -0.968428 -0.249290
-0.001226 -0.969392 -0.245516
0.995861 -0.088509 -0.020659
0.707081 -0.685511 -0.173525
0.577357 -0.702247 0.416543
0.705435 -0.241296 0.666436
0.001254 -0.969400 -0.245482
0.000912 -0.860059 0.510193
0.577339 -0.702243 0.416575
0.707093 -0.685482 -0.173595
0.001181 -0.334415 0.942425
0.705431 -0.241316 0.666434
0.577370 -0.702228 0.416557
0.000897 -0.860069 0.510178
0.001176 -0.158265 0.987396
0.000914 0.510196 0.860058
0.577341 0.416578 0.702239
0.705424 -0.107752 0.700547
0.001265 0.968421 0.249317
0.707103 0.684779 0.176307
0.577368 0.416565 0.702225
0.000897 0.510183 0.860065
0.995862 0.087568 0.024313
0.705423 -0.107737 0.700550
0.577353 0.416543 0.702250
0.707123 0.684762 0.176291
0.995862 -0.087568 -0.024313
0.705423 0.107737 -0.700550
0.577353 -0.416543 -0.702250
0.707123 -0.684762 -0.176291
0.001168 0.158273 -0.987395
0.000909 -0.510190 -0.860061
0.577337 -0.416572 -0.702246
0.705444 0.107693 -0.700536
0.001264 -0.968421 -0.249317
0.707102 -0.684779 -0.176308
0.577368 -0.416565 -0.702225
0.000896 -0.510183 -0.860065
0.995861 0.088509 0.020659
0.707081 0.685511 0.173525
0.577357 0.702247 -0.416543
0.705435 0.241296 -0.666436
0.001254 0.969400 0.245482
0.000912 0.860059 -0.510193
0.577339 0.702243 -0.416575
0.707093 0.685482 0.173595
0.001181 0.334415 -0.942425
0.705431 0.241316 -0.666434
0.577370 0.702228 -0.416557
0.000897 0.860069 -0.510178
-0.001176 -0.334492 0.942398
-0.000914 -0.860073 0.510171
-0.577341 -0.702253 0.416554
-0.705424 -0.241299 0.666447
-0.001265 -0.969398 -0.245490
-0.707103 -0.685476 -0.173576
-0.577368 -0.702234 0.416549
-0.000897 -0.860065 0.510183
-0.995862 -0.088504 -0.020645
-0.705423 -0.241314 0.666442
-0.577353 -0.702228 0.416581
-0.707123 -0.685453 -0.173583
-0.001212 -0.158325 0.987386
-0.705426 -0.107736 0.700548
-0.577366 0.416548 0.702237
-0.000893 0.510183 0.860065
-0.995861 0.087578 0.024303
-0.707081 0.684785 0.176369
-0.577357 0.416579 0.702226
-0.705405 -0.107699 0.700575
-0.001254 0.968419 0.249324
-0.000911 0.510173 0.860071
-0.577339 0.416560 0.702252
-0.707092 0.684793 0.176294
-0.995861 -0.087578 -0.024303
-0.707081 -0.684785 -0.176369
-0.577357 -0.416579 -0.702226
-0.705435 0.107749 -0.700536
-0.001254 -0.968419 -0.249325
-0.000912 -0.510173 -0.860071
-0.577339 -0.416559 -0.702252
-0.707093 -0.684793 -0.176294
-0.001181 0.158346 -0.987383
-0.705431 0.107730 -0.700544
-0.577370 -0.416555 -0.702229
-0.000897 -0.510189 -0.860062
-0.001176 0.334492 -0.942398
-0.000914 0.860073 -0.510171
-0.577341 0.702253 -0.416554
-0.705424 0.241299 -0.666447
-0.001265 0.969398 0.245490
-0.707103 0.685476 0.173576
-0.577368 0.702234 -0.416549
-0.000897 0.860065 -0.510183
-0.995862 0.088504 0.020645
-0.705423 0.241314 -0.666442
-0.577353 0.702228 -0.416581
-0.707123 0.685453 0.173583
0.995858 -0.088532 -0.020724
0.995858 -0.087630 -0.024257
0.707130 -0.684752 -0.176304
0.707130 -0.685450 -0.173566
0.707081 -0.685498 -0.173579
0.707081 -0.684799 -0.176316
0.001289 -0.968426 -0.249299
0.001289 -0.969394 -0.245507
0.001241 -0.969405 -0.245465
-0.001241 -0.969405 -0.245465
-0.000917 -0.860085 0.510149
0.000862 -0.860085 0.510149
0.000917 -0.860044 0.510218
-0.000917 -0.860044 0.510218
-0.001139 -0.334495 0.942397
0.001139 -0.334495 0.942397
-0.001289 -0.969394 -0.245507
-0.001289 -0.968426 -0.249299
-0.707080 -0.684799 -0.176316
-0.707080 -0.685498 -0.173579
-0.707130 -0.685450 -0.173566
-0.707130 -0.684751 -0.176303
-0.995858 -0.087630 -0.024257
-0.995858 -0.088532 -0.020724
0.001139 0.158262 -0.987396
-0.001139 0.158262 -0.987396
-0.000917 -0.510148 -0.860086
0.000917 -0.510148 -0.860086
0.000917 -0.510217 -0.860045
-0.000862 -0.510217 -0.860045
-0.001241 -0.968415 -0.249342
0.001241 -0.968415 -0.249342
0.001139 -0.158262 0.987396
-0.001139 -0.158262 0.987396
-0.000917 0.510148 0.860086
0.000917 0.510148 0.860086
0.000917 0.510217 0.860045
-0.000862 0.510217 0.860045
-0.001241 0.968415 0.249342
0.001241 0.968415 0.249342
0.001289 0.968426 0.249299
0.001289 0.969394 0.245507
0.707080 0.685498 0.173579
0.707080 0.684799 0.176316
0.707130 0.684751 0.176304
0.707130 0.685450 0.173566
0.995858 0.088532 0.020724
0.995858 0.087630 0.024257
0.001241 0.969405 0.245465
-0.001241 0.969405 0.245465
-0.000917 0.860085 -0.510149
0.000862 0.860085 -0.510149
0.000917 0.860044 -0.510218
-0.000917 0.860044 -0.510218
-0.001139 0.334495 -0.942397
0.001139 0.334495 -0.942397
-0.995858 0.087630 0.024257
-0.995858 0.088532 0.020724
-0.707130 0.685450 0.173566
-0.707130 0.684752 0.176303
-0.707081 0.684799 0.176316
-0.707081 0.685498 0.173579
-0.001289 0.969394 0.245507
-0.001289 0.968426 0.249299
0.001214 -0.334450 0.942413
0.001202 -0.158364 0.987380
0.705395 -0.107718 0.700582
0.705404 -0.241291 0.666471
0.705448 -0.241332 0.666409
0.705445 -0.107760 0.700525
0.995862 0.087566 0.024320
0.995867 -0.088450 -0.020637
-0.995862 -0.088506 -0.020639
-0.995867 0.087517 0.024295
-0.705448 -0.107705 0.700530
-0.705445 -0.241281 0.666432
-0.705395 -0.241345 0.666461
-0.705404 -0.107770 0.700565
-0.001214 -0.158310 0.987389
-0.001202 -0.334398 0.942431
0.995862 -0.087566 -0.024320
0.995867 0.088450 0.020637
0.705448 0.241332 -0.666409
0.705445 0.107760 -0.700525
0.705395 0.107718 -0.700582
0.705404 0.241291 -0.666471
0.001214 0.334450 -0.942413
0.001202 0.158364 -0.987380
-0.001214 0.158310 -0.987389
-0.001202 0.334398 -0.942431
-0.705395 0.241345 -0.666461
-0.705404 0.107770 -0.700565
-0.705448 0.107705 -0.700530
-0.705445 0.241281 -0.666432
-0.995862 0.088506 0.020639
-0.995867 -0.087517 -0.024295
0.995864 -0.088474 -0.020694
0.995864 0.087564 0.024256
0.995864 0.088474 0.020694
0.995864 -0.087564 -0.024256
0.001159 -0.334410 0.942427
-0.001159 -0.334410 0.942427
-0.001159 -0.158351 0.987382
0.001159 -0.158351 0.987382
0.001159 0.158351 -0.987382
0.001159 0.334410 -0.942427
-0.001159 0.334410 -0.942427
-0.001159 0.158351 -0.987382
0.001226 0.968428 0.249290
-0.001226 0.968428 0.249290
-0.001226 0.969392 0.245516
0.001226 0.969392 0.245516
-0.995864 -0.088474 -0.020694
-0.995864 -0.087564 -0.024256
-0.995864 0.088474 0.020694
-0.995864 0.087564 0.024256
0.001226 -0.969392 -0.245516
0.001226 -0.968428 -0.249290
-0.001226 -0.968428 -0.249290
-0.001226 -0.969392 -0.245516
0.995861 -0.088509 -0.020659
0.707081 -0.685511 -0.173525
0.577357 -0.702247 0.416543
0.705435 -0.241296 0.666436
0.001254 -0.969400 -0.245482
0.000912 -0.860059 0.510193
0.577339 -0.702243 0.416575
0.707093 -0.685482 -0.173595
0.001181 -0.334415 0.942425
0.705431 -0.241316 0.666434
0.577370 -0.702228 0.416557
0.000897 -0.860069 0.510178
0.001176 -0.158265 0.987396
0.000914 0.510196 0.860058
0.577341 0.416578 0.702239
0.705424 -0.107752 0.700547
0.001265 0.968421 0.249317
0.707103 0.684779 0.176307
0.577368 0.416565 0.702225
0.000897 0.510183 0.860065
0.995862 0.087568 0.024313
0.705423 -0.107737 0.700550
0.577353 0.416543 0.702250
0.707123 0.684762 0.176291
0.995862 -0.087568 -0.024313
0.705423 0.107737 -0.700550
0.577353 -0.416543 -0.702250
0.707123 -0.684762 -0.176291
0.001168 0.158273 -0.987395
0.000909 -0.510190 -0.860061
0.577337 -0.416572 -0.702246
0.705444 0.107693 -0.700536
0.001264 -0.968421 -0.249317
0.707102 -0.684779 -0.176308
0.577368 -0.416565 -0.702225
0.000896 -0.510183 -0.860065
0.995861 0.088509 0.020659
0.707081 0.685511 0.173525
0.577357 0.702247 -0.416543
0.705435 0.241296 -0.666436
0.001254 0.969400 0.245482
0.000912 0.860059 -0.510193
0.577339 0.702243 -0.416575
0.707093 0.685482 0.173595
0.001181 0.334415 -0.942425
0.705431 0.241316 -0.666434
0.577370 0.702228 -0.416557
0.000897 0.860069 -0.510178
-0.001176 -0.334492 0.942398
-0.000914 -0.860073 0.510171
-0.577341 -0.702253 0.416554
-0.705424 -0.241299 0.666447
-0.001265 -0.969398 -0.245490
-0.707103 -0.685476 -0.173576
-0.577368 -0.702234 0.416549
-0.000897 -0.860065 0.510183
-0.995862 -0.088504 -0.020645
-0.705423 -0.241314 0.666442
-0.577353 -0.702228 0.416581
-0.707123 -0.685453 -0.173583
-0.001212 -0.158325 0.987386
-0.705426 -0.107736 0.700548
-0.577366 0.416548 0.702237
-0.000893 0.510183 0.860065
-0.995861 0.087578 0.024303
-0.707081 0.684785 0.176369
-0.577357 0.416579 0.702226
-0.705405 -0.107699 0.700575
-0.001254 0.968419 0.249324
-0.000911 0.510173 0.860071
-0.577339 0.416560 0.702252
-0.707092 0.684793 0.176294
-0.995861 -0.087578 -0.024303
-0.707081 -0.684785 -0.176369
-0.577357 -0.416579 -0.702226
-0.705435 0.107749 -0.700536
-0.001254 -0.968419 -0.249325
-0.000912 -0.510173 -0.860071
-0.577339 -0.416559 -0.702252
-0.707093 -0.684793 -0.176294
-0.001181 0.158346 -0.987383
-0.705431 0.107730 -0.700544
-0.577370 -0.416555 -0.702229
-0.000897 -0.510189 -0.860062
-0.001176 0.334492 -0.942398
-0.000914 0.860073 -0.510171
-0.577341 0.702253 -0.416554
-0.705424 0.241299 -0.666447
-0.001265 0.969398 0.245490
-0.707103 0.685476 0.173576
-0.577368 0.702234 -0.416549
-0.000897 0.860065 -0.510183
-0.995862 0.088504 0.020645
-0.705423 0.241314 -0.666442
-0.577353 0.702228 -0.416581
-0.707123 0.685453 0.173583
0.995858 -0.088532 -0.020724
0.995858 -0.087630 -0.024257
0.707130 -0.684752 -0.176304
0.707130 -0.685450 -0.173566
0.707081 -0.685498 -0.173579
0.707081 -0.684799 -0.176316
0.001289 -0.968426 -0.249299
0.001289 -0.969394 -0.245507
0.001241 -0.969405 -0.245465
-0.001241 -0.969405 -0.245465
-0.000917 -0.860085 0.510149
0.000862 -0.860085 0.510149
0.000917 -0.860044 0.510218
-0.000917 -0.860044 0.510218
-0.001139 -0.334495 0.942397
0.001139 -0.334495 0.942397
-0.001289 -0.969394 -0.245507
-0.001289 -0.968426 -0.249299
-0.707080 -0.684799 -0.176316
-0.707080 -0.685498 -0.173579
-0.707130 -0.685450 -0.173566
-0.707130 -0.684751 -0.176303
-0.995858 -0.087630 -0.024257
-0.995858 -0.088532 -0.020724
0.001139 0.158262 -0.987396
-0.001139 0.158262 -0.987396
-0.000917 -0.510148 -0.860086
0.000917 -0.510148 -0.860086
0.000917 -0.510217 -0.860045
-0.000862 -0.510217 -0.860045
-0.001241 -0.968415 -0.249342
0.001241 -0.968415 -0.249342
0.001139 -0.158262 0.987396
-0.001139 -0.158262 0.987396
-0.000917 0.510148 0.860086
0.000917 0.510148 0.860086
0.000917 0.510217 0.860045
-0.000862 0.510217 0.860045
-0.001241 0.968415 0.249342
0.001241 0.968415 0.249342
0.001289 0.968426 0.249299
0.001289 0.969394 0.245507
0.707080 0.685498 0.173579
0.707080 0.684799 0.176316
0.707130 0.684751 0.176304
0.707130 0.685450 0.173566
0.995858 0.088532 0.020724
0.995858 0.087630 0.024257
0.001241 0.969405 0.245465
-0.001241 0.969405 0.245465
-0.000917 0.860085 -0.510149
0.000862 0.860085 -0.510149
0.000917 0.860044 -0.510218
-0.000917 0.860044 -0.510218
-0.001139 0.334495 -0.942397
0.001139 0.334495 -0.942397
-0.995858 0.087630 0.024257
-0.995858 0.088532 0.020724
-0.707130 0.685450 0.173566
-0.707130 0.684752 0.176303
-0.707081 0.684799 0.176316
-0.707081 0.685498 0.173579
-0.001289 0.969394 0.245507
-0.001289 0.968426 0.249299
0.001214 -0.334450 0.942413
0.001202 -0.158364 0.987380
0.705395 -0.107718 0.700582
0.705404 -0.241291 0.666471
0.705448 -0.241332 0.666409
0.705445 -0.107760 0.700525
0.995862 0.087566 0.024320
0.995867 -0.088450 -0.020637
-0.995862 -0.088506 -0.020639
-0.995867 0.087517 0.024295
-0.705448 -0.107705 0.700530
-0.705445 -0.241281 0.666432
-0.705395 -0.241345 0.666461
-0.705404 -0.107770 0.700565
-0.001214 -0.158310 0.987389
-0.001202 -0.334398 0.942431
0.995862 -0.087566 -0.024320
0.995867 0.088450 0.020637
0.705448 0.241332 -0.666409
0.705445 0.107760 -0.700525
0.705395 0.107718 -0.700582
0.705404 0.241291 -0.666471
0.001214 0.334450 -0.942413
0.001202 0.158364 -0.987380
-0.001214 0.158310 -0.987389
-0.001202 0.334398 -0.942431
-0.705395 0.241345 -0.666461
-0.705404 0.107770 -0.700565
-0.705448 0.107705 -0.700530
-0.705445 0.241281 -0.666432
-0.995862 0.088506 0.020639
-0.995867 -0.087517 -0.024295
0.995864 -0.088474 -0.020694
0.995864 0.087564 0.024256
0.995864 0.088474 0.020694
0.995864 -0.087564 -0.024256
0.001159 -0.334410 0.942427
-0.001159 -0.334410 0.942427
-0.001159 -0.158351 0.987382
0.001159 -0.158351 0.987382
0.001159 0.158351 -0.987382
0.001159 0.334410 -0.942427
-0.001159 0.334410 -0.942427
-0.001159 0.158351 -0.987382
0.001226 0.968428 0.249290
-0.001226 0.968428 0.249290
-0.001226 0.969392 0.245516
0.001226 0.969392 0.245516
-0.995864 -0.088474 -0.020694
-0.995864 -0.087564 -0.024256
-0.995864 0.088474 0.020694
-0.995864 0.087564 0.024256
0.001226 -0.969392 -0.245516
0.001226 -0.968428 -0.249290
-0.001226 -0.968428 -0.249290
-0.001226 -0.969392 -0.245516
0.995861 -0.088509 -0.020659
0.707081 -0.685511 -0.173525
0.577357 -0.702247 0.416543
0.705435 -0.241296 0.666436
0.001254 -0.969400 -0.245482
0.000912 -0.860059 0.510193
0.577339 -0.702243 0.416575
0.707093 -0.685482 -0.173595
0.001181 -0.334415 0.942425
0.705431 -0.241316 0.666434
0.577370 -0.702228 0.416557
0.000897 -0.860069 0.510178
0.001176 -0.158265 0.987396
0.000914 0.510196 0.860058
0.577341 0.416578 0.702239
0.705424 -0.107752 0.700547
0.001265 0.968421 0.249317
0.707103 0.684779 0.176307
0.577368 0.416565 0.702225
0.000897 0.510183 0.860065
0.995862 0.087568 0.024313
0.705423 -0.107737 0.700550
0.577353 0.416543 0.702250
0.707123 0.684762 0.176291
0.995862 -0.087568 -0.024313
0.705423 0.107737 -0.700550
0.577353 -0.416543 -0.702250
0.707123 -0.684762 -0.176291
0.001168 0.158273 -0.987395
0.000909 -0.510190 -0.860061
0.577337 -0.416572 -0.702246
0.705444 0.107693 -0.700536
0.001264 -0.968421 -0.249317
0.707102 -0.684779 -0.176308
0.577368 -0.416565 -0.702225
0.000896 -0.510183 -0.860065
0.995861 0.088509 0.020659
0.707081 0.685511 0.173525
0.577357 0.702247 -0.416543
0.705435 0.241296 -0.666436
0.001254 0.969400 0.245482
0.000912 0.860059 -0.510193
0.577339 0.702243 -0.416575
0.707093 0.685482 0.173595
0.001181 0.334415 -0.942425
0.705431 0.241316 -0.666434
0.577370 0.702228 -0.416557
0.000897 0.860069 -0.510178
-0.001176 -0.334492 0.942398
-0.000914 -0.860073 0.510171
-0.577341 -0.702253 0.416554
-0.705424 -0.241299 0.666447
-0.001265 -0.969398 -0.245490
-0.707103 -0.685476 -0.173576
-0.577368 -0.702234 0.416549
-0.000897 -0.860065 0.510183
-0.995862 -0.088504 -0.020645
-0.705423 -0.241314 0.666442
-0.577353 -0.702228 0.416581
-0.707123 -0.685453 -0.173583
-0.001212 -0.158325 0.987386
-0.705426 -0.107736 0.700548
-0.577366 0.416548 0.702237
-0.000893 0.510183 0.860065
-0.995861 0.087578 0.024303
-0.707081 0.684785 0.176369
-0.577357 0.416579 0.702226
-0.705405 -0.107699 0.700575
-0.001254 0.968419 0.249324
-0.000911 0.510173 0.860071
-0.577339 0.416560 0.702252
-0.707092 0.684793 0.176294
-0.995861 -0.087578 -0.024303
-0.707081 -0.684785 -0.176369
-0.577357 -0.416579 -0.702226
-0.705435 0.107749 -0.700536
-0.001254 -0.968419 -0.249325
-0.000912 -0.510173 -0.860071
-0.577339 -0.416559 -0.702252
-0.707093 -0.684793 -0.176294
-0.001181 0.158346 -0.987383
-0.705431 0.107730 -0.700544
-0.577370 -0.416555 -0.702229
-0.000897 -0.510189 -0.860062
-0.001176 0.334492 -0.942398
-0.000914 0.860073 -0.510171
-0.577341 0.702253 -0.416554
-0.705424 0.241299 -0.666447
-0.001265 0.969398 0.245490
-0.707103 0.685476 0.173576
-0.577368 0.702234 -0.416549
-0.000897 0.860065 -0.510183
-0.995862 0.088504 0.020645
-0.705423 0.241314 -0.666442
-0.577353 0.702228 -0.416581
-0.707123 0.685453 0.173583
0.995858 -0.088532 -0.020724
0.995858 -0.087630 -0.024257
0.707130 -0.684752 -0.176304
0.707130 -0.685450 -0.173566
0.707081 -0.685498 -0.173579
0.707081 -0.684799 -0.176316
0.001289 -0.968426 -0.249299
0.001289 -0.969394 -0.245507
0.001241 -0.969405 -0.245465
-0.001241 -0.969405 -0.245465
-0.000917 -0.860085 0.510149
0.000862 -0.860085 0.510149
0.000917 -0.860044 0.510218
-0.000917 -0.860044 0.510218
-0.001139 -0.334495 0.942397
0.001139 -0.334495 0.942397
-0.001289 -0.969394 -0.245507
-0.001289 -0.968426 -0.249299
-0.707080 -0.684799 -0.176316
-0.707080 -0.685498 -0.173579
-0.707130 -0.685450 -0.173566
-0.707130 -0.684751 -0.176303
-0.995858 -0.087630 -0.024257
-0.995858 -0.088532 -0.020724
0.001139 0.158262 -0.987396
-0.001139 0.158262 -0.987396
-0.000917 -0.510148 -0.860086
0.000917 -0.510148 -0.860086
0.000917 -0.510217 -0.860045
-0.000862 -0.510217 -0.860045
-0.001241 -0.968415 -0.249342
0.001241 -0.968415 -0.249342
0.001139 -0.158262 0.987396
-0.001139 -0.158262 0.987396
-0.000917 0.510148 0.860086
0.000917 0.510148 0.860086
0.000917 0.510217 0.860045
-0.000862 0.510217 0.860045
-0.001241 0.968415 0.249342
0.001241 0.968415 0.249342
0.001289 0.968426 0.249299
0.001289 0.969394 0.245507
0.707080 0.685498 0.173579
0.707080 0.684799 0.176316
0.707130 0.684751 0.176304
0.707130 0.685450 0.173566
0.995858 0.088532 0.020724
0.995858 0.087630 0.024257
0.001241 0.969405 0.245465
-0.001241 0.969405 0.245465
-0.000917 0.860085 -0.510149
0.000862 0.860085 -0.510149
0.000917 0.860044 -0.510218
-0.000917 0.860044 -0.510218
-0.001139 0.334495 -0.942397
0.001139 0.334495 -0.942397
-0.995858 0.087630 0.024257
-0.995858 0.088532 0.020724
-0.707130 0.685450 0.173566
-0.707130 0.684752 0.176303
-0.707081 0.684799 0.176316
-0.707081 0.685498 0.173579
-0.001289 0.969394 0.245507
-0.001289 0.968426 0.249299
0.001214 -0.334450 0.942413
0.001202 -0.158364 0.987380
0.705395 -0.107718 0.700582
0.705404 -0.241291 0.666471
0.705448 -0.241332 0.666409
0.705445 -0.107760 0.700525
0.995862 0.087566 0.024320
0.995867 -0.088450 -0.020637
-0.995862 -0.088506 -0.020639
-0.995867 0.087517 0.024295
-0.705448 -0.107705 0.700530
-0.705445 -0.241281 0.666432
-0.705395 -0.241345 0.666461
-0.705404 -0.107770 0.700565
-0.001214 -0.158310 0.987389
-0.001202 -0.334398 0.942431
0.995862 -0.087566 -0.024320
0.995867 0.088450 0.020637
0.705448 0.241332 -0.666409
0.705445 0.107760 -0.700525
0.705395 0.107718 -0.700582
0.705404 0.241291 -0.666471
0.001214 0.334450 -0.942413
0.001202 0.158364 -0.987380
-0.001214 0.158310 -0.987389
-0.001202 0.334398 -0.942431
-0.705395 0.241345 -0.666461
-0.705404 0.107770 -0.700565
-0.705448 0.107705 -0.700530
-0.705445 0.241281 -0.666432
-0.995862 0.088506 0.020639
-0.995867 -0.087517 -0.024295
0.995864 -0.088474 -0.020694
0.995864 0.087564 0.024256
0.995864 0.088474 0.020694
0.995864 -0.087564 -0.024256
0.001159 -0.334410 0.942427
-0.001159 -0.334410 0.942427
-0.001159 -0.158351 0.987382
0.001159 -0.158351 0.987382
0.001159 0.158351 -0.987382
0.001159 0.334410 -0.942427
-0.001159 0.334410 -0.942427
-0.001159 0.158351 -0.987382
0.001226 0.968428 0.249290
-0.001226 0.968428 0.249290
-0.001226 0.969392 0.245516
0.001226 0.969392 0.245516
-0.995864 -0.088474 -0.020694
-0.995864 -0.087564 -0.024256
-0.995864 0.088474 0.020694
-0.995864 0.087564 0.024256
0.001226 -0.969392 -0.245516
0.001226 -0.968428 -0.249290
-0.001226 -0.968428 -0.249290
-0.001226 -0.969392 -0.245516
0.995861 -0.088509 -0.020659
0.707081 -0.685511 -0.173525
0.577357 -0.702247 0.416543
0.705435 -0.241296 0.666436
0.001254 -0.969400 -0.245482
0.000912 -0.860059 0.510193
0.577339 -0.702243 0.416575
0.707093 -0.685482 -0.173595
0.001181 -0.334415 0.942425
0.705431 -0.241316 0.666434
0.577370 -0.702228 0.416557
0.000897 -0.860069 0.510178
0.001176 -0.158265 0.987396
0.000914 0.510196 0.860058
0.577341 0.416578 0.702239
0.705424 -0.107752 0.700547
0.001265 0.968421 0.249317
0.707103 0.684779 0.176307
0.577368 0.416565 0.702225
0.000897 0.510183 0.860065
0.995862 0.087568 0.024313
0.705423 -0.107737 0.700550
0.577353 0.416543 0.702250
0.707123 0.684762 0.176291
0.995862 -0.087568 -0.024313
0.705423 0.107737 -0.700550
0.577353 -0.416543 -0.702250
0.707123 -0.684762 -0.176291
0.001168 0.158273 -0.987395
0.000909 -0.510190 -0.860061
0.577337 -0.416572 -0.702246
0.705444 0.107693 -0.700536
0.001264 -0.968421 -0.249317
0.707102 -0.684779 -0.176308
0.577368 -0.416565 -0.702225
0.000896 -0.510183 -0.860065
0.995861 0.088509 0.020659
0.707081 0.685511 0.173525
0.577357 0.702247 -0.416543
0.705435 0.241296 -0.666436
0.001254 0.969400 0.245482
0.000912 0.860059 -0.510193
0.577339 0.702243 -0.416575
0.707093 0.685482 0.173595
0.001181 0.334415 -0.942425
0.705431 0.241316 -0.666434
0.577370 0.702228 -0.416557
0.000897 0.860069 -0.510178
-0.001176 -0.334492 0.942398
-0.000914 -0.860073 0.510171
-0.577341 -0.702253 0.416554
-0.705424 -0.241299 0.666447
-0.001265 -0.969398 -0.245490
-0.707103 -0.685476 -0.173576
-0.577368 -0.702234 0.416549
-0.000897 -0.860065 0.510183
-0.995862 -0.088504 -0.020645
-0.705423 -0.241314 0.666442
-0.577353 -0.702228 0.416581
-0.707123 -0.685453 -0.173583
-0.001212 -0.158325 0.987386
-0.705426 -0.107736 0.700548
-0.577366 0.416548 0.702237
-0.000893 0.510183 0.860065
-0.995861 0.087578 0.024303
-0.707081 0.684785 0.176369
-0.577357 0.416579 0.702226
-0.705405 -0.107699 0.700575
-0.001254 0.968419 0.249324
-0.000911 0.510173 0.860071
-0.577339 0.416560 0.702252
-0.707092 0.684793 0.176294
-0.995861 -0.087578 -0.024303
-0.707081 -0.684785 -0.176369
-0.577357 -0.416579 -0.702226
-0.705435 0.107749 -0.700536
-0.001254 -0.968419 -0.249325
-0.000912 -0.510173 -0.860071
-0.577339 -0.416559 -0.702252
-0.707093 -0.684793 -0.176294
-0.001181 0.158346 -0.987383
-0.705431 0.107730 -0.700544
-0.577370 -0.416555 -0.702229
-0.000897 -0.510189 -0.860062
-0.001176 0.334492 -0.942398
-0.000914 0.860073 -0.510171
-0.577341 0.702253 -0.416554
-0.705424 0.241299 -0.666447
-0.001265 0.969398 0.245490
-0.707103 0.685476 0.173576
-0.577368 0.702234 -0.416549
-0.000897 0.860065 -0.510183
-0.995862 0.088504 0.020645
-0.705423 0.241314 -0.666442
-0.577353 0.702228 -0.416581
-0.707123 0.685453 0.173583
0.995858 -0.088532 -0.020724
0.995858 -0.087630 -0.024257
0.707130 -0.684752 -0.176304
0.707130 -0.685450 -0.173566
0.707081 -0.685498 -0.173579
0.707081 -0.684799 -0.176316
0.001289 -0.968426 -0.249299
0.001289 -0.969394 -0.245507
0.001241 -0.969405 -0.245465
-0.001241 -0.969405 -0.245465
-0.000917 -0.860085 0.510149
0.000862 -0.860085 0.510149
0.000917 -0.860044 0.510218
-0.000917 -0.860044 0.510218
-0.001139 -0.334495 0.942397
0.001139 -0.334495 0.942397
-0.001289 -0.969394 -0.245507
-0.001289 -0.968426 -0.249299
-0.707080 -0.684799 -0.176316
-0.707080 -0.685498 -0.173579
-0.707130 -0.685450 -0.173566
-0.707130 -0.684751 -0.176303
-0.995858 -0.087630 -0.024257
-0.995858 -0.088532 -0.020724
0.001139 0.158262 -0.987396
-0.001139 0.158262 -0.987396
-0.000917 -0.510148 -0.860086
0.000917 -0.510148 -0.860086
0.000917 -0.510217 -0.860045
-0.000862 -0.510217 -0.860045
-0.001241 -0.968415 -0.249342
0.001241 -0.968415 -0.249342
0.001139 -0.158262 0.987396
-0.001139 -0.158262 0.987396
-0.000917 0.510148 0.860086
0.000917 0.510148 0.860086
0.000917 0.510217 0.860045
-0.000862 0.510217 0.860045
-0.001241 0.968415 0.249342
0.001241 0.968415 0.249342
0.001289 0.968426 0.249299
0.001289 0.969394 0.245507
0.707080 0.685498 0.173579
0.707080 0.684799 0.176316
0.707130 0.684751 0.176304
0.707130 0.685450 0.173566
0.995858 0.088532 0.020724
0.995858 0.087630 0.024257
0.001241 0.969405 0.245465
-0.001241 0.969405 0.245465
-0.000917 0.860085 -0.510149
0.000862 0.860085 -0.510149
0.000917 0.860044 -0.510218
-0.000917 0.860044 -0.510218
-0.001139 0.334495 -0.942397
0.001139 0.334495 -0.942397
-0.995858 0.087630 0.024257
-0.995858 0.088532 0.020724
-0.707130 0.685450 0.173566
-0.707130 0.684752 0.176303
-0.707081 0.684799 0.176316
-0.707081 0.685498 0.173579
-0.001289 0.969394 0.245507
-0.001289 0.968426 0.249299
0.001214 -0.334450 0.942413
0.001202 -0.158364 0.987380
0.705395 -0.107718 0.700582
0.705404 -0.241291 0.666471
0.705448 -0.241332 0.666409
0.705445 -0.107760 0.700525
0.995862 0.087566 0.024320
0.995867 -0.088450 -0.020637
-0.995862 -0.088506 -0.020639
-0.995867 0.087517 0.024295
-0.705448 -0.107705 0.700530
-0.705445 -0.241281 0.666432
-0.705395 -0.241345 0.666461
-0.705404 -0.107770 0.700565
-0.001214 -0.158310 0.987389
-0.001202 -0.334398 0.942431
0.995862 -0.087566 -0.024320
0.995867 0.088450 0.020637
0.705448 0.241332 -0.666409
0.705445 0.107760 -0.700525
0.705395 0.107718 -0.700582
0.705404 0.241291 -0.666471
0.001214 0.334450 -0.942413
0.001202 0.158364 -0.987380
-0.001214 0.158310 -0.987389
-0.001202 0.334398 -0.942431
-0.705395 0.241345 -0.666461
-0.705404 0.107770 -0.700565
-0.705448 0.107705 -0.700530
-0.705445 0.241281 -0.666432
-0.995862 0.088506 0.020639
-0.995867 -0.087517 -0.024295
0.995864 -0.088474 -0.020694
0.995864 0.087564 0.024256
0.995864 0.088474 0.020694
0.995864 -0.087564 -0.024256
<Colors>: 1296
0.025000 0.070000 0.160000 1.000000
0.025000 0.070000 0.160000 1.000000
0.025000 0.070000 0.160000 1.000000
0.025000 0.070000 0.160000 1.000000
0.025000 0.070000 0.160000 1.000000
0.025000 0.070000 0.160000 1.000000
0.025000 0.070000 0.160000 1.000000
0.025000 0.070000 0.160000 1.000000
0.025000 0.070000 0.160000 1.000000
0.025000 0.070000 0.160000 1.000000
0.025000 0.070000 0.160000 1.000000
0.025000 0.070000 0.160000 1.000000
0.025000 0.070000 0.160000 1.000000
0.025000 0.070000 0.160000 1.000000
0.025000 0.070000 0.160000 1.000000
0.025000 0.070000 0.160000 1.000000
0.025000 0.070000 0.160000 1.000000
0.025000 0.070000 0.160000 1.000000
0.025000 0.070000 0.160000 1.000000
0.025000 0.070000 0.160000 1.000000
0.025000 0.070000 0.160000 1.000000
0.025000 0.070000 0.160000 1.000000
0.025000 0.070000 0.160000 1.000000
0.025000 0.070000 0.160000 1.000000
0.025000 0.070000 0.160000 1.000000
0.025000 0.070000 0.160000 1.000000
0.025000 0.070000 0.160000 1.000000
0.025000 0.070000 0.160000 1.000000
0.025000 0.070000 0.160000 1.000000
0.025000 0.070000 0.160000 1.000000
0.025000 0.070000 0.160000 1.000000
0.025000 0.070000 0.160000 1.000000
0.025000 0.070000 0.160000 1.000000
0.025000 0.070000 0.160000 1.000000
0.025000 0.070000 0.160000 1.000000
0.025000 0.070000 0.160000 1.000000
0.025000 0.070000 0.160000 1.000000
0.025000 0.070000 0.160000 1.000000
0.025000 0.070000 0.160000 1.000000
0.025000 0.070000 0.160000 1.000000
0.025000 0.070000 0.160000 1.000000
0.025000 0.070000 0.160000 1.000000
0.025000 0.070000 0.160000 1.000000
0.025000 0.070000 0.160000 1.000000
0.025000 0.070000 0.160000 1.000000
0.025000 0.070000 0.160000 1.000000
0.025000 0.070000 0.160000 1.000000
0.025000 0.070000 0.160000 1.000000
0.025000 0.070000 0.160000 1.000000
0.025000 0.070000 0.160000 1.000000
0.025000 0.070000 0.160000 1.000000
0.025000 0.070000 0.160000 1.000000
0.025000 0.070000 0.160000 1.000000
0.025000 0.070000 0.160000 1.000000
0.025000 0.070000 0.160000 1.000000
0.025000 0.070000 0.160000 1.000000
0.025000 0.070000 0.160000 1.000000
0.025000 0.070000 0.160000 1.000000
0.025000 0.070000 0.160000 1.000000
0.025000 0.070000 0.160000 1.000000
0.025000 0.070000 0.160000 1.000000
0.025000 0.070000 0.160000 1.000000
0.025000 0.070000 0.160000 1.000000
0.025000 0.070000 0.160000 1.000000
0.025000 0.070000 0.160000 1.000000
0.025000 0.070000 0.160000 1.000000
0.025000 0.070000 0.160000 1.000000
0.025000 0.070000 0.160000 1.000000
0.025000 0.070000 0.160000 1.000000
0.025000 0.070000 0.160000 1.000000
0.025000 0.070000 0.160000 1.000000
0.025000 0.070000 0.160000 1.000000
0.025000 0.070000 0.160000 1.000000
0.025000 0.070000 0.160000 1.000000
0.025000 0.070000 0.160000 1.000000
0.025000 0.070000 0.160000 1.000000
0.025000 0.070000 0.160000 1.000000
0.025000 0.070000 0.160000 1.000000
0.025000 0.070000 0.160000 1.000000
0.025000 0.070000 0.160000 1.000000
0.025000 0.070000 0.160000 1.000000
0.025000 0.070000 0.160000 1.000000
0.025000 0.070000 0.160000 1.000000
0.025000 0.070000 0.160000 1.000000
0.025000 0.070000 0.160000 1.000000
0.025000 0.070000 0.160000 1.000000
0.025000 0.070000 0.160000 1.000000
0.025000 0.070000 0.160000 1.000000
0.025000 0.070000 0.160000 1.000000
0.025000 0.070000 0.160000 1.000000
0.025000 0.070000 0.160000 1.000000
0.025000 0.070000 0.160000 1.000000
0.025000 0.070000 0.160000 1.000000
0.025000 0.070000 0.160000 1.000000
0.025000 0.070000 0.160000 1.000000
0.025000 0.070000 0.160000 1.000000
0.025000 0.070000 0.160000 1.000000
0.025000 0.070000 0.160000 1.000000
0.025000 0.070000 0.160000 1.000000
0.025000 0.070000 0.160000 1.000000
0.025000 0.070000 0.160000 1.000000
0.025000 0.070000 0.160000 1.000000
0.025000 0.070000 0.160000 1.000000
0.025000 0.070000 0.160000 1.000000
0.025000 0.070000 0.160000 1.000000
0.025000 0.070000 0.160000 1.000000
0.025000 0.070000 0.160000 1.000000
0.025000 0.070000 0.160000 1.000000
0.025000 0.070000 0.160000 1.000000
0.025000 0.070000 0.160000 1.000000
0.025000 0.070000 0.160000 1.000000
0.025000 0.070000 0.160000 1.000000
0.025000 0.070000 0.160000 1.000000
0.025000 0.070000 0.160000 1.000000
0.025000 0.070000 0.160000 1.000000
0.025000 0.070000 0.160000 1.000000
0.025000 0.070000 0.160000 1.000000
0.025000 0.070000 0.160000 1.000000
0.025000 0.070000 0.160000 1.000000
0.025000 0.070000 0.160000 1.000000
0.025000 0.070000 0.160000 1.000000
0.025000 0.070000 0.160000 1.000000
0.025000 0.070000 0.160000 1.000000
0.025000 0.070000 0.160000 1.000000
0.025000 0.070000 0.160000 1.000000
0.025000 0.070000 0.160000 1.000000
0.025000 0.070000 0.160000 1.000000
0.025000 0.070000 0.160000 1.000000
0.025000 0.070000 0.160000 1.000000
0.025000 0.070000 0.160000 1.000000
0.025000 0.070000 0.160000 1.000000
0.025000 0.070000 0.160000 1.000000
0.025000 0.070000 0.160000 1.000000
0.025000 0.070000 0.160000 1.000000
0.025000 0.070000 0.160000 1.000000
0.025000 0.070000 0.160000 1.000000
0.025000 0.070000 0.160000 1.000000
0.025000 0.070000 0.160000 1.000000
0.025000 0.070000 0.160000 1.000000
0.025000 0.070000 0.160000 1.000000
0.025000 0.070000 0.160000 1.000000
0.025000 0.070000 0.160000 1.000000
0.025000 0.070000 0.160000 1.000000
0.025000 0.070000 0.160000 1.000000
0.025000 0.070000 0.160000 1.000000
0.025000 0.070000 0.160000 1.000000
0.025000 0.070000 0.160000 1.000000
0.025000 0.070000 0.160000 1.000000
0.025000 0.070000 0.160000 1.000000
0.025000 0.070000 0.160000 1.000000
0.025000 0.070000 0.160000 1.000000
0.025000 0.070000 0.160000 1.000000
0.025000 0.070000 0.160000 1.000000
0.025000 0.070000 0.160000 1.000000
0.025000 0.070000 0.160000 1.000000
0.025000 0.070000 0.160000 1.000000
0.025000 0.070000 0.160000 1.000000
0.025000 0.070000 0.160000 1.000000
0.025000 0.070000 0.160000 1.000000
0.025000 0.070000 0.160000 1.000000
0.025000 0.070000 0.160000 1.000000
0.025000 0.070000 0.160000 1.000000
0.025000 0.070000 0.160000 1.000000
0.025000 0.070000 0.160000 1.000000
0.025000 0.070000 0.160000 1.000000
0.025000 0.070000 0.160000 1.000000
0.025000 0.070000 0.160000 1.000000
0.025000 0.070000 0.160000 1.000000
0.025000 0.070000 0.160000 1.000000
0.025000 0.070000 0.160000 1.000000
0.025000 0.070000 0.160000 1.000000
0.025000 0.070000 0.160000 1.000000
0.025000 0.070000 0.160000 1.000000
0.025000 0.070000 0.160000 1.000000
0.025000 0.070000 0.160000 1.000000
0.025000 0.070000 0.160000 1.000000
0.025000 0.070000 0.160000 1.000000
0.025000 0.070000 0.160000 1.000000
0.025000 0.070000 0.160000 1.000000
0.025000 0.070000 0.160000 1.000000
0.025000 0.070000 0.160000 1.000000
0.025000 0.070000 0.160000 1.000000
0.025000 0.070000 0.160000 1.000000
0.025000 0.070000 0.160000 1.000000
0.025000 0.070000 0.160000 1.000000
0.025000 0.070000 0.160000 1.000000
0.025000 0.070000 0.160000 1.000000
0.025000 0.070000 0.160000 1.000000
0.025000 0.070000 0.160000 1.000000
0.025000 0.070000 0.160000 1.000000
0.025000 0.070000 0.160000 1.000000
0.025000 0.070000 0.160000 1.000000
0.025000 0.070000 0.160000 1.000000
0.025000 0.070000 0.160000 1.000000
0.025000 0.070000 0.160000 1.000000
0.025000 0.070000 0.160000 1.000000
0.025000 0.070000 0.160000 1.000000
0.025000 0.070000 0.160000 1.000000
0.025000 0.070000 0.160000 1.000000
0.025000 0.070000 0.160000 1.000000
0.025000 0.070000 0.160000 1.000000
0.025000 0.070000 0.160000 1.000000
0.025000 0.070000 0.160000 1.000000
0.025000 0.070000 0.160000 1.000000
0.025000 0.070000 0.160000 1.000000
0.025000 0.070000 0.160000 1.000000
0.025000 0.070000 0.160000 1.000000
0.025000 0.070000 0.160000 1.000000
0.025000 0.070000 0.160000 1.000000
0.025000 0.070000 0.160000 1.000000
0.025000 0.070000 0.160000 1.000000
0.025000 0.070000 0.160000 1.000000
0.025000 0.070000 0.160000 1.000000
0.025000 0.070000 0.160000 1.000000
0.025000 0.070000 0.160000 1.000000
0.025000 0.070000 0.160000 1.000000
0.025000 0.070000 0.160000 1.000000
0.025000 0.070000 0.160000 1.000000
0.025000 0.070000 0.160000 1.000000
0.025000 0.070000 0.160000 1.000000
0.025000 0.070000 0.160000 1.000000
0.025000 0.070000 0.160000 1.000000
0.025000 0.070000 0.160000 1.000000
0.025000 0.070000 0.160000 1.000000
0.025000 0.070000 0.160000 1.000000
0.025000 0.070000 0.160000 1.000000
0.025000 0.070000 0.160000 1.000000
0.025000 0.070000 0.160000 1.000000
0.025000 0.070000 0.160000 1.000000
0.025000 0.070000 0.160000 1.000000
0.025000 0.070000 0.160000 1.000000
0.025000 0.070000 0.160000 1.000000
0.025000 0.070000 0.160000 1.000000
0.025000 0.070000 0.160000 1.000000
0.025000 0.070000 0.160000 1.000000
0.025000 0.070000 0.160000 1.000000
0.025000 0.070000 0.160000 1.000000
0.025000 0.070000 0.160000 1.000000
0.025000 0.070000 0.160000 1.000000
0.025000 0.070000 0.160000 1.000000
0.025000 0.070000 0.160000 1.000000
0.025000 0.070000 0.160000 1.000000
0.025000 0.070000 0.160000 1.000000
0.025000 0.070000 0.160000 1.000000
0.025000 0.070000 0.160000 1.000000
0.025000 0.070000 0.160000 1.000000
0.025000 0.070000 0.160000 1.000000
0.025000 0.070000 0.160000 1.000000
0.025000 0.070000 0.160000 1.000000
0.025000 0.070000 0.160000 1.000000
0.025000 0.070000 0.160000 1.000000
0.025000 0.070000 0.160000 1.000000
0.025000 0.070000 0.160000 1.000000
0.025000 0.070000 0.160000 1.000000
0.025000 0.070000 0.160000 1.000000
0.025000 0.070000 0.160000 1.000000
0.025000 0.070000 0.160000 1.000000
0.025000 0.070000 0.160000 1.000000
0.025000 0.070000 0.160000 1.000000
0.025000 0.070000 0.160000 1.000000
0.025000 0.070000 0.160000 1.000000
0.025000 0.070000 0.160000 1.000000
0.025000 0.070000 0.160000 1.000000
0.025000 0.070000 0.160000 1.000000
0.025000 0.070000 0.160000 1.000000
0.025000 0.070000 0.160000 1.000000
0.025000 0.070000 0.160000 1.000000
0.025000 0.070000 0.160000 1.000000
0.025000 0.070000 0.160000 1.000000
0.025000 0.070000 0.160000 1.000000
0.025000 0.070000 0.160000 1.000000
0.025000 0.070000 0.160000 1.000000
0.025000 0.070000 0.160000 1.000000
0.025000 0.070000 0.160000 1.000000
0.025000 0.070000 0.160000 1.000000
0.025000 0.070000 0.160000 1.000000
0.025000 0.070000 0.160000 1.000000
0.025000 0.070000 0.160000 1.000000
0.025000 0.070000 0.160000 1.000000
0.025000 0.070000 0.160000 1.000000
0.025000 0.070000 0.160000 1.000000
0.025000 0.070000 0.160000 1.000000
0.025000 0.070000 0.160000 1.000000
0.025000 0.070000 0.160000 1.000000
0.025000 0.070000 0.160000 1.000000
0.025000 0.070000 0.160000 1.000000
0.025000 0.070000 0.160000 1.000000
0.025000 0.070000 0.160000 1.000000
0.025000 0.070000 0.160000 1.000000
0.025000 0.070000 0.160000 1.000000
0.025000 0.070000 0.160000 1.000000
0.025000 0.070000 0.160000 1.000000
0.025000 0.070000 0.160000 1.000000
0.025000 0.070000 0.160000 1.000000
0.025000 0.070000 0.160000 1.000000
0.025000 0.070000 0.160000 1.000000
0.025000 0.070000 0.160000 1.000000
0.025000 0.070000 0.160000 1.000000
0.025000 0.070000 0.160000 1.000000
0.025000 0.070000 0.160000 1.000000
0.025000 0.070000 0.160000 1.000000
0.025000 0.070000 0.160000 1.000000
0.025000 0.070000 0.160000 1.000000
0.025000 0.070000 0.160000 1.000000
0.025000 0.070000 0.160000 1.000000
0.025000 0.070000 0.160000 1.000000
0.025000 0.070000 0.160000 1.000000
0.025000 0.070000 0.160000 1.000000
0.025000 0.070000 0.160000 1.000000
0.025000 0.070000 0.160000 1.000000
0.025000 0.070000 0.160000 1.000000
0.025000 0.070000 0.160000 1.000000
0.025000 0.070000 0.160000 1.000000
0.025000 0.070000 0.160000 1.000000
0.025000 0.070000 0.160000 1.000000
0.025000 0.070000 0.160000 1.000000
0.025000 0.070000 0.160000 1.000000
0.025000 0.070000 0.160000 1.000000
0.025000 0.070000 0.160000 1.000000
0.025000 0.070000 0.160000 1.000000
0.025000 0.070000 0.160000 1.000000
0.025000 0.070000 0.160000 1.000000
0.025000 0.070000 0.160000 1.000000
0.025000 0.070000 0.160000 1.000000
0.025000 0.070000 0.160000 1.000000
0.025000 0.070000 0.160000 1.000000
0.025000 0.070000 0.160000 1.000000
0.025000 0.070000 0.160000 1.000000
0.025000 0.070000 0.160000 1.000000
0.025000 0.070000 0.160000 1.000000
0.025000 0.070000 0.160000 1.000000
0.025000 0.070000 0.160000 1.000000
0.025000 0.070000 0.160000 1.000000
0.025000 0.070000 0.160000 1.000000
0.025000 0.070000 0.160000 1.000000
0.025000 0.070000 0.160000 1.000000
0.025000 0.070000 0.160000 1.000000
0.025000 0.070000 0.160000 1.000000
0.025000 0.070000 0.160000 1.000000
0.025000 0.070000 0.160000 1.000000
0.025000 0.070000 0.160000 1.000000
0.025000 0.070000 0.160000 1.000000
0.025000 0.070000 0.160000 1.000000
0.025000 0.070000 0.160000 1.000000
0.025000 0.070000 0.160000 1.000000
0.025000 0.070000 0.160000 1.000000
0.025000 0.070000 0.160000 1.000000
0.025000 0.070000 0.160000 1.000000
0.025000 0.070000 0.160000 1.000000
0.025000 0.070000 0.160000 1.000000
0.025000 0.070000 0.160000 1.000000
0.025000 0.070000 0.160000 1.000000
0.025000 0.070000 0.160000 1.000000
0.025000 0.070000 0.160000 1.000000
0.025000 0.070000 0.160000 1.000000
0.025000 0.070000 0.160000 1.000000
0.025000 0.070000 0.160000 1.000000
0.025000 0.070000 0.160000 1.000000
0.025000 0.070000 0.160000 1.000000
0.025000 0.070000 0.160000 1.000000
0.025000 0.070000 0.160000 1.000000
0.025000 0.070000 0.160000 1.000000
0.025000 0.070000 0.160000 1.000000
0.025000 0.070000 0.160000 1.000000
0.025000 0.070000 0.160000 1.000000
0.025000 0.070000 0.160000 1.000000
0.025000 0.070000 0.160000 1.000000
0.025000 0.070000 0.160000 1.000000
0.025000 0.070000 0.160000 1.000000
0.025000 0.070000 0.160000 1.000000
0.025000 0.070000 0.160000 1.000000
0.025000 0.070000 0.160000 1.000000
0.025000 0.070000 0.160000 1.000000
0.025000 0.070000 0.160000 1.000000
0.025000 0.070000 0.160000 1.000000
0.025000 0.070000 0.160000 1.000000
0.025000 0.070000 0.160000 1.000000
0.025000 0.070000 0.160000 1.000000
0.025000 0.070000 0.160000 1.000000
0.025000 0.070000 0.160000 1.000000
0.025000 0.070000 0.160000 1.000000
0.025000 0.070000 0.160000 1.000000
0.025000 0.070000 0.160000 1.000000
0.025000 0.070000 0.160000 1.000000
0.025000 0.070000 0.160000 1.000000
0.025000 0.070000 0.160000 1.000000
0.025000 0.070000 0.160000 1.000000
0.025000 0.070000 0.160000 1.000000
0.025000 0.070000 0.160000 1.000000
0.025000 0.070000 0.160000 1.000000
0.025000 0.070000 0.160000 1.000000
0.025000 0.070000 0.160000 1.000000
0.025000 0.070000 0.160000 1.000000
0.025000 0.070000 0.160000 1.000000
0.025000 0.070000 0.160000 1.000000
0.025000 0.070000 0.160000 1.000000
0.025000 0.070000 0.160000 1.000000
0.025000 0.070000 0.160000 1.000000
0.025000 0.070000 0.160000 1.000000
0.025000 0.070000 0.160000 1.000000
0.025000 0.070000 0.160000 1.000000
0.025000 0.070000 0.160000 1.000000
0.025000 0.070000 0.160000 1.000000
0.025000 0.070000 0.160000 1.000000
0.025000 0.070000 0.160000 1.000000
0.025000 0.070000 0.160000 1.000000
0.025000 0.070000 0.160000 1.000000
0.025000 0.070000 0.160000 1.000000
0.025000 0.070000 0.160000 1.000000
0.025000 0.070000 0.160000 1.000000
0.025000 0.070000 0.160000 1.000000
0.025000 0.070000 0.160000 1.000000
0.025000 0.070000 0.160000 1.000000
0.025000 0.070000 0.160000 1.000000
0.025000 0.070000 0.160000 1.000000
0.025000 0.070000 0.160000 1.000000
0.025000 0.070000 0.160000 1.000000
0.025000 0.070000 0.160000 1.000000
0.025000 0.070000 0.160000 1.000000
0.025000 0.070000 0.160000 1.000000
0.025000 0.070000 0.160000 1.000000
0.025000 0.070000 0.160000 1.000000
0.025000 0.070000 0.160000 1.000000
0.025000 0.070000 0.160000 1.000000
0.025000 0.070000 0.160000 1.000000
0.025000 0.070000 0.160000 1.000000
0.025000 0.070000 0.160000 1.000000
0.025000 0.070000 0.160000 1.000000
0.025000 0.070000 0.160000 1.000000
0.025000 0.070000 0.160000 1.000000
0.025000 0.070000 0.160000 1.000000
0.025000 0.070000 0.160000 1.000000
0.025000 0.070000 0.160000 1.000000
0.025000 0.070000 0.160000 1.000000
0.025000 0.070000 0.160000 1.000000
0.025000 0.070000 0.160000 1.000000
0.025000 0.070000 0.160000 1.000000
0.025000 0.070000 0.160000 1.000000
0.025000 0.070000 0.160000 1.000000
0.025000 0.070000 0.160000 1.000000
0.025000 0.070000 0.160000 1.000000
0.025000 0.070000 0.160000 1.000000
0.025000 0.070000 0.160000 1.000000
0.025000 0.070000 0.160000 1.000000
0.025000 0.070000 0.160000 1.000000
0.025000 0.070000 0.160000 1.000000
0.025000 0.070000 0.160000 1.000000
0.025000 0.070000 0.160000 1.000000
0.025000 0.070000 0.160000 1.000000
0.025000 0.070000 0.160000 1.000000
0.025000 0.070000 0.160000 1.000000
0.025000 0.070000 0.160000 1.000000
0.025000 0.070000 0.160000 1.000000
0.025000 0.070000 0.160000 1.000000
0.025000 0.070000 0.160000 1.000000
0.025000 0.070000 0.160000 1.000000
0.025000 0.070000 0.160000 1.000000
0.025000 0.070000 0.160000 1.000000
0.025000 0.070000 0.160000 1.000000
0.025000 0.070000 0.160000 1.000000
0.025000 0.070000 0.160000 1.000000
0.025000 0.070000 0.160000 1.000000
0.025000 0.070000 0.160000 1.000000
0.025000 0.070000 0.160000 1.000000
0.025000 0.070000 0.160000 1.000000
0.025000 0.070000 0.160000 1.000000
0.025000 0.070000 0.160000 1.000000
0.025000 0.070000 0.160000 1.000000
0.025000 0.070000 0.160000 1.000000
0.025000 0.070000 0.160000 1.000000
0.025000 0.070000 0.160000 1.000000
0.025000 0.070000 0.160000 1.000000
0.025000 0.070000 0.160000 1.000000
0.025000 0.070000 0.160000 1.000000
0.025000 0.070000 0.160000 1.000000
0.025000 0.070000 0.160000 1.000000
0.025000 0.070000 0.160000 1.000000
0.025000 0.070000 0.160000 1.000000
0.025000 0.070000 0.160000 1.000000
0.025000 0.070000 0.160000 1.000000
0.025000 0.070000 0.160000 1.000000
0.025000 0.070000 0.160000 1.000000
0.025000 0.070000 0.160000 1.000000
0.025000 0.070000 0.160000 1.000000
0.025000 0.070000 0.160000 1.000000
0.025000 0.070000 0.160000 1.000000
0.025000 0.070000 0.160000 1.000000
0.025000 0.070000 0.160000 1.000000
0.025000 0.070000 0.160000 1.000000
0.025000 0.070000 0.160000 1.000000
0.025000 0.070000 0.160000 1.000000
0.025000 0.070000 0.160000 1.000000
0.025000 0.070000 0.160000 1.000000
0.025000 0.070000 0.160000 1.000000
0.025000 0.070000 0.160000 1.000000
0.025000 0.070000 0.160000 1.000000
0.025000 0.070000 0.160000 1.000000
0.025000 0.070000 0.160000 1.000000
0.025000 0.070000 0.160000 1.000000
0.025000 0.070000 0.160000 1.000000
0.025000 0.070000 0.160000 1.000000
0.025000 0.070000 0.160000 1.000000
0.025000 0.070000 0.160000 1.000000
0.025000 0.070000 0.160000 1.000000
0.025000 0.070000 0.160000 1.000000
0.025000 0.070000 0.160000 1.000000
0.025000 0.070000 0.160000 1.000000
0.025000 0.070000 0.160000 1.000000
0.025000 0.070000 0.160000 1.000000
0.025000 0.070000 0.160000 1.000000
0.025000 0.070000 0.160000 1.000000
0.025000 0.070000 0.160000 1.000000
0.025000 0.070000 0.160000 1.000000
0.025000 0.070000 0.160000 1.000000
0.025000 0.070000 0.160000 1.000000
0.025000 0.070000 0.160000 1.000000
0.025000 0.070000 0.160000 1.000000
0.025000 0.070000 0.160000 1.000000
0.025000 0.070000 0.160000 1.000000
0.025000 0.070000 0.160000 1.000000
0.025000 0.070000 0.160000 1.000000
0.025000 0.070000 0.160000 1.000000
0.025000 0.070000 0.160000 1.000000
0.025000 0.070000 0.160000 1.000000
0.025000 0.070000 0.160000 1.000000
0.025000 0.070000 0.160000 1.000000
0.025000 0.070000 0.160000 1.000000
0.025000 0.070000 0.160000 1.000000
0.025000 0.070000 0.160000 1.000000
0.025000 0.070000 0.160000 1.000000
0.025000 0.070000 0.160000 1.000000
0.025000 0.070000 0.160000 1.000000
0.025000 0.070000 0.160000 1.000000
0.025000 0.070000 0.160000 1.000000
0.025000 0.070000 0.160000 1.000000
0.025000 0.070000 0.160000 1.000000
0.025000 0.070000 0.160000 1.000000
0.025000 0.070000 0.160000 1.000000
0.025000 0.070000 0.160000 1.000000
0.025000 0.070000 0.160000 1.000000
0.025000 0.070000 0.160000 1.000000
0.025000 0.070000 0.160000 1.000000
0.025000 0.070000 0.160000 1.000000
0.025000 0.070000 0.160000 1.000000
0.025000 0.070000 0.160000 1.000000
0.025000 0.070000 0.160000 1.000000
0.025000 0.070000 0.160000 1.000000
0.025000 0.070000 0.160000 1.000000
0.025000 0.070000 0.160000 1.000000
0.025000 0.070000 0.160000 1.000000
0.025000 0.070000 0.160000 1.000000
0.025000 0.070000 0.160000 1.000000
0.025000 0.070000 0.160000 1.000000
0.025000 0.070000 0.160000 1.000000
0.025000 0.070000 0.160000 1.000000
0.025000 0.070000 0.160000 1.000000
0.025000 0.070000 0.160000 1.000000
0.025000 0.070000 0.160000 1.000000
0.025000 0.070000 0.160000 1.000000
0.025000 0.070000 0.160000 1.000000
0.025000 0.070000 0.160000 1.000000
0.025000 0.070000 0.160000 1.000000
0.025000 0.070000 0.160000 1.000000
0.025000 0.070000 0.160000 1.000000
0.025000 0.070000 0.160000 1.000000
0.025000 0.070000 0.160000 1.000000
0.025000 0.070000 0.160000 1.000000
0.025000 0.070000 0.160000 1.000000
0.025000 0.070000 0.160000 1.000000
0.025000 0.070000 0.160000 1.000000
0.025000 0.070000 0.160000 1.000000
0.025000 0.070000 0.160000 1.000000
0.025000 0.070000 0.160000 1.000000
0.025000 0.070000 0.160000 1.000000
0.025000 0.070000 0.160000 1.000000
0.025000 0.070000 0.160000 1.000000
0.025000 0.070000 0.160000 1.000000
0.025000 0.070000 0.160000 1.000000
0.025000 0.070000 0.160000 1.000000
0.025000 0.070000 0.160000 1.000000
0.025000 0.070000 0.160000 1.000000
0.025000 0.070000 0.160000 1.000000
0.025000 0.070000 0.160000 1.000000
0.025000 0.070000 0.160000 1.000000
0.025000 0.070000 0.160000 1.000000
0.025000 0.070000 0.160000 1.000000
0.025000 0.070000 0.160000 1.000000
0.025000 0.070000 0.160000 1.000000
0.025000 0.070000 0.160000 1.000000
0.025000 0.070000 0.160000 1.000000
0.025000 0.070000 0.160000 1.000000
0.025000 0.070000 0.160000 1.000000
0.025000 0.070000 0.160000 1.000000
0.025000 0.070000 0.160000 1.000000
0.025000 0.070000 0.160000 1.000000
0.025000 0.070000 0.160000 1.000000
0.025000 0.070000 0.160000 1.000000
0.025000 0.070000 0.160000 1.000000
0.025000 0.070000 0.160000 1.000000
0.025000 0.070000 0.160000 1.000000
0.025000 0.070000 0.160000 1.000000
0.025000 0.070000 0.160000 1.000000
0.025000 0.070000 0.160000 1.000000
0.025000 0.070000 0.160000 1.000000
0.025000 0.070000 0.160000 1.000000
0.025000 0.070000 0.160000 1.000000
0.025000 0.070000 0.160000 1.000000
0.025000 0.070000 0.160000 1.000000
0.025000 0.070000 0.160000 1.000000
0.025000 0.070000 0.160000 1.000000
0.025000 0.070000 0.160000 1.000000
0.025000 0.070000 0.160000 1.000000
0.025000 0.070000 0.160000 1.000000
0.025000 0.070000 0.160000 1.000000
0.025000 0.070000 0.160000 1.000000
0.025000 0.070000 0.160000 1.000000
0.025000 0.070000 0.160000 1.000000
0.025000 0.070000 0.160000 1.000000
0.025000 0.070000 0.160000 1.000000
0.025000 0.070000 0.160000 1.000000
0.025000 0.070000 0.160000 1.000000
0.025000 0.070000 0.160000 1.000000
0.025000 0.070000 0.160000 1.000000
0.025000 0.070000 0.160000 1.000000
0.025000 0.070000 0.160000 1.000000
0.025000 0.070000 0.160000 1.000000
0.025000 0.070000 0.160000 1.000000
0.025000 0.070000 0.160000 1.000000
0.025000 0.070000 0.160000 1.000000
0.025000 0.070000 0.160000 1.000000
0.025000 0.070000 0.160000 1.000000
0.025000 0.070000 0.160000 1.000000
0.025000 0.070000 0.160000 1.000000
0.025000 0.070000 0.160000 1.000000
0.025000 0.070000 0.160000 1.000000
0.025000 0.070000 0.160000 1.000000
0.025000 0.070000 0.160000 1.000000
0.025000 0.070000 0.160000 1.000000
0.025000 0.070000 0.160000 1.000000
0.025000 0.070000 0.160000 1.000000
0.025000 0.070000 0.160000 1.000000
0.025000 0.070000 0.160000 1.000000
0.025000 0.070000 0.160000 1.000000
0.025000 0.070000 0.160000 1.000000
0.025000 0.070000 0.160000 1.000000
0.025000 0.070000 0.160000 1.000000
0.025000 0.070000 0.160000 1.000000
0.025000 0.070000 0.160000 1.000000
0.025000 0.070000 0.160000 1.000000
0.025000 0.070000 0.160000 1.000000
0.025000 0.070000 0.160000 1.000000
0.025000 0.070000 0.160000 1.000000
0.025000 0.070000 0.160000 1.000000
0.025000 0.070000 0.160000 1.000000
0.025000 0.070000 0.160000 1.000000
0.025000 0.070000 0.160000 1.000000
0.025000 0.070000 0.160000 1.000000
0.025000 0.070000 0.160000 1.000000
0.025000 0.070000 0.160000 1.000000
0.025000 0.070000 0.160000 1.000000
0.025000 0.070000 0.160000 1.000000
0.025000 0.070000 0.160000 1.000000
0.025000 0.070000 0.160000 1.000000
0.025000 0.070000 0.160000 1.000000
0.025000 0.070000 0.160000 1.000000
0.025000 0.070000 0.160000 1.000000
0.025000 0.070000 0.160000 1.000000
0.025000 0.070000 0.160000 1.000000
0.025000 0.070000 0.160000 1.000000
0.025000 0.070000 0.160000 1.000000
0.025000 0.070000 0.160000 1.000000
0.025000 0.070000 0.160000 1.000000
0.025000 0.070000 0.160000 1.000000
0.025000 0.070000 0.160000 1.000000
0.025000 0.070000 0.160000 1.000000
0.025000 0.070000 0.160000 1.000000
0.025000 0.070000 0.160000 1.000000
0.025000 0.070000 0.160000 1.000000
0.025000 0.070000 0.160000 1.000000
0.025000 0.070000 0.160000 1.000000
0.025000 0.070000 0.160000 1.000000
0.025000 0.070000 0.160000 1.000000
0.025000 0.070000 0.160000 1.000000
0.025000 0.070000 0.160000 1.000000
0.025000 0.070000 0.160000 1.000000
0.025000 0.070000 0.160000 1.000000
0.025000 0.070000 0.160000 1.000000
0.025000 0.070000 0.160000 1.000000
0.025000 0.070000 0.160000 1.000000
0.025000 0.070000 0.160000 1.000000
0.025000 0.070000 0.160000 1.000000
0.025000 0.070000 0.160000 1.000000
0.025000 0.070000 0.160000 1.000000
0.025000 0.070000 0.160000 1.000000
0.025000 0.070000 0.160000 1.000000
0.025000 0.070000 0.160000 1.000000
0.025000 0.070000 0.160000 1.000000
0.025000 0.070000 0.160000 1.000000
0.025000 0.070000 0.160000 1.000000
0.025000 0.070000 0.160000 1.000000
0.025000 0.070000 0.160000 1.000000
0.025000 0.070000 0.160000 1.000000
0.025000 0.070000 0.160000 1.000000
0.025000 0.070000 0.160000 1.000000
0.025000 0.070000 0.160000 1.000000
0.025000 0.070000 0.160000 1.000000
0.025000 0.070000 0.160000 1.000000
0.025000 0.070000 0.160000 1.000000
0.025000 0.070000 0.160000 1.000000
0.025000 0.070000 0.160000 1.000000
0.025000 0.070000 0.160000 1.000000
0.025000 0.070000 0.160000 1.000000
0.025000 0.070000 0.160000 1.000000
0.025000 0.070000 0.160000 1.000000
0.025000 0.070000 0.160000 1.000000
0.025000 0.070000 0.160000 1.000000
0.025000 0.070000 0.160000 1.000000
0.025000 0.070000 0.160000 1.000000
0.025000 0.070000 0.160000 1.000000
0.025000 0.070000 0.160000 1.000000
0.025000 0.070000 0.160000 1.000000
0.025000 0.070000 0.160000 1.000000
0.025000 0.070000 0.160000 1.000000
0.025000 0.070000 0.160000 1.000000
0.025000 0.070000 0.160000 1.000000
0.025000 0.070000 0.160000 1.000000
0.025000 0.070000 0.160000 1.000000
0.025000 0.070000 0.160000 1.000000
0.025000 0.070000 0.160000 1.000000
0.025000 0.070000 0.160000 1.000000
0.025000 0.070000 0.160000 1.000000
0.025000 0.070000 0.160000 1.000000
0.025000 0.070000 0.160000 1.000000
0.025000 0.070000 0.160000 1.000000
0.025000 0.070000 0.160000 1.000000
0.025000 0.070000 0.160000 1.000000
0.025000 0.070000 0.160000 1.000000
0.025000 0.070000 0.160000 1.000000
0.025000 0.070000 0.160000 1.000000
0.025000 0.070000 0.160000 1.000000
0.025000 0.070000 0.160000 1.000000
0.025000 0.070000 0.160000 1.000000
0.025000 0.070000 0.160000 1.000000
0.025000 0.070000 0.160000 1.000000
0.025000 0.070000 0.160000 1.000000
0.025000 0.070000 0.160000 1.000000
0.025000 0.070000 0.160000 1.000000
0.025000 0.070000 0.160000 1.000000
0.025000 0.070000 0.160000 1.000000
0.025000 0.070000 0.160000 1.000000
0.025000 0.070000 0.160000 1.000000
0.025000 0.070000 0.160000 1.000000
0.025000 0.070000 0.160000 1.000000
0.025000 0.070000 0.160000 1.000000
0.025000 0.070000 0.160000 1.000000
0.025000 0.070000 0.160000 1.000000
0.025000 0.070000 0.160000 1.000000
0.025000 0.070000 0.160000 1.000000
0.025000 0.070000 0.160000 1.000000
0.025000 0.070000 0.160000 1.000000
0.025000 0.070000 0.160000 1.000000
0.025000 0.070000 0.160000 1.000000
0.025000 0.070000 0.160000 1.000000
0.025000 0.070000 0.160000 1.000000
0.025000 0.070000 0.160000 1.000000
0.025000 0.070000 0.160000 1.000000
0.025000 0.070000 0.160000 1.000000
0.025000 0.070000 0.160000 1.000000
0.025000 0.070000 0.160000 1.000000
0.025000 0.070000 0.160000 1.000000
0.025000 0.070000 0.160000 1.000000
0.025000 0.070000 0.160000 1.000000
0.025000 0.070000 0.160000 1.000000
0.025000 0.070000 0.160000 1.000000
0.025000 0.070000 0.160000 1.000000
0.025000 0.070000 0.160000 1.000000
0.025000 0.070000 0.160000 1.000000
0.025000 0.070000 0.160000 1.000000
0.025000 0.070000 0.160000 1.000000
0.025000 0.070000 0.160000 1.000000
0.025000 0.070000 0.160000 1.000000
0.025000 0.070000 0.160000 1.000000
0.025000 0.070000 0.160000 1.000000
0.025000 0.070000 0.160000 1.000000
0.025000 0.070000 0.160000 1.000000
0.025000 0.070000 0.160000 1.000000
0.025000 0.070000 0.160000 1.000000
0.025000 0.070000 0.160000 1.000000
0.025000 0.070000 0.160000 1.000000
0.025000 0.070000 0.160000 1.000000
0.025000 0.070000 0.160000 1.000000
0.025000 0.070000 0.160000 1.000000
0.025000 0.070000 0.160000 1.000000
0.025000 0.070000 0.160000 1.000000
0.025000 0.070000 0.160000 1.000000
0.025000 0.070000 0.160000 1.000000
0.025000 0.070000 0.160000 1.000000
0.025000 0.070000 0.160000 1.000000
0.025000 0.070000 0.160000 1.000000
0.025000 0.070000 0.160000 1.000000
0.025000 0.070000 0.160000 1.000000
0.025000 0.070000 0.160000 1.000000
0.025000 0.070000 0.160000 1.000000
0.025000 0.070000 0.160000 1.000000
0.025000 0.070000 0.160000 1.000000
0.025000 0.070000 0.160000 1.000000
0.025000 0.070000 0.160000 1.000000
0.025000 0.070000 0.160000 1.000000
0.025000 0.070000 0.160000 1.000000
0.025000 0.070000 0.160000 1.000000
0.025000 0.070000 0.160000 1.000000
0.025000 0.070000 0.160000 1.000000
0.025000 0.070000 0.160000 1.000000
0.025000 0.070000 0.160000 1.000000
0.025000 0.070000 0.160000 1.000000
0.025000 0.070000 0.160000 1.000000
0.025000 0.070000 0.160000 1.000000
0.025000 0.070000 0.160000 1.000000
0.025000 0.070000 0.160000 1.000000
0.025000 0.070000 0.160000 1.000000
0.025000 0.070000 0.160000 1.000000
0.025000 0.070000 0.160000 1.000000
0.025000 0.070000 0.160000 1.000000
0.025000 0.070000 0.160000 1.000000
0.025000 0.070000 0.160000 1.000000
0.025000 0.070000 0.160000 1.000000
0.025000 0.070000 0.160000 1.000000
0.025000 0.070000 0.160000 1.000000
0.025000 0.070000 0.160000 1.000000
0.025000 0.070000 0.160000 1.000000
0.025000 0.070000 0.160000 1.000000
0.025000 0.070000 0.160000 1.000000
0.025000 0.070000 0.160000 1.000000
0.025000 0.070000 0.160000 1.000000
0.025000 0.070000 0.160000 1.000000
0.025000 0.070000 0.160000 1.000000
0.025000 0.070000 0.160000 1.000000
0.025000 0.070000 0.160000 1.000000
0.025000 0.070000 0.160000 1.000000
0.025000 0.070000 0.160000 1.000000
0.025000 0.070000 0.160000 1.000000
0.025000 0.070000 0.160000 1.000000
0.025000 0.070000 0.160000 1.000000
0.025000 0.070000 0.160000 1.000000
0.025000 0.070000 0.160000 1.000000
0.025000 0.070000 0.160000 1.000000
0.025000 0.070000 0.160000 1.000000
0.025000 0.070000 0.160000 1.000000
0.025000 0.070000 0.160000 1.000000
0.025000 0.070000 0.160000 1.000000
0.025000 0.070000 0.160000 1.000000
0.025000 0.070000 0.160000 1.000000
0.025000 0.070000 0.160000 1.000000
0.025000 0.070000 0.160000 1.000000
0.025000 0.070000 0.160000 1.000000
0.025000 0.070000 0.160000 1.000000
0.025000 0.070000 0.160000 1.000000
0.025000 0.070000 0.160000 1.000000
0.025000 0.070000 0.160000 1.000000
0.025000 0.070000 0.160000 1.000000
0.025000 0.070000 0.160000 1.000000
0.025000 0.070000 0.160000 1.000000
0.025000 0.070000 0.160000 1.000000
0.025000 0.070000 0.160000 1.000000
0.025000 0.070000 0.160000 1.000000
0.025000 0.070000 0.160000 1.000000
0.025000 0.070000 0.160000 1.000000
0.025000 0.070000 0.160000 1.000000
0.025000 0.070000 0.160000 1.000000
0.025000 0.070000 0.160000 1.000000
0.025000 0.070000 0.160000 1.000000
0.025000 0.070000 0.160000 1.000000
0.025000 0.070000 0.160000 1.000000
0.025000 0.070000 0.160000 1.000000
0.025000 0.070000 0.160000 1.000000
0.025000 0.070000 0.160000 1.000000
0.025000 0.070000 0.160000 1.000000
0.025000 0.070000 0.160000 1.000000
0.025000 0.070000 0.160000 1.000000
0.025000 0.070000 0.160000 1.000000
0.025000 0.070000 0.160000 1.000000
0.025000 0.070000 0.160000 1.000000
0.025000 0.070000 0.160000 1.000000
0.025000 0.070000 0.160000 1.000000
0.025000 0.070000 0.160000 1.000000
0.025000 0.070000 0.160000 1.000000
0.025000 0.070000 0.160000 1.000000
0.025000 0.070000 0.160000 1.000000
0.025000 0.070000 0.160000 1.000000
0.025000 0.070000 0.160000 1.000000
0.025000 0.070000 0.160000 1.000000
0.025000 0.070000 0.160000 1.000000
0.025000 0.070000 0.160000 1.000000
0.025000 0.070000 0.160000 1.000000
0.025000 0.070000 0.160000 1.000000
0.025000 0.070000 0.160000 1.000000
0.025000 0.070000 0.160000 1.000000
0.025000 0.070000 0.160000 1.000000
0.025000 0.070000 0.160000 1.000000
0.025000 0.070000 0.160000 1.000000
0.025000 0.070000 0.160000 1.000000
0.025000 0.070000 0.160000 1.000000
0.025000 0.070000 0.160000 1.000000
0.025000 0.070000 0.160000 1.000000
0.025000 0.070000 0.160000 1.000000
0.025000 0.070000 0.160000 1.000000
0.025000 0.070000 0.160000 1.000000
0.025000 0.070000 0.160000 1.000000
0.025000 0.070000 0.160000 1.000000
0.025000 0.070000 0.160000 1.000000
0.025000 0.070000 0.160000 1.000000
0.025000 0.070000 0.160000 1.000000
0.025000 0.070000 0.160000 1.000000
0.025000 0.070000 0.160000 1.000000
0.025000 0.070000 0.160000 1.000000
0.025000 0.070000 0.160000 1.000000
0.025000 0.070000 0.160000 1.000000
0.025000 0.070000 0.160000 1.000000
0.025000 0.070000 0.160000 1.000000
0.025000 0.070000 0.160000 1.000000
0.025000 0.070000 0.160000 1.000000
0.025000 0.070000 0.160000 1.000000
0.025000 0.070000 0.160000 1.000000
0.025000 0.070000 0.160000 1.000000
0.025000 0.070000 0.160000 1.000000
0.025000 0.070000 0.160000 1.000000
0.025000 0.070000 0.160000 1.000000
0.025000 0.070000 0.160000 1.000000
0.025000 0.070000 0.160000 1.000000
0.025000 0.070000 0.160000 1.000000
0.025000 0.070000 0.160000 1.000000
0.025000 0.070000 0.160000 1.000000
0.025000 0.070000 0.160000 1.000000
0.025000 0.070000 0.160000 1.000000
0.025000 0.070000 0.160000 1.000000
0.025000 0.070000 0.160000 1.000000
0.025000 0.070000 0.160000 1.000000
0.025000 0.070000 0.160000 1.000000
0.025000 0.070000 0.160000 1.000000
0.025000 0.070000 0.160000 1.000000
0.025000 0.070000 0.160000 1.000000
0.025000 0.070000 0.160000 1.000000
0.025000 0.070000 0.160000 1.000000
0.025000 0.070000 0.160000 1.000000
0.025000 0.070000 0.160000 1.000000
0.025000 0.070000 0.160000 1.000000
0.025000 0.070000 0.160000 1.000000
0.025000 0.070000 0.160000 1.000000
0.025000 0.070000 0.160000 1.000000
0.025000 0.070000 0.160000 1.000000
0.025000 0.070000 0.160000 1.000000
0.025000 0.070000 0.160000 1.000000
0.025000 0.070000 0.160000 1.000000
0.025000 0.070000 0.160000 1.000000
0.025000 0.070000 0.160000 1.000000
0.025000 0.070000 0.160000 1.000000
0.025000 0.070000 0.160000 1.000000
0.025000 0.070000 0.160000 1.000000
0.025000 0.070000 0.160000 1.000000
0.025000 0.070000 0.160000 1.000000
0.025000 0.070000 0.160000 1.000000
0.025000 0.070000 0.160000 1.000000
0.025000 0.070000 0.160000 1.000000
0.025000 0.070000 0.160000 1.000000
0.025000 0.070000 0.160000 1.000000
0.025000 0.070000 0.160000 1.000000
0.025000 0.070000 0.160000 1.000000
0.025000 0.070000 0.160000 1.000000
0.025000 0.070000 0.160000 1.000000
0.025000 0.070000 0.160000 1.000000
0.025000 0.070000 0.160000 1.000000
0.025000 0.070000 0.160000 1.000000
0.025000 0.070000 0.160000 1.000000
0.025000 0.070000 0.160000 1.000000
0.025000 0.070000 0.160000 1.000000
0.025000 0.070000 0.160000 1.000000
0.025000 0.070000 0.160000 1.000000
0.025000 0.070000 0.160000 1.000000
0.025000 0.070000 0.160000 1.000000
0.025000 0.070000 0.160000 1.000000
0.025000 0.070000 0.160000 1.000000
0.025000 0.070000 0.160000 1.000000
0.025000 0.070000 0.160000 1.000000
0.025000 0.070000 0.160000 1.000000
0.025000 0.070000 0.160000 1.000000
0.025000 0.070000 0.160000 1.000000
0.025000 0.070000 0.160000 1.000000
0.025000 0.070000 0.160000 1.000000
0.025000 0.070000 0.160000 1.000000
0.025000 0.070000 0.160000 1.000000
0.025000 0.070000 0.160000 1.000000
0.025000 0.070000 0.160000 1.000000
0.025000 0.070000 0.160000 1.000000
0.025000 0.070000 0.160000 1.000000
0.025000 0.070000 0.160000 1.000000
0.025000 0.070000 0.160000 1.000000
0.025000 0.070000 0.160000 1.000000
0.025000 0.070000 0.160000 1.000000
0.025000 0.070000 0.160000 1.000000
0.025000 0.070000 0.160000 1.000000
0.025000 0.070000 0.160000 1.000000
0.025000 0.070000 0.160000 1.000000
0.025000 0.070000 0.160000 1.000000
0.025000 0.070000 0.160000 1.000000
0.025000 0.070000 0.160000 1.000000
0.025000 0.070000 0.160000 1.000000
0.025000 0.070000 0.160000 1.000000
0.025000 0.070000 0.160000 1.000000
0.025000 0.070000 0.160000 1.000000
0.025000 0.070000 0.160000 1.000000
0.025000 0.070000 0.160000 1.000000
0.025000 0.070000 0.160000 1.000000
0.025000 0.070000 0.160000 1.000000
0.025000 0.070000 0.160000 1.000000
0.025000 0.070000 0.160000 1.000000
0.025000 0.070000 0.160000 1.000000
0.025000 0.070000 0.160000 1.000000
0.025000 0.070000 0.160000 1.000000
0.025000 0.070000 0.160000 1.000000
0.025000 0.070000 0.160000 1.000000
0.025000 0.070000 0.160000 1.000000
0.025000 0.070000 0.160000 1.000000
0.025000 0.070000 0.160000 1.000000
0.025000 0.070000 0.160000 1.000000
0.025000 0.070000 0.160000 1.000000
0.025000 0.070000 0.160000 1.000000
0.025000 0.070000 0.160000 1.000000
0.025000 0.070000 0.160000 1.000000
0.025000 0.070000 0.160000 1.000000
0.025000 0.070000 0.160000 1.000000
0.025000 0.070000 0.160000 1.000000
0.025000 0.070000 0.160000 1.000000
0.025000 0.070000 0.160000 1.000000
0.025000 0.070000 0.160000 1.000000
0.025000 0.070000 0.160000 1.000000
0.025000 0.070000 0.160000 1.000000
0.025000 0.070000 0.160000 1.000000
0.025000 0.070000 0.160000 1.000000
0.025000 0.070000 0.160000 1.000000
0.025000 0.070000 0.160000 1.000000
0.025000 0.070000 0.160000 1.000000
0.025000 0.070000 0.160000 1.000000
0.025000 0.070000 0.160000 1.000000
0.025000 0.070000 0.160000 1.000000
0.025000 0.070000 0.160000 1.000000
0.025000 0.070000 0.160000 1.000000
0.025000 0.070000 0.160000 1.000000
0.025000 0.070000 0.160000 1.000000
0.025000 0.070000 0.160000 1.000000
0.025000 0.070000 0.160000 1.000000
0.025000 0.070000 0.160000 1.000000
0.025000 0.070000 0.160000 1.000000
0.025000 0.070000 0.160000 1.000000
0.025000 0.070000 0.160000 1.000000
0.025000 0.070000 0.160000 1.000000
0.025000 0.070000 0.160000 1.000000
0.025000 0.070000 0.160000 1.000000
0.025000 0.070000 0.160000 1.000000
0.025000 0.070000 0.160000 1.000000
0.025000 0.070000 0.160000 1.000000
0.025000 0.070000 0.160000 1.000000
0.025000 0.070000 0.160000 1.000000
0.025000 0.070000 0.160000 1.000000
0.025000 0.070000 0.160000 1.000000
0.025000 0.070000 0.160000 1.000000
0.025000 0.070000 0.160000 1.000000
0.025000 0.070000 0.160000 1.000000
0.025000 0.070000 0.160000 1.000000
0.025000 0.070000 0.160000 1.000000
0.025000 0.070000 0.160000 1.000000
0.025000 0.070000 0.160000 1.000000
0.025000 0.070000 0.160000 1.000000
0.025000 0.070000 0.160000 1.000000
0.025000 0.070000 0.160000 1.000000
0.025000 0.070000 0.160000 1.000000
0.025000 0.070000 0.160000 1.000000
0.025000 0.070000 0.160000 1.000000
0.025000 0.070000 0.160000 1.000000
0.025000 0.070000 0.160000 1.000000
0.025000 0.070000 0.160000 1.000000
0.025000 0.070000 0.160000 1.000000
0.025000 0.070000 0.160000 1.000000
0.025000 0.070000 0.160000 1.000000
0.025000 0.070000 0.160000 1.000000
0.025000 0.070000 0.160000 1.000000
0.025000 0.070000 0.160000 1.000000
0.025000 0.070000 0.160000 1.000000
0.025000 0.070000 0.160000 1.000000
0.025000 0.070000 0.160000 1.000000
0.025000 0.070000 0.160000 1.000000
0.025000 0.070000 0.160000 1.000000
0.025000 0.070000 0.160000 1.000000
0.025000 0.070000 0.160000 1.000000
0.025000 0.070000 0.160000 1.000000
0.025000 0.070000 0.160000 1.000000
0.025000 0.070000 0.160000 1.000000
0.025000 0.070000 0.160000 1.000000
0.025000 0.070000 0.160000 1.000000
0.025000 0.070000 0.160000 1.000000
0.025000 0.070000 0.160000 1.000000
0.025000 0.070000 0.160000 1.000000
0.025000 0.070000 0.160000 1.000000
0.025000 0.070000 0.160000 1.000000
0.025000 0.070000 0.160000 1.000000
0.025000 0.070000 0.160000 1.000000
0.025000 0.070000 0.160000 1.000000
0.025000 0.070000 0.160000 1.000000
0.025000 0.070000 0.160000 1.000000
0.025000 0.070000 0.160000 1.000000
0.025000 0.070000 0.160000 1.000000
0.025000 0.070000 0.160000 1.000000
0.025000 0.070000 0.160000 1.000000
0.025000 0.070000 0.160000 1.000000
0.025000 0.070000 0.160000 1.000000
0.025000 0.070000 0.160000 1.000000
0.025000 0.070000 0.160000 1.000000
0.025000 0.070000 0.160000 1.000000
0.025000 0.070000 0.160000 1.000000
0.025000 0.070000 0.160000 1.000000
0.025000 0.070000 0.160000 1.000000
0.025000 0.070000 0.160000 1.000000
0.025000 0.070000 0.160000 1.000000
0.025000 0.070000 0.160000 1.000000
0.025000 0.070000 0.160000 1.000000
0.025000 0.070000 0.160000 1.000000
0.025000 0.070000 0.160000 1.000000
0.025000 0.070000 0.160000 1.000000
0.025000 0.070000 0.160000 1.000000
0.025000 0.070000 0.160000 1.000000
0.025000 0.070000 0.160000 1.000000
0.025000 0.070000 0.160000 1.000000
0.025000 0.070000 0.160000 1.000000
0.025000 0.070000 0.160000 1.000000
0.025000 0.070000 0.160000 1.000000
0.025000 0.070000 0.160000 1.000000
0.025000 0.070000 0.160000 1.000000
0.025000 0.070000 0.160000 1.000000
0.025000 0.070000 0.160000 1.000000
0.025000 0.070000 0.160000 1.000000
0.025000 0.070000 0.160000 1.000000
0.025000 0.070000 0.160000 1.000000
0.025000 0.070000 0.160000 1.000000
0.025000 0.070000 0.160000 1.000000
0.025000 0.070000 0.160000 1.000000
0.025000 0.070000 0.160000 1.000000
0.025000 0.070000 0.160000 1.000000
0.025000 0.070000 0.160000 1.000000
0.025000 0.070000 0.160000 1.000000
0.025000 0.070000 0.160000 1.000000
0.025000 0.070000 0.160000 1.000000
0.025000 0.070000 0.160000 1.000000
0.025000 0.070000 0.160000 1.000000
0.025000 0.070000 0.160000 1.000000
0.025000 0.070000 0.160000 1.000000
0.025000 0.070000 0.160000 1.000000
0.025000 0.070000 0.160000 1.000000
0.025000 0.070000 0.160000 1.000000
0.025000 0.070000 0.160000 1.000000
0.025000 0.070000 0.160000 1.000000
0.025000 0.070000 0.160000 1.000000
0.025000 0.070000 0.160000 1.000000
0.025000 0.070000 0.160000 1.000000
0.025000 0.070000 0.160000 1.000000
0.025000 0.070000 0.160000 1.000000
0.025000 0.070000 0.160000 1.000000
0.025000 0.070000 0.160000 1.000000
0.025000 0.070000 0.160000 1.000000
0.025000 0.070000 0.160000 1.000000
0.025000 0.070000 0.160000 1.000000
0.025000 0.070000 0.160000 1.000000
0.025000 0.070000 0.160000 1.000000
0.025000 0.070000 0.160000 1.000000
0.025000 0.070000 0.160000 1.000000
0.025000 0.070000 0.160000 1.000000
0.025000 0.070000 0.160000 1.000000
0.025000 0.070000 0.160000 1.000000
0.025000 0.070000 0.160000 1.000000
0.025000 0.070000 0.160000 1.000000
0.025000 0.070000 0.160000 1.000000
0.025000 0.070000 0.160000 1.000000
0.025000 0.070000 0.160000 1.000000
0.025000 0.070000 0.160000 1.000000
0.025000 0.070000 0.160000 1.000000
0.025000 0.070000 0.160000 1.000000
0.025000 0.070000 0.160000 1.000000
0.025000 0.070000 0.160000 1.000000
0.025000 0.070000 0.160000 1.000000
0.025000 0.070000 0.160000 1.000000
0.025000 0.070000 0.160000 1.000000
0.025000 0.070000 0.160000 1.000000
0.025000 0.070000 0.160000 1.000000
0.025000 0.070000 0.160000 1.000000
0.025000 0.070000 0.160000 1.000000
0.025000 0.070000 0.160000 1.000000
0.025000 0.070000 0.160000 1.000000
0.025000 0.070000 0.160000 1.000000
0.025000 0.070000 0.160000 1.000000
0.025000 0.070000 0.160000 1.000000
0.025000 0.070000 0.160000 1.000000
0.025000 0.070000 0.160000 1.000000
0.025000 0.070000 0.160000 1.000000
0.025000 0.070000 0.160000 1.000000
0.025000 0.070000 0.160000 1.000000
0.025000 0.070000 0.160000 1.000000
0.025000 0.070000 0.160000 1.000000
0.025000 0.070000 0.160000 1.000000
0.025000 0.070000 0.160000 1.000000
0.025000 0.070000 0.160000 1.000000
0.025000 0.070000 0.160000 1.000000
0.025000 0.070000 0.160000 1.000000
0.025000 0.070000 0.160000 1.000000
0.025000 0.070000 0.160000 1.000000
0.025000 0.070000 0.160000 1.000000
0.025000 0.070000 0.160000 1.000000
0.025000 0.070000 0.160000 1.000000
0.025000 0.070000 0.160000 1.000000
0.025000 0.070000 0.160000 1.000000
0.025000 0.070000 0.160000 1.000000
0.025000 0.070000 0.160000 1.000000
0.025000 0.070000 0.160000 1.000000
0.025000 0.070000 0.160000 1.000000
0.025000 0.070000 0.160000 1.000000
0.025000 0.070000 0.160000 1.000000
0.025000 0.070000 0.160000 1.000000
0.025000 0.070000 0.160000 1.000000
0.025000 0.070000 0.160000 1.000000
0.025000 0.070000 0.160000 1.000000
0.025000 0.070000 0.160000 1.000000
0.025000 0.070000 0.160000 1.000000
0.025000 0.070000 0.160000 1.000000
0.025000 0.070000 0.160000 1.000000
0.025000 0.070000 0.160000 1.000000
0.025000 0.070000 0.160000 1.000000
0.025000 0.070000 0.160000 1.000000
0.025000 0.070000 0.160000 1.000000
0.025000 0.070000 0.160000 1.000000
0.025000 0.070000 0.160000 1.000000
0.025000 0.070000 0.160000 1.000000
0.025000 0.070000 0.160000 1.000000
0.025000 0.070000 0.160000 1.000000
0.025000 0.070000 0.160000 1.000000
0.025000 0.070000 0.160000 1.000000
0.025000 0.070000 0.160000 1.000000
0.025000 0.070000 0.160000 1.000000
0.025000 0.070000 0.160000 1.000000
0.025000 0.070000 0.160000 1.000000
0.025000 0.070000 0.160000 1.000000
0.025000 0.070000 0.160000 1.000000
0.025000 0.070000 0.160000 1.000000
0.025000 0.070000 0.160000 1.000000
0.025000 0.070000 0.160000 1.000000
0.025000 0.070000 0.160000 1.000000
0.025000 0.070000 0.160000 1.000000
0.025000 0.070000 0.160000 1.000000
0.025000 0.070000 0.160000 1.000000
0.025000 0.070000 0.160000 1.000000
0.025000 0.070000 0.160000 1.000000
0.025000 0.070000 0.160000 1.000000
0.025000 0.070000 0.160000 1.000000
0.025000 0.070000 0.160000 1.000000
0.025000 0.070000 0.160000 1.000000
0.025000 0.070000 0.160000 1.000000
0.025000 0.070000 0.160000 1.000000
0.025000 0.070000 0.160000 1.000000
0.025000 0.070000 0.160000 1.000000
0.025000 0.070000 0.160000 1.000000
0.025000 0.070000 0.160000 1.000000
0.025000 0.070000 0.160000 1.000000
0.025000 0.070000 0.160000 1.000000
0.025000 0.070000 0.160000 1.000000
0.025000 0.070000 0.160000 1.000000
0.025000 0.070000 0.160000 1.000000
0.025000 0.070000 0.160000 1.000000
0.025000 0.070000 0.160000 1.000000
0.025000 0.070000 0.160000 1.000000
0.025000 0.070000 0.160000 1.000000
0.025000 0.070000 0.160000 1.000000
0.025000 0.070000 0.160000 1.000000
0.025000 0.070000 0.160000 1.000000
0.025000 0.070000 0.160000 1.000000
0.025000 0.070000 0.160000 1.000000
0.025000 0.070000 0.160000 1.000000
0.025000 0.070000 0.160000 1.000000
0.025000 0.070000 0.160000 1.000000
0.025000 0.070000 0.160000 1.000000
0.025000 0.070000 0.160000 1.000000
0.025000 0.070000 0.160000 1.000000
0.025000 0.070000 0.160000 1.000000
0.025000 0.070000 0.160000 1.000000
0.025000 0.070000 0.160000 1.000000
0.025000 0.070000 0.160000 1.000000
0.025000 0.070000 0.160000 1.000000
0.025000 0.070000 0.160000 1.000000
0.025000 0.070000 0.160000 1.000000
0.025000 0.070000 0.160000 1.000000
0.025000 0.070000 0.160000 1.000000
<Indices>: 1944
0 1 2
0 2 3
4 5 6
4 6 7
8 9 10
8 10 11
12 13 14
12 14 15
16 17 18
16 18 19
20 21 22
20 22 23
24 25 26
24 26 27
28 29 30
28 30 31
32 33 34
32 34 35
36 37 38
36 38 39
40 41 42
40 42 43
44 45 46
44 46 47
48 49 50
48 50 51
52 53 54
52 54 55
56 57 58
56 58 59
60 61 62
60 62 63
64 65 66
64 66 67
68 69 70
68 70 71
72 73 74
72 74 75
76 77 78
76 78 79
80 81 82
80 82 83
84 85 86
84 86 87
88 89 90
88 90 91
92 93 94
92 94 95
96 97 98
96 98 99
100 101 102
100 102 103
104 105 106
104 106 107
108 109 110
108 110 111
112 113 114
112 114 115
116 117 118
116 118 119
120 121 122
120 122 123
124 125 126
124 126 127
128 129 130
128 130 131
132 133 134
132 134 135
136 137 138
136 138 139
140 141 142
140 142 143
144 145 146
144 146 147
148 149 150
148 150 151
152 153 154
152 154 155
156 157 158
156 158 159
160 161 162
160 162 163
164 165 166
164 166 167
168 169 170
168 170 171
172 173 174
172 174 175
176 177 178
176 178 179
180 181 182
180 182 183
184 185 186
184 186 187
188 189 190
188 190 191
192 193 194
192 194 195
196 197 198
196 198 199
200 201 202
200 202 203
204 205 206
204 206 207
208 209 210
208 210 211
212 213 214
212 214 215
216 217 218
216 218 219
220 221 222
220 222 223
224 225 226
224 226 227
228 229 230
228 230 231
232 233 234
232 234 235
236 237 238
236 238 239
240 241 242
240 242 243
244 245 246
244 246 247
248 249 250
248 250 251
252 253 254
252 254 255
256 257 258
256 258 259
260 261 262
260 262 263
264 265 266
264 266 267
268 269 270
268 270 271
272 273 274
272 274 275
276 277 278
276 278 279
280 281 282
280 282 283
284 285 286
284 286 287
288 289 290
288 290 291
292 293 294
292 294 295
296 297 298
296 298 299
300 301 302
300 302 303
304 305 306
304 306 307
308 309 310
308 310 311
312 313 314
312 314 315
316 317 318
316 318 319
320 321 322
320 322 323
324 325 326
324 326 327
328 329 330
328 330 331
332 333 334
332 334 335
336 337 338
336 338 339
340 341 342
340 342 343
344 345 346
344 346 347
348 349 350
348 350 351
352 353 354
352 354 355
356 357 358
356 358 359
360 361 362
360 362 363
364 365 366
364 366 367
368 369 370
368 370 371
372 373 374
372 374 375
376 377 378
376 378 379
380 381 382
380 382 383
384 385 386
384 386 387
388 389 390
388 390 391
392 393 394
392 394 395
396 397 398
396 398 399
400 401 402
400 402 403
404 405 406
404 406 407
408 409 410
408 410 411
412 413 414
412 414 415
416 417 418
416 418 419
420 421 422
420 422 423
424 425 426
424 426 427
428 429 430
428 430 431
432 433 434
432 434 435
436 437 438
436 438 439
440 441 442
440 442 443
444 445 446
444 446 447
448 449 450
448 450 451
452 453 454
452 454 455
456 457 458
456 458 459
460 461 462
460 462 463
464 465 466
464 466 467
468 469 470
468 470 471
472 473 474
472 474 475
476 477 478
476 478 479
480 481 482
480 482 483
484 485 486
484 486 487
488 489 490
488 490 491
492 493 494
492 494 495
496 497 498
496 498 499
500 501 502
500 502 503
504 505 506
504 506 507
508 509 510
508 510 511
512 513 514
512 514 515
516 517 518
516 518 519
520 521 522
520 522 523
524 525 526
524 526 527
528 529 530
528 530 531
532 533 534
532 534 535
536 537 538
536 538 539
540 541 542
540 542 543
544 545 546
544 546 547
548 549 550
548 550 551
552 553 554
552 554 555
556 557 558
556 558 559
560 561 562
560 562 563
564 565 566
564 566 567
568 569 570
568 570 571
572 573 574
572 574 575
576 577 578
576 578 579
580 581 582
580 582 583
584 585 586
584 586 587
588 589 590
588 590 591
592 593 594
592 594 595
596 597 598
596 598 599
600 601 602
600 602 603
604 605 606
604 606 607
608 609 610
608 610 611
612 613 614
612 614 615
616 617 618
616 618 619
620 621 622
620 622 623
624 625 626
624 626 627
628 629 630
628 630 631
632 633 634
632 634 635
636 637 638
636 638 639
640 641 642
640 642 643
644 645 646
644 646 647
648 649 650
648 650 651
652 653 654
652 654 655
656 657 658
656 658 659
660 661 662
660 662 663
664 665 666
664 666 667
668 669 670
668 670 671
672 673 674
672 674 675
676 677 678
676 678 679
680 681 682
680 682 683
684 685 686
684 686 687
688 689 690
688 690 691
692 693 694
692 694 695
696 697 698
696 698 699
700 701 702
700 702 703
704 705 706
704 706 707
708 709 710
708 710 711
712 713 714
712 714 715
716 717 718
716 718 719
720 721 722
720 722 723
724 725 726
724 726 727
728 729 730
728 730 731
732 733 734
732 734 735
736 737 738
736 738 739
740 741 742
740 742 743
744 745 746
744 746 747
748 749 750
748 750 751
752 753 754
752 754 755
756 757 758
756 758 759
760 761 762
760 762 763
764 765 766
764 766 767
768 769 770
768 770 771
772 773 774
772 774 775
776 777 778
776 778 779
780 781 782
780 782 783
784 785 786
784 786 787
788 789 790
788 790 791
792 793 794
792 794 795
796 797 798
796 798 799
800 801 802
800 802 803
804 805 806
804 806 807
808 809 810
808 810 811
812 813 814
812 814 815
816 817 818
816 818 819
820 821 822
820 822 823
824 825 826
824 826 827
828 829 830
828 830 831
832 833 834
832 834 835
836 837 838
836 838 839
840 841 842
840 842 843
844 845 846
844 846 847
848 849 850
848 850 851
852 853 854
852 854 855
856 857 858
856 858 859
860 861 862
860 862 863
864 865 866
864 866 867
868 869 870
868 870 871
872 873 874
872 874 875
876 877 878
876 878 879
880 881 882
880 882 883
884 885 886
884 886 887
888 889 890
888 890 891
892 893 894
892 894 895
896 897 898
896 898 899
900 901 902
900 902 903
904 905 906
904 906 907
908 909 910
908 910 911
912 913 914
912 914 915
916 917 918
916 918 919
920 921 922
920 922 923
924 925 926
924 926 927
928 929 930
928 930 931
932 933 934
932 934 935
936 937 938
936 938 939
940 941 942
940 942 943
944 945 946
944 946 947
948 949 950
948 950 951
952 953 954
952 954 955
956 957 958
956 958 959
960 961 962
960 962 963
964 965 966
964 966 967
968 969 970
968 970 971
972 973 974
972 974 975
976 977 978
976 978 979
980 981 982
980 982 983
984 985 986
984 986 987
988 989 990
988 990 991
992 993 994
992 994 995
996 997 998
996 998 999
1000 1001 1002
1000 1002 1003
1004 1005 1006
1004 1006 1007
1008 1009 1010
1008 1010 1011
1012 1013 1014
1012 1014 1015
1016 1017 1018
1016 1018 1019
1020 1021 1022
1020 1022 1023
1024 1025 1026
1024 1026 1027
1028 1029 1030
1028 1030 1031
1032 1033 1034
1032 1034 1035
1036 1037 1038
1036 1038 1039
1040 1041 1042
1040 1042 1043
1044 1045 1046
1044 1046 1047
1048 1049 1050
1048 1050 1051
1052 1053 1054
1052 1054 1055
1056 1057 1058
1056 1058 1059
1060 1061 1062
1060 1062 1063
1064 1065 1066
1064 1066 1067
1068 1069 1070
1068 1070 1071
1072 1073 1074
1072 1074 1075
1076 1077 1078
1076 1078 1079
1080 1081 1082
1080 1082 1083
1084 1085 1086
1084 1086 1087
1088 1089 1090
1088 1090 1091
1092 1093 1094
1092 1094 1095
1096 1097 1098
1096 1098 1099
1100 1101 1102
1100 1102 1103
1104 1105 1106
1104 1106 1107
1108 1109 1110
1108 1110 1111
1112 1113 1114
1112 1114 1115
1116 1117 1118
1116 1118 1119
1120 1121 1122
1120 1122 1123
1124 1125 1126
1124 1126 1127
1128 1129 1130
1128 1130 1131
1132 1133 1134
1132 1134 1135
1136 1137 1138
1136 1138 1139
1140 1141 1142
1140 1142 1143
1144 1145 1146
1144 1146 1147
1148 1149 1150
1148 1150 1151
1152 1153 1154
1152 1154 1155
1156 1157 1158
1156 1158 1159
1160 1161 1162
1160 1162 1163
1164 1165 1166
1164 1166 1167
1168 1169 1170
1168 1170 1171
1172 1173 1174
1172 1174 1175
1176 1177 1178
1176 1178 1179
1180 1181 1182
1180 1182 1183
1184 1185 1186
1184 1186 1187
1188 1189 1190
1188 1190 1191
1192 1193 1194
1192 1194 1195
1196 1197 1198
1196 1198 1199
1200 1201 1202
1200 1202 1203
1204 1205 1206
1204 1206 1207
1208 1209 1210
1208 1210 1211
1212 1213 1214
1212 1214 1215
1216 1217 1218
1216 1218 1219
1220 1221 1222
1220 1222 1223
1224 1225 1226
1224 1226 1227
1228 1229 1230
1228 1230 1231
1232 1233 1234
1232 1234 1235
1236 1237 1238
1236 1238 1239
1240 1241 1242
1240 1242 1243
1244 1245 1246
1244 1246 1247
1248 1249 1250
1248 1250 1251
1252 1253 1254
1252 1254 1255
1256 1257 1258
1256 1258 1259
1260 1261 1262
1260 1262 1263
1264 1265 1266
1264 1266 1267
1268 1269 1270
1268 1270 1271
1272 1273 1274
1272 1274 1275
1276 1277 1278
1276 1278 1279
1280 1281 1282
1280 1282 1283
1284 1285 1286
1284 1286 1287
1288 1289 1290
1288 1290 1291
1292 1293 1294
1292 1294 1295
</Mesh>
</Frame>
