<Frame>: 0 Lunar_Warm_alloy
<TransformMatrix>:
1 0 0 0
0 1 0 0
0 0 1 0
0 0 0 1
<Mesh>: 4952 Lunar_Warm_alloy
<Positions>: 4952
31.842501 19.750000 -42.424999
31.842501 19.750000 -42.454998
31.817499 19.750000 -42.454998
31.817499 19.750000 -42.424999
31.842501 23.450000 -42.424999
31.817499 23.450000 -42.424999
31.817499 23.450000 -42.454998
31.842501 23.450000 -42.454998
31.842501 19.750000 -42.424999
31.817499 19.750000 -42.424999
31.817499 23.450000 -42.424999
31.842501 23.450000 -42.424999
31.842501 19.750000 -42.454998
31.842501 23.450000 -42.454998
31.817499 23.450000 -42.454998
31.817499 19.750000 -42.454998
31.842501 19.750000 -42.424999
31.842501 23.450000 -42.424999
31.842501 23.450000 -42.454998
31.842501 19.750000 -42.454998
31.817499 19.750000 -42.424999
31.817499 19.750000 -42.454998
31.817499 23.450000 -42.454998
31.817499 23.450000 -42.424999
30.182501 19.750000 -42.424999
30.182501 19.750000 -42.454998
30.157499 19.750000 -42.454998
30.157499 19.750000 -42.424999
30.182501 23.450000 -42.424999
30.157499 23.450000 -42.424999
30.157499 23.450000 -42.454998
30.182501 23.450000 -42.454998
30.182501 19.750000 -42.424999
30.157499 19.750000 -42.424999
30.157499 23.450000 -42.424999
30.182501 23.450000 -42.424999
30.182501 19.750000 -42.454998
30.182501 23.450000 -42.454998
30.157499 23.450000 -42.454998
30.157499 19.750000 -42.454998
30.182501 19.750000 -42.424999
30.182501 23.450000 -42.424999
30.182501 23.450000 -42.454998
30.182501 19.750000 -42.454998
30.157499 19.750000 -42.424999
30.157499 19.750000 -42.454998
30.157499 23.450000 -42.454998
30.157499 23.450000 -42.424999
-30.157499 19.750000 -42.424999
-30.157499 19.750000 -42.454998
-30.182501 19.750000 -42.454998
-30.182501 19.750000 -42.424999
-30.157499 23.450000 -42.424999
-30.182501 23.450000 -42.424999
-30.182501 23.450000 -42.454998
-30.157499 23.450000 -42.454998
-30.157499 19.750000 -42.424999
-30.182501 19.750000 -42.424999
-30.182501 23.450000 -42.424999
-30.157499 23.450000 -42.424999
-30.157499 19.750000 -42.454998
-30.157499 23.450000 -42.454998
-30.182501 23.450000 -42.454998
-30.182501 19.750000 -42.454998
-30.157499 19.750000 -42.424999
-30.157499 23.450000 -42.424999
-30.157499 23.450000 -42.454998
-30.157499 19.750000 -42.454998
-30.182501 19.750000 -42.424999
-30.182501 19.750000 -42.454998
-30.182501 23.450000 -42.454998
-30.182501 23.450000 -42.424999
-31.817499 19.750000 -42.424999
-31.817499 19.750000 -42.454998
-31.842501 19.750000 -42.454998
-31.842501 19.750000 -42.424999
-31.817499 23.450000 -42.424999
-31.842501 23.450000 -42.424999
-31.842501 23.450000 -42.454998
-31.817499 23.450000 -42.454998
-31.817499 19.750000 -42.424999
-31.842501 19.750000 -42.424999
-31.842501 23.450000 -42.424999
-31.817499 23.450000 -42.424999
-31.817499 19.750000 -42.454998
-31.817499 23.450000 -42.454998
-31.842501 23.450000 -42.454998
-31.842501 19.750000 -42.454998
-31.817499 19.750000 -42.424999
-31.817499 23.450000 -42.424999
-31.817499 23.450000 -42.454998
-31.817499 19.750000 -42.454998
-31.842501 19.750000 -42.424999
-31.842501 19.750000 -42.454998
-31.842501 23.450000 -42.454998
-31.842501 23.450000 -42.424999
-6.000000 33.500000 -58.000000
-5.196152 33.500000 -55.000000
-3.000000 33.500000 -52.803848
0.000000 33.500000 -52.000000
3.000000 33.500000 -52.803848
5.196152 33.500000 -55.000000
6.000000 33.500000 -58.000000
5.196152 33.500000 -61.000000
3.000000 33.500000 -63.196152
-0.000000 33.500000 -64.000000
-3.000000 33.500000 -63.196152
-5.196152 33.500000 -61.000000
-3.464102 36.500000 -56.000000
-4.000000 36.500000 -58.000000
-3.464102 36.500000 -60.000000
-2.000000 36.500000 -61.464100
-0.000000 36.500000 -62.000000
2.000000 36.500000 -61.464100
3.464102 36.500000 -60.000000
4.000000 36.500000 -58.000000
3.464102 36.500000 -56.000000
2.000000 36.500000 -54.535900
0.000000 36.500000 -54.000000
-2.000000 36.500000 -54.535900
-6.000000 33.500000 -58.000000
-5.196152 33.500000 -61.000000
-3.464102 36.500000 -60.000000
-4.000000 36.500000 -58.000000
-5.196152 33.500000 -61.000000
-3.000000 33.500000 -63.196152
-2.000000 36.500000 -61.464100
-3.464102 36.500000 -60.000000
-3.000000 33.500000 -63.196152
-0.000000 33.500000 -64.000000
-0.000000 36.500000 -62.000000
-2.000000 36.500000 -61.464100
-0.000000 33.500000 -64.000000
3.000000 33.500000 -63.196152
2.000000 36.500000 -61.464100
-0.000000 36.500000 -62.000000
3.000000 33.500000 -63.196152
5.196152 33.500000 -61.000000
3.464102 36.500000 -60.000000
2.000000 36.500000 -61.464100
5.196152 33.500000 -61.000000
6.000000 33.500000 -58.000000
4.000000 36.500000 -58.000000
3.464102 36.500000 -60.000000
6.000000 33.500000 -58.000000
5.196152 33.500000 -55.000000
3.464102 36.500000 -56.000000
4.000000 36.500000 -58.000000
5.196152 33.500000 -55.000000
3.000000 33.500000 -52.803848
2.000000 36.500000 -54.535900
3.464102 36.500000 -56.000000
3.000000 33.500000 -52.803848
0.000000 33.500000 -52.000000
0.000000 36.500000 -54.000000
2.000000 36.500000 -54.535900
0.000000 33.500000 -52.000000
-3.000000 33.500000 -52.803848
-2.000000 36.500000 -54.535900
0.000000 36.500000 -54.000000
-3.000000 33.500000 -52.803848
-5.196152 33.500000 -55.000000
-3.464102 36.500000 -56.000000
-2.000000 36.500000 -54.535900
-5.196152 33.500000 -55.000000
-6.000000 33.500000 -58.000000
-4.000000 36.500000 -58.000000
-3.464102 36.500000 -56.000000
-4.270000 53.000000 -58.000000
-4.249439 53.000000 -58.418533
-4.164848 53.147224 -58.410202
-4.185000 53.147224 -58.000000
-4.185000 53.147224 -58.000000
-4.164848 53.147224 -58.410202
-3.995667 53.147224 -58.393539
-4.015000 53.147224 -58.000000
-4.015000 53.147224 -58.000000
-3.995667 53.147224 -58.393539
-3.911076 53.000000 -58.385208
-3.930000 53.000000 -58.000000
-3.930000 53.000000 -58.000000
-3.911076 53.000000 -58.385208
-3.995667 52.852776 -58.393539
-4.015000 52.852776 -58.000000
-4.015000 52.852776 -58.000000
-3.995667 52.852776 -58.393539
-4.164848 52.852776 -58.410202
-4.185000 52.852776 -58.000000
-4.185000 52.852776 -58.000000
-4.164848 52.852776 -58.410202
-4.249439 53.000000 -58.418533
-4.270000 53.000000 -58.000000
-4.249439 53.000000 -58.418533
-4.187953 53.000000 -58.833035
-4.104587 53.147224 -58.816452
-4.164848 53.147224 -58.410202
-4.104587 53.147224 -58.816452
-3.937853 53.147224 -58.783287
-3.995667 53.147224 -58.393539
-3.937853 53.147224 -58.783287
-3.854486 53.000000 -58.766705
-3.911076 53.000000 -58.385208
-3.911076 53.000000 -58.385208
-3.854486 53.000000 -58.766705
-3.937853 52.852776 -58.783287
-3.995667 52.852776 -58.393539
-3.937853 52.852776 -58.783287
-4.104587 52.852776 -58.816452
-4.164848 52.852776 -58.410202
-4.104587 52.852776 -58.816452
-4.187953 53.000000 -58.833035
-4.249439 53.000000 -58.418533
-4.187953 53.000000 -58.833035
-4.086135 53.000000 -59.239517
-4.004795 53.147224 -59.214840
-4.104587 53.147224 -58.816452
-4.004795 53.147224 -59.214840
-3.842115 53.147224 -59.165493
-3.937853 53.147224 -58.783287
-3.842115 53.147224 -59.165493
-3.760776 53.000000 -59.140820
-3.854486 53.000000 -58.766705
-3.854486 53.000000 -58.766705
-3.760776 53.000000 -59.140820
-3.842115 52.852776 -59.165493
-3.937853 52.852776 -58.783287
-3.842115 52.852776 -59.165493
-4.004795 52.852776 -59.214840
-4.104587 52.852776 -58.816452
-4.004795 52.852776 -59.214840
-4.086135 53.000000 -59.239517
-4.187953 53.000000 -58.833035
-4.086135 53.000000 -59.239517
-3.944966 53.000000 -59.634060
-3.866436 53.147224 -59.601532
-4.004795 53.147224 -59.214840
-3.866436 53.147224 -59.601532
-3.709376 53.147224 -59.536472
-3.842115 53.147224 -59.165493
-3.709376 53.147224 -59.536472
-3.630847 53.000000 -59.503944
-3.760776 53.000000 -59.140820
-3.760776 53.000000 -59.140820
-3.630847 53.000000 -59.503944
-3.709376 52.852776 -59.536472
-3.842115 52.852776 -59.165493
-3.709376 52.852776 -59.536472
-3.866436 52.852776 -59.601532
-4.004795 52.852776 -59.214840
-3.866436 52.852776 -59.601532
-3.944966 53.000000 -59.634060
-4.086135 53.000000 -59.239517
-3.944966 53.000000 -59.634060
-3.765804 53.000000 -60.012863
-3.690840 53.147224 -59.972794
-3.866436 53.147224 -59.601532
-3.690840 53.147224 -59.972794
-3.540914 53.147224 -59.892658
-3.709376 53.147224 -59.536472
-3.540914 53.147224 -59.892658
-3.465950 53.000000 -59.852589
-3.630847 53.000000 -59.503944
-3.630847 53.000000 -59.503944
-3.465950 53.000000 -59.852589
-3.540914 52.852776 -59.892658
-3.709376 52.852776 -59.536472
-3.540914 52.852776 -59.892658
-3.690840 52.852776 -59.972794
-3.866436 52.852776 -59.601532
-3.690840 52.852776 -59.972794
-3.765804 53.000000 -60.012863
-3.944966 53.000000 -59.634060
-3.765804 53.000000 -60.012863
-3.550375 53.000000 -60.372284
-3.479700 53.147224 -60.325062
-3.690840 53.147224 -59.972794
-3.479700 53.147224 -60.325062
-3.338351 53.147224 -60.230614
-3.540914 53.147224 -59.892658
-3.338351 53.147224 -60.230614
-3.267676 53.000000 -60.183392
-3.465950 53.000000 -59.852589
-3.465950 53.000000 -59.852589
-3.267676 53.000000 -60.183392
-3.338351 52.852776 -60.230614
-3.540914 52.852776 -59.892658
-3.338351 52.852776 -60.230614
-3.479700 52.852776 -60.325062
-3.690840 52.852776 -59.972794
-3.479700 52.852776 -60.325062
-3.550375 53.000000 -60.372284
-3.765804 53.000000 -60.012863
-3.550375 53.000000 -60.372284
-3.300755 53.000000 -60.708858
-3.235049 53.147224 -60.654938
-3.479700 53.147224 -60.325062
-3.235049 53.147224 -60.654938
-3.103637 53.147224 -60.547089
-3.338351 53.147224 -60.230614
-3.103637 53.147224 -60.547089
-3.037931 53.000000 -60.493164
-3.267676 53.000000 -60.183392
-3.267676 53.000000 -60.183392
-3.037931 53.000000 -60.493164
-3.103637 52.852776 -60.547089
-3.338351 52.852776 -60.230614
-3.103637 52.852776 -60.547089
-3.235049 52.852776 -60.654938
-3.479700 52.852776 -60.325062
-3.235049 52.852776 -60.654938
-3.300755 53.000000 -60.708858
-3.550375 53.000000 -60.372284
-3.300755 53.000000 -60.708858
-3.019346 53.000000 -61.019344
-2.959242 53.147224 -60.959244
-3.235049 53.147224 -60.654938
-2.959242 53.147224 -60.959244
-2.839034 53.147224 -60.839035
-3.103637 53.147224 -60.547089
-2.839034 53.147224 -60.839035
-2.778930 53.000000 -60.778931
-3.037931 53.000000 -60.493164
-3.037931 53.000000 -60.493164
-2.778930 53.000000 -60.778931
-2.839034 52.852776 -60.839035
-3.103637 52.852776 -60.547089
-2.839034 52.852776 -60.839035
-2.959242 52.852776 -60.959244
-3.235049 52.852776 -60.654938
-2.959242 52.852776 -60.959244
-3.019346 53.000000 -61.019344
-3.300755 53.000000 -60.708858
-3.019346 53.000000 -61.019344
-2.708859 53.000000 -61.300755
-2.654936 53.147224 -61.235050
-2.959242 53.147224 -60.959244
-2.654936 53.147224 -61.235050
-2.547089 53.147224 -61.103638
-2.839034 53.147224 -60.839035
-2.547089 53.147224 -61.103638
-2.493165 53.000000 -61.037930
-2.778930 53.000000 -60.778931
-2.778930 53.000000 -60.778931
-2.493165 53.000000 -61.037930
-2.547089 52.852776 -61.103638
-2.839034 52.852776 -60.839035
-2.547089 52.852776 -61.103638
-2.654936 52.852776 -61.235050
-2.959242 52.852776 -60.959244
-2.654936 52.852776 -61.235050
-2.708859 53.000000 -61.300755
-3.019346 53.000000 -61.019344
-2.708859 53.000000 -61.300755
-2.372285 53.000000 -61.550377
-2.325061 53.147224 -61.479702
-2.654936 53.147224 -61.235050
-2.325061 53.147224 -61.479702
-2.230614 53.147224 -61.338352
-2.547089 53.147224 -61.103638
-2.230614 53.147224 -61.338352
-2.183391 53.000000 -61.267677
-2.493165 53.000000 -61.037930
-2.493165 53.000000 -61.037930
-2.183391 53.000000 -61.267677
-2.230614 52.852776 -61.338352
-2.547089 52.852776 -61.103638
-2.230614 52.852776 -61.338352
-2.325061 52.852776 -61.479702
-2.654936 52.852776 -61.235050
-2.325061 52.852776 -61.479702
-2.372285 53.000000 -61.550377
-2.708859 53.000000 -61.300755
-2.372285 53.000000 -61.550377
-2.012864 53.000000 -61.765804
-1.972795 53.147224 -61.690842
-2.325061 53.147224 -61.479702
-1.972795 53.147224 -61.690842
-1.892658 53.147224 -61.540913
-2.230614 53.147224 -61.338352
-1.892658 53.147224 -61.540913
-1.852589 53.000000 -61.465950
-2.183391 53.000000 -61.267677
-2.183391 53.000000 -61.267677
-1.852589 53.000000 -61.465950
-1.892658 52.852776 -61.540913
-2.230614 52.852776 -61.338352
-1.892658 52.852776 -61.540913
-1.972795 52.852776 -61.690842
-2.325061 52.852776 -61.479702
-1.972795 52.852776 -61.690842
-2.012864 53.000000 -61.765804
-2.372285 53.000000 -61.550377
-2.012864 53.000000 -61.765804
-1.634058 53.000000 -61.944965
-1.601530 53.147224 -61.866436
-1.972795 53.147224 -61.690842
-1.601530 53.147224 -61.866436
-1.536474 53.147224 -61.709377
-1.892658 53.147224 -61.540913
-1.536474 53.147224 -61.709377
-1.503946 53.000000 -61.630848
-1.852589 53.000000 -61.465950
-1.852589 53.000000 -61.465950
-1.503946 53.000000 -61.630848
-1.536474 52.852776 -61.709377
-1.892658 52.852776 -61.540913
-1.536474 52.852776 -61.709377
-1.601530 52.852776 -61.866436
-1.972795 52.852776 -61.690842
-1.601530 52.852776 -61.866436
-1.634058 53.000000 -61.944965
-2.012864 53.000000 -61.765804
-1.634058 53.000000 -61.944965
-1.239516 53.000000 -62.086136
-1.214841 53.147224 -62.004795
-1.601530 53.147224 -61.866436
-1.214841 53.147224 -62.004795
-1.165493 53.147224 -61.842117
-1.536474 53.147224 -61.709377
-1.165493 53.147224 -61.842117
-1.140819 53.000000 -61.760777
-1.503946 53.000000 -61.630848
-1.503946 53.000000 -61.630848
-1.140819 53.000000 -61.760777
-1.165493 52.852776 -61.842117
-1.536474 52.852776 -61.709377
-1.165493 52.852776 -61.842117
-1.214841 52.852776 -62.004795
-1.601530 52.852776 -61.866436
-1.214841 52.852776 -62.004795
-1.239516 53.000000 -62.086136
-1.634058 53.000000 -61.944965
-1.239516 53.000000 -62.086136
-0.833036 53.000000 -62.187954
-0.816453 53.147224 -62.104588
-1.214841 53.147224 -62.004795
-0.816453 53.147224 -62.104588
-0.783288 53.147224 -61.937851
-1.165493 53.147224 -61.842117
-0.783288 53.147224 -61.937851
-0.766705 53.000000 -61.854485
-1.140819 53.000000 -61.760777
-1.140819 53.000000 -61.760777
-0.766705 53.000000 -61.854485
-0.783288 52.852776 -61.937851
-1.165493 52.852776 -61.842117
-0.783288 52.852776 -61.937851
-0.816453 52.852776 -62.104588
-1.214841 52.852776 -62.004795
-0.816453 52.852776 -62.104588
-0.833036 53.000000 -62.187954
-1.239516 53.000000 -62.086136
-0.833036 53.000000 -62.187954
-0.418533 53.000000 -62.249439
-0.410202 53.147224 -62.164848
-0.816453 53.147224 -62.104588
-0.410202 53.147224 -62.164848
-0.393539 53.147224 -61.995667
-0.783288 53.147224 -61.937851
-0.393539 53.147224 -61.995667
-0.385207 53.000000 -61.911076
-0.766705 53.000000 -61.854485
-0.766705 53.000000 -61.854485
-0.385207 53.000000 -61.911076
-0.393539 52.852776 -61.995667
-0.783288 52.852776 -61.937851
-0.393539 52.852776 -61.995667
-0.410202 52.852776 -62.164848
-0.816453 52.852776 -62.104588
-0.410202 52.852776 -62.164848
-0.418533 53.000000 -62.249439
-0.833036 53.000000 -62.187954
-0.418533 53.000000 -62.249439
-0.000000 53.000000 -62.270000
-0.000000 53.147224 -62.185001
-0.410202 53.147224 -62.164848
-0.000000 53.147224 -62.185001
-0.000000 53.147224 -62.014999
-0.393539 53.147224 -61.995667
-0.000000 53.147224 -62.014999
-0.000000 53.000000 -61.930000
-0.385207 53.000000 -61.911076
-0.385207 53.000000 -61.911076
-0.000000 53.000000 -61.930000
-0.000000 52.852776 -62.014999
-0.393539 52.852776 -61.995667
-0.000000 52.852776 -62.014999
-0.000000 52.852776 -62.185001
-0.410202 52.852776 -62.164848
-0.000000 52.852776 -62.185001
-0.000000 53.000000 -62.270000
-0.418533 53.000000 -62.249439
-0.000000 53.000000 -62.270000
0.418533 53.000000 -62.249439
0.410202 53.147224 -62.164848
-0.000000 53.147224 -62.185001
0.410202 53.147224 -62.164848
0.393539 53.147224 -61.995667
-0.000000 53.147224 -62.014999
0.393539 53.147224 -61.995667
0.385207 53.000000 -61.911076
-0.000000 53.000000 -61.930000
-0.000000 53.000000 -61.930000
0.385207 53.000000 -61.911076
0.393539 52.852776 -61.995667
-0.000000 52.852776 -62.014999
0.393539 52.852776 -61.995667
0.410202 52.852776 -62.164848
-0.000000 52.852776 -62.185001
0.410202 52.852776 -62.164848
0.418533 53.000000 -62.249439
-0.000000 53.000000 -62.270000
0.418533 53.000000 -62.249439
0.833036 53.000000 -62.187954
0.816453 53.147224 -62.104588
0.410202 53.147224 -62.164848
0.816453 53.147224 -62.104588
0.783288 53.147224 -61.937851
0.393539 53.147224 -61.995667
0.783288 53.147224 -61.937851
0.766705 53.000000 -61.854485
0.385207 53.000000 -61.911076
0.385207 53.000000 -61.911076
0.766705 53.000000 -61.854485
0.783288 52.852776 -61.937851
0.393539 52.852776 -61.995667
0.783288 52.852776 -61.937851
0.816453 52.852776 -62.104588
0.410202 52.852776 -62.164848
0.816453 52.852776 -62.104588
0.833036 53.000000 -62.187954
0.418533 53.000000 -62.249439
0.833036 53.000000 -62.187954
1.239516 53.000000 -62.086136
1.214841 53.147224 -62.004795
0.816453 53.147224 -62.104588
1.214841 53.147224 -62.004795
1.165493 53.147224 -61.842117
0.783288 53.147224 -61.937851
1.165493 53.147224 -61.842117
1.140819 53.000000 -61.760777
0.766705 53.000000 -61.854485
0.766705 53.000000 -61.854485
1.140819 53.000000 -61.760777
1.165493 52.852776 -61.842117
0.783288 52.852776 -61.937851
1.165493 52.852776 -61.842117
1.214841 52.852776 -62.004795
0.816453 52.852776 -62.104588
1.214841 52.852776 -62.004795
1.239516 53.000000 -62.086136
0.833036 53.000000 -62.187954
1.239516 53.000000 -62.086136
1.634058 53.000000 -61.944965
1.601530 53.147224 -61.866436
1.214841 53.147224 -62.004795
1.601530 53.147224 -61.866436
1.536474 53.147224 -61.709377
1.165493 53.147224 -61.842117
1.536474 53.147224 -61.709377
1.503946 53.000000 -61.630848
1.140819 53.000000 -61.760777
1.140819 53.000000 -61.760777
1.503946 53.000000 -61.630848
1.536474 52.852776 -61.709377
1.165493 52.852776 -61.842117
1.536474 52.852776 -61.709377
1.601530 52.852776 -61.866436
1.214841 52.852776 -62.004795
1.601530 52.852776 -61.866436
1.634058 53.000000 -61.944965
1.239516 53.000000 -62.086136
1.634058 53.000000 -61.944965
2.012864 53.000000 -61.765804
1.972795 53.147224 -61.690842
1.601530 53.147224 -61.866436
1.972795 53.147224 -61.690842
1.892658 53.147224 -61.540913
1.536474 53.147224 -61.709377
1.892658 53.147224 -61.540913
1.852589 53.000000 -61.465950
1.503946 53.000000 -61.630848
1.503946 53.000000 -61.630848
1.852589 53.000000 -61.465950
1.892658 52.852776 -61.540913
1.536474 52.852776 -61.709377
1.892658 52.852776 -61.540913
1.972795 52.852776 -61.690842
1.601530 52.852776 -61.866436
1.972795 52.852776 -61.690842
2.012864 53.000000 -61.765804
1.634058 53.000000 -61.944965
2.012864 53.000000 -61.765804
2.372285 53.000000 -61.550377
2.325061 53.147224 -61.479702
1.972795 53.147224 -61.690842
2.325061 53.147224 -61.479702
2.230614 53.147224 -61.338352
1.892658 53.147224 -61.540913
2.230614 53.147224 -61.338352
2.183391 53.000000 -61.267677
1.852589 53.000000 -61.465950
1.852589 53.000000 -61.465950
2.183391 53.000000 -61.267677
2.230614 52.852776 -61.338352
1.892658 52.852776 -61.540913
2.230614 52.852776 -61.338352
2.325061 52.852776 -61.479702
1.972795 52.852776 -61.690842
2.325061 52.852776 -61.479702
2.372285 53.000000 -61.550377
2.012864 53.000000 -61.765804
2.372285 53.000000 -61.550377
2.708859 53.000000 -61.300755
2.654936 53.147224 -61.235050
2.325061 53.147224 -61.479702
2.654936 53.147224 -61.235050
2.547089 53.147224 -61.103638
2.230614 53.147224 -61.338352
2.547089 53.147224 -61.103638
2.493165 53.000000 -61.037930
2.183391 53.000000 -61.267677
2.183391 53.000000 -61.267677
2.493165 53.000000 -61.037930
2.547089 52.852776 -61.103638
2.230614 52.852776 -61.338352
2.547089 52.852776 -61.103638
2.654936 52.852776 -61.235050
2.325061 52.852776 -61.479702
2.654936 52.852776 -61.235050
2.708859 53.000000 -61.300755
2.372285 53.000000 -61.550377
2.708859 53.000000 -61.300755
3.019346 53.000000 -61.019344
2.959242 53.147224 -60.959244
2.654936 53.147224 -61.235050
2.959242 53.147224 -60.959244
2.839034 53.147224 -60.839035
2.547089 53.147224 -61.103638
2.839034 53.147224 -60.839035
2.778930 53.000000 -60.778931
2.493165 53.000000 -61.037930
2.493165 53.000000 -61.037930
2.778930 53.000000 -60.778931
2.839034 52.852776 -60.839035
2.547089 52.852776 -61.103638
2.839034 52.852776 -60.839035
2.959242 52.852776 -60.959244
2.654936 52.852776 -61.235050
2.959242 52.852776 -60.959244
3.019346 53.000000 -61.019344
2.708859 53.000000 -61.300755
3.019346 53.000000 -61.019344
3.300755 53.000000 -60.708858
3.235049 53.147224 -60.654938
2.959242 53.147224 -60.959244
3.235049 53.147224 -60.654938
3.103637 53.147224 -60.547089
2.839034 53.147224 -60.839035
3.103637 53.147224 -60.547089
3.037931 53.000000 -60.493164
2.778930 53.000000 -60.778931
2.778930 53.000000 -60.778931
3.037931 53.000000 -60.493164
3.103637 52.852776 -60.547089
2.839034 52.852776 -60.839035
3.103637 52.852776 -60.547089
3.235049 52.852776 -60.654938
2.959242 52.852776 -60.959244
3.235049 52.852776 -60.654938
3.300755 53.000000 -60.708858
3.019346 53.000000 -61.019344
3.300755 53.000000 -60.708858
3.550375 53.000000 -60.372284
3.479700 53.147224 -60.325062
3.235049 53.147224 -60.654938
3.479700 53.147224 -60.325062
3.338351 53.147224 -60.230614
3.103637 53.147224 -60.547089
3.338351 53.147224 -60.230614
3.267676 53.000000 -60.183392
3.037931 53.000000 -60.493164
3.037931 53.000000 -60.493164
3.267676 53.000000 -60.183392
3.338351 52.852776 -60.230614
3.103637 52.852776 -60.547089
3.338351 52.852776 -60.230614
3.479700 52.852776 -60.325062
3.235049 52.852776 -60.654938
3.479700 52.852776 -60.325062
3.550375 53.000000 -60.372284
3.300755 53.000000 -60.708858
3.550375 53.000000 -60.372284
3.765804 53.000000 -60.012863
3.690840 53.147224 -59.972794
3.479700 53.147224 -60.325062
3.690840 53.147224 -59.972794
3.540914 53.147224 -59.892658
3.338351 53.147224 -60.230614
3.540914 53.147224 -59.892658
3.465950 53.000000 -59.852589
3.267676 53.000000 -60.183392
3.267676 53.000000 -60.183392
3.465950 53.000000 -59.852589
3.540914 52.852776 -59.892658
3.338351 52.852776 -60.230614
3.540914 52.852776 -59.892658
3.690840 52.852776 -59.972794
3.479700 52.852776 -60.325062
3.690840 52.852776 -59.972794
3.765804 53.000000 -60.012863
3.550375 53.000000 -60.372284
3.765804 53.000000 -60.012863
3.944966 53.000000 -59.634060
3.866436 53.147224 -59.601532
3.690840 53.147224 -59.972794
3.866436 53.147224 -59.601532
3.709376 53.147224 -59.536472
3.540914 53.147224 -59.892658
3.709376 53.147224 -59.536472
3.630847 53.000000 -59.503944
3.465950 53.000000 -59.852589
3.465950 53.000000 -59.852589
3.630847 53.000000 -59.503944
3.709376 52.852776 -59.536472
3.540914 52.852776 -59.892658
3.709376 52.852776 -59.536472
3.866436 52.852776 -59.601532
3.690840 52.852776 -59.972794
3.866436 52.852776 -59.601532
3.944966 53.000000 -59.634060
3.765804 53.000000 -60.012863
3.944966 53.000000 -59.634060
4.086135 53.000000 -59.239517
4.004795 53.147224 -59.214840
3.866436 53.147224 -59.601532
4.004795 53.147224 -59.214840
3.842115 53.147224 -59.165493
3.709376 53.147224 -59.536472
3.842115 53.147224 -59.165493
3.760776 53.000000 -59.140820
3.630847 53.000000 -59.503944
3.630847 53.000000 -59.503944
3.760776 53.000000 -59.140820
3.842115 52.852776 -59.165493
3.709376 52.852776 -59.536472
3.842115 52.852776 -59.165493
4.004795 52.852776 -59.214840
3.866436 52.852776 -59.601532
4.004795 52.852776 -59.214840
4.086135 53.000000 -59.239517
3.944966 53.000000 -59.634060
4.086135 53.000000 -59.239517
4.187953 53.000000 -58.833035
4.104587 53.147224 -58.816452
4.004795 53.147224 -59.214840
4.104587 53.147224 -58.816452
3.937853 53.147224 -58.783287
3.842115 53.147224 -59.165493
3.937853 53.147224 -58.783287
3.854486 53.000000 -58.766705
3.760776 53.000000 -59.140820
3.760776 53.000000 -59.140820
3.854486 53.000000 -58.766705
3.937853 52.852776 -58.783287
3.842115 52.852776 -59.165493
3.937853 52.852776 -58.783287
4.104587 52.852776 -58.816452
4.004795 52.852776 -59.214840
4.104587 52.852776 -58.816452
4.187953 53.000000 -58.833035
4.086135 53.000000 -59.239517
4.187953 53.000000 -58.833035
4.249439 53.000000 -58.418533
4.164848 53.147224 -58.410202
4.104587 53.147224 -58.816452
4.164848 53.147224 -58.410202
3.995667 53.147224 -58.393539
3.937853 53.147224 -58.783287
3.995667 53.147224 -58.393539
3.911076 53.000000 -58.385208
3.854486 53.000000 -58.766705
3.854486 53.000000 -58.766705
3.911076 53.000000 -58.385208
3.995667 52.852776 -58.393539
3.937853 52.852776 -58.783287
3.995667 52.852776 -58.393539
4.164848 52.852776 -58.410202
4.104587 52.852776 -58.816452
4.164848 52.852776 -58.410202
4.249439 53.000000 -58.418533
4.187953 53.000000 -58.833035
4.249439 53.000000 -58.418533
4.270000 53.000000 -58.000000
4.185000 53.147224 -58.000000
4.164848 53.147224 -58.410202
4.185000 53.147224 -58.000000
4.015000 53.147224 -58.000000
3.995667 53.147224 -58.393539
4.015000 53.147224 -58.000000
3.930000 53.000000 -58.000000
3.911076 53.000000 -58.385208
3.911076 53.000000 -58.385208
3.930000 53.000000 -58.000000
4.015000 52.852776 -58.000000
3.995667 52.852776 -58.393539
4.015000 52.852776 -58.000000
4.185000 52.852776 -58.000000
4.164848 52.852776 -58.410202
4.185000 52.852776 -58.000000
4.270000 53.000000 -58.000000
4.249439 53.000000 -58.418533
4.270000 53.000000 -58.000000
4.249439 53.000000 -57.581467
4.164848 53.147224 -57.589798
4.185000 53.147224 -58.000000
4.164848 53.147224 -57.589798
3.995667 53.147224 -57.606461
4.015000 53.147224 -58.000000
3.995667 53.147224 -57.606461
3.911076 53.000000 -57.614792
3.930000 53.000000 -58.000000
3.930000 53.000000 -58.000000
3.911076 53.000000 -57.614792
3.995667 52.852776 -57.606461
4.015000 52.852776 -58.000000
3.995667 52.852776 -57.606461
4.164848 52.852776 -57.589798
4.185000 52.852776 -58.000000
4.164848 52.852776 -57.589798
4.249439 53.000000 -57.581467
4.270000 53.000000 -58.000000
4.249439 53.000000 -57.581467
4.187953 53.000000 -57.166965
4.104587 53.147224 -57.183548
4.164848 53.147224 -57.589798
4.104587 53.147224 -57.183548
3.937853 53.147224 -57.216713
3.995667 53.147224 -57.606461
3.937853 53.147224 -57.216713
3.854486 53.000000 -57.233295
3.911076 53.000000 -57.614792
3.911076 53.000000 -57.614792
3.854486 53.000000 -57.233295
3.937853 52.852776 -57.216713
3.995667 52.852776 -57.606461
3.937853 52.852776 -57.216713
4.104587 52.852776 -57.183548
4.164848 52.852776 -57.589798
4.104587 52.852776 -57.183548
4.187953 53.000000 -57.166965
4.249439 53.000000 -57.581467
4.187953 53.000000 -57.166965
4.086135 53.000000 -56.760483
4.004795 53.147224 -56.785160
4.104587 53.147224 -57.183548
4.004795 53.147224 -56.785160
3.842115 53.147224 -56.834507
3.937853 53.147224 -57.216713
3.842115 53.147224 -56.834507
3.760776 53.000000 -56.859180
3.854486 53.000000 -57.233295
3.854486 53.000000 -57.233295
3.760776 53.000000 -56.859180
3.842115 52.852776 -56.834507
3.937853 52.852776 -57.216713
3.842115 52.852776 -56.834507
4.004795 52.852776 -56.785160
4.104587 52.852776 -57.183548
4.004795 52.852776 -56.785160
4.086135 53.000000 -56.760483
4.187953 53.000000 -57.166965
4.086135 53.000000 -56.760483
3.944966 53.000000 -56.365940
3.866436 53.147224 -56.398468
4.004795 53.147224 -56.785160
3.866436 53.147224 -56.398468
3.709376 53.147224 -56.463528
3.842115 53.147224 -56.834507
3.709376 53.147224 -56.463528
3.630847 53.000000 -56.496056
3.760776 53.000000 -56.859180
3.760776 53.000000 -56.859180
3.630847 53.000000 -56.496056
3.709376 52.852776 -56.463528
3.842115 52.852776 -56.834507
3.709376 52.852776 -56.463528
3.866436 52.852776 -56.398468
4.004795 52.852776 -56.785160
3.866436 52.852776 -56.398468
3.944966 53.000000 -56.365940
4.086135 53.000000 -56.760483
3.944966 53.000000 -56.365940
3.765804 53.000000 -55.987137
3.690840 53.147224 -56.027206
3.866436 53.147224 -56.398468
3.690840 53.147224 -56.027206
3.540914 53.147224 -56.107342
3.709376 53.147224 -56.463528
3.540914 53.147224 -56.107342
3.465950 53.000000 -56.147411
3.630847 53.000000 -56.496056
3.630847 53.000000 -56.496056
3.465950 53.000000 -56.147411
3.540914 52.852776 -56.107342
3.709376 52.852776 -56.463528
3.540914 52.852776 -56.107342
3.690840 52.852776 -56.027206
3.866436 52.852776 -56.398468
3.690840 52.852776 -56.027206
3.765804 53.000000 -55.987137
3.944966 53.000000 -56.365940
3.765804 53.000000 -55.987137
3.550375 53.000000 -55.627716
3.479700 53.147224 -55.674938
3.690840 53.147224 -56.027206
3.479700 53.147224 -55.674938
3.338351 53.147224 -55.769386
3.540914 53.147224 -56.107342
3.338351 53.147224 -55.769386
3.267676 53.000000 -55.816608
3.465950 53.000000 -56.147411
3.465950 53.000000 -56.147411
3.267676 53.000000 -55.816608
3.338351 52.852776 -55.769386
3.540914 52.852776 -56.107342
3.338351 52.852776 -55.769386
3.479700 52.852776 -55.674938
3.690840 52.852776 -56.027206
3.479700 52.852776 -55.674938
3.550375 53.000000 -55.627716
3.765804 53.000000 -55.987137
3.550375 53.000000 -55.627716
3.300755 53.000000 -55.291142
3.235049 53.147224 -55.345062
3.479700 53.147224 -55.674938
3.235049 53.147224 -55.345062
3.103637 53.147224 -55.452911
3.338351 53.147224 -55.769386
3.103637 53.147224 -55.452911
3.037931 53.000000 -55.506836
3.267676 53.000000 -55.816608
3.267676 53.000000 -55.816608
3.037931 53.000000 -55.506836
3.103637 52.852776 -55.452911
3.338351 52.852776 -55.769386
3.103637 52.852776 -55.452911
3.235049 52.852776 -55.345062
3.479700 52.852776 -55.674938
3.235049 52.852776 -55.345062
3.300755 53.000000 -55.291142
3.550375 53.000000 -55.627716
3.300755 53.000000 -55.291142
3.019346 53.000000 -54.980656
2.959242 53.147224 -55.040756
3.235049 53.147224 -55.345062
2.959242 53.147224 -55.040756
2.839034 53.147224 -55.160965
3.103637 53.147224 -55.452911
2.839034 53.147224 -55.160965
2.778930 53.000000 -55.221069
3.037931 53.000000 -55.506836
3.037931 53.000000 -55.506836
2.778930 53.000000 -55.221069
2.839034 52.852776 -55.160965
3.103637 52.852776 -55.452911
2.839034 52.852776 -55.160965
2.959242 52.852776 -55.040756
3.235049 52.852776 -55.345062
2.959242 52.852776 -55.040756
3.019346 53.000000 -54.980656
3.300755 53.000000 -55.291142
3.019346 53.000000 -54.980656
2.708859 53.000000 -54.699245
2.654936 53.147224 -54.764950
2.959242 53.147224 -55.040756
2.654936 53.147224 -54.764950
2.547089 53.147224 -54.896362
2.839034 53.147224 -55.160965
2.547089 53.147224 -54.896362
2.493165 53.000000 -54.962070
2.778930 53.000000 -55.221069
2.778930 53.000000 -55.221069
2.493165 53.000000 -54.962070
2.547089 52.852776 -54.896362
2.839034 52.852776 -55.160965
2.547089 52.852776 -54.896362
2.654936 52.852776 -54.764950
2.959242 52.852776 -55.040756
2.654936 52.852776 -54.764950
2.708859 53.000000 -54.699245
3.019346 53.000000 -54.980656
2.708859 53.000000 -54.699245
2.372285 53.000000 -54.449623
2.325061 53.147224 -54.520298
2.654936 53.147224 -54.764950
2.325061 53.147224 -54.520298
2.230614 53.147224 -54.661648
2.547089 53.147224 -54.896362
2.230614 53.147224 -54.661648
2.183391 53.000000 -54.732323
2.493165 53.000000 -54.962070
2.493165 53.000000 -54.962070
2.183391 53.000000 -54.732323
2.230614 52.852776 -54.661648
2.547089 52.852776 -54.896362
2.230614 52.852776 -54.661648
2.325061 52.852776 -54.520298
2.654936 52.852776 -54.764950
2.325061 52.852776 -54.520298
2.372285 53.000000 -54.449623
2.708859 53.000000 -54.699245
2.372285 53.000000 -54.449623
2.012864 53.000000 -54.234196
1.972795 53.147224 -54.309158
2.325061 53.147224 -54.520298
1.972795 53.147224 -54.309158
1.892658 53.147224 -54.459087
2.230614 53.147224 -54.661648
1.892658 53.147224 -54.459087
1.852589 53.000000 -54.534050
2.183391 53.000000 -54.732323
2.183391 53.000000 -54.732323
1.852589 53.000000 -54.534050
1.892658 52.852776 -54.459087
2.230614 52.852776 -54.661648
1.892658 52.852776 -54.459087
1.972795 52.852776 -54.309158
2.325061 52.852776 -54.520298
1.972795 52.852776 -54.309158
2.012864 53.000000 -54.234196
2.372285 53.000000 -54.449623
2.012864 53.000000 -54.234196
1.634058 53.000000 -54.055035
1.601530 53.147224 -54.133564
1.972795 53.147224 -54.309158
1.601530 53.147224 -54.133564
1.536474 53.147224 -54.290623
1.892658 53.147224 -54.459087
1.536474 53.147224 -54.290623
1.503946 53.000000 -54.369152
1.852589 53.000000 -54.534050
1.852589 53.000000 -54.534050
1.503946 53.000000 -54.369152
1.536474 52.852776 -54.290623
1.892658 52.852776 -54.459087
1.536474 52.852776 -54.290623
1.601530 52.852776 -54.133564
1.972795 52.852776 -54.309158
1.601530 52.852776 -54.133564
1.634058 53.000000 -54.055035
2.012864 53.000000 -54.234196
1.634058 53.000000 -54.055035
1.239516 53.000000 -53.913864
1.214841 53.147224 -53.995205
1.601530 53.147224 -54.133564
1.214841 53.147224 -53.995205
1.165493 53.147224 -54.157883
1.536474 53.147224 -54.290623
1.165493 53.147224 -54.157883
1.140819 53.000000 -54.239223
1.503946 53.000000 -54.369152
1.503946 53.000000 -54.369152
1.140819 53.000000 -54.239223
1.165493 52.852776 -54.157883
1.536474 52.852776 -54.290623
1.165493 52.852776 -54.157883
1.214841 52.852776 -53.995205
1.601530 52.852776 -54.133564
1.214841 52.852776 -53.995205
1.239516 53.000000 -53.913864
1.634058 53.000000 -54.055035
1.239516 53.000000 -53.913864
0.833036 53.000000 -53.812046
0.816453 53.147224 -53.895412
1.214841 53.147224 -53.995205
0.816453 53.147224 -53.895412
0.783288 53.147224 -54.062149
1.165493 53.147224 -54.157883
0.783288 53.147224 -54.062149
0.766705 53.000000 -54.145515
1.140819 53.000000 -54.239223
1.140819 53.000000 -54.239223
0.766705 53.000000 -54.145515
0.783288 52.852776 -54.062149
1.165493 52.852776 -54.157883
0.783288 52.852776 -54.062149
0.816453 52.852776 -53.895412
1.214841 52.852776 -53.995205
0.816453 52.852776 -53.895412
0.833036 53.000000 -53.812046
1.239516 53.000000 -53.913864
0.833036 53.000000 -53.812046
0.418533 53.000000 -53.750561
0.410202 53.147224 -53.835152
0.816453 53.147224 -53.895412
0.410202 53.147224 -53.835152
0.393539 53.147224 -54.004333
0.783288 53.147224 -54.062149
0.393539 53.147224 -54.004333
0.385207 53.000000 -54.088924
0.766705 53.000000 -54.145515
0.766705 53.000000 -54.145515
0.385207 53.000000 -54.088924
0.393539 52.852776 -54.004333
0.783288 52.852776 -54.062149
0.393539 52.852776 -54.004333
0.410202 52.852776 -53.835152
0.816453 52.852776 -53.895412
0.410202 52.852776 -53.835152
0.418533 53.000000 -53.750561
0.833036 53.000000 -53.812046
0.418533 53.000000 -53.750561
0.000000 53.000000 -53.730000
0.000000 53.147224 -53.814999
0.410202 53.147224 -53.835152
0.000000 53.147224 -53.814999
0.000000 53.147224 -53.985001
0.393539 53.147224 -54.004333
0.000000 53.147224 -53.985001
0.000000 53.000000 -54.070000
0.385207 53.000000 -54.088924
0.385207 53.000000 -54.088924
0.000000 53.000000 -54.070000
0.000000 52.852776 -53.985001
0.393539 52.852776 -54.004333
0.000000 52.852776 -53.985001
0.000000 52.852776 -53.814999
0.410202 52.852776 -53.835152
0.000000 52.852776 -53.814999
0.000000 53.000000 -53.730000
0.418533 53.000000 -53.750561
0.000000 53.000000 -53.730000
-0.418533 53.000000 -53.750561
-0.410202 53.147224 -53.835152
0.000000 53.147224 -53.814999
-0.410202 53.147224 -53.835152
-0.393539 53.147224 -54.004333
0.000000 53.147224 -53.985001
-0.393539 53.147224 -54.004333
-0.385207 53.000000 -54.088924
0.000000 53.000000 -54.070000
0.000000 53.000000 -54.070000
-0.385207 53.000000 -54.088924
-0.393539 52.852776 -54.004333
0.000000 52.852776 -53.985001
-0.393539 52.852776 -54.004333
-0.410202 52.852776 -53.835152
0.000000 52.852776 -53.814999
-0.410202 52.852776 -53.835152
-0.418533 53.000000 -53.750561
0.000000 53.000000 -53.730000
-0.418533 53.000000 -53.750561
-0.833036 53.000000 -53.812046
-0.816453 53.147224 -53.895412
-0.410202 53.147224 -53.835152
-0.816453 53.147224 -53.895412
-0.783288 53.147224 -54.062149
-0.393539 53.147224 -54.004333
-0.783288 53.147224 -54.062149
-0.766705 53.000000 -54.145515
-0.385207 53.000000 -54.088924
-0.385207 53.000000 -54.088924
-0.766705 53.000000 -54.145515
-0.783288 52.852776 -54.062149
-0.393539 52.852776 -54.004333
-0.783288 52.852776 -54.062149
-0.816453 52.852776 -53.895412
-0.410202 52.852776 -53.835152
-0.816453 52.852776 -53.895412
-0.833036 53.000000 -53.812046
-0.418533 53.000000 -53.750561
-0.833036 53.000000 -53.812046
-1.239516 53.000000 -53.913864
-1.214841 53.147224 -53.995205
-0.816453 53.147224 -53.895412
-1.214841 53.147224 -53.995205
-1.165493 53.147224 -54.157883
-0.783288 53.147224 -54.062149
-1.165493 53.147224 -54.157883
-1.140819 53.000000 -54.239223
-0.766705 53.000000 -54.145515
-0.766705 53.000000 -54.145515
-1.140819 53.000000 -54.239223
-1.165493 52.852776 -54.157883
-0.783288 52.852776 -54.062149
-1.165493 52.852776 -54.157883
-1.214841 52.852776 -53.995205
-0.816453 52.852776 -53.895412
-1.214841 52.852776 -53.995205
-1.239516 53.000000 -53.913864
-0.833036 53.000000 -53.812046
-1.239516 53.000000 -53.913864
-1.634058 53.000000 -54.055035
-1.601530 53.147224 -54.133564
-1.214841 53.147224 -53.995205
-1.601530 53.147224 -54.133564
-1.536474 53.147224 -54.290623
-1.165493 53.147224 -54.157883
-1.536474 53.147224 -54.290623
-1.503946 53.000000 -54.369152
-1.140819 53.000000 -54.239223
-1.140819 53.000000 -54.239223
-1.503946 53.000000 -54.369152
-1.536474 52.852776 -54.290623
-1.165493 52.852776 -54.157883
-1.536474 52.852776 -54.290623
-1.601530 52.852776 -54.133564
-1.214841 52.852776 -53.995205
-1.601530 52.852776 -54.133564
-1.634058 53.000000 -54.055035
-1.239516 53.000000 -53.913864
-1.634058 53.000000 -54.055035
-2.012864 53.000000 -54.234196
-1.972795 53.147224 -54.309158
-1.601530 53.147224 -54.133564
-1.972795 53.147224 -54.309158
-1.892658 53.147224 -54.459087
-1.536474 53.147224 -54.290623
-1.892658 53.147224 -54.459087
-1.852589 53.000000 -54.534050
-1.503946 53.000000 -54.369152
-1.503946 53.000000 -54.369152
-1.852589 53.000000 -54.534050
-1.892658 52.852776 -54.459087
-1.536474 52.852776 -54.290623
-1.892658 52.852776 -54.459087
-1.972795 52.852776 -54.309158
-1.601530 52.852776 -54.133564
-1.972795 52.852776 -54.309158
-2.012864 53.000000 -54.234196
-1.634058 53.000000 -54.055035
-2.012864 53.000000 -54.234196
-2.372285 53.000000 -54.449623
-2.325061 53.147224 -54.520298
-1.972795 53.147224 -54.309158
-2.325061 53.147224 -54.520298
-2.230614 53.147224 -54.661648
-1.892658 53.147224 -54.459087
-2.230614 53.147224 -54.661648
-2.183391 53.000000 -54.732323
-1.852589 53.000000 -54.534050
-1.852589 53.000000 -54.534050
-2.183391 53.000000 -54.732323
-2.230614 52.852776 -54.661648
-1.892658 52.852776 -54.459087
-2.230614 52.852776 -54.661648
-2.325061 52.852776 -54.520298
-1.972795 52.852776 -54.309158
-2.325061 52.852776 -54.520298
-2.372285 53.000000 -54.449623
-2.012864 53.000000 -54.234196
-2.372285 53.000000 -54.449623
-2.708859 53.000000 -54.699245
-2.654936 53.147224 -54.764950
-2.325061 53.147224 -54.520298
-2.654936 53.147224 -54.764950
-2.547089 53.147224 -54.896362
-2.230614 53.147224 -54.661648
-2.547089 53.147224 -54.896362
-2.493165 53.000000 -54.962070
-2.183391 53.000000 -54.732323
-2.183391 53.000000 -54.732323
-2.493165 53.000000 -54.962070
-2.547089 52.852776 -54.896362
-2.230614 52.852776 -54.661648
-2.547089 52.852776 -54.896362
-2.654936 52.852776 -54.764950
-2.325061 52.852776 -54.520298
-2.654936 52.852776 -54.764950
-2.708859 53.000000 -54.699245
-2.372285 53.000000 -54.449623
-2.708859 53.000000 -54.699245
-3.019346 53.000000 -54.980656
-2.959242 53.147224 -55.040756
-2.654936 53.147224 -54.764950
-2.959242 53.147224 -55.040756
-2.839034 53.147224 -55.160965
-2.547089 53.147224 -54.896362
-2.839034 53.147224 -55.160965
-2.778930 53.000000 -55.221069
-2.493165 53.000000 -54.962070
-2.493165 53.000000 -54.962070
-2.778930 53.000000 -55.221069
-2.839034 52.852776 -55.160965
-2.547089 52.852776 -54.896362
-2.839034 52.852776 -55.160965
-2.959242 52.852776 -55.040756
-2.654936 52.852776 -54.764950
-2.959242 52.852776 -55.040756
-3.019346 53.000000 -54.980656
-2.708859 53.000000 -54.699245
-3.019346 53.000000 -54.980656
-3.300755 53.000000 -55.291142
-3.235049 53.147224 -55.345062
-2.959242 53.147224 -55.040756
-3.235049 53.147224 -55.345062
-3.103637 53.147224 -55.452911
-2.839034 53.147224 -55.160965
-3.103637 53.147224 -55.452911
-3.037931 53.000000 -55.506836
-2.778930 53.000000 -55.221069
-2.778930 53.000000 -55.221069
-3.037931 53.000000 -55.506836
-3.103637 52.852776 -55.452911
-2.839034 52.852776 -55.160965
-3.103637 52.852776 -55.452911
-3.235049 52.852776 -55.345062
-2.959242 52.852776 -55.040756
-3.235049 52.852776 -55.345062
-3.300755 53.000000 -55.291142
-3.019346 53.000000 -54.980656
-3.300755 53.000000 -55.291142
-3.550375 53.000000 -55.627716
-3.479700 53.147224 -55.674938
-3.235049 53.147224 -55.345062
-3.479700 53.147224 -55.674938
-3.338351 53.147224 -55.769386
-3.103637 53.147224 -55.452911
-3.338351 53.147224 -55.769386
-3.267676 53.000000 -55.816608
-3.037931 53.000000 -55.506836
-3.037931 53.000000 -55.506836
-3.267676 53.000000 -55.816608
-3.338351 52.852776 -55.769386
-3.103637 52.852776 -55.452911
-3.338351 52.852776 -55.769386
-3.479700 52.852776 -55.674938
-3.235049 52.852776 -55.345062
-3.479700 52.852776 -55.674938
-3.550375 53.000000 -55.627716
-3.300755 53.000000 -55.291142
-3.550375 53.000000 -55.627716
-3.765804 53.000000 -55.987137
-3.690840 53.147224 -56.027206
-3.479700 53.147224 -55.674938
-3.690840 53.147224 -56.027206
-3.540914 53.147224 -56.107342
-3.338351 53.147224 -55.769386
-3.540914 53.147224 -56.107342
-3.465950 53.000000 -56.147411
-3.267676 53.000000 -55.816608
-3.267676 53.000000 -55.816608
-3.465950 53.000000 -56.147411
-3.540914 52.852776 -56.107342
-3.338351 52.852776 -55.769386
-3.540914 52.852776 -56.107342
-3.690840 52.852776 -56.027206
-3.479700 52.852776 -55.674938
-3.690840 52.852776 -56.027206
-3.765804 53.000000 -55.987137
-3.550375 53.000000 -55.627716
-3.765804 53.000000 -55.987137
-3.944966 53.000000 -56.365940
-3.866436 53.147224 -56.398468
-3.690840 53.147224 -56.027206
-3.866436 53.147224 -56.398468
-3.709376 53.147224 -56.463528
-3.540914 53.147224 -56.107342
-3.709376 53.147224 -56.463528
-3.630847 53.000000 -56.496056
-3.465950 53.000000 -56.147411
-3.465950 53.000000 -56.147411
-3.630847 53.000000 -56.496056
-3.709376 52.852776 -56.463528
-3.540914 52.852776 -56.107342
-3.709376 52.852776 -56.463528
-3.866436 52.852776 -56.398468
-3.690840 52.852776 -56.027206
-3.866436 52.852776 -56.398468
-3.944966 53.000000 -56.365940
-3.765804 53.000000 -55.987137
-3.944966 53.000000 -56.365940
-4.086135 53.000000 -56.760483
-4.004795 53.147224 -56.785160
-3.866436 53.147224 -56.398468
-4.004795 53.147224 -56.785160
-3.842115 53.147224 -56.834507
-3.709376 53.147224 -56.463528
-3.842115 53.147224 -56.834507
-3.760776 53.000000 -56.859180
-3.630847 53.000000 -56.496056
-3.630847 53.000000 -56.496056
-3.760776 53.000000 -56.859180
-3.842115 52.852776 -56.834507
-3.709376 52.852776 -56.463528
-3.842115 52.852776 -56.834507
-4.004795 52.852776 -56.785160
-3.866436 52.852776 -56.398468
-4.004795 52.852776 -56.785160
-4.086135 53.000000 -56.760483
-3.944966 53.000000 -56.365940
-4.086135 53.000000 -56.760483
-4.187953 53.000000 -57.166965
-4.104587 53.147224 -57.183548
-4.004795 53.147224 -56.785160
-4.104587 53.147224 -57.183548
-3.937853 53.147224 -57.216713
-3.842115 53.147224 -56.834507
-3.937853 53.147224 -57.216713
-3.854486 53.000000 -57.233295
-3.760776 53.000000 -56.859180
-3.760776 53.000000 -56.859180
-3.854486 53.000000 -57.233295
-3.937853 52.852776 -57.216713
-3.842115 52.852776 -56.834507
-3.937853 52.852776 -57.216713
-4.104587 52.852776 -57.183548
-4.004795 52.852776 -56.785160
-4.104587 52.852776 -57.183548
-4.187953 53.000000 -57.166965
-4.086135 53.000000 -56.760483
-4.187953 53.000000 -57.166965
-4.249439 53.000000 -57.581467
-4.164848 53.147224 -57.589798
-4.104587 53.147224 -57.183548
-4.164848 53.147224 -57.589798
-3.995667 53.147224 -57.606461
-3.937853 53.147224 -57.216713
-3.995667 53.147224 -57.606461
-3.911076 53.000000 -57.614792
-3.854486 53.000000 -57.233295
-3.854486 53.000000 -57.233295
-3.911076 53.000000 -57.614792
-3.995667 52.852776 -57.606461
-3.937853 52.852776 -57.216713
-3.995667 52.852776 -57.606461
-4.164848 52.852776 -57.589798
-4.104587 52.852776 -57.183548
-4.164848 52.852776 -57.589798
-4.249439 53.000000 -57.581467
-4.187953 53.000000 -57.166965
-4.249439 53.000000 -57.581467
-4.270000 53.000000 -58.000000
-4.185000 53.147224 -58.000000
-4.164848 53.147224 -57.589798
-3.995667 53.147224 -57.606461
-4.015000 53.147224 -58.000000
-3.930000 53.000000 -58.000000
-3.911076 53.000000 -57.614792
-3.911076 53.000000 -57.614792
-3.930000 53.000000 -58.000000
-4.015000 52.852776 -58.000000
-3.995667 52.852776 -57.606461
-4.164848 52.852776 -57.589798
-4.185000 52.852776 -58.000000
-4.270000 53.000000 -58.000000
-4.249439 53.000000 -57.581467
-15.843908 27.220000 -63.466991
-16.454721 27.220000 -61.187405
-16.454721 27.380000 -61.187405
-15.843908 27.380000 -63.466991
-15.930841 27.220000 -63.490284
-15.930841 27.380000 -63.490284
-16.541655 27.380000 -61.210697
-16.541655 27.220000 -61.210697
-15.863227 27.400001 -63.472168
-16.474039 27.400001 -61.192581
-16.522337 27.400001 -61.205521
-15.911523 27.400001 -63.485107
-16.479216 27.220000 -61.173264
-16.527512 27.220000 -61.186203
-16.527512 27.380000 -61.186203
-16.479216 27.380000 -61.173264
-15.863227 27.200000 -63.472168
-15.911523 27.200000 -63.485107
-16.522337 27.200000 -61.205521
-16.474039 27.200000 -61.192581
-15.858050 27.220000 -63.491486
-15.859567 27.205858 -63.485828
-15.849085 27.208453 -63.480331
-15.845906 27.220000 -63.482166
-15.863227 27.200000 -63.472168
-15.849566 27.205858 -63.468506
-15.849085 27.208453 -63.480331
-15.859567 27.205858 -63.485828
-15.843908 27.220000 -63.466991
-15.845906 27.220000 -63.482166
-15.849085 27.208453 -63.480331
-15.849566 27.205858 -63.468506
-15.843908 27.380000 -63.466991
-15.849566 27.394142 -63.468506
-15.849085 27.391547 -63.480331
-15.845906 27.380000 -63.482166
-15.863227 27.400001 -63.472168
-15.859567 27.394142 -63.485828
-15.849085 27.391547 -63.480331
-15.849566 27.394142 -63.468506
-15.858050 27.380000 -63.491486
-15.845906 27.380000 -63.482166
-15.849085 27.391547 -63.480331
-15.859567 27.394142 -63.485828
-15.906346 27.220000 -63.504425
-15.921523 27.220000 -63.502426
-15.919688 27.208453 -63.499249
-15.907863 27.205858 -63.498768
-15.930841 27.220000 -63.490284
-15.925183 27.205858 -63.488766
-15.919688 27.208453 -63.499249
-15.921523 27.220000 -63.502426
-15.911523 27.200000 -63.485107
-15.907863 27.205858 -63.498768
-15.919688 27.208453 -63.499249
-15.925183 27.205858 -63.488766
-15.906346 27.380000 -63.504425
-15.907863 27.394142 -63.498768
-15.919688 27.391547 -63.499249
-15.921523 27.380000 -63.502426
-15.911523 27.400001 -63.485107
-15.925183 27.394142 -63.488766
-15.919688 27.391547 -63.499249
-15.907863 27.394142 -63.498768
-15.930841 27.380000 -63.490284
-15.921523 27.380000 -63.502426
-15.919688 27.391547 -63.499249
-15.925183 27.394142 -63.488766
-16.454721 27.220000 -61.187405
-16.460379 27.205858 -61.188923
-16.465876 27.208453 -61.178440
-16.464041 27.220000 -61.175262
-16.474039 27.200000 -61.192581
-16.477699 27.205858 -61.178921
-16.465876 27.208453 -61.178440
-16.460379 27.205858 -61.188923
-16.479216 27.220000 -61.173264
-16.464041 27.220000 -61.175262
-16.465876 27.208453 -61.178440
-16.477699 27.205858 -61.178921
-16.454721 27.380000 -61.187405
-16.464041 27.380000 -61.175262
-16.465876 27.391547 -61.178440
-16.460379 27.394142 -61.188923
-16.479216 27.380000 -61.173264
-16.477699 27.394142 -61.178921
-16.465876 27.391547 -61.178440
-16.464041 27.380000 -61.175262
-16.474039 27.400001 -61.192581
-16.460379 27.394142 -61.188923
-16.465876 27.391547 -61.178440
-16.477699 27.394142 -61.178921
-16.527512 27.220000 -61.186203
-16.525997 27.205858 -61.191860
-16.536478 27.208453 -61.197357
-16.539656 27.220000 -61.195522
-16.522337 27.200000 -61.205521
-16.535995 27.205858 -61.209183
-16.536478 27.208453 -61.197357
-16.525997 27.205858 -61.191860
-16.541655 27.220000 -61.210697
-16.539656 27.220000 -61.195522
-16.536478 27.208453 -61.197357
-16.535995 27.205858 -61.209183
-16.541655 27.380000 -61.210697
-16.535995 27.394142 -61.209183
-16.536478 27.391547 -61.197357
-16.539656 27.380000 -61.195522
-16.522337 27.400001 -61.205521
-16.525997 27.394142 -61.191860
-16.536478 27.391547 -61.197357
-16.535995 27.394142 -61.209183
-16.527512 27.380000 -61.186203
-16.539656 27.380000 -61.195522
-16.536478 27.391547 -61.197357
-16.525997 27.394142 -61.191860
-15.858050 27.220000 -63.491486
-15.906346 27.220000 -63.504425
-15.907863 27.205858 -63.498768
-15.859567 27.205858 -63.485828
-15.859567 27.205858 -63.485828
-15.907863 27.205858 -63.498768
-15.911523 27.200000 -63.485107
-15.863227 27.200000 -63.472168
-15.863227 27.200000 -63.472168
-16.474039 27.200000 -61.192581
-16.460379 27.205858 -61.188923
-15.849566 27.205858 -63.468506
-15.849566 27.205858 -63.468506
-16.460379 27.205858 -61.188923
-16.454721 27.220000 -61.187405
-15.843908 27.220000 -63.466991
-16.474039 27.200000 -61.192581
-16.522337 27.200000 -61.205521
-16.525997 27.205858 -61.191860
-16.477699 27.205858 -61.178921
-16.477699 27.205858 -61.178921
-16.525997 27.205858 -61.191860
-16.527512 27.220000 -61.186203
-16.479216 27.220000 -61.173264
-15.930841 27.220000 -63.490284
-16.541655 27.220000 -61.210697
-16.535995 27.205858 -61.209183
-15.925183 27.205858 -63.488766
-15.925183 27.205858 -63.488766
-16.535995 27.205858 -61.209183
-16.522337 27.200000 -61.205521
-15.911523 27.200000 -63.485107
-15.843908 27.380000 -63.466991
-16.454721 27.380000 -61.187405
-16.460379 27.394142 -61.188923
-15.849566 27.394142 -63.468506
-15.849566 27.394142 -63.468506
-16.460379 27.394142 -61.188923
-16.474039 27.400001 -61.192581
-15.863227 27.400001 -63.472168
-15.863227 27.400001 -63.472168
-15.911523 27.400001 -63.485107
-15.907863 27.394142 -63.498768
-15.859567 27.394142 -63.485828
-15.859567 27.394142 -63.485828
-15.907863 27.394142 -63.498768
-15.906346 27.380000 -63.504425
-15.858050 27.380000 -63.491486
-15.911523 27.400001 -63.485107
-16.522337 27.400001 -61.205521
-16.535995 27.394142 -61.209183
-15.925183 27.394142 -63.488766
-15.925183 27.394142 -63.488766
-16.535995 27.394142 -61.209183
-16.541655 27.380000 -61.210697
-15.930841 27.380000 -63.490284
-16.479216 27.380000 -61.173264
-16.527512 27.380000 -61.186203
-16.525997 27.394142 -61.191860
-16.477699 27.394142 -61.178921
-16.477699 27.394142 -61.178921
-16.525997 27.394142 -61.191860
-16.522337 27.400001 -61.205521
-16.474039 27.400001 -61.192581
-15.843908 27.220000 -63.466991
-15.843908 27.380000 -63.466991
-15.845906 27.380000 -63.482166
-15.845906 27.220000 -63.482166
-15.845906 27.220000 -63.482166
-15.845906 27.380000 -63.482166
-15.858050 27.380000 -63.491486
-15.858050 27.220000 -63.491486
-16.479216 27.220000 -61.173264
-16.479216 27.380000 -61.173264
-16.464041 27.380000 -61.175262
-16.464041 27.220000 -61.175262
-16.464041 27.220000 -61.175262
-16.464041 27.380000 -61.175262
-16.454721 27.380000 -61.187405
-16.454721 27.220000 -61.187405
-15.906346 27.220000 -63.504425
-15.906346 27.380000 -63.504425
-15.921523 27.380000 -63.502426
-15.921523 27.220000 -63.502426
-15.921523 27.220000 -63.502426
-15.921523 27.380000 -63.502426
-15.930841 27.380000 -63.490284
-15.930841 27.220000 -63.490284
-16.541655 27.220000 -61.210697
-16.541655 27.380000 -61.210697
-16.539656 27.380000 -61.195522
-16.539656 27.220000 -61.195522
-16.539656 27.220000 -61.195522
-16.539656 27.380000 -61.195522
-16.527512 27.380000 -61.186203
-16.527512 27.220000 -61.186203
-15.858050 27.220000 -63.491486
-15.858050 27.380000 -63.491486
-15.906346 27.380000 -63.504425
-15.906346 27.220000 -63.504425
-10.987732 27.220000 -70.656502
-12.656505 27.220000 -68.987732
-12.656505 27.380000 -68.987732
-10.987732 27.380000 -70.656502
-11.051372 27.220000 -70.720139
-11.051372 27.380000 -70.720139
-12.720144 27.380000 -69.051369
-12.720144 27.220000 -69.051369
-11.001874 27.400001 -70.670647
-12.670647 27.400001 -69.001869
-12.706002 27.400001 -69.037224
-11.037230 27.400001 -70.706001
-12.684789 27.220000 -68.987732
-12.720144 27.220000 -69.023087
-12.720144 27.380000 -69.023087
-12.684789 27.380000 -68.987732
-11.001874 27.200000 -70.670647
-11.037230 27.200000 -70.706001
-12.706002 27.200000 -69.037224
-12.670647 27.200000 -69.001869
-10.987732 27.220000 -70.684784
-10.991875 27.205858 -70.680641
-10.985544 27.208453 -70.670647
-10.981874 27.220000 -70.670647
-11.001874 27.200000 -70.670647
-10.991875 27.205858 -70.660645
-10.985544 27.208453 -70.670647
-10.991875 27.205858 -70.680641
-10.987732 27.220000 -70.656502
-10.981874 27.220000 -70.670647
-10.985544 27.208453 -70.670647
-10.991875 27.205858 -70.660645
-10.987732 27.380000 -70.656502
-10.991875 27.394142 -70.660645
-10.985544 27.391547 -70.670647
-10.981874 27.380000 -70.670647
-11.001874 27.400001 -70.670647
-10.991875 27.394142 -70.680641
-10.985544 27.391547 -70.670647
-10.991875 27.394142 -70.660645
-10.987732 27.380000 -70.684784
-10.981874 27.380000 -70.670647
-10.985544 27.391547 -70.670647
-10.991875 27.394142 -70.680641
-11.023088 27.220000 -70.720139
-11.037230 27.220000 -70.725998
-11.037230 27.208453 -70.722328
-11.027229 27.205858 -70.715996
-11.051372 27.220000 -70.720139
-11.047230 27.205858 -70.715996
-11.037230 27.208453 -70.722328
-11.037230 27.220000 -70.725998
-11.037230 27.200000 -70.706001
-11.027229 27.205858 -70.715996
-11.037230 27.208453 -70.722328
-11.047230 27.205858 -70.715996
-11.023088 27.380000 -70.720139
-11.027229 27.394142 -70.715996
-11.037230 27.391547 -70.722328
-11.037230 27.380000 -70.725998
-11.037230 27.400001 -70.706001
-11.047230 27.394142 -70.715996
-11.037230 27.391547 -70.722328
-11.027229 27.394142 -70.715996
-11.051372 27.380000 -70.720139
-11.037230 27.380000 -70.725998
-11.037230 27.391547 -70.722328
-11.047230 27.394142 -70.715996
-12.656505 27.220000 -68.987732
-12.660646 27.205858 -68.991875
-12.670647 27.208453 -68.985542
-12.670647 27.220000 -68.981873
-12.670647 27.200000 -69.001869
-12.680647 27.205858 -68.991875
-12.670647 27.208453 -68.985542
-12.660646 27.205858 -68.991875
-12.684789 27.220000 -68.987732
-12.670647 27.220000 -68.981873
-12.670647 27.208453 -68.985542
-12.680647 27.205858 -68.991875
-12.656505 27.380000 -68.987732
-12.670647 27.380000 -68.981873
-12.670647 27.391547 -68.985542
-12.660646 27.394142 -68.991875
-12.684789 27.380000 -68.987732
-12.680647 27.394142 -68.991875
-12.670647 27.391547 -68.985542
-12.670647 27.380000 -68.981873
-12.670647 27.400001 -69.001869
-12.660646 27.394142 -68.991875
-12.670647 27.391547 -68.985542
-12.680647 27.394142 -68.991875
-12.720144 27.220000 -69.023087
-12.716002 27.205858 -69.027229
-12.722332 27.208453 -69.037224
-12.726002 27.220000 -69.037224
-12.706002 27.200000 -69.037224
-12.716002 27.205858 -69.047226
-12.722332 27.208453 -69.037224
-12.716002 27.205858 -69.027229
-12.720144 27.220000 -69.051369
-12.726002 27.220000 -69.037224
-12.722332 27.208453 -69.037224
-12.716002 27.205858 -69.047226
-12.720144 27.380000 -69.051369
-12.716002 27.394142 -69.047226
-12.722332 27.391547 -69.037224
-12.726002 27.380000 -69.037224
-12.706002 27.400001 -69.037224
-12.716002 27.394142 -69.027229
-12.722332 27.391547 -69.037224
-12.716002 27.394142 -69.047226
-12.720144 27.380000 -69.023087
-12.726002 27.380000 -69.037224
-12.722332 27.391547 -69.037224
-12.716002 27.394142 -69.027229
-10.987732 27.220000 -70.684784
-11.023088 27.220000 -70.720139
-11.027229 27.205858 -70.715996
-10.991875 27.205858 -70.680641
-10.991875 27.205858 -70.680641
-11.027229 27.205858 -70.715996
-11.037230 27.200000 -70.706001
-11.001874 27.200000 -70.670647
-11.001874 27.200000 -70.670647
-12.670647 27.200000 -69.001869
-12.660646 27.205858 -68.991875
-10.991875 27.205858 -70.660645
-10.991875 27.205858 -70.660645
-12.660646 27.205858 -68.991875
-12.656505 27.220000 -68.987732
-10.987732 27.220000 -70.656502
-12.670647 27.200000 -69.001869
-12.706002 27.200000 -69.037224
-12.716002 27.205858 -69.027229
-12.680647 27.205858 -68.991875
-12.680647 27.205858 -68.991875
-12.716002 27.205858 -69.027229
-12.720144 27.220000 -69.023087
-12.684789 27.220000 -68.987732
-11.051372 27.220000 -70.720139
-12.720144 27.220000 -69.051369
-12.716002 27.205858 -69.047226
-11.047230 27.205858 -70.715996
-11.047230 27.205858 -70.715996
-12.716002 27.205858 -69.047226
-12.706002 27.200000 -69.037224
-11.037230 27.200000 -70.706001
-10.987732 27.380000 -70.656502
-12.656505 27.380000 -68.987732
-12.660646 27.394142 -68.991875
-10.991875 27.394142 -70.660645
-10.991875 27.394142 -70.660645
-12.660646 27.394142 -68.991875
-12.670647 27.400001 -69.001869
-11.001874 27.400001 -70.670647
-11.001874 27.400001 -70.670647
-11.037230 27.400001 -70.706001
-11.027229 27.394142 -70.715996
-10.991875 27.394142 -70.680641
-10.991875 27.394142 -70.680641
-11.027229 27.394142 -70.715996
-11.023088 27.380000 -70.720139
-10.987732 27.380000 -70.684784
-11.037230 27.400001 -70.706001
-12.706002 27.400001 -69.037224
-12.716002 27.394142 -69.047226
-11.047230 27.394142 -70.715996
-11.047230 27.394142 -70.715996
-12.716002 27.394142 -69.047226
-12.720144 27.380000 -69.051369
-11.051372 27.380000 -70.720139
-12.684789 27.380000 -68.987732
-12.720144 27.380000 -69.023087
-12.716002 27.394142 -69.027229
-12.680647 27.394142 -68.991875
-12.680647 27.394142 -68.991875
-12.716002 27.394142 -69.027229
-12.706002 27.400001 -69.037224
-12.670647 27.400001 -69.001869
-10.987732 27.220000 -70.656502
-10.987732 27.380000 -70.656502
-10.981874 27.380000 -70.670647
-10.981874 27.220000 -70.670647
-10.981874 27.220000 -70.670647
-10.981874 27.380000 -70.670647
-10.987732 27.380000 -70.684784
-10.987732 27.220000 -70.684784
-12.684789 27.220000 -68.987732
-12.684789 27.380000 -68.987732
-12.670647 27.380000 -68.981873
-12.670647 27.220000 -68.981873
-12.670647 27.220000 -68.981873
-12.670647 27.380000 -68.981873
-12.656505 27.380000 -68.987732
-12.656505 27.220000 -68.987732
-11.023088 27.220000 -70.720139
-11.023088 27.380000 -70.720139
-11.037230 27.380000 -70.725998
-11.037230 27.220000 -70.725998
-11.037230 27.220000 -70.725998
-11.037230 27.380000 -70.725998
-11.051372 27.380000 -70.720139
-11.051372 27.220000 -70.720139
-12.720144 27.220000 -69.051369
-12.720144 27.380000 -69.051369
-12.726002 27.380000 -69.037224
-12.726002 27.220000 -69.037224
-12.726002 27.220000 -69.037224
-12.726002 27.380000 -69.037224
-12.720144 27.380000 -69.023087
-12.720144 27.220000 -69.023087
-10.987732 27.220000 -70.684784
-10.987732 27.380000 -70.684784
-11.023088 27.380000 -70.720139
-11.023088 27.220000 -70.720139
-3.187403 27.220000 -74.454720
-5.466988 27.220000 -73.843903
-5.466988 27.380000 -73.843903
-3.187403 27.380000 -74.454720
-3.210697 27.220000 -74.541656
-3.210697 27.380000 -74.541656
-5.490282 27.380000 -73.930840
-5.490282 27.220000 -73.930840
-3.192579 27.400001 -74.474037
-5.472165 27.400001 -73.863228
-5.485106 27.400001 -73.911522
-3.205520 27.400001 -74.522331
-5.491483 27.220000 -73.858047
-5.504424 27.220000 -73.906342
-5.504424 27.380000 -73.906342
-5.491483 27.380000 -73.858047
-3.192579 27.200000 -74.474037
-3.205520 27.200000 -74.522331
-5.485106 27.200000 -73.911522
-5.472165 27.200000 -73.863228
-3.173261 27.220000 -74.479218
-3.178919 27.205858 -74.477699
-3.178437 27.208453 -74.465874
-3.175259 27.220000 -74.464035
-3.192579 27.200000 -74.474037
-3.188919 27.205858 -74.460381
-3.178437 27.208453 -74.465874
-3.178919 27.205858 -74.477699
-3.187403 27.220000 -74.454720
-3.175259 27.220000 -74.464035
-3.178437 27.208453 -74.465874
-3.188919 27.205858 -74.460381
-3.187403 27.380000 -74.454720
-3.188919 27.394142 -74.460381
-3.178437 27.391547 -74.465874
-3.175259 27.380000 -74.464035
-3.192579 27.400001 -74.474037
-3.178919 27.394142 -74.477699
-3.178437 27.391547 -74.465874
-3.188919 27.394142 -74.460381
-3.173261 27.380000 -74.479218
-3.175259 27.380000 -74.464035
-3.178437 27.391547 -74.465874
-3.178919 27.394142 -74.477699
-3.186202 27.220000 -74.527512
-3.195520 27.220000 -74.539658
-3.197356 27.208453 -74.536476
-3.191860 27.205858 -74.525993
-3.210697 27.220000 -74.541656
-3.209181 27.205858 -74.535995
-3.197356 27.208453 -74.536476
-3.195520 27.220000 -74.539658
-3.205520 27.200000 -74.522331
-3.191860 27.205858 -74.525993
-3.197356 27.208453 -74.536476
-3.209181 27.205858 -74.535995
-3.186202 27.380000 -74.527512
-3.191860 27.394142 -74.525993
-3.197356 27.391547 -74.536476
-3.195520 27.380000 -74.539658
-3.205520 27.400001 -74.522331
-3.209181 27.394142 -74.535995
-3.197356 27.391547 -74.536476
-3.191860 27.394142 -74.525993
-3.210697 27.380000 -74.541656
-3.195520 27.380000 -74.539658
-3.197356 27.391547 -74.536476
-3.209181 27.394142 -74.535995
-5.466988 27.220000 -73.843903
-5.468504 27.205858 -73.849564
-5.480330 27.208453 -73.849083
-5.482164 27.220000 -73.845901
-5.472165 27.200000 -73.863228
-5.485825 27.205858 -73.859566
-5.480330 27.208453 -73.849083
-5.468504 27.205858 -73.849564
-5.491483 27.220000 -73.858047
-5.482164 27.220000 -73.845901
-5.480330 27.208453 -73.849083
-5.485825 27.205858 -73.859566
-5.466988 27.380000 -73.843903
-5.482164 27.380000 -73.845901
-5.480330 27.391547 -73.849083
-5.468504 27.394142 -73.849564
-5.491483 27.380000 -73.858047
-5.485825 27.394142 -73.859566
-5.480330 27.391547 -73.849083
-5.482164 27.380000 -73.845901
-5.472165 27.400001 -73.863228
-5.468504 27.394142 -73.849564
-5.480330 27.391547 -73.849083
-5.485825 27.394142 -73.859566
-5.504424 27.220000 -73.906342
-5.498765 27.205858 -73.907860
-5.499248 27.208453 -73.919685
-5.502426 27.220000 -73.921524
-5.485106 27.200000 -73.911522
-5.488766 27.205858 -73.925179
-5.499248 27.208453 -73.919685
-5.498765 27.205858 -73.907860
-5.490282 27.220000 -73.930840
-5.502426 27.220000 -73.921524
-5.499248 27.208453 -73.919685
-5.488766 27.205858 -73.925179
-5.490282 27.380000 -73.930840
-5.488766 27.394142 -73.925179
-5.499248 27.391547 -73.919685
-5.502426 27.380000 -73.921524
-5.485106 27.400001 -73.911522
-5.498765 27.394142 -73.907860
-5.499248 27.391547 -73.919685
-5.488766 27.394142 -73.925179
-5.504424 27.380000 -73.906342
-5.502426 27.380000 -73.921524
-5.499248 27.391547 -73.919685
-5.498765 27.394142 -73.907860
-3.173261 27.220000 -74.479218
-3.186202 27.220000 -74.527512
-3.191860 27.205858 -74.525993
-3.178919 27.205858 -74.477699
-3.178919 27.205858 -74.477699
-3.191860 27.205858 -74.525993
-3.205520 27.200000 -74.522331
-3.192579 27.200000 -74.474037
-3.192579 27.200000 -74.474037
-5.472165 27.200000 -73.863228
-5.468504 27.205858 -73.849564
-3.188919 27.205858 -74.460381
-3.188919 27.205858 -74.460381
-5.468504 27.205858 -73.849564
-5.466988 27.220000 -73.843903
-3.187403 27.220000 -74.454720
-5.472165 27.200000 -73.863228
-5.485106 27.200000 -73.911522
-5.498765 27.205858 -73.907860
-5.485825 27.205858 -73.859566
-5.485825 27.205858 -73.859566
-5.498765 27.205858 -73.907860
-5.504424 27.220000 -73.906342
-5.491483 27.220000 -73.858047
-3.210697 27.220000 -74.541656
-5.490282 27.220000 -73.930840
-5.488766 27.205858 -73.925179
-3.209181 27.205858 -74.535995
-3.209181 27.205858 -74.535995
-5.488766 27.205858 -73.925179
-5.485106 27.200000 -73.911522
-3.205520 27.200000 -74.522331
-3.187403 27.380000 -74.454720
-5.466988 27.380000 -73.843903
-5.468504 27.394142 -73.849564
-3.188919 27.394142 -74.460381
-3.188919 27.394142 -74.460381
-5.468504 27.394142 -73.849564
-5.472165 27.400001 -73.863228
-3.192579 27.400001 -74.474037
-3.192579 27.400001 -74.474037
-3.205520 27.400001 -74.522331
-3.191860 27.394142 -74.525993
-3.178919 27.394142 -74.477699
-3.178919 27.394142 -74.477699
-3.191860 27.394142 -74.525993
-3.186202 27.380000 -74.527512
-3.173261 27.380000 -74.479218
-3.205520 27.400001 -74.522331
-5.485106 27.400001 -73.911522
-5.488766 27.394142 -73.925179
-3.209181 27.394142 -74.535995
-3.209181 27.394142 -74.535995
-5.488766 27.394142 -73.925179
-5.490282 27.380000 -73.930840
-3.210697 27.380000 -74.541656
-5.491483 27.380000 -73.858047
-5.504424 27.380000 -73.906342
-5.498765 27.394142 -73.907860
-5.485825 27.394142 -73.859566
-5.485825 27.394142 -73.859566
-5.498765 27.394142 -73.907860
-5.485106 27.400001 -73.911522
-5.472165 27.400001 -73.863228
-3.187403 27.220000 -74.454720
-3.187403 27.380000 -74.454720
-3.175259 27.380000 -74.464035
-3.175259 27.220000 -74.464035
-3.175259 27.220000 -74.464035
-3.175259 27.380000 -74.464035
-3.173261 27.380000 -74.479218
-3.173261 27.220000 -74.479218
-5.491483 27.220000 -73.858047
-5.491483 27.380000 -73.858047
-5.482164 27.380000 -73.845901
-5.482164 27.220000 -73.845901
-5.482164 27.220000 -73.845901
-5.482164 27.380000 -73.845901
-5.466988 27.380000 -73.843903
-5.466988 27.220000 -73.843903
-3.186202 27.220000 -74.527512
-3.186202 27.380000 -74.527512
-3.195520 27.380000 -74.539658
-3.195520 27.220000 -74.539658
-3.195520 27.220000 -74.539658
-3.195520 27.380000 -74.539658
-3.210697 27.380000 -74.541656
-3.210697 27.220000 -74.541656
-5.490282 27.220000 -73.930840
-5.490282 27.380000 -73.930840
-5.502426 27.380000 -73.921524
-5.502426 27.220000 -73.921524
-5.502426 27.220000 -73.921524
-5.502426 27.380000 -73.921524
-5.504424 27.380000 -73.906342
-5.504424 27.220000 -73.906342
-3.173261 27.220000 -74.479218
-3.173261 27.380000 -74.479218
-3.186202 27.380000 -74.527512
-3.186202 27.220000 -74.527512
5.466988 27.220000 -73.843903
3.187403 27.220000 -74.454720
3.187403 27.380000 -74.454720
5.466988 27.380000 -73.843903
5.490282 27.220000 -73.930840
5.490282 27.380000 -73.930840
3.210697 27.380000 -74.541656
3.210697 27.220000 -74.541656
5.472165 27.400001 -73.863228
3.192579 27.400001 -74.474037
3.205520 27.400001 -74.522331
5.485106 27.400001 -73.911522
3.173261 27.220000 -74.479218
3.186202 27.220000 -74.527512
3.186202 27.380000 -74.527512
3.173261 27.380000 -74.479218
5.472165 27.200000 -73.863228
5.485106 27.200000 -73.911522
3.205520 27.200000 -74.522331
3.192579 27.200000 -74.474037
5.491483 27.220000 -73.858047
5.485825 27.205858 -73.859566
5.480330 27.208453 -73.849083
5.482164 27.220000 -73.845901
5.472165 27.200000 -73.863228
5.468504 27.205858 -73.849564
5.480330 27.208453 -73.849083
5.485825 27.205858 -73.859566
5.466988 27.220000 -73.843903
5.482164 27.220000 -73.845901
5.480330 27.208453 -73.849083
5.468504 27.205858 -73.849564
5.466988 27.380000 -73.843903
5.468504 27.394142 -73.849564
5.480330 27.391547 -73.849083
5.482164 27.380000 -73.845901
5.472165 27.400001 -73.863228
5.485825 27.394142 -73.859566
5.480330 27.391547 -73.849083
5.468504 27.394142 -73.849564
5.491483 27.380000 -73.858047
5.482164 27.380000 -73.845901
5.480330 27.391547 -73.849083
5.485825 27.394142 -73.859566
5.504424 27.220000 -73.906342
5.502426 27.220000 -73.921524
5.499248 27.208453 -73.919685
5.498765 27.205858 -73.907860
5.490282 27.220000 -73.930840
5.488766 27.205858 -73.925179
5.499248 27.208453 -73.919685
5.502426 27.220000 -73.921524
5.485106 27.200000 -73.911522
5.498765 27.205858 -73.907860
5.499248 27.208453 -73.919685
5.488766 27.205858 -73.925179
5.504424 27.380000 -73.906342
5.498765 27.394142 -73.907860
5.499248 27.391547 -73.919685
5.502426 27.380000 -73.921524
5.485106 27.400001 -73.911522
5.488766 27.394142 -73.925179
5.499248 27.391547 -73.919685
5.498765 27.394142 -73.907860
5.490282 27.380000 -73.930840
5.502426 27.380000 -73.921524
5.499248 27.391547 -73.919685
5.488766 27.394142 -73.925179
3.187403 27.220000 -74.454720
3.188919 27.205858 -74.460381
3.178437 27.208453 -74.465874
3.175259 27.220000 -74.464035
3.192579 27.200000 -74.474037
3.178919 27.205858 -74.477699
3.178437 27.208453 -74.465874
3.188919 27.205858 -74.460381
3.173261 27.220000 -74.479218
3.175259 27.220000 -74.464035
3.178437 27.208453 -74.465874
3.178919 27.205858 -74.477699
3.187403 27.380000 -74.454720
3.175259 27.380000 -74.464035
3.178437 27.391547 -74.465874
3.188919 27.394142 -74.460381
3.173261 27.380000 -74.479218
3.178919 27.394142 -74.477699
3.178437 27.391547 -74.465874
3.175259 27.380000 -74.464035
3.192579 27.400001 -74.474037
3.188919 27.394142 -74.460381
3.178437 27.391547 -74.465874
3.178919 27.394142 -74.477699
3.186202 27.220000 -74.527512
3.191860 27.205858 -74.525993
3.197356 27.208453 -74.536476
3.195520 27.220000 -74.539658
3.205520 27.200000 -74.522331
3.209181 27.205858 -74.535995
3.197356 27.208453 -74.536476
3.191860 27.205858 -74.525993
3.210697 27.220000 -74.541656
3.195520 27.220000 -74.539658
3.197356 27.208453 -74.536476
3.209181 27.205858 -74.535995
3.210697 27.380000 -74.541656
3.209181 27.394142 -74.535995
3.197356 27.391547 -74.536476
3.195520 27.380000 -74.539658
3.205520 27.400001 -74.522331
3.191860 27.394142 -74.525993
3.197356 27.391547 -74.536476
3.209181 27.394142 -74.535995
3.186202 27.380000 -74.527512
3.195520 27.380000 -74.539658
3.197356 27.391547 -74.536476
3.191860 27.394142 -74.525993
5.491483 27.220000 -73.858047
5.504424 27.220000 -73.906342
5.498765 27.205858 -73.907860
5.485825 27.205858 -73.859566
5.485825 27.205858 -73.859566
5.498765 27.205858 -73.907860
5.485106 27.200000 -73.911522
5.472165 27.200000 -73.863228
5.472165 27.200000 -73.863228
3.192579 27.200000 -74.474037
3.188919 27.205858 -74.460381
5.468504 27.205858 -73.849564
5.468504 27.205858 -73.849564
3.188919 27.205858 -74.460381
3.187403 27.220000 -74.454720
5.466988 27.220000 -73.843903
3.192579 27.200000 -74.474037
3.205520 27.200000 -74.522331
3.191860 27.205858 -74.525993
3.178919 27.205858 -74.477699
3.178919 27.205858 -74.477699
3.191860 27.205858 -74.525993
3.186202 27.220000 -74.527512
3.173261 27.220000 -74.479218
5.490282 27.220000 -73.930840
3.210697 27.220000 -74.541656
3.209181 27.205858 -74.535995
5.488766 27.205858 -73.925179
5.488766 27.205858 -73.925179
3.209181 27.205858 -74.535995
3.205520 27.200000 -74.522331
5.485106 27.200000 -73.911522
5.466988 27.380000 -73.843903
3.187403 27.380000 -74.454720
3.188919 27.394142 -74.460381
5.468504 27.394142 -73.849564
5.468504 27.394142 -73.849564
3.188919 27.394142 -74.460381
3.192579 27.400001 -74.474037
5.472165 27.400001 -73.863228
5.472165 27.400001 -73.863228
5.485106 27.400001 -73.911522
5.498765 27.394142 -73.907860
5.485825 27.394142 -73.859566
5.485825 27.394142 -73.859566
5.498765 27.394142 -73.907860
5.504424 27.380000 -73.906342
5.491483 27.380000 -73.858047
5.485106 27.400001 -73.911522
3.205520 27.400001 -74.522331
3.209181 27.394142 -74.535995
5.488766 27.394142 -73.925179
5.488766 27.394142 -73.925179
3.209181 27.394142 -74.535995
3.210697 27.380000 -74.541656
5.490282 27.380000 -73.930840
3.173261 27.380000 -74.479218
3.186202 27.380000 -74.527512
3.191860 27.394142 -74.525993
3.178919 27.394142 -74.477699
3.178919 27.394142 -74.477699
3.191860 27.394142 -74.525993
3.205520 27.400001 -74.522331
3.192579 27.400001 -74.474037
5.466988 27.220000 -73.843903
5.466988 27.380000 -73.843903
5.482164 27.380000 -73.845901
5.482164 27.220000 -73.845901
5.482164 27.220000 -73.845901
5.482164 27.380000 -73.845901
5.491483 27.380000 -73.858047
5.491483 27.220000 -73.858047
3.173261 27.220000 -74.479218
3.173261 27.380000 -74.479218
3.175259 27.380000 -74.464035
3.175259 27.220000 -74.464035
3.175259 27.220000 -74.464035
3.175259 27.380000 -74.464035
3.187403 27.380000 -74.454720
3.187403 27.220000 -74.454720
5.504424 27.220000 -73.906342
5.504424 27.380000 -73.906342
5.502426 27.380000 -73.921524
5.502426 27.220000 -73.921524
5.502426 27.220000 -73.921524
5.502426 27.380000 -73.921524
5.490282 27.380000 -73.930840
5.490282 27.220000 -73.930840
3.210697 27.220000 -74.541656
3.210697 27.380000 -74.541656
3.195520 27.380000 -74.539658
3.195520 27.220000 -74.539658
3.195520 27.220000 -74.539658
3.195520 27.380000 -74.539658
3.186202 27.380000 -74.527512
3.186202 27.220000 -74.527512
5.491483 27.220000 -73.858047
5.491483 27.380000 -73.858047
5.504424 27.380000 -73.906342
5.504424 27.220000 -73.906342
12.656505 27.220000 -68.987732
10.987732 27.220000 -70.656502
10.987732 27.380000 -70.656502
12.656505 27.380000 -68.987732
12.720144 27.220000 -69.051369
12.720144 27.380000 -69.051369
11.051372 27.380000 -70.720139
11.051372 27.220000 -70.720139
12.670647 27.400001 -69.001869
11.001874 27.400001 -70.670647
11.037230 27.400001 -70.706001
12.706002 27.400001 -69.037224
10.987732 27.220000 -70.684784
11.023088 27.220000 -70.720139
11.023088 27.380000 -70.720139
10.987732 27.380000 -70.684784
12.670647 27.200000 -69.001869
12.706002 27.200000 -69.037224
11.037230 27.200000 -70.706001
11.001874 27.200000 -70.670647
12.684789 27.220000 -68.987732
12.680647 27.205858 -68.991875
12.670647 27.208453 -68.985542
12.670647 27.220000 -68.981873
12.670647 27.200000 -69.001869
12.660646 27.205858 -68.991875
12.670647 27.208453 -68.985542
12.680647 27.205858 -68.991875
12.656505 27.220000 -68.987732
12.670647 27.220000 -68.981873
12.670647 27.208453 -68.985542
12.660646 27.205858 -68.991875
12.656505 27.380000 -68.987732
12.660646 27.394142 -68.991875
12.670647 27.391547 -68.985542
12.670647 27.380000 -68.981873
12.670647 27.400001 -69.001869
12.680647 27.394142 -68.991875
12.670647 27.391547 -68.985542
12.660646 27.394142 -68.991875
12.684789 27.380000 -68.987732
12.670647 27.380000 -68.981873
12.670647 27.391547 -68.985542
12.680647 27.394142 -68.991875
12.720144 27.220000 -69.023087
12.726002 27.220000 -69.037224
12.722332 27.208453 -69.037224
12.716002 27.205858 -69.027229
12.720144 27.220000 -69.051369
12.716002 27.205858 -69.047226
12.722332 27.208453 -69.037224
12.726002 27.220000 -69.037224
12.706002 27.200000 -69.037224
12.716002 27.205858 -69.027229
12.722332 27.208453 -69.037224
12.716002 27.205858 -69.047226
12.720144 27.380000 -69.023087
12.716002 27.394142 -69.027229
12.722332 27.391547 -69.037224
12.726002 27.380000 -69.037224
12.706002 27.400001 -69.037224
12.716002 27.394142 -69.047226
12.722332 27.391547 -69.037224
12.716002 27.394142 -69.027229
12.720144 27.380000 -69.051369
12.726002 27.380000 -69.037224
12.722332 27.391547 -69.037224
12.716002 27.394142 -69.047226
10.987732 27.220000 -70.656502
10.991875 27.205858 -70.660645
10.985544 27.208453 -70.670647
10.981874 27.220000 -70.670647
11.001874 27.200000 -70.670647
10.991875 27.205858 -70.680641
10.985544 27.208453 -70.670647
10.991875 27.205858 -70.660645
10.987732 27.220000 -70.684784
10.981874 27.220000 -70.670647
10.985544 27.208453 -70.670647
10.991875 27.205858 -70.680641
10.987732 27.380000 -70.656502
10.981874 27.380000 -70.670647
10.985544 27.391547 -70.670647
10.991875 27.394142 -70.660645
10.987732 27.380000 -70.684784
10.991875 27.394142 -70.680641
10.985544 27.391547 -70.670647
10.981874 27.380000 -70.670647
11.001874 27.400001 -70.670647
10.991875 27.394142 -70.660645
10.985544 27.391547 -70.670647
10.991875 27.394142 -70.680641
11.023088 27.220000 -70.720139
11.027229 27.205858 -70.715996
11.037230 27.208453 -70.722328
11.037230 27.220000 -70.725998
11.037230 27.200000 -70.706001
11.047230 27.205858 -70.715996
11.037230 27.208453 -70.722328
11.027229 27.205858 -70.715996
11.051372 27.220000 -70.720139
11.037230 27.220000 -70.725998
11.037230 27.208453 -70.722328
11.047230 27.205858 -70.715996
11.051372 27.380000 -70.720139
11.047230 27.394142 -70.715996
11.037230 27.391547 -70.722328
11.037230 27.380000 -70.725998
11.037230 27.400001 -70.706001
11.027229 27.394142 -70.715996
11.037230 27.391547 -70.722328
11.047230 27.394142 -70.715996
11.023088 27.380000 -70.720139
11.037230 27.380000 -70.725998
11.037230 27.391547 -70.722328
11.027229 27.394142 -70.715996
12.684789 27.220000 -68.987732
12.720144 27.220000 -69.023087
12.716002 27.205858 -69.027229
12.680647 27.205858 -68.991875
12.680647 27.205858 -68.991875
12.716002 27.205858 -69.027229
12.706002 27.200000 -69.037224
12.670647 27.200000 -69.001869
12.670647 27.200000 -69.001869
11.001874 27.200000 -70.670647
10.991875 27.205858 -70.660645
12.660646 27.205858 -68.991875
12.660646 27.205858 -68.991875
10.991875 27.205858 -70.660645
10.987732 27.220000 -70.656502
12.656505 27.220000 -68.987732
11.001874 27.200000 -70.670647
11.037230 27.200000 -70.706001
11.027229 27.205858 -70.715996
10.991875 27.205858 -70.680641
10.991875 27.205858 -70.680641
11.027229 27.205858 -70.715996
11.023088 27.220000 -70.720139
10.987732 27.220000 -70.684784
12.720144 27.220000 -69.051369
11.051372 27.220000 -70.720139
11.047230 27.205858 -70.715996
12.716002 27.205858 -69.047226
12.716002 27.205858 -69.047226
11.047230 27.205858 -70.715996
11.037230 27.200000 -70.706001
12.706002 27.200000 -69.037224
12.656505 27.380000 -68.987732
10.987732 27.380000 -70.656502
10.991875 27.394142 -70.660645
12.660646 27.394142 -68.991875
12.660646 27.394142 -68.991875
10.991875 27.394142 -70.660645
11.001874 27.400001 -70.670647
12.670647 27.400001 -69.001869
12.670647 27.400001 -69.001869
12.706002 27.400001 -69.037224
12.716002 27.394142 -69.027229
12.680647 27.394142 -68.991875
12.680647 27.394142 -68.991875
12.716002 27.394142 -69.027229
12.720144 27.380000 -69.023087
12.684789 27.380000 -68.987732
12.706002 27.400001 -69.037224
11.037230 27.400001 -70.706001
11.047230 27.394142 -70.715996
12.716002 27.394142 -69.047226
12.716002 27.394142 -69.047226
11.047230 27.394142 -70.715996
11.051372 27.380000 -70.720139
12.720144 27.380000 -69.051369
10.987732 27.380000 -70.684784
11.023088 27.380000 -70.720139
11.027229 27.394142 -70.715996
10.991875 27.394142 -70.680641
10.991875 27.394142 -70.680641
11.027229 27.394142 -70.715996
11.037230 27.400001 -70.706001
11.001874 27.400001 -70.670647
12.656505 27.220000 -68.987732
12.656505 27.380000 -68.987732
12.670647 27.380000 -68.981873
12.670647 27.220000 -68.981873
12.670647 27.220000 -68.981873
12.670647 27.380000 -68.981873
12.684789 27.380000 -68.987732
12.684789 27.220000 -68.987732
10.987732 27.220000 -70.684784
10.987732 27.380000 -70.684784
10.981874 27.380000 -70.670647
10.981874 27.220000 -70.670647
10.981874 27.220000 -70.670647
10.981874 27.380000 -70.670647
10.987732 27.380000 -70.656502
10.987732 27.220000 -70.656502
12.720144 27.220000 -69.023087
12.720144 27.380000 -69.023087
12.726002 27.380000 -69.037224
12.726002 27.220000 -69.037224
12.726002 27.220000 -69.037224
12.726002 27.380000 -69.037224
12.720144 27.380000 -69.051369
12.720144 27.220000 -69.051369
11.051372 27.220000 -70.720139
11.051372 27.380000 -70.720139
11.037230 27.380000 -70.725998
11.037230 27.220000 -70.725998
11.037230 27.220000 -70.725998
11.037230 27.380000 -70.725998
11.023088 27.380000 -70.720139
11.023088 27.220000 -70.720139
12.684789 27.220000 -68.987732
12.684789 27.380000 -68.987732
12.720144 27.380000 -69.023087
12.720144 27.220000 -69.023087
16.454721 27.220000 -61.187405
15.843908 27.220000 -63.466991
15.843908 27.380000 -63.466991
16.454721 27.380000 -61.187405
16.541655 27.220000 -61.210697
16.541655 27.380000 -61.210697
15.930841 27.380000 -63.490284
15.930841 27.220000 -63.490284
16.474039 27.400001 -61.192581
15.863227 27.400001 -63.472168
15.911523 27.400001 -63.485107
16.522337 27.400001 -61.205521
15.858050 27.220000 -63.491486
15.906346 27.220000 -63.504425
15.906346 27.380000 -63.504425
15.858050 27.380000 -63.491486
16.474039 27.200000 -61.192581
16.522337 27.200000 -61.205521
15.911523 27.200000 -63.485107
15.863227 27.200000 -63.472168
16.479216 27.220000 -61.173264
16.477699 27.205858 -61.178921
16.465876 27.208453 -61.178440
16.464041 27.220000 -61.175262
16.474039 27.200000 -61.192581
16.460379 27.205858 -61.188923
16.465876 27.208453 -61.178440
16.477699 27.205858 -61.178921
16.454721 27.220000 -61.187405
16.464041 27.220000 -61.175262
16.465876 27.208453 -61.178440
16.460379 27.205858 -61.188923
16.454721 27.380000 -61.187405
16.460379 27.394142 -61.188923
16.465876 27.391547 -61.178440
16.464041 27.380000 -61.175262
16.474039 27.400001 -61.192581
16.477699 27.394142 -61.178921
16.465876 27.391547 -61.178440
16.460379 27.394142 -61.188923
16.479216 27.380000 -61.173264
16.464041 27.380000 -61.175262
16.465876 27.391547 -61.178440
16.477699 27.394142 -61.178921
16.527512 27.220000 -61.186203
16.539656 27.220000 -61.195522
16.536478 27.208453 -61.197357
16.525997 27.205858 -61.191860
16.541655 27.220000 -61.210697
16.535995 27.205858 -61.209183
16.536478 27.208453 -61.197357
16.539656 27.220000 -61.195522
16.522337 27.200000 -61.205521
16.525997 27.205858 -61.191860
16.536478 27.208453 -61.197357
16.535995 27.205858 -61.209183
16.527512 27.380000 -61.186203
16.525997 27.394142 -61.191860
16.536478 27.391547 -61.197357
16.539656 27.380000 -61.195522
16.522337 27.400001 -61.205521
16.535995 27.394142 -61.209183
16.536478 27.391547 -61.197357
16.525997 27.394142 -61.191860
16.541655 27.380000 -61.210697
16.539656 27.380000 -61.195522
16.536478 27.391547 -61.197357
16.535995 27.394142 -61.209183
15.843908 27.220000 -63.466991
15.849566 27.205858 -63.468506
15.849085 27.208453 -63.480331
15.845906 27.220000 -63.482166
15.863227 27.200000 -63.472168
15.859567 27.205858 -63.485828
15.849085 27.208453 -63.480331
15.849566 27.205858 -63.468506
15.858050 27.220000 -63.491486
15.845906 27.220000 -63.482166
15.849085 27.208453 -63.480331
15.859567 27.205858 -63.485828
15.843908 27.380000 -63.466991
15.845906 27.380000 -63.482166
15.849085 27.391547 -63.480331
15.849566 27.394142 -63.468506
15.858050 27.380000 -63.491486
15.859567 27.394142 -63.485828
15.849085 27.391547 -63.480331
15.845906 27.380000 -63.482166
15.863227 27.400001 -63.472168
15.849566 27.394142 -63.468506
15.849085 27.391547 -63.480331
15.859567 27.394142 -63.485828
15.906346 27.220000 -63.504425
15.907863 27.205858 -63.498768
15.919688 27.208453 -63.499249
15.921523 27.220000 -63.502426
15.911523 27.200000 -63.485107
15.925183 27.205858 -63.488766
15.919688 27.208453 -63.499249
15.907863 27.205858 -63.498768
15.930841 27.220000 -63.490284
15.921523 27.220000 -63.502426
15.919688 27.208453 -63.499249
15.925183 27.205858 -63.488766
15.930841 27.380000 -63.490284
15.925183 27.394142 -63.488766
15.919688 27.391547 -63.499249
15.921523 27.380000 -63.502426
15.911523 27.400001 -63.485107
15.907863 27.394142 -63.498768
15.919688 27.391547 -63.499249
15.925183 27.394142 -63.488766
15.906346 27.380000 -63.504425
15.921523 27.380000 -63.502426
15.919688 27.391547 -63.499249
15.907863 27.394142 -63.498768
16.479216 27.220000 -61.173264
16.527512 27.220000 -61.186203
16.525997 27.205858 -61.191860
16.477699 27.205858 -61.178921
16.477699 27.205858 -61.178921
16.525997 27.205858 -61.191860
16.522337 27.200000 -61.205521
16.474039 27.200000 -61.192581
16.474039 27.200000 -61.192581
15.863227 27.200000 -63.472168
15.849566 27.205858 -63.468506
16.460379 27.205858 -61.188923
16.460379 27.205858 -61.188923
15.849566 27.205858 -63.468506
15.843908 27.220000 -63.466991
16.454721 27.220000 -61.187405
15.863227 27.200000 -63.472168
15.911523 27.200000 -63.485107
15.907863 27.205858 -63.498768
15.859567 27.205858 -63.485828
15.859567 27.205858 -63.485828
15.907863 27.205858 -63.498768
15.906346 27.220000 -63.504425
15.858050 27.220000 -63.491486
16.541655 27.220000 -61.210697
15.930841 27.220000 -63.490284
15.925183 27.205858 -63.488766
16.535995 27.205858 -61.209183
16.535995 27.205858 -61.209183
15.925183 27.205858 -63.488766
15.911523 27.200000 -63.485107
16.522337 27.200000 -61.205521
16.454721 27.380000 -61.187405
15.843908 27.380000 -63.466991
15.849566 27.394142 -63.468506
16.460379 27.394142 -61.188923
16.460379 27.394142 -61.188923
15.849566 27.394142 -63.468506
15.863227 27.400001 -63.472168
16.474039 27.400001 -61.192581
16.474039 27.400001 -61.192581
16.522337 27.400001 -61.205521
16.525997 27.394142 -61.191860
16.477699 27.394142 -61.178921
16.477699 27.394142 -61.178921
16.525997 27.394142 -61.191860
16.527512 27.380000 -61.186203
16.479216 27.380000 -61.173264
16.522337 27.400001 -61.205521
15.911523 27.400001 -63.485107
15.925183 27.394142 -63.488766
16.535995 27.394142 -61.209183
16.535995 27.394142 -61.209183
15.925183 27.394142 -63.488766
15.930841 27.380000 -63.490284
16.541655 27.380000 -61.210697
15.858050 27.380000 -63.491486
15.906346 27.380000 -63.504425
15.907863 27.394142 -63.498768
15.859567 27.394142 -63.485828
15.859567 27.394142 -63.485828
15.907863 27.394142 -63.498768
15.911523 27.400001 -63.485107
15.863227 27.400001 -63.472168
16.454721 27.220000 -61.187405
16.454721 27.380000 -61.187405
16.464041 27.380000 -61.175262
16.464041 27.220000 -61.175262
16.464041 27.220000 -61.175262
16.464041 27.380000 -61.175262
16.479216 27.380000 -61.173264
16.479216 27.220000 -61.173264
15.858050 27.220000 -63.491486
15.858050 27.380000 -63.491486
15.845906 27.380000 -63.482166
15.845906 27.220000 -63.482166
15.845906 27.220000 -63.482166
15.845906 27.380000 -63.482166
15.843908 27.380000 -63.466991
15.843908 27.220000 -63.466991
16.527512 27.220000 -61.186203
16.527512 27.380000 -61.186203
16.539656 27.380000 -61.195522
16.539656 27.220000 -61.195522
16.539656 27.220000 -61.195522
16.539656 27.380000 -61.195522
16.541655 27.380000 -61.210697
16.541655 27.220000 -61.210697
15.930841 27.220000 -63.490284
15.930841 27.380000 -63.490284
15.921523 27.380000 -63.502426
15.921523 27.220000 -63.502426
15.921523 27.220000 -63.502426
15.921523 27.380000 -63.502426
15.906346 27.380000 -63.504425
15.906346 27.220000 -63.504425
16.479216 27.220000 -61.173264
16.479216 27.380000 -61.173264
16.527512 27.380000 -61.186203
16.527512 27.220000 -61.186203
15.843908 27.220000 -52.533009
16.454721 27.220000 -54.812595
16.454721 27.380000 -54.812595
15.843908 27.380000 -52.533009
15.930841 27.220000 -52.509716
15.930841 27.380000 -52.509716
16.541655 27.380000 -54.789303
16.541655 27.220000 -54.789303
15.863227 27.400001 -52.527832
16.474039 27.400001 -54.807419
16.522337 27.400001 -54.794479
15.911523 27.400001 -52.514893
16.479216 27.220000 -54.826736
16.527512 27.220000 -54.813797
16.527512 27.380000 -54.813797
16.479216 27.380000 -54.826736
15.863227 27.200000 -52.527832
15.911523 27.200000 -52.514893
16.522337 27.200000 -54.794479
16.474039 27.200000 -54.807419
15.858050 27.220000 -52.508514
15.859567 27.205858 -52.514172
15.849085 27.208453 -52.519669
15.845906 27.220000 -52.517834
15.863227 27.200000 -52.527832
15.849566 27.205858 -52.531494
15.849085 27.208453 -52.519669
15.859567 27.205858 -52.514172
15.843908 27.220000 -52.533009
15.845906 27.220000 -52.517834
15.849085 27.208453 -52.519669
15.849566 27.205858 -52.531494
15.843908 27.380000 -52.533009
15.849566 27.394142 -52.531494
15.849085 27.391547 -52.519669
15.845906 27.380000 -52.517834
15.863227 27.400001 -52.527832
15.859567 27.394142 -52.514172
15.849085 27.391547 -52.519669
15.849566 27.394142 -52.531494
15.858050 27.380000 -52.508514
15.845906 27.380000 -52.517834
15.849085 27.391547 -52.519669
15.859567 27.394142 -52.514172
15.906346 27.220000 -52.495575
15.921523 27.220000 -52.497574
15.919688 27.208453 -52.500751
15.907863 27.205858 -52.501232
15.930841 27.220000 -52.509716
15.925183 27.205858 -52.511234
15.919688 27.208453 -52.500751
15.921523 27.220000 -52.497574
15.911523 27.200000 -52.514893
15.907863 27.205858 -52.501232
15.919688 27.208453 -52.500751
15.925183 27.205858 -52.511234
15.906346 27.380000 -52.495575
15.907863 27.394142 -52.501232
15.919688 27.391547 -52.500751
15.921523 27.380000 -52.497574
15.911523 27.400001 -52.514893
15.925183 27.394142 -52.511234
15.919688 27.391547 -52.500751
15.907863 27.394142 -52.501232
15.930841 27.380000 -52.509716
15.921523 27.380000 -52.497574
15.919688 27.391547 -52.500751
15.925183 27.394142 -52.511234
16.454721 27.220000 -54.812595
16.460379 27.205858 -54.811077
16.465876 27.208453 -54.821560
16.464039 27.220000 -54.824738
16.474039 27.200000 -54.807419
16.477699 27.205858 -54.821079
16.465876 27.208453 -54.821560
16.460379 27.205858 -54.811077
16.479216 27.220000 -54.826736
16.464039 27.220000 -54.824738
16.465876 27.208453 -54.821560
16.477699 27.205858 -54.821079
16.454721 27.380000 -54.812595
16.464039 27.380000 -54.824738
16.465876 27.391547 -54.821560
16.460379 27.394142 -54.811077
16.479216 27.380000 -54.826736
16.477699 27.394142 -54.821079
16.465876 27.391547 -54.821560
16.464039 27.380000 -54.824738
16.474039 27.400001 -54.807419
16.460379 27.394142 -54.811077
16.465876 27.391547 -54.821560
16.477699 27.394142 -54.821079
16.527512 27.220000 -54.813797
16.525997 27.205858 -54.808140
16.536478 27.208453 -54.802643
16.539656 27.220000 -54.804478
16.522337 27.200000 -54.794479
16.535995 27.205858 -54.790817
16.536478 27.208453 -54.802643
16.525997 27.205858 -54.808140
16.541655 27.220000 -54.789303
16.539656 27.220000 -54.804478
16.536478 27.208453 -54.802643
16.535995 27.205858 -54.790817
16.541655 27.380000 -54.789303
16.535995 27.394142 -54.790817
16.536478 27.391547 -54.802643
16.539656 27.380000 -54.804478
16.522337 27.400001 -54.794479
16.525997 27.394142 -54.808140
16.536478 27.391547 -54.802643
16.535995 27.394142 -54.790817
16.527512 27.380000 -54.813797
16.539656 27.380000 -54.804478
16.536478 27.391547 -54.802643
16.525997 27.394142 -54.808140
15.858050 27.220000 -52.508514
15.906346 27.220000 -52.495575
15.907863 27.205858 -52.501232
15.859567 27.205858 -52.514172
15.859567 27.205858 -52.514172
15.907863 27.205858 -52.501232
15.911523 27.200000 -52.514893
15.863227 27.200000 -52.527832
15.863227 27.200000 -52.527832
16.474039 27.200000 -54.807419
16.460379 27.205858 -54.811077
15.849566 27.205858 -52.531494
15.849566 27.205858 -52.531494
16.460379 27.205858 -54.811077
16.454721 27.220000 -54.812595
15.843908 27.220000 -52.533009
16.474039 27.200000 -54.807419
16.522337 27.200000 -54.794479
16.525997 27.205858 -54.808140
16.477699 27.205858 -54.821079
16.477699 27.205858 -54.821079
16.525997 27.205858 -54.808140
16.527512 27.220000 -54.813797
16.479216 27.220000 -54.826736
15.930841 27.220000 -52.509716
16.541655 27.220000 -54.789303
16.535995 27.205858 -54.790817
15.925183 27.205858 -52.511234
15.925183 27.205858 -52.511234
16.535995 27.205858 -54.790817
16.522337 27.200000 -54.794479
15.911523 27.200000 -52.514893
15.843908 27.380000 -52.533009
16.454721 27.380000 -54.812595
16.460379 27.394142 -54.811077
15.849566 27.394142 -52.531494
15.849566 27.394142 -52.531494
16.460379 27.394142 -54.811077
16.474039 27.400001 -54.807419
15.863227 27.400001 -52.527832
15.863227 27.400001 -52.527832
15.911523 27.400001 -52.514893
15.907863 27.394142 -52.501232
15.859567 27.394142 -52.514172
15.859567 27.394142 -52.514172
15.907863 27.394142 -52.501232
15.906346 27.380000 -52.495575
15.858050 27.380000 -52.508514
15.911523 27.400001 -52.514893
16.522337 27.400001 -54.794479
16.535995 27.394142 -54.790817
15.925183 27.394142 -52.511234
15.925183 27.394142 -52.511234
16.535995 27.394142 -54.790817
16.541655 27.380000 -54.789303
15.930841 27.380000 -52.509716
16.479216 27.380000 -54.826736
16.527512 27.380000 -54.813797
16.525997 27.394142 -54.808140
16.477699 27.394142 -54.821079
16.477699 27.394142 -54.821079
16.525997 27.394142 -54.808140
16.522337 27.400001 -54.794479
16.474039 27.400001 -54.807419
15.843908 27.220000 -52.533009
15.843908 27.380000 -52.533009
15.845906 27.380000 -52.517834
15.845906 27.220000 -52.517834
15.845906 27.220000 -52.517834
15.845906 27.380000 -52.517834
15.858050 27.380000 -52.508514
15.858050 27.220000 -52.508514
16.479216 27.220000 -54.826736
16.479216 27.380000 -54.826736
16.464039 27.380000 -54.824738
16.464039 27.220000 -54.824738
16.464039 27.220000 -54.824738
16.464039 27.380000 -54.824738
16.454721 27.380000 -54.812595
16.454721 27.220000 -54.812595
15.906346 27.220000 -52.495575
15.906346 27.380000 -52.495575
15.921523 27.380000 -52.497574
15.921523 27.220000 -52.497574
15.921523 27.220000 -52.497574
15.921523 27.380000 -52.497574
15.930841 27.380000 -52.509716
15.930841 27.220000 -52.509716
16.541655 27.220000 -54.789303
16.541655 27.380000 -54.789303
16.539656 27.380000 -54.804478
16.539656 27.220000 -54.804478
16.539656 27.220000 -54.804478
16.539656 27.380000 -54.804478
16.527512 27.380000 -54.813797
16.527512 27.220000 -54.813797
15.858050 27.220000 -52.508514
15.858050 27.380000 -52.508514
15.906346 27.380000 -52.495575
15.906346 27.220000 -52.495575
10.987732 27.220000 -45.343494
12.656505 27.220000 -47.012268
12.656505 27.380000 -47.012268
10.987732 27.380000 -45.343494
11.051372 27.220000 -45.279854
11.051372 27.380000 -45.279854
12.720144 27.380000 -46.948627
12.720144 27.220000 -46.948627
11.001874 27.400001 -45.329353
12.670647 27.400001 -46.998123
12.706002 27.400001 -46.962769
11.037230 27.400001 -45.293999
12.684789 27.220000 -47.012268
12.720144 27.220000 -46.976910
12.720144 27.380000 -46.976910
12.684789 27.380000 -47.012268
11.001874 27.200000 -45.329353
11.037230 27.200000 -45.293999
12.706002 27.200000 -46.962769
12.670647 27.200000 -46.998123
10.987732 27.220000 -45.315212
10.991875 27.205858 -45.319351
10.985544 27.208453 -45.329353
10.981874 27.220000 -45.329353
11.001874 27.200000 -45.329353
10.991875 27.205858 -45.339352
10.985544 27.208453 -45.329353
10.991875 27.205858 -45.319351
10.987732 27.220000 -45.343494
10.981874 27.220000 -45.329353
10.985544 27.208453 -45.329353
10.991875 27.205858 -45.339352
10.987732 27.380000 -45.343494
10.991875 27.394142 -45.339352
10.985544 27.391547 -45.329353
10.981874 27.380000 -45.329353
11.001874 27.400001 -45.329353
10.991875 27.394142 -45.319351
10.985544 27.391547 -45.329353
10.991875 27.394142 -45.339352
10.987732 27.380000 -45.315212
10.981874 27.380000 -45.329353
10.985544 27.391547 -45.329353
10.991875 27.394142 -45.319351
11.023088 27.220000 -45.279854
11.037230 27.220000 -45.273998
11.037230 27.208453 -45.277668
11.027229 27.205858 -45.283997
11.051372 27.220000 -45.279854
11.047230 27.205858 -45.283997
11.037230 27.208453 -45.277668
11.037230 27.220000 -45.273998
11.037230 27.200000 -45.293999
11.027229 27.205858 -45.283997
11.037230 27.208453 -45.277668
11.047230 27.205858 -45.283997
11.023088 27.380000 -45.279854
11.027229 27.394142 -45.283997
11.037230 27.391547 -45.277668
11.037230 27.380000 -45.273998
11.037230 27.400001 -45.293999
11.047230 27.394142 -45.283997
11.037230 27.391547 -45.277668
11.027229 27.394142 -45.283997
11.051372 27.380000 -45.279854
11.037230 27.380000 -45.273998
11.037230 27.391547 -45.277668
11.047230 27.394142 -45.283997
12.656505 27.220000 -47.012268
12.660646 27.205858 -47.008125
12.670647 27.208453 -47.014454
12.670647 27.220000 -47.018124
12.670647 27.200000 -46.998123
12.680647 27.205858 -47.008125
12.670647 27.208453 -47.014454
12.660646 27.205858 -47.008125
12.684789 27.220000 -47.012268
12.670647 27.220000 -47.018124
12.670647 27.208453 -47.014454
12.680647 27.205858 -47.008125
12.656505 27.380000 -47.012268
12.670647 27.380000 -47.018124
12.670647 27.391547 -47.014454
12.660646 27.394142 -47.008125
12.684789 27.380000 -47.012268
12.680647 27.394142 -47.008125
12.670647 27.391547 -47.014454
12.670647 27.380000 -47.018124
12.670647 27.400001 -46.998123
12.660646 27.394142 -47.008125
12.670647 27.391547 -47.014454
12.680647 27.394142 -47.008125
12.720144 27.220000 -46.976910
12.716002 27.205858 -46.972771
12.722332 27.208453 -46.962769
12.726002 27.220000 -46.962769
12.706002 27.200000 -46.962769
12.716002 27.205858 -46.952770
12.722332 27.208453 -46.962769
12.716002 27.205858 -46.972771
12.720144 27.220000 -46.948627
12.726002 27.220000 -46.962769
12.722332 27.208453 -46.962769
12.716002 27.205858 -46.952770
12.720144 27.380000 -46.948627
12.716002 27.394142 -46.952770
12.722332 27.391547 -46.962769
12.726002 27.380000 -46.962769
12.706002 27.400001 -46.962769
12.716002 27.394142 -46.972771
12.722332 27.391547 -46.962769
12.716002 27.394142 -46.952770
12.720144 27.380000 -46.976910
12.726002 27.380000 -46.962769
12.722332 27.391547 -46.962769
12.716002 27.394142 -46.972771
10.987732 27.220000 -45.315212
11.023088 27.220000 -45.279854
11.027229 27.205858 -45.283997
10.991875 27.205858 -45.319351
10.991875 27.205858 -45.319351
11.027229 27.205858 -45.283997
11.037230 27.200000 -45.293999
11.001874 27.200000 -45.329353
11.001874 27.200000 -45.329353
12.670647 27.200000 -46.998123
12.660646 27.205858 -47.008125
10.991875 27.205858 -45.339352
10.991875 27.205858 -45.339352
12.660646 27.205858 -47.008125
12.656505 27.220000 -47.012268
10.987732 27.220000 -45.343494
12.670647 27.200000 -46.998123
12.706002 27.200000 -46.962769
12.716002 27.205858 -46.972771
12.680647 27.205858 -47.008125
12.680647 27.205858 -47.008125
12.716002 27.205858 -46.972771
12.720144 27.220000 -46.976910
12.684789 27.220000 -47.012268
11.051372 27.220000 -45.279854
12.720144 27.220000 -46.948627
12.716002 27.205858 -46.952770
11.047230 27.205858 -45.283997
11.047230 27.205858 -45.283997
12.716002 27.205858 -46.952770
12.706002 27.200000 -46.962769
11.037230 27.200000 -45.293999
10.987732 27.380000 -45.343494
12.656505 27.380000 -47.012268
12.660646 27.394142 -47.008125
10.991875 27.394142 -45.339352
10.991875 27.394142 -45.339352
12.660646 27.394142 -47.008125
12.670647 27.400001 -46.998123
11.001874 27.400001 -45.329353
11.001874 27.400001 -45.329353
11.037230 27.400001 -45.293999
11.027229 27.394142 -45.283997
10.991875 27.394142 -45.319351
10.991875 27.394142 -45.319351
11.027229 27.394142 -45.283997
11.023088 27.380000 -45.279854
10.987732 27.380000 -45.315212
11.037230 27.400001 -45.293999
12.706002 27.400001 -46.962769
12.716002 27.394142 -46.952770
11.047230 27.394142 -45.283997
11.047230 27.394142 -45.283997
12.716002 27.394142 -46.952770
12.720144 27.380000 -46.948627
11.051372 27.380000 -45.279854
12.684789 27.380000 -47.012268
12.720144 27.380000 -46.976910
12.716002 27.394142 -46.972771
12.680647 27.394142 -47.008125
12.680647 27.394142 -47.008125
12.716002 27.394142 -46.972771
12.706002 27.400001 -46.962769
12.670647 27.400001 -46.998123
10.987732 27.220000 -45.343494
10.987732 27.380000 -45.343494
10.981874 27.380000 -45.329353
10.981874 27.220000 -45.329353
10.981874 27.220000 -45.329353
10.981874 27.380000 -45.329353
10.987732 27.380000 -45.315212
10.987732 27.220000 -45.315212
12.684789 27.220000 -47.012268
12.684789 27.380000 -47.012268
12.670647 27.380000 -47.018124
12.670647 27.220000 -47.018124
12.670647 27.220000 -47.018124
12.670647 27.380000 -47.018124
12.656505 27.380000 -47.012268
12.656505 27.220000 -47.012268
11.023088 27.220000 -45.279854
11.023088 27.380000 -45.279854
11.037230 27.380000 -45.273998
11.037230 27.220000 -45.273998
11.037230 27.220000 -45.273998
11.037230 27.380000 -45.273998
11.051372 27.380000 -45.279854
11.051372 27.220000 -45.279854
12.720144 27.220000 -46.948627
12.720144 27.380000 -46.948627
12.726002 27.380000 -46.962769
12.726002 27.220000 -46.962769
12.726002 27.220000 -46.962769
12.726002 27.380000 -46.962769
12.720144 27.380000 -46.976910
12.720144 27.220000 -46.976910
10.987732 27.220000 -45.315212
10.987732 27.380000 -45.315212
11.023088 27.380000 -45.279854
11.023088 27.220000 -45.279854
-12.656505 27.220000 -47.012268
-10.987732 27.220000 -45.343494
-10.987732 27.380000 -45.343494
-12.656505 27.380000 -47.012268
-12.720144 27.220000 -46.948627
-12.720144 27.380000 -46.948627
-11.051372 27.380000 -45.279854
-11.051372 27.220000 -45.279854
-12.670647 27.400001 -46.998123
-11.001874 27.400001 -45.329353
-11.037230 27.400001 -45.293999
-12.706002 27.400001 -46.962769
-10.987732 27.220000 -45.315212
-11.023088 27.220000 -45.279854
-11.023088 27.380000 -45.279854
-10.987732 27.380000 -45.315212
-12.670647 27.200000 -46.998123
-12.706002 27.200000 -46.962769
-11.037230 27.200000 -45.293999
-11.001874 27.200000 -45.329353
-12.684789 27.220000 -47.012268
-12.680647 27.205858 -47.008125
-12.670647 27.208453 -47.014454
-12.670647 27.220000 -47.018124
-12.670647 27.200000 -46.998123
-12.660646 27.205858 -47.008125
-12.670647 27.208453 -47.014454
-12.680647 27.205858 -47.008125
-12.656505 27.220000 -47.012268
-12.670647 27.220000 -47.018124
-12.670647 27.208453 -47.014454
-12.660646 27.205858 -47.008125
-12.656505 27.380000 -47.012268
-12.660646 27.394142 -47.008125
-12.670647 27.391547 -47.014454
-12.670647 27.380000 -47.018124
-12.670647 27.400001 -46.998123
-12.680647 27.394142 -47.008125
-12.670647 27.391547 -47.014454
-12.660646 27.394142 -47.008125
-12.684789 27.380000 -47.012268
-12.670647 27.380000 -47.018124
-12.670647 27.391547 -47.014454
-12.680647 27.394142 -47.008125
-12.720144 27.220000 -46.976910
-12.726002 27.220000 -46.962769
-12.722332 27.208453 -46.962769
-12.716002 27.205858 -46.972771
-12.720144 27.220000 -46.948627
-12.716002 27.205858 -46.952770
-12.722332 27.208453 -46.962769
-12.726002 27.220000 -46.962769
-12.706002 27.200000 -46.962769
-12.716002 27.205858 -46.972771
-12.722332 27.208453 -46.962769
-12.716002 27.205858 -46.952770
-12.720144 27.380000 -46.976910
-12.716002 27.394142 -46.972771
-12.722332 27.391547 -46.962769
-12.726002 27.380000 -46.962769
-12.706002 27.400001 -46.962769
-12.716002 27.394142 -46.952770
-12.722332 27.391547 -46.962769
-12.716002 27.394142 -46.972771
-12.720144 27.380000 -46.948627
-12.726002 27.380000 -46.962769
-12.722332 27.391547 -46.962769
-12.716002 27.394142 -46.952770
-10.987732 27.220000 -45.343494
-10.991875 27.205858 -45.339352
-10.985544 27.208453 -45.329353
-10.981874 27.220000 -45.329353
-11.001874 27.200000 -45.329353
-10.991875 27.205858 -45.319351
-10.985544 27.208453 -45.329353
-10.991875 27.205858 -45.339352
-10.987732 27.220000 -45.315212
-10.981874 27.220000 -45.329353
-10.985544 27.208453 -45.329353
-10.991875 27.205858 -45.319351
-10.987732 27.380000 -45.343494
-10.981874 27.380000 -45.329353
-10.985544 27.391547 -45.329353
-10.991875 27.394142 -45.339352
-10.987732 27.380000 -45.315212
-10.991875 27.394142 -45.319351
-10.985544 27.391547 -45.329353
-10.981874 27.380000 -45.329353
-11.001874 27.400001 -45.329353
-10.991875 27.394142 -45.339352
-10.985544 27.391547 -45.329353
-10.991875 27.394142 -45.319351
-11.023088 27.220000 -45.279854
-11.027229 27.205858 -45.283997
-11.037230 27.208453 -45.277668
-11.037230 27.220000 -45.273998
-11.037230 27.200000 -45.293999
-11.047230 27.205858 -45.283997
-11.037230 27.208453 -45.277668
-11.027229 27.205858 -45.283997
-11.051372 27.220000 -45.279854
-11.037230 27.220000 -45.273998
-11.037230 27.208453 -45.277668
-11.047230 27.205858 -45.283997
-11.051372 27.380000 -45.279854
-11.047230 27.394142 -45.283997
-11.037230 27.391547 -45.277668
-11.037230 27.380000 -45.273998
-11.037230 27.400001 -45.293999
-11.027229 27.394142 -45.283997
-11.037230 27.391547 -45.277668
-11.047230 27.394142 -45.283997
-11.023088 27.380000 -45.279854
-11.037230 27.380000 -45.273998
-11.037230 27.391547 -45.277668
-11.027229 27.394142 -45.283997
-12.684789 27.220000 -47.012268
-12.720144 27.220000 -46.976910
-12.716002 27.205858 -46.972771
-12.680647 27.205858 -47.008125
-12.680647 27.205858 -47.008125
-12.716002 27.205858 -46.972771
-12.706002 27.200000 -46.962769
-12.670647 27.200000 -46.998123
-12.670647 27.200000 -46.998123
-11.001874 27.200000 -45.329353
-10.991875 27.205858 -45.339352
-12.660646 27.205858 -47.008125
-12.660646 27.205858 -47.008125
-10.991875 27.205858 -45.339352
-10.987732 27.220000 -45.343494
-12.656505 27.220000 -47.012268
-11.001874 27.200000 -45.329353
-11.037230 27.200000 -45.293999
-11.027229 27.205858 -45.283997
-10.991875 27.205858 -45.319351
-10.991875 27.205858 -45.319351
-11.027229 27.205858 -45.283997
-11.023088 27.220000 -45.279854
-10.987732 27.220000 -45.315212
-12.720144 27.220000 -46.948627
-11.051372 27.220000 -45.279854
-11.047230 27.205858 -45.283997
-12.716002 27.205858 -46.952770
-12.716002 27.205858 -46.952770
-11.047230 27.205858 -45.283997
-11.037230 27.200000 -45.293999
-12.706002 27.200000 -46.962769
-12.656505 27.380000 -47.012268
-10.987732 27.380000 -45.343494
-10.991875 27.394142 -45.339352
-12.660646 27.394142 -47.008125
-12.660646 27.394142 -47.008125
-10.991875 27.394142 -45.339352
-11.001874 27.400001 -45.329353
-12.670647 27.400001 -46.998123
-12.670647 27.400001 -46.998123
-12.706002 27.400001 -46.962769
-12.716002 27.394142 -46.972771
-12.680647 27.394142 -47.008125
-12.680647 27.394142 -47.008125
-12.716002 27.394142 -46.972771
-12.720144 27.380000 -46.976910
-12.684789 27.380000 -47.012268
-12.706002 27.400001 -46.962769
-11.037230 27.400001 -45.293999
-11.047230 27.394142 -45.283997
-12.716002 27.394142 -46.952770
-12.716002 27.394142 -46.952770
-11.047230 27.394142 -45.283997
-11.051372 27.380000 -45.279854
-12.720144 27.380000 -46.948627
-10.987732 27.380000 -45.315212
-11.023088 27.380000 -45.279854
-11.027229 27.394142 -45.283997
-10.991875 27.394142 -45.319351
-10.991875 27.394142 -45.319351
-11.027229 27.394142 -45.283997
-11.037230 27.400001 -45.293999
-11.001874 27.400001 -45.329353
-12.656505 27.220000 -47.012268
-12.656505 27.380000 -47.012268
-12.670647 27.380000 -47.018124
-12.670647 27.220000 -47.018124
-12.670647 27.220000 -47.018124
-12.670647 27.380000 -47.018124
-12.684789 27.380000 -47.012268
-12.684789 27.220000 -47.012268
-10.987732 27.220000 -45.315212
-10.987732 27.380000 -45.315212
-10.981874 27.380000 -45.329353
-10.981874 27.220000 -45.329353
-10.981874 27.220000 -45.329353
-10.981874 27.380000 -45.329353
-10.987732 27.380000 -45.343494
-10.987732 27.220000 -45.343494
-12.720144 27.220000 -46.976910
-12.720144 27.380000 -46.976910
-12.726002 27.380000 -46.962769
-12.726002 27.220000 -46.962769
-12.726002 27.220000 -46.962769
-12.726002 27.380000 -46.962769
-12.720144 27.380000 -46.948627
-12.720144 27.220000 -46.948627
-11.051372 27.220000 -45.279854
-11.051372 27.380000 -45.279854
-11.037230 27.380000 -45.273998
-11.037230 27.220000 -45.273998
-11.037230 27.220000 -45.273998
-11.037230 27.380000 -45.273998
-11.023088 27.380000 -45.279854
-11.023088 27.220000 -45.279854
-12.684789 27.220000 -47.012268
-12.684789 27.380000 -47.012268
-12.720144 27.380000 -46.976910
-12.720144 27.220000 -46.976910
-16.454721 27.220000 -54.812595
-15.843908 27.220000 -52.533009
-15.843908 27.380000 -52.533009
-16.454721 27.380000 -54.812595
-16.541655 27.220000 -54.789303
-16.541655 27.380000 -54.789303
-15.930841 27.380000 -52.509716
-15.930841 27.220000 -52.509716
-16.474039 27.400001 -54.807419
-15.863227 27.400001 -52.527832
-15.911523 27.400001 -52.514893
-16.522337 27.400001 -54.794479
-15.858050 27.220000 -52.508514
-15.906347 27.220000 -52.495575
-15.906347 27.380000 -52.495575
-15.858050 27.380000 -52.508514
-16.474039 27.200000 -54.807419
-16.522337 27.200000 -54.794479
-15.911523 27.200000 -52.514893
-15.863227 27.200000 -52.527832
-16.479216 27.220000 -54.826736
-16.477699 27.205858 -54.821079
-16.465876 27.208453 -54.821560
-16.464039 27.220000 -54.824738
-16.474039 27.200000 -54.807419
-16.460379 27.205858 -54.811077
-16.465876 27.208453 -54.821560
-16.477699 27.205858 -54.821079
-16.454721 27.220000 -54.812595
-16.464039 27.220000 -54.824738
-16.465876 27.208453 -54.821560
-16.460379 27.205858 -54.811077
-16.454721 27.380000 -54.812595
-16.460379 27.394142 -54.811077
-16.465876 27.391547 -54.821560
-16.464039 27.380000 -54.824738
-16.474039 27.400001 -54.807419
-16.477699 27.394142 -54.821079
-16.465876 27.391547 -54.821560
-16.460379 27.394142 -54.811077
-16.479216 27.380000 -54.826736
-16.464039 27.380000 -54.824738
-16.465876 27.391547 -54.821560
-16.477699 27.394142 -54.821079
-16.527512 27.220000 -54.813797
-16.539656 27.220000 -54.804478
-16.536478 27.208453 -54.802643
-16.525997 27.205858 -54.808140
-16.541655 27.220000 -54.789303
-16.535995 27.205858 -54.790817
-16.536478 27.208453 -54.802643
-16.539656 27.220000 -54.804478
-16.522337 27.200000 -54.794479
-16.525997 27.205858 -54.808140
-16.536478 27.208453 -54.802643
-16.535995 27.205858 -54.790817
-16.527512 27.380000 -54.813797
-16.525997 27.394142 -54.808140
-16.536478 27.391547 -54.802643
-16.539656 27.380000 -54.804478
-16.522337 27.400001 -54.794479
-16.535995 27.394142 -54.790817
-16.536478 27.391547 -54.802643
-16.525997 27.394142 -54.808140
-16.541655 27.380000 -54.789303
-16.539656 27.380000 -54.804478
-16.536478 27.391547 -54.802643
-16.535995 27.394142 -54.790817
-15.843908 27.220000 -52.533009
-15.849566 27.205858 -52.531494
-15.849085 27.208453 -52.519669
-15.845906 27.220000 -52.517834
-15.863227 27.200000 -52.527832
-15.859567 27.205858 -52.514172
-15.849085 27.208453 -52.519669
-15.849566 27.205858 -52.531494
-15.858050 27.220000 -52.508514
-15.845906 27.220000 -52.517834
-15.849085 27.208453 -52.519669
-15.859567 27.205858 -52.514172
-15.843908 27.380000 -52.533009
-15.845906 27.380000 -52.517834
-15.849085 27.391547 -52.519669
-15.849566 27.394142 -52.531494
-15.858050 27.380000 -52.508514
-15.859567 27.394142 -52.514172
-15.849085 27.391547 -52.519669
-15.845906 27.380000 -52.517834
-15.863227 27.400001 -52.527832
-15.849566 27.394142 -52.531494
-15.849085 27.391547 -52.519669
-15.859567 27.394142 -52.514172
-15.906347 27.220000 -52.495575
-15.907863 27.205858 -52.501232
-15.919688 27.208453 -52.500751
-15.921523 27.220000 -52.497574
-15.911523 27.200000 -52.514893
-15.925183 27.205858 -52.511234
-15.919688 27.208453 -52.500751
-15.907863 27.205858 -52.501232
-15.930841 27.220000 -52.509716
-15.921523 27.220000 -52.497574
-15.919688 27.208453 -52.500751
-15.925183 27.205858 -52.511234
-15.930841 27.380000 -52.509716
-15.925183 27.394142 -52.511234
-15.919688 27.391547 -52.500751
-15.921523 27.380000 -52.497574
-15.911523 27.400001 -52.514893
-15.907863 27.394142 -52.501232
-15.919688 27.391547 -52.500751
-15.925183 27.394142 -52.511234
-15.906347 27.380000 -52.495575
-15.921523 27.380000 -52.497574
-15.919688 27.391547 -52.500751
-15.907863 27.394142 -52.501232
-16.479216 27.220000 -54.826736
-16.527512 27.220000 -54.813797
-16.525997 27.205858 -54.808140
-16.477699 27.205858 -54.821079
-16.477699 27.205858 -54.821079
-16.525997 27.205858 -54.808140
-16.522337 27.200000 -54.794479
-16.474039 27.200000 -54.807419
-16.474039 27.200000 -54.807419
-15.863227 27.200000 -52.527832
-15.849566 27.205858 -52.531494
-16.460379 27.205858 -54.811077
-16.460379 27.205858 -54.811077
-15.849566 27.205858 -52.531494
-15.843908 27.220000 -52.533009
-16.454721 27.220000 -54.812595
-15.863227 27.200000 -52.527832
-15.911523 27.200000 -52.514893
-15.907863 27.205858 -52.501232
-15.859567 27.205858 -52.514172
-15.859567 27.205858 -52.514172
-15.907863 27.205858 -52.501232
-15.906347 27.220000 -52.495575
-15.858050 27.220000 -52.508514
-16.541655 27.220000 -54.789303
-15.930841 27.220000 -52.509716
-15.925183 27.205858 -52.511234
-16.535995 27.205858 -54.790817
-16.535995 27.205858 -54.790817
-15.925183 27.205858 -52.511234
-15.911523 27.200000 -52.514893
-16.522337 27.200000 -54.794479
-16.454721 27.380000 -54.812595
-15.843908 27.380000 -52.533009
-15.849566 27.394142 -52.531494
-16.460379 27.394142 -54.811077
-16.460379 27.394142 -54.811077
-15.849566 27.394142 -52.531494
-15.863227 27.400001 -52.527832
-16.474039 27.400001 -54.807419
-16.474039 27.400001 -54.807419
-16.522337 27.400001 -54.794479
-16.525997 27.394142 -54.808140
-16.477699 27.394142 -54.821079
-16.477699 27.394142 -54.821079
-16.525997 27.394142 -54.808140
-16.527512 27.380000 -54.813797
-16.479216 27.380000 -54.826736
-16.522337 27.400001 -54.794479
-15.911523 27.400001 -52.514893
-15.925183 27.394142 -52.511234
-16.535995 27.394142 -54.790817
-16.535995 27.394142 -54.790817
-15.925183 27.394142 -52.511234
-15.930841 27.380000 -52.509716
-16.541655 27.380000 -54.789303
-15.858050 27.380000 -52.508514
-15.906347 27.380000 -52.495575
-15.907863 27.394142 -52.501232
-15.859567 27.394142 -52.514172
-15.859567 27.394142 -52.514172
-15.907863 27.394142 -52.501232
-15.911523 27.400001 -52.514893
-15.863227 27.400001 -52.527832
-16.454721 27.220000 -54.812595
-16.454721 27.380000 -54.812595
-16.464039 27.380000 -54.824738
-16.464039 27.220000 -54.824738
-16.464039 27.220000 -54.824738
-16.464039 27.380000 -54.824738
-16.479216 27.380000 -54.826736
-16.479216 27.220000 -54.826736
-15.858050 27.220000 -52.508514
-15.858050 27.380000 -52.508514
-15.845906 27.380000 -52.517834
-15.845906 27.220000 -52.517834
-15.845906 27.220000 -52.517834
-15.845906 27.380000 -52.517834
-15.843908 27.380000 -52.533009
-15.843908 27.220000 -52.533009
-16.527512 27.220000 -54.813797
-16.527512 27.380000 -54.813797
-16.539656 27.380000 -54.804478
-16.539656 27.220000 -54.804478
-16.539656 27.220000 -54.804478
-16.539656 27.380000 -54.804478
-16.541655 27.380000 -54.789303
-16.541655 27.220000 -54.789303
-15.930841 27.220000 -52.509716
-15.930841 27.380000 -52.509716
-15.921523 27.380000 -52.497574
-15.921523 27.220000 -52.497574
-15.921523 27.220000 -52.497574
-15.921523 27.380000 -52.497574
-15.906347 27.380000 -52.495575
-15.906347 27.220000 -52.495575
-16.479216 27.220000 -54.826736
-16.479216 27.380000 -54.826736
-16.527512 27.380000 -54.813797
-16.527512 27.220000 -54.813797
36.959999 27.850001 -44.000000
36.913136 27.736864 -44.000000
36.799999 27.690001 -44.000000
36.686863 27.736864 -44.000000
36.639999 27.850001 -44.000000
36.686863 27.963139 -44.000000
36.799999 28.010001 -44.000000
36.913136 27.963139 -44.000000
36.913136 27.736862 -72.000000
36.959999 27.849999 -72.000000
36.913136 27.963137 -72.000000
36.799999 28.009999 -72.000000
36.686863 27.963137 -72.000000
36.639999 27.849999 -72.000000
36.686863 27.736862 -72.000000
36.799999 27.690000 -72.000000
36.959999 27.850001 -44.000000
36.913136 27.963139 -44.000000
36.913136 27.963137 -72.000000
36.959999 27.849999 -72.000000
36.913136 27.963139 -44.000000
36.799999 28.010001 -44.000000
36.799999 28.009999 -72.000000
36.913136 27.963137 -72.000000
36.799999 28.010001 -44.000000
36.686863 27.963139 -44.000000
36.686863 27.963137 -72.000000
36.799999 28.009999 -72.000000
36.686863 27.963139 -44.000000
36.639999 27.850001 -44.000000
36.639999 27.849999 -72.000000
36.686863 27.963137 -72.000000
36.639999 27.850001 -44.000000
36.686863 27.736864 -44.000000
36.686863 27.736862 -72.000000
36.639999 27.849999 -72.000000
36.686863 27.736864 -44.000000
36.799999 27.690001 -44.000000
36.799999 27.690000 -72.000000
36.686863 27.736862 -72.000000
36.799999 27.690001 -44.000000
36.913136 27.736864 -44.000000
36.913136 27.736862 -72.000000
36.799999 27.690000 -72.000000
36.913136 27.736864 -44.000000
36.959999 27.850001 -44.000000
36.959999 27.849999 -72.000000
36.913136 27.736862 -72.000000
25.360001 27.850001 -44.000000
25.313137 27.736864 -44.000000
25.200001 27.690001 -44.000000
25.086864 27.736864 -44.000000
25.040001 27.850001 -44.000000
25.086864 27.963139 -44.000000
25.200001 28.010001 -44.000000
25.313137 27.963139 -44.000000
25.313137 27.736862 -72.000000
25.360001 27.849999 -72.000000
25.313137 27.963137 -72.000000
25.200001 28.009999 -72.000000
25.086864 27.963137 -72.000000
25.040001 27.849999 -72.000000
25.086864 27.736862 -72.000000
25.200001 27.690000 -72.000000
25.360001 27.850001 -44.000000
25.313137 27.963139 -44.000000
25.313137 27.963137 -72.000000
25.360001 27.849999 -72.000000
25.313137 27.963139 -44.000000
25.200001 28.010001 -44.000000
25.200001 28.009999 -72.000000
25.313137 27.963137 -72.000000
25.200001 28.010001 -44.000000
25.086864 27.963139 -44.000000
25.086864 27.963137 -72.000000
25.200001 28.009999 -72.000000
25.086864 27.963139 -44.000000
25.040001 27.850001 -44.000000
25.040001 27.849999 -72.000000
25.086864 27.963137 -72.000000
25.040001 27.850001 -44.000000
25.086864 27.736864 -44.000000
25.086864 27.736862 -72.000000
25.040001 27.849999 -72.000000
25.086864 27.736864 -44.000000
25.200001 27.690001 -44.000000
25.200001 27.690000 -72.000000
25.086864 27.736862 -72.000000
25.200001 27.690001 -44.000000
25.313137 27.736864 -44.000000
25.313137 27.736862 -72.000000
25.200001 27.690000 -72.000000
25.313137 27.736864 -44.000000
25.360001 27.850001 -44.000000
25.360001 27.849999 -72.000000
25.313137 27.736862 -72.000000
-25.040001 27.850001 -44.000000
-25.086864 27.736864 -44.000000
-25.200001 27.690001 -44.000000
-25.313137 27.736864 -44.000000
-25.360001 27.850001 -44.000000
-25.313137 27.963139 -44.000000
-25.200001 28.010001 -44.000000
-25.086864 27.963139 -44.000000
-25.086864 27.736862 -72.000000
-25.040001 27.849999 -72.000000
-25.086864 27.963137 -72.000000
-25.200001 28.009999 -72.000000
-25.313137 27.963137 -72.000000
-25.360001 27.849999 -72.000000
-25.313137 27.736862 -72.000000
-25.200001 27.690000 -72.000000
-25.040001 27.850001 -44.000000
-25.086864 27.963139 -44.000000
-25.086864 27.963137 -72.000000
-25.040001 27.849999 -72.000000
-25.086864 27.963139 -44.000000
-25.200001 28.010001 -44.000000
-25.200001 28.009999 -72.000000
-25.086864 27.963137 -72.000000
-25.200001 28.010001 -44.000000
-25.313137 27.963139 -44.000000
-25.313137 27.963137 -72.000000
-25.200001 28.009999 -72.000000
-25.313137 27.963139 -44.000000
-25.360001 27.850001 -44.000000
-25.360001 27.849999 -72.000000
-25.313137 27.963137 -72.000000
-25.360001 27.850001 -44.000000
-25.313137 27.736864 -44.000000
-25.313137 27.736862 -72.000000
-25.360001 27.849999 -72.000000
-25.313137 27.736864 -44.000000
-25.200001 27.690001 -44.000000
-25.200001 27.690000 -72.000000
-25.313137 27.736862 -72.000000
-25.200001 27.690001 -44.000000
-25.086864 27.736864 -44.000000
-25.086864 27.736862 -72.000000
-25.200001 27.690000 -72.000000
-25.086864 27.736864 -44.000000
-25.040001 27.850001 -44.000000
-25.040001 27.849999 -72.000000
-25.086864 27.736862 -72.000000
-36.639999 27.850001 -44.000000
-36.686863 27.736864 -44.000000
-36.799999 27.690001 -44.000000
-36.913136 27.736864 -44.000000
-36.959999 27.850001 -44.000000
-36.913136 27.963139 -44.000000
-36.799999 28.010001 -44.000000
-36.686863 27.963139 -44.000000
-36.686863 27.736862 -72.000000
-36.639999 27.849999 -72.000000
-36.686863 27.963137 -72.000000
-36.799999 28.009999 -72.000000
-36.913136 27.963137 -72.000000
-36.959999 27.849999 -72.000000
-36.913136 27.736862 -72.000000
-36.799999 27.690000 -72.000000
-36.639999 27.850001 -44.000000
-36.686863 27.963139 -44.000000
-36.686863 27.963137 -72.000000
-36.639999 27.849999 -72.000000
-36.686863 27.963139 -44.000000
-36.799999 28.010001 -44.000000
-36.799999 28.009999 -72.000000
-36.686863 27.963137 -72.000000
-36.799999 28.010001 -44.000000
-36.913136 27.963139 -44.000000
-36.913136 27.963137 -72.000000
-36.799999 28.009999 -72.000000
-36.913136 27.963139 -44.000000
-36.959999 27.850001 -44.000000
-36.959999 27.849999 -72.000000
-36.913136 27.963137 -72.000000
-36.959999 27.850001 -44.000000
-36.913136 27.736864 -44.000000
-36.913136 27.736862 -72.000000
-36.959999 27.849999 -72.000000
-36.913136 27.736864 -44.000000
-36.799999 27.690001 -44.000000
-36.799999 27.690000 -72.000000
-36.913136 27.736862 -72.000000
-36.799999 27.690001 -44.000000
-36.686863 27.736864 -44.000000
-36.686863 27.736862 -72.000000
-36.799999 27.690000 -72.000000
-36.686863 27.736864 -44.000000
-36.639999 27.850001 -44.000000
-36.639999 27.849999 -72.000000
-36.686863 27.736862 -72.000000
14.600000 47.764034 23.000000
14.921539 47.764034 24.200001
15.800000 47.764034 25.078461
17.000000 47.764034 25.400000
18.200001 47.764034 25.078461
19.078461 47.764034 24.200001
19.400000 47.764034 23.000000
19.078461 47.764034 21.799999
18.200001 47.764034 20.921539
17.000000 47.764034 20.600000
15.800000 47.764034 20.921539
14.921539 47.764034 21.799999
15.441154 49.264034 23.900000
15.200000 49.264034 23.000000
15.441154 49.264034 22.100000
16.100000 49.264034 21.441154
17.000000 49.264034 21.200001
17.900000 49.264034 21.441154
18.558846 49.264034 22.100000
18.799999 49.264034 23.000000
18.558846 49.264034 23.900000
17.900000 49.264034 24.558846
17.000000 49.264034 24.799999
16.100000 49.264034 24.558846
14.600000 47.764034 23.000000
14.921539 47.764034 21.799999
15.441154 49.264034 22.100000
15.200000 49.264034 23.000000
14.921539 47.764034 21.799999
15.800000 47.764034 20.921539
16.100000 49.264034 21.441154
15.441154 49.264034 22.100000
15.800000 47.764034 20.921539
17.000000 47.764034 20.600000
17.000000 49.264034 21.200001
16.100000 49.264034 21.441154
17.000000 47.764034 20.600000
18.200001 47.764034 20.921539
17.900000 49.264034 21.441154
17.000000 49.264034 21.200001
18.200001 47.764034 20.921539
19.078461 47.764034 21.799999
18.558846 49.264034 22.100000
17.900000 49.264034 21.441154
19.078461 47.764034 21.799999
19.400000 47.764034 23.000000
18.799999 49.264034 23.000000
18.558846 49.264034 22.100000
19.400000 47.764034 23.000000
19.078461 47.764034 24.200001
18.558846 49.264034 23.900000
18.799999 49.264034 23.000000
19.078461 47.764034 24.200001
18.200001 47.764034 25.078461
17.900000 49.264034 24.558846
18.558846 49.264034 23.900000
18.200001 47.764034 25.078461
17.000000 47.764034 25.400000
17.000000 49.264034 24.799999
17.900000 49.264034 24.558846
17.000000 47.764034 25.400000
15.800000 47.764034 25.078461
16.100000 49.264034 24.558846
17.000000 49.264034 24.799999
15.800000 47.764034 25.078461
14.921539 47.764034 24.200001
15.441154 49.264034 23.900000
16.100000 49.264034 24.558846
14.921539 47.764034 24.200001
14.600000 47.764034 23.000000
15.200000 49.264034 23.000000
15.441154 49.264034 23.900000
53.599998 39.725298 42.000000
53.921539 39.725298 43.200001
54.799999 39.725298 44.078461
56.000000 39.725298 44.400002
57.200001 39.725298 44.078461
58.078461 39.725298 43.200001
58.400002 39.725298 42.000000
58.078461 39.725298 40.799999
57.200001 39.725298 39.921539
56.000000 39.725298 39.599998
54.799999 39.725298 39.921539
53.921539 39.725298 40.799999
54.441154 41.225298 42.900002
54.200001 41.225298 42.000000
54.441154 41.225298 41.099998
55.099998 41.225298 40.441154
56.000000 41.225298 40.200001
56.900002 41.225298 40.441154
57.558846 41.225298 41.099998
57.799999 41.225298 42.000000
57.558846 41.225298 42.900002
56.900002 41.225298 43.558846
56.000000 41.225298 43.799999
55.099998 41.225298 43.558846
53.599998 39.725298 42.000000
53.921539 39.725298 40.799999
54.441154 41.225298 41.099998
54.200001 41.225298 42.000000
53.921539 39.725298 40.799999
54.799999 39.725298 39.921539
55.099998 41.225298 40.441154
54.441154 41.225298 41.099998
54.799999 39.725298 39.921539
56.000000 39.725298 39.599998
56.000000 41.225298 40.200001
55.099998 41.225298 40.441154
56.000000 39.725298 39.599998
57.200001 39.725298 39.921539
56.900002 41.225298 40.441154
56.000000 41.225298 40.200001
57.200001 39.725298 39.921539
58.078461 39.725298 40.799999
57.558846 41.225298 41.099998
56.900002 41.225298 40.441154
58.078461 39.725298 40.799999
58.400002 39.725298 42.000000
57.799999 41.225298 42.000000
57.558846 41.225298 41.099998
58.400002 39.725298 42.000000
58.078461 39.725298 43.200001
57.558846 41.225298 42.900002
57.799999 41.225298 42.000000
58.078461 39.725298 43.200001
57.200001 39.725298 44.078461
56.900002 41.225298 43.558846
57.558846 41.225298 42.900002
57.200001 39.725298 44.078461
56.000000 39.725298 44.400002
56.000000 41.225298 43.799999
56.900002 41.225298 43.558846
56.000000 39.725298 44.400002
54.799999 39.725298 44.078461
55.099998 41.225298 43.558846
56.000000 41.225298 43.799999
54.799999 39.725298 44.078461
53.921539 39.725298 43.200001
54.441154 41.225298 42.900002
55.099998 41.225298 43.558846
53.921539 39.725298 43.200001
53.599998 39.725298 42.000000
54.200001 41.225298 42.000000
54.441154 41.225298 42.900002
-56.400002 41.533548 35.000000
-56.078461 41.533548 36.200001
-55.200001 41.533548 37.078461
-54.000000 41.533548 37.400002
-52.799999 41.533548 37.078461
-51.921539 41.533548 36.200001
-51.599998 41.533548 35.000000
-51.921539 41.533548 33.799999
-52.799999 41.533548 32.921539
-54.000000 41.533548 32.599998
-55.200001 41.533548 32.921539
-56.078461 41.533548 33.799999
-55.558846 43.033548 35.900002
-55.799999 43.033548 35.000000
-55.558846 43.033548 34.099998
-54.900002 43.033548 33.441154
-54.000000 43.033548 33.200001
-53.099998 43.033548 33.441154
-52.441154 43.033548 34.099998
-52.200001 43.033548 35.000000
-52.441154 43.033548 35.900002
-53.099998 43.033548 36.558846
-54.000000 43.033548 36.799999
-54.900002 43.033548 36.558846
-56.400002 41.533548 35.000000
-56.078461 41.533548 33.799999
-55.558846 43.033548 34.099998
-55.799999 43.033548 35.000000
-56.078461 41.533548 33.799999
-55.200001 41.533548 32.921539
-54.900002 43.033548 33.441154
-55.558846 43.033548 34.099998
-55.200001 41.533548 32.921539
-54.000000 41.533548 32.599998
-54.000000 43.033548 33.200001
-54.900002 43.033548 33.441154
-54.000000 41.533548 32.599998
-52.799999 41.533548 32.921539
-53.099998 43.033548 33.441154
-54.000000 43.033548 33.200001
-52.799999 41.533548 32.921539
-51.921539 41.533548 33.799999
-52.441154 43.033548 34.099998
-53.099998 43.033548 33.441154
-51.921539 41.533548 33.799999
-51.599998 41.533548 35.000000
-52.200001 43.033548 35.000000
-52.441154 43.033548 34.099998
-51.599998 41.533548 35.000000
-51.921539 41.533548 36.200001
-52.441154 43.033548 35.900002
-52.200001 43.033548 35.000000
-51.921539 41.533548 36.200001
-52.799999 41.533548 37.078461
-53.099998 43.033548 36.558846
-52.441154 43.033548 35.900002
-52.799999 41.533548 37.078461
-54.000000 41.533548 37.400002
-54.000000 43.033548 36.799999
-53.099998 43.033548 36.558846
-54.000000 41.533548 37.400002
-55.200001 41.533548 37.078461
-54.900002 43.033548 36.558846
-54.000000 43.033548 36.799999
-55.200001 41.533548 37.078461
-56.078461 41.533548 36.200001
-55.558846 43.033548 35.900002
-54.900002 43.033548 36.558846
-56.078461 41.533548 36.200001
-56.400002 41.533548 35.000000
-55.799999 43.033548 35.000000
-55.558846 43.033548 35.900002
75.599998 40.549999 -54.000000
75.921539 40.549999 -52.799999
76.800003 40.549999 -51.921539
78.000000 40.549999 -51.599998
79.199997 40.549999 -51.921539
80.078461 40.549999 -52.799999
80.400002 40.549999 -54.000000
80.078461 40.549999 -55.200001
79.199997 40.549999 -56.078461
78.000000 40.549999 -56.400002
76.800003 40.549999 -56.078461
75.921539 40.549999 -55.200001
76.441154 42.049999 -53.099998
76.199997 42.049999 -54.000000
76.441154 42.049999 -54.900002
77.099998 42.049999 -55.558846
78.000000 42.049999 -55.799999
78.900002 42.049999 -55.558846
79.558846 42.049999 -54.900002
79.800003 42.049999 -54.000000
79.558846 42.049999 -53.099998
78.900002 42.049999 -52.441154
78.000000 42.049999 -52.200001
77.099998 42.049999 -52.441154
75.599998 40.549999 -54.000000
75.921539 40.549999 -55.200001
76.441154 42.049999 -54.900002
76.199997 42.049999 -54.000000
75.921539 40.549999 -55.200001
76.800003 40.549999 -56.078461
77.099998 42.049999 -55.558846
76.441154 42.049999 -54.900002
76.800003 40.549999 -56.078461
78.000000 40.549999 -56.400002
78.000000 42.049999 -55.799999
77.099998 42.049999 -55.558846
78.000000 40.549999 -56.400002
79.199997 40.549999 -56.078461
78.900002 42.049999 -55.558846
78.000000 42.049999 -55.799999
79.199997 40.549999 -56.078461
80.078461 40.549999 -55.200001
79.558846 42.049999 -54.900002
78.900002 42.049999 -55.558846
80.078461 40.549999 -55.200001
80.400002 40.549999 -54.000000
79.800003 42.049999 -54.000000
79.558846 42.049999 -54.900002
80.400002 40.549999 -54.000000
80.078461 40.549999 -52.799999
79.558846 42.049999 -53.099998
79.800003 42.049999 -54.000000
80.078461 40.549999 -52.799999
79.199997 40.549999 -51.921539
78.900002 42.049999 -52.441154
79.558846 42.049999 -53.099998
79.199997 40.549999 -51.921539
78.000000 40.549999 -51.599998
78.000000 42.049999 -52.200001
78.900002 42.049999 -52.441154
78.000000 40.549999 -51.599998
76.800003 40.549999 -51.921539
77.099998 42.049999 -52.441154
78.000000 42.049999 -52.200001
76.800003 40.549999 -51.921539
75.921539 40.549999 -52.799999
76.441154 42.049999 -53.099998
77.099998 42.049999 -52.441154
75.921539 40.549999 -52.799999
75.599998 40.549999 -54.000000
76.199997 42.049999 -54.000000
76.441154 42.049999 -53.099998
-100.400002 39.350000 -62.000000
-100.078461 39.350000 -60.799999
-99.199997 39.350000 -59.921539
-98.000000 39.350000 -59.599998
-96.800003 39.350000 -59.921539
-95.921539 39.350000 -60.799999
-95.599998 39.350000 -62.000000
-95.921539 39.350000 -63.200001
-96.800003 39.350000 -64.078461
-98.000000 39.350000 -64.400002
-99.199997 39.350000 -64.078461
-100.078461 39.350000 -63.200001
-99.558846 40.850000 -61.099998
-99.800003 40.850000 -62.000000
-99.558846 40.850000 -62.900002
-98.900002 40.850000 -63.558846
-98.000000 40.850000 -63.799999
-97.099998 40.850000 -63.558846
-96.441154 40.850000 -62.900002
-96.199997 40.850000 -62.000000
-96.441154 40.850000 -61.099998
-97.099998 40.850000 -60.441154
-98.000000 40.850000 -60.200001
-98.900002 40.850000 -60.441154
-100.400002 39.350000 -62.000000
-100.078461 39.350000 -63.200001
-99.558846 40.850000 -62.900002
-99.800003 40.850000 -62.000000
-100.078461 39.350000 -63.200001
-99.199997 39.350000 -64.078461
-98.900002 40.850000 -63.558846
-99.558846 40.850000 -62.900002
-99.199997 39.350000 -64.078461
-98.000000 39.350000 -64.400002
-98.000000 40.850000 -63.799999
-98.900002 40.850000 -63.558846
-98.000000 39.350000 -64.400002
-96.800003 39.350000 -64.078461
-97.099998 40.850000 -63.558846
-98.000000 40.850000 -63.799999
-96.800003 39.350000 -64.078461
-95.921539 39.350000 -63.200001
-96.441154 40.850000 -62.900002
-97.099998 40.850000 -63.558846
-95.921539 39.350000 -63.200001
-95.599998 39.350000 -62.000000
-96.199997 40.850000 -62.000000
-96.441154 40.850000 -62.900002
-95.599998 39.350000 -62.000000
-95.921539 39.350000 -60.799999
-96.441154 40.850000 -61.099998
-96.199997 40.850000 -62.000000
-95.921539 39.350000 -60.799999
-96.800003 39.350000 -59.921539
-97.099998 40.850000 -60.441154
-96.441154 40.850000 -61.099998
-96.800003 39.350000 -59.921539
-98.000000 39.350000 -59.599998
-98.000000 40.850000 -60.200001
-97.099998 40.850000 -60.441154
-98.000000 39.350000 -59.599998
-99.199997 39.350000 -59.921539
-98.900002 40.850000 -60.441154
-98.000000 40.850000 -60.200001
-99.199997 39.350000 -59.921539
-100.078461 39.350000 -60.799999
-99.558846 40.850000 -61.099998
-98.900002 40.850000 -60.441154
-100.078461 39.350000 -60.799999
-100.400002 39.350000 -62.000000
-99.800003 40.850000 -62.000000
-99.558846 40.850000 -61.099998
-76.550003 8.902369 -10.000000
-76.476311 8.902369 -9.725000
-76.275002 8.902369 -9.523686
-76.000000 8.902369 -9.450000
-75.724998 8.902369 -9.523686
-75.523689 8.902369 -9.725000
-75.449997 8.902369 -10.000000
-75.523689 8.902369 -10.275000
-75.724998 8.902369 -10.476314
-76.000000 8.902369 -10.550000
-76.275002 8.902369 -10.476314
-76.476311 8.902369 -10.275000
-76.476311 17.402369 -9.725000
-76.550003 17.402369 -10.000000
-76.476311 17.402369 -10.275000
-76.275002 17.402369 -10.476314
-76.000000 17.402369 -10.550000
-75.724998 17.402369 -10.476314
-75.523689 17.402369 -10.275000
-75.449997 17.402369 -10.000000
-75.523689 17.402369 -9.725000
-75.724998 17.402369 -9.523686
-76.000000 17.402369 -9.450000
-76.275002 17.402369 -9.523686
-76.550003 8.902369 -10.000000
-76.476311 8.902369 -10.275000
-76.476311 17.402369 -10.275000
-76.550003 17.402369 -10.000000
-76.476311 8.902369 -10.275000
-76.275002 8.902369 -10.476314
-76.275002 17.402369 -10.476314
-76.476311 17.402369 -10.275000
-76.275002 8.902369 -10.476314
-76.000000 8.902369 -10.550000
-76.000000 17.402369 -10.550000
-76.275002 17.402369 -10.476314
-76.000000 8.902369 -10.550000
-75.724998 8.902369 -10.476314
-75.724998 17.402369 -10.476314
-76.000000 17.402369 -10.550000
-75.724998 8.902369 -10.476314
-75.523689 8.902369 -10.275000
-75.523689 17.402369 -10.275000
-75.724998 17.402369 -10.476314
-75.523689 8.902369 -10.275000
-75.449997 8.902369 -10.000000
-75.449997 17.402369 -10.000000
-75.523689 17.402369 -10.275000
-75.449997 8.902369 -10.000000
-75.523689 8.902369 -9.725000
-75.523689 17.402369 -9.725000
-75.449997 17.402369 -10.000000
-75.523689 8.902369 -9.725000
-75.724998 8.902369 -9.523686
-75.724998 17.402369 -9.523686
-75.523689 17.402369 -9.725000
-75.724998 8.902369 -9.523686
-76.000000 8.902369 -9.450000
-76.000000 17.402369 -9.450000
-75.724998 17.402369 -9.523686
-76.000000 8.902369 -9.450000
-76.275002 8.902369 -9.523686
-76.275002 17.402369 -9.523686
-76.000000 17.402369 -9.450000
-76.275002 8.902369 -9.523686
-76.476311 8.902369 -9.725000
-76.476311 17.402369 -9.725000
-76.275002 17.402369 -9.523686
-76.476311 8.902369 -9.725000
-76.550003 8.902369 -10.000000
-76.550003 17.402369 -10.000000
-76.476311 17.402369 -9.725000
-75.904556 9.355661 -12.084628
-86.884544 12.016872 -18.072092
-86.861824 11.812668 -18.196125
-75.885078 9.152369 -12.210695
-76.019478 9.355661 -11.873934
-87.022720 12.023407 -17.875967
-76.114922 9.152369 -11.789305
-87.138176 11.825737 -17.803875
-76.095444 8.949076 -11.915372
-87.115456 11.621532 -17.927908
-75.980522 8.949076 -12.126066
-86.977280 11.614998 -18.124033
-99.839066 17.483204 -30.007204
-99.775734 17.261346 -30.073296
-100.063332 17.527161 -29.933910
-100.224266 17.349260 -29.926704
-100.160934 17.127402 -29.992796
-99.936668 17.083445 -30.066090
-95.838303 18.370176 -45.950058
-95.774040 18.138960 -45.946922
-96.064262 18.431216 -46.003136
-96.225960 18.261040 -46.053078
-96.161697 18.029824 -46.049942
-95.935738 17.968784 -45.996864
31.120001 33.200001 -67.000000
31.084852 33.200001 -67.084854
31.000000 33.200001 -67.120003
30.915148 33.200001 -67.084854
30.879999 33.200001 -67.000000
30.915148 33.200001 -66.915146
31.000000 33.200001 -66.879997
31.084852 33.200001 -66.915146
31.084852 37.200001 -67.084854
31.120001 37.200001 -67.000000
31.084852 37.200001 -66.915146
31.000000 37.200001 -66.879997
30.915148 37.200001 -66.915146
30.879999 37.200001 -67.000000
30.915148 37.200001 -67.084854
31.000000 37.200001 -67.120003
31.120001 33.200001 -67.000000
31.084852 33.200001 -66.915146
31.084852 37.200001 -66.915146
31.120001 37.200001 -67.000000
31.084852 33.200001 -66.915146
31.000000 33.200001 -66.879997
31.000000 37.200001 -66.879997
31.084852 37.200001 -66.915146
31.000000 33.200001 -66.879997
30.915148 33.200001 -66.915146
30.915148 37.200001 -66.915146
31.000000 37.200001 -66.879997
30.915148 33.200001 -66.915146
30.879999 33.200001 -67.000000
30.879999 37.200001 -67.000000
30.915148 37.200001 -66.915146
30.879999 33.200001 -67.000000
30.915148 33.200001 -67.084854
30.915148 37.200001 -67.084854
30.879999 37.200001 -67.000000
30.915148 33.200001 -67.084854
31.000000 33.200001 -67.120003
31.000000 37.200001 -67.120003
30.915148 37.200001 -67.084854
31.000000 33.200001 -67.120003
31.084852 33.200001 -67.084854
31.084852 37.200001 -67.084854
31.000000 37.200001 -67.120003
31.084852 33.200001 -67.084854
31.120001 33.200001 -67.000000
31.120001 37.200001 -67.000000
31.084852 37.200001 -67.084854
67.389999 17.000000 59.200001
67.389999 17.066987 59.450001
67.389999 17.250000 59.633015
67.389999 17.500000 59.700001
67.389999 17.750000 59.633015
67.389999 17.933013 59.450001
67.389999 18.000000 59.200001
67.389999 17.933013 58.950001
67.389999 17.750000 58.766987
67.389999 17.500000 58.700001
67.389999 17.250000 58.766987
67.389999 17.066987 58.950001
67.289993 17.066987 59.450001
67.289993 17.000000 59.200001
67.289993 17.066987 58.950001
67.289993 17.250000 58.766987
67.289993 17.500000 58.700001
67.289993 17.750000 58.766987
67.289993 17.933013 58.950001
67.289993 18.000000 59.200001
67.289993 17.933013 59.450001
67.289993 17.750000 59.633015
67.289993 17.500000 59.700001
67.289993 17.250000 59.633015
67.389999 17.000000 59.200001
67.389999 17.066987 58.950001
67.289993 17.066987 58.950001
67.289993 17.000000 59.200001
67.389999 17.066987 58.950001
67.389999 17.250000 58.766987
67.289993 17.250000 58.766987
67.289993 17.066987 58.950001
67.389999 17.250000 58.766987
67.389999 17.500000 58.700001
67.289993 17.500000 58.700001
67.289993 17.250000 58.766987
67.389999 17.500000 58.700001
67.389999 17.750000 58.766987
67.289993 17.750000 58.766987
67.289993 17.500000 58.700001
67.389999 17.750000 58.766987
67.389999 17.933013 58.950001
67.289993 17.933013 58.950001
67.289993 17.750000 58.766987
67.389999 17.933013 58.950001
67.389999 18.000000 59.200001
67.289993 18.000000 59.200001
67.289993 17.933013 58.950001
67.389999 18.000000 59.200001
67.389999 17.933013 59.450001
67.289993 17.933013 59.450001
67.289993 18.000000 59.200001
67.389999 17.933013 59.450001
67.389999 17.750000 59.633015
67.289993 17.750000 59.633015
67.289993 17.933013 59.450001
67.389999 17.750000 59.633015
67.389999 17.500000 59.700001
67.289993 17.500000 59.700001
67.289993 17.750000 59.633015
67.389999 17.500000 59.700001
67.389999 17.250000 59.633015
67.289993 17.250000 59.633015
67.289993 17.500000 59.700001
67.389999 17.250000 59.633015
67.389999 17.066987 59.450001
67.289993 17.066987 59.450001
67.289993 17.250000 59.633015
67.389999 17.066987 59.450001
67.389999 17.000000 59.200001
67.289993 17.000000 59.200001
67.289993 17.066987 59.450001
67.389999 17.000000 57.000000
67.389999 17.066987 57.250000
67.389999 17.250000 57.433014
67.389999 17.500000 57.500000
67.389999 17.750000 57.433014
67.389999 17.933013 57.250000
67.389999 18.000000 57.000000
67.389999 17.933013 56.750000
67.389999 17.750000 56.566986
67.389999 17.500000 56.500000
67.389999 17.250000 56.566986
67.389999 17.066987 56.750000
67.289993 17.066987 57.250000
67.289993 17.000000 57.000000
67.289993 17.066987 56.750000
67.289993 17.250000 56.566986
67.289993 17.500000 56.500000
67.289993 17.750000 56.566986
67.289993 17.933013 56.750000
67.289993 18.000000 57.000000
67.289993 17.933013 57.250000
67.289993 17.750000 57.433014
67.289993 17.500000 57.500000
67.289993 17.250000 57.433014
67.389999 17.000000 57.000000
67.389999 17.066987 56.750000
67.289993 17.066987 56.750000
67.289993 17.000000 57.000000
67.389999 17.066987 56.750000
67.389999 17.250000 56.566986
67.289993 17.250000 56.566986
67.289993 17.066987 56.750000
67.389999 17.250000 56.566986
67.389999 17.500000 56.500000
67.289993 17.500000 56.500000
67.289993 17.250000 56.566986
67.389999 17.500000 56.500000
67.389999 17.750000 56.566986
67.289993 17.750000 56.566986
67.289993 17.500000 56.500000
67.389999 17.750000 56.566986
67.389999 17.933013 56.750000
67.289993 17.933013 56.750000
67.289993 17.750000 56.566986
67.389999 17.933013 56.750000
67.389999 18.000000 57.000000
67.289993 18.000000 57.000000
67.289993 17.933013 56.750000
67.389999 18.000000 57.000000
67.389999 17.933013 57.250000
67.289993 17.933013 57.250000
67.289993 18.000000 57.000000
67.389999 17.933013 57.250000
67.389999 17.750000 57.433014
67.289993 17.750000 57.433014
67.289993 17.933013 57.250000
67.389999 17.750000 57.433014
67.389999 17.500000 57.500000
67.289993 17.500000 57.500000
67.289993 17.750000 57.433014
67.389999 17.500000 57.500000
67.389999 17.250000 57.433014
67.289993 17.250000 57.433014
67.289993 17.500000 57.500000
67.389999 17.250000 57.433014
67.389999 17.066987 57.250000
67.289993 17.066987 57.250000
67.289993 17.250000 57.433014
67.389999 17.066987 57.250000
67.389999 17.000000 57.000000
67.289993 17.000000 57.000000
67.289993 17.066987 57.250000
67.389999 17.000000 54.799999
67.389999 17.066987 55.049999
67.389999 17.250000 55.233013
67.389999 17.500000 55.299999
67.389999 17.750000 55.233013
67.389999 17.933013 55.049999
67.389999 18.000000 54.799999
67.389999 17.933013 54.549999
67.389999 17.750000 54.366985
67.389999 17.500000 54.299999
67.389999 17.250000 54.366985
67.389999 17.066987 54.549999
67.289993 17.066987 55.049999
67.289993 17.000000 54.799999
67.289993 17.066987 54.549999
67.289993 17.250000 54.366985
67.289993 17.500000 54.299999
67.289993 17.750000 54.366985
67.289993 17.933013 54.549999
67.289993 18.000000 54.799999
67.289993 17.933013 55.049999
67.289993 17.750000 55.233013
67.289993 17.500000 55.299999
67.289993 17.250000 55.233013
67.389999 17.000000 54.799999
67.389999 17.066987 54.549999
67.289993 17.066987 54.549999
67.289993 17.000000 54.799999
67.389999 17.066987 54.549999
67.389999 17.250000 54.366985
67.289993 17.250000 54.366985
67.289993 17.066987 54.549999
67.389999 17.250000 54.366985
67.389999 17.500000 54.299999
67.289993 17.500000 54.299999
67.289993 17.250000 54.366985
67.389999 17.500000 54.299999
67.389999 17.750000 54.366985
67.289993 17.750000 54.366985
67.289993 17.500000 54.299999
67.389999 17.750000 54.366985
67.389999 17.933013 54.549999
67.289993 17.933013 54.549999
67.289993 17.750000 54.366985
67.389999 17.933013 54.549999
67.389999 18.000000 54.799999
67.289993 18.000000 54.799999
67.289993 17.933013 54.549999
67.389999 18.000000 54.799999
67.389999 17.933013 55.049999
67.289993 17.933013 55.049999
67.289993 18.000000 54.799999
67.389999 17.933013 55.049999
67.389999 17.750000 55.233013
67.289993 17.750000 55.233013
67.289993 17.933013 55.049999
67.389999 17.750000 55.233013
67.389999 17.500000 55.299999
67.289993 17.500000 55.299999
67.289993 17.750000 55.233013
67.389999 17.500000 55.299999
67.389999 17.250000 55.233013
67.289993 17.250000 55.233013
67.289993 17.500000 55.299999
67.389999 17.250000 55.233013
67.389999 17.066987 55.049999
67.289993 17.066987 55.049999
67.289993 17.250000 55.233013
67.389999 17.066987 55.049999
67.389999 17.000000 54.799999
67.289993 17.000000 54.799999
67.289993 17.066987 55.049999
62.709999 17.000000 59.200001
62.709999 17.066987 59.450001
62.709999 17.250000 59.633015
62.709999 17.500000 59.700001
62.709999 17.750000 59.633015
62.709999 17.933013 59.450001
62.709999 18.000000 59.200001
62.709999 17.933013 58.950001
62.709999 17.750000 58.766987
62.709999 17.500000 58.700001
62.709999 17.250000 58.766987
62.709999 17.066987 58.950001
62.610001 17.066987 59.450001
62.610001 17.000000 59.200001
62.610001 17.066987 58.950001
62.610001 17.250000 58.766987
62.610001 17.500000 58.700001
62.610001 17.750000 58.766987
62.610001 17.933013 58.950001
62.610001 18.000000 59.200001
62.610001 17.933013 59.450001
62.610001 17.750000 59.633015
62.610001 17.500000 59.700001
62.610001 17.250000 59.633015
62.709999 17.000000 59.200001
62.709999 17.066987 58.950001
62.610001 17.066987 58.950001
62.610001 17.000000 59.200001
62.709999 17.066987 58.950001
62.709999 17.250000 58.766987
62.610001 17.250000 58.766987
62.610001 17.066987 58.950001
62.709999 17.250000 58.766987
62.709999 17.500000 58.700001
62.610001 17.500000 58.700001
62.610001 17.250000 58.766987
62.709999 17.500000 58.700001
62.709999 17.750000 58.766987
62.610001 17.750000 58.766987
62.610001 17.500000 58.700001
62.709999 17.750000 58.766987
62.709999 17.933013 58.950001
62.610001 17.933013 58.950001
62.610001 17.750000 58.766987
62.709999 17.933013 58.950001
62.709999 18.000000 59.200001
62.610001 18.000000 59.200001
62.610001 17.933013 58.950001
62.709999 18.000000 59.200001
62.709999 17.933013 59.450001
62.610001 17.933013 59.450001
62.610001 18.000000 59.200001
62.709999 17.933013 59.450001
62.709999 17.750000 59.633015
62.610001 17.750000 59.633015
62.610001 17.933013 59.450001
62.709999 17.750000 59.633015
62.709999 17.500000 59.700001
62.610001 17.500000 59.700001
62.610001 17.750000 59.633015
62.709999 17.500000 59.700001
62.709999 17.250000 59.633015
62.610001 17.250000 59.633015
62.610001 17.500000 59.700001
62.709999 17.250000 59.633015
62.709999 17.066987 59.450001
62.610001 17.066987 59.450001
62.610001 17.250000 59.633015
62.709999 17.066987 59.450001
62.709999 17.000000 59.200001
62.610001 17.000000 59.200001
62.610001 17.066987 59.450001
62.709999 17.000000 57.000000
62.709999 17.066987 57.250000
62.709999 17.250000 57.433014
62.709999 17.500000 57.500000
62.709999 17.750000 57.433014
62.709999 17.933013 57.250000
62.709999 18.000000 57.000000
62.709999 17.933013 56.750000
62.709999 17.750000 56.566986
62.709999 17.500000 56.500000
62.709999 17.250000 56.566986
62.709999 17.066987 56.750000
62.610001 17.066987 57.250000
62.610001 17.000000 57.000000
62.610001 17.066987 56.750000
62.610001 17.250000 56.566986
62.610001 17.500000 56.500000
62.610001 17.750000 56.566986
62.610001 17.933013 56.750000
62.610001 18.000000 57.000000
62.610001 17.933013 57.250000
62.610001 17.750000 57.433014
62.610001 17.500000 57.500000
62.610001 17.250000 57.433014
62.709999 17.000000 57.000000
62.709999 17.066987 56.750000
62.610001 17.066987 56.750000
62.610001 17.000000 57.000000
62.709999 17.066987 56.750000
62.709999 17.250000 56.566986
62.610001 17.250000 56.566986
62.610001 17.066987 56.750000
62.709999 17.250000 56.566986
62.709999 17.500000 56.500000
62.610001 17.500000 56.500000
62.610001 17.250000 56.566986
62.709999 17.500000 56.500000
62.709999 17.750000 56.566986
62.610001 17.750000 56.566986
62.610001 17.500000 56.500000
62.709999 17.750000 56.566986
62.709999 17.933013 56.750000
62.610001 17.933013 56.750000
62.610001 17.750000 56.566986
62.709999 17.933013 56.750000
62.709999 18.000000 57.000000
62.610001 18.000000 57.000000
62.610001 17.933013 56.750000
62.709999 18.000000 57.000000
62.709999 17.933013 57.250000
62.610001 17.933013 57.250000
62.610001 18.000000 57.000000
62.709999 17.933013 57.250000
62.709999 17.750000 57.433014
62.610001 17.750000 57.433014
62.610001 17.933013 57.250000
62.709999 17.750000 57.433014
62.709999 17.500000 57.500000
62.610001 17.500000 57.500000
62.610001 17.750000 57.433014
62.709999 17.500000 57.500000
62.709999 17.250000 57.433014
62.610001 17.250000 57.433014
62.610001 17.500000 57.500000
62.709999 17.250000 57.433014
62.709999 17.066987 57.250000
62.610001 17.066987 57.250000
62.610001 17.250000 57.433014
62.709999 17.066987 57.250000
62.709999 17.000000 57.000000
62.610001 17.000000 57.000000
62.610001 17.066987 57.250000
62.709999 17.000000 54.799999
62.709999 17.066987 55.049999
62.709999 17.250000 55.233013
62.709999 17.500000 55.299999
62.709999 17.750000 55.233013
62.709999 17.933013 55.049999
62.709999 18.000000 54.799999
62.709999 17.933013 54.549999
62.709999 17.750000 54.366985
62.709999 17.500000 54.299999
62.709999 17.250000 54.366985
62.709999 17.066987 54.549999
62.610001 17.066987 55.049999
62.610001 17.000000 54.799999
62.610001 17.066987 54.549999
62.610001 17.250000 54.366985
62.610001 17.500000 54.299999
62.610001 17.750000 54.366985
62.610001 17.933013 54.549999
62.610001 18.000000 54.799999
62.610001 17.933013 55.049999
62.610001 17.750000 55.233013
62.610001 17.500000 55.299999
62.610001 17.250000 55.233013
62.709999 17.000000 54.799999
62.709999 17.066987 54.549999
62.610001 17.066987 54.549999
62.610001 17.000000 54.799999
62.709999 17.066987 54.549999
62.709999 17.250000 54.366985
62.610001 17.250000 54.366985
62.610001 17.066987 54.549999
62.709999 17.250000 54.366985
62.709999 17.500000 54.299999
62.610001 17.500000 54.299999
62.610001 17.250000 54.366985
62.709999 17.500000 54.299999
62.709999 17.750000 54.366985
62.610001 17.750000 54.366985
62.610001 17.500000 54.299999
62.709999 17.750000 54.366985
62.709999 17.933013 54.549999
62.610001 17.933013 54.549999
62.610001 17.750000 54.366985
62.709999 17.933013 54.549999
62.709999 18.000000 54.799999
62.610001 18.000000 54.799999
62.610001 17.933013 54.549999
62.709999 18.000000 54.799999
62.709999 17.933013 55.049999
62.610001 17.933013 55.049999
62.610001 18.000000 54.799999
62.709999 17.933013 55.049999
62.709999 17.750000 55.233013
62.610001 17.750000 55.233013
62.610001 17.933013 55.049999
62.709999 17.750000 55.233013
62.709999 17.500000 55.299999
62.610001 17.500000 55.299999
62.610001 17.750000 55.233013
62.709999 17.500000 55.299999
62.709999 17.250000 55.233013
62.610001 17.250000 55.233013
62.610001 17.500000 55.299999
62.709999 17.250000 55.233013
62.709999 17.066987 55.049999
62.610001 17.066987 55.049999
62.610001 17.250000 55.233013
62.709999 17.066987 55.049999
62.709999 17.000000 54.799999
62.610001 17.000000 54.799999
62.610001 17.066987 55.049999
-24.299999 23.134742 -82.000000
-24.259808 23.134742 -81.849998
-24.150000 23.134742 -81.740189
-24.000000 23.134742 -81.699997
-23.850000 23.134742 -81.740189
-23.740192 23.134742 -81.849998
-23.700001 23.134742 -82.000000
-23.740192 23.134742 -82.150002
-23.850000 23.134742 -82.259811
-24.000000 23.134742 -82.300003
-24.150000 23.134742 -82.259811
-24.259808 23.134742 -82.150002
-24.259808 23.784742 -81.849998
-24.299999 23.784742 -82.000000
-24.259808 23.784742 -82.150002
-24.150000 23.784742 -82.259811
-24.000000 23.784742 -82.300003
-23.850000 23.784742 -82.259811
-23.740192 23.784742 -82.150002
-23.700001 23.784742 -82.000000
-23.740192 23.784742 -81.849998
-23.850000 23.784742 -81.740189
-24.000000 23.784742 -81.699997
-24.150000 23.784742 -81.740189
-24.299999 23.134742 -82.000000
-24.259808 23.134742 -82.150002
-24.259808 23.784742 -82.150002
-24.299999 23.784742 -82.000000
-24.259808 23.134742 -82.150002
-24.150000 23.134742 -82.259811
-24.150000 23.784742 -82.259811
-24.259808 23.784742 -82.150002
-24.150000 23.134742 -82.259811
-24.000000 23.134742 -82.300003
-24.000000 23.784742 -82.300003
-24.150000 23.784742 -82.259811
-24.000000 23.134742 -82.300003
-23.850000 23.134742 -82.259811
-23.850000 23.784742 -82.259811
-24.000000 23.784742 -82.300003
-23.850000 23.134742 -82.259811
-23.740192 23.134742 -82.150002
-23.740192 23.784742 -82.150002
-23.850000 23.784742 -82.259811
-23.740192 23.134742 -82.150002
-23.700001 23.134742 -82.000000
-23.700001 23.784742 -82.000000
-23.740192 23.784742 -82.150002
-23.700001 23.134742 -82.000000
-23.740192 23.134742 -81.849998
-23.740192 23.784742 -81.849998
-23.700001 23.784742 -82.000000
-23.740192 23.134742 -81.849998
-23.850000 23.134742 -81.740189
-23.850000 23.784742 -81.740189
-23.740192 23.784742 -81.849998
-23.850000 23.134742 -81.740189
-24.000000 23.134742 -81.699997
-24.000000 23.784742 -81.699997
-23.850000 23.784742 -81.740189
-24.000000 23.134742 -81.699997
-24.150000 23.134742 -81.740189
-24.150000 23.784742 -81.740189
-24.000000 23.784742 -81.699997
-24.150000 23.134742 -81.740189
-24.259808 23.134742 -81.849998
-24.259808 23.784742 -81.849998
-24.150000 23.784742 -81.740189
-24.259808 23.134742 -81.849998
-24.299999 23.134742 -82.000000
-24.299999 23.784742 -82.000000
-24.259808 23.784742 -81.849998
-29.299999 23.144264 -82.000000
-29.259808 23.144264 -81.849998
-29.150000 23.144264 -81.740189
-29.000000 23.144264 -81.699997
-28.850000 23.144264 -81.740189
-28.740192 23.144264 -81.849998
-28.700001 23.144264 -82.000000
-28.740192 23.144264 -82.150002
-28.850000 23.144264 -82.259811
-29.000000 23.144264 -82.300003
-29.150000 23.144264 -82.259811
-29.259808 23.144264 -82.150002
-29.259808 23.794264 -81.849998
-29.299999 23.794264 -82.000000
-29.259808 23.794264 -82.150002
-29.150000 23.794264 -82.259811
-29.000000 23.794264 -82.300003
-28.850000 23.794264 -82.259811
-28.740192 23.794264 -82.150002
-28.700001 23.794264 -82.000000
-28.740192 23.794264 -81.849998
-28.850000 23.794264 -81.740189
-29.000000 23.794264 -81.699997
-29.150000 23.794264 -81.740189
-29.299999 23.144264 -82.000000
-29.259808 23.144264 -82.150002
-29.259808 23.794264 -82.150002
-29.299999 23.794264 -82.000000
-29.259808 23.144264 -82.150002
-29.150000 23.144264 -82.259811
-29.150000 23.794264 -82.259811
-29.259808 23.794264 -82.150002
-29.150000 23.144264 -82.259811
-29.000000 23.144264 -82.300003
-29.000000 23.794264 -82.300003
-29.150000 23.794264 -82.259811
-29.000000 23.144264 -82.300003
-28.850000 23.144264 -82.259811
-28.850000 23.794264 -82.259811
-29.000000 23.794264 -82.300003
-28.850000 23.144264 -82.259811
-28.740192 23.144264 -82.150002
-28.740192 23.794264 -82.150002
-28.850000 23.794264 -82.259811
-28.740192 23.144264 -82.150002
-28.700001 23.144264 -82.000000
-28.700001 23.794264 -82.000000
-28.740192 23.794264 -82.150002
-28.700001 23.144264 -82.000000
-28.740192 23.144264 -81.849998
-28.740192 23.794264 -81.849998
-28.700001 23.794264 -82.000000
-28.740192 23.144264 -81.849998
-28.850000 23.144264 -81.740189
-28.850000 23.794264 -81.740189
-28.740192 23.794264 -81.849998
-28.850000 23.144264 -81.740189
-29.000000 23.144264 -81.699997
-29.000000 23.794264 -81.699997
-28.850000 23.794264 -81.740189
-29.000000 23.144264 -81.699997
-29.150000 23.144264 -81.740189
-29.150000 23.794264 -81.740189
-29.000000 23.794264 -81.699997
-29.150000 23.144264 -81.740189
-29.259808 23.144264 -81.849998
-29.259808 23.794264 -81.849998
-29.150000 23.794264 -81.740189
-29.259808 23.144264 -81.849998
-29.299999 23.144264 -82.000000
-29.299999 23.794264 -82.000000
-29.259808 23.794264 -81.849998
-34.299999 23.155259 -82.000000
-34.259808 23.155259 -81.849998
-34.150002 23.155259 -81.740189
-34.000000 23.155259 -81.699997
-33.849998 23.155259 -81.740189
-33.740192 23.155259 -81.849998
-33.700001 23.155259 -82.000000
-33.740192 23.155259 -82.150002
-33.849998 23.155259 -82.259811
-34.000000 23.155259 -82.300003
-34.150002 23.155259 -82.259811
-34.259808 23.155259 -82.150002
-34.259808 23.805258 -81.849998
-34.299999 23.805258 -82.000000
-34.259808 23.805258 -82.150002
-34.150002 23.805258 -82.259811
-34.000000 23.805258 -82.300003
-33.849998 23.805258 -82.259811
-33.740192 23.805258 -82.150002
-33.700001 23.805258 -82.000000
-33.740192 23.805258 -81.849998
-33.849998 23.805258 -81.740189
-34.000000 23.805258 -81.699997
-34.150002 23.805258 -81.740189
-34.299999 23.155259 -82.000000
-34.259808 23.155259 -82.150002
-34.259808 23.805258 -82.150002
-34.299999 23.805258 -82.000000
-34.259808 23.155259 -82.150002
-34.150002 23.155259 -82.259811
-34.150002 23.805258 -82.259811
-34.259808 23.805258 -82.150002
-34.150002 23.155259 -82.259811
-34.000000 23.155259 -82.300003
-34.000000 23.805258 -82.300003
-34.150002 23.805258 -82.259811
-34.000000 23.155259 -82.300003
-33.849998 23.155259 -82.259811
-33.849998 23.805258 -82.259811
-34.000000 23.805258 -82.300003
-33.849998 23.155259 -82.259811
-33.740192 23.155259 -82.150002
-33.740192 23.805258 -82.150002
-33.849998 23.805258 -82.259811
-33.740192 23.155259 -82.150002
-33.700001 23.155259 -82.000000
-33.700001 23.805258 -82.000000
-33.740192 23.805258 -82.150002
-33.700001 23.155259 -82.000000
-33.740192 23.155259 -81.849998
-33.740192 23.805258 -81.849998
-33.700001 23.805258 -82.000000
-33.740192 23.155259 -81.849998
-33.849998 23.155259 -81.740189
-33.849998 23.805258 -81.740189
-33.740192 23.805258 -81.849998
-33.849998 23.155259 -81.740189
-34.000000 23.155259 -81.699997
-34.000000 23.805258 -81.699997
-33.849998 23.805258 -81.740189
-34.000000 23.155259 -81.699997
-34.150002 23.155259 -81.740189
-34.150002 23.805258 -81.740189
-34.000000 23.805258 -81.699997
-34.150002 23.155259 -81.740189
-34.259808 23.155259 -81.849998
-34.259808 23.805258 -81.849998
-34.150002 23.805258 -81.740189
-34.259808 23.155259 -81.849998
-34.299999 23.155259 -82.000000
-34.299999 23.805258 -82.000000
-34.259808 23.805258 -81.849998
<Normals>: 4952
-0.000000 -1.000000 -0.000000
-0.000000 -1.000000 -0.000000
-0.000000 -1.000000 -0.000000
-0.000000 -1.000000 -0.000000
-0.000000 1.000000 -0.000000
-0.000000 1.000000 -0.000000
-0.000000 1.000000 -0.000000
-0.000000 1.000000 -0.000000
-0.000000 0.000000 1.000000
-0.000000 0.000000 1.000000
-0.000000 0.000000 1.000000
-0.000000 0.000000 1.000000
-0.000000 0.000000 -1.000000
-0.000000 0.000000 -1.000000
-0.000000 0.000000 -1.000000
-0.000000 0.000000 -1.000000
1.000000 0.000000 -0.000000
1.000000 0.000000 -0.000000
1.000000 0.000000 -0.000000
1.000000 0.000000 -0.000000
-1.000000 0.000000 -0.000000
-1.000000 0.000000 -0.000000
-1.000000 0.000000 -0.000000
-1.000000 0.000000 -0.000000
-0.000000 -1.000000 -0.000000
-0.000000 -1.000000 -0.000000
-0.000000 -1.000000 -0.000000
-0.000000 -1.000000 -0.000000
-0.000000 1.000000 -0.000000
-0.000000 1.000000 -0.000000
-0.000000 1.000000 -0.000000
-0.000000 1.000000 -0.000000
-0.000000 0.000000 1.000000
-0.000000 0.000000 1.000000
-0.000000 0.000000 1.000000
-0.000000 0.000000 1.000000
-0.000000 0.000000 -1.000000
-0.000000 0.000000 -1.000000
-0.000000 0.000000 -1.000000
-0.000000 0.000000 -1.000000
1.000000 0.000000 -0.000000
1.000000 0.000000 -0.000000
1.000000 0.000000 -0.000000
1.000000 0.000000 -0.000000
-1.000000 0.000000 -0.000000
-1.000000 0.000000 -0.000000
-1.000000 0.000000 -0.000000
-1.000000 0.000000 -0.000000
-0.000000 -1.000000 -0.000000
-0.000000 -1.000000 -0.000000
-0.000000 -1.000000 -0.000000
-0.000000 -1.000000 -0.000000
-0.000000 1.000000 -0.000000
-0.000000 1.000000 -0.000000
-0.000000 1.000000 -0.000000
-0.000000 1.000000 -0.000000
-0.000000 0.000000 1.000000
-0.000000 0.000000 1.000000
-0.000000 0.000000 1.000000
-0.000000 0.000000 1.000000
-0.000000 0.000000 -1.000000
-0.000000 0.000000 -1.000000
-0.000000 0.000000 -1.000000
-0.000000 0.000000 -1.000000
1.000000 0.000000 -0.000000
1.000000 0.000000 -0.000000
1.000000 0.000000 -0.000000
1.000000 0.000000 -0.000000
-1.000000 0.000000 -0.000000
-1.000000 0.000000 -0.000000
-1.000000 0.000000 -0.000000
-1.000000 0.000000 -0.000000
-0.000000 -1.000000 -0.000000
-0.000000 -1.000000 -0.000000
-0.000000 -1.000000 -0.000000
-0.000000 -1.000000 -0.000000
-0.000000 1.000000 -0.000000
-0.000000 1.000000 -0.000000
-0.000000 1.000000 -0.000000
-0.000000 1.000000 -0.000000
-0.000000 0.000000 1.000000
-0.000000 0.000000 1.000000
-0.000000 0.000000 1.000000
-0.000000 0.000000 1.000000
-0.000000 0.000000 -1.000000
-0.000000 0.000000 -1.000000
-0.000000 0.000000 -1.000000
-0.000000 0.000000 -1.000000
1.000000 0.000000 -0.000000
1.000000 0.000000 -0.000000
1.000000 0.000000 -0.000000
1.000000 0.000000 -0.000000
-1.000000 0.000000 -0.000000
-1.000000 0.000000 -0.000000
-1.000000 0.000000 -0.000000
-1.000000 0.000000 -0.000000
-0.000000 -1.000000 -0.000000
-0.000000 -1.000000 -0.000000
-0.000000 -1.000000 -0.000000
-0.000000 -1.000000 -0.000000
-0.000000 -1.000000 -0.000000
-0.000000 -1.000000 -0.000000
-0.000000 -1.000000 -0.000000
-0.000000 -1.000000 -0.000000
-0.000000 -1.000000 -0.000000
-0.000000 -1.000000 -0.000000
-0.000000 -1.000000 -0.000000
-0.000000 -1.000000 -0.000000
-0.000000 1.000000 -0.000000
-0.000000 1.000000 -0.000000
-0.000000 1.000000 -0.000000
-0.000000 1.000000 -0.000000
-0.000000 1.000000 -0.000000
-0.000000 1.000000 -0.000000
-0.000000 1.000000 -0.000000
-0.000000 1.000000 -0.000000
-0.000000 1.000000 -0.000000
-0.000000 1.000000 -0.000000
-0.000000 1.000000 -0.000000
-0.000000 1.000000 -0.000000
-0.812112 0.541408 -0.217605
-0.812112 0.541408 -0.217605
-0.812112 0.541408 -0.217605
-0.812112 0.541408 -0.217605
-0.594507 0.541408 -0.594507
-0.594507 0.541408 -0.594507
-0.594507 0.541408 -0.594507
-0.594507 0.541408 -0.594507
-0.217605 0.541408 -0.812112
-0.217605 0.541408 -0.812112
-0.217605 0.541408 -0.812112
-0.217605 0.541408 -0.812112
0.217605 0.541408 -0.812112
0.217605 0.541408 -0.812112
0.217605 0.541408 -0.812112
0.217605 0.541408 -0.812112
0.594507 0.541408 -0.594507
0.594507 0.541408 -0.594507
0.594507 0.541408 -0.594507
0.594507 0.541408 -0.594507
0.812112 0.541408 -0.217605
0.812112 0.541408 -0.217605
0.812112 0.541408 -0.217605
0.812112 0.541408 -0.217605
0.812112 0.541408 0.217605
0.812112 0.541408 0.217605
0.812112 0.541408 0.217605
0.812112 0.541408 0.217605
0.594507 0.541408 0.594507
0.594507 0.541408 0.594507
0.594507 0.541408 0.594507
0.594507 0.541408 0.594507
0.217605 0.541408 0.812112
0.217605 0.541408 0.812112
0.217605 0.541408 0.812112
0.217605 0.541408 0.812112
-0.217605 0.541408 0.812112
-0.217605 0.541408 0.812112
-0.217605 0.541408 0.812112
-0.217605 0.541408 0.812112
-0.594507 0.541408 0.594507
-0.594507 0.541408 0.594507
-0.594507 0.541408 0.594507
-0.594507 0.541408 0.594507
-0.812112 0.541408 0.217605
-0.812112 0.541408 0.217605
-0.812112 0.541408 0.217605
-0.812112 0.541408 0.217605
-0.865242 0.499549 -0.042507
-0.865242 0.499549 -0.042507
-0.865242 0.499549 -0.042507
-0.865242 0.499549 -0.042507
0.000000 1.000000 -0.000000
0.000000 1.000000 -0.000000
0.000000 1.000000 -0.000000
0.000000 1.000000 -0.000000
0.865243 0.499548 0.042506
0.865243 0.499548 0.042506
0.865243 0.499548 0.042506
0.865243 0.499548 0.042506
0.865243 -0.499548 0.042506
0.865243 -0.499548 0.042506
0.865243 -0.499548 0.042506
0.865243 -0.499548 0.042506
0.000000 -1.000000 -0.000000
0.000000 -1.000000 -0.000000
0.000000 -1.000000 -0.000000
0.000000 -1.000000 -0.000000
-0.865242 -0.499549 -0.042507
-0.865242 -0.499549 -0.042507
-0.865242 -0.499549 -0.042507
-0.865242 -0.499549 -0.042507
-0.856910 0.499548 -0.127111
-0.856910 0.499548 -0.127111
-0.856910 0.499548 -0.127111
-0.856910 0.499548 -0.127111
-0.000000 1.000000 -0.000000
-0.000000 1.000000 -0.000000
0.856910 0.499548 0.127110
0.856910 0.499548 0.127110
0.856910 0.499548 0.127110
0.856910 0.499548 0.127110
0.856910 -0.499548 0.127110
0.856910 -0.499548 0.127110
0.856910 -0.499548 0.127110
0.856910 -0.499548 0.127110
-0.000000 -1.000000 -0.000000
-0.000000 -1.000000 -0.000000
-0.856910 -0.499548 -0.127111
-0.856910 -0.499548 -0.127111
-0.856910 -0.499548 -0.127111
-0.856910 -0.499548 -0.127111
-0.840325 0.499548 -0.210490
-0.840325 0.499548 -0.210490
-0.840325 0.499548 -0.210490
-0.840325 0.499548 -0.210490
0.000000 1.000000 -0.000000
0.000000 1.000000 -0.000000
0.840325 0.499548 0.210491
0.840325 0.499548 0.210491
0.840325 0.499548 0.210491
0.840325 0.499548 0.210491
0.840325 -0.499548 0.210491
0.840325 -0.499548 0.210491
0.840325 -0.499548 0.210491
0.840325 -0.499548 0.210491
0.000000 -1.000000 -0.000000
0.000000 -1.000000 -0.000000
-0.840325 -0.499548 -0.210490
-0.840325 -0.499548 -0.210490
-0.840325 -0.499548 -0.210490
-0.840325 -0.499548 -0.210490
-0.815646 0.499549 -0.291843
-0.815646 0.499549 -0.291843
-0.815646 0.499549 -0.291843
-0.815646 0.499549 -0.291843
0.000000 1.000000 -0.000000
0.000000 1.000000 -0.000000
0.815647 0.499548 0.291843
0.815647 0.499548 0.291843
0.815647 0.499548 0.291843
0.815647 0.499548 0.291843
0.815647 -0.499548 0.291843
0.815647 -0.499548 0.291843
0.815647 -0.499548 0.291843
0.815647 -0.499548 0.291843
-0.000000 -1.000000 -0.000000
-0.000000 -1.000000 -0.000000
-0.815646 -0.499549 -0.291843
-0.815646 -0.499549 -0.291843
-0.815646 -0.499549 -0.291843
-0.815646 -0.499549 -0.291843
-0.783114 0.499548 -0.370385
-0.783114 0.499548 -0.370385
-0.783114 0.499548 -0.370385
-0.783114 0.499548 -0.370385
-0.000000 1.000000 -0.000000
-0.000000 1.000000 -0.000000
0.783113 0.499548 0.370385
0.783113 0.499548 0.370385
0.783113 0.499548 0.370385
0.783113 0.499548 0.370385
0.783113 -0.499548 0.370385
0.783113 -0.499548 0.370385
0.783113 -0.499548 0.370385
0.783113 -0.499548 0.370385
-0.000000 -1.000000 -0.000000
-0.000000 -1.000000 -0.000000
-0.783114 -0.499548 -0.370385
-0.783114 -0.499548 -0.370385
-0.783114 -0.499548 -0.370385
-0.783114 -0.499548 -0.370385
-0.743038 0.499548 -0.445361
-0.743038 0.499548 -0.445361
-0.743038 0.499548 -0.445361
-0.743038 0.499548 -0.445361
0.000000 1.000000 -0.000000
0.000000 1.000000 -0.000000
0.743038 0.499548 0.445360
0.743038 0.499548 0.445360
0.743038 0.499548 0.445360
0.743038 0.499548 0.445360
0.743038 -0.499548 0.445360
0.743038 -0.499548 0.445360
0.743038 -0.499548 0.445360
0.743038 -0.499548 0.445360
-0.000000 -1.000000 -0.000000
-0.000000 -1.000000 -0.000000
-0.743038 -0.499548 -0.445361
-0.743038 -0.499548 -0.445361
-0.743038 -0.499548 -0.445361
-0.743038 -0.499548 -0.445361
-0.695807 0.499549 -0.516046
-0.695807 0.499549 -0.516046
-0.695807 0.499549 -0.516046
-0.695807 0.499549 -0.516046
0.000000 1.000000 -0.000000
0.000000 1.000000 -0.000000
0.695808 0.499548 0.516046
0.695808 0.499548 0.516046
0.695808 0.499548 0.516046
0.695808 0.499548 0.516046
0.695808 -0.499548 0.516046
0.695808 -0.499548 0.516046
0.695808 -0.499548 0.516046
0.695808 -0.499548 0.516046
-0.000000 -1.000000 -0.000000
-0.000000 -1.000000 -0.000000
-0.695807 -0.499549 -0.516046
-0.695807 -0.499549 -0.516046
-0.695807 -0.499549 -0.516046
-0.695807 -0.499549 -0.516046
-0.641876 0.499547 -0.581762
-0.641876 0.499547 -0.581762
-0.641876 0.499547 -0.581762
-0.641876 0.499547 -0.581762
0.000000 1.000000 -0.000000
0.000000 1.000000 -0.000000
0.641876 0.499548 0.581762
0.641876 0.499548 0.581762
0.641876 0.499548 0.581762
0.641876 0.499548 0.581762
0.641876 -0.499548 0.581762
0.641876 -0.499548 0.581762
0.641876 -0.499548 0.581762
0.641876 -0.499548 0.581762
-0.000000 -1.000000 -0.000000
-0.000000 -1.000000 -0.000000
-0.641876 -0.499547 -0.581762
-0.641876 -0.499547 -0.581762
-0.641876 -0.499547 -0.581762
-0.641876 -0.499547 -0.581762
-0.581762 0.499549 -0.641876
-0.581762 0.499549 -0.641876
-0.581762 0.499549 -0.641876
-0.581762 0.499549 -0.641876
-0.000000 1.000000 -0.000000
-0.000000 1.000000 -0.000000
0.581762 0.499548 0.641876
0.581762 0.499548 0.641876
0.581762 0.499548 0.641876
0.581762 0.499548 0.641876
0.581761 -0.499549 0.641876
0.581761 -0.499549 0.641876
0.581761 -0.499549 0.641876
0.581761 -0.499549 0.641876
-0.000000 -1.000000 -0.000000
-0.000000 -1.000000 -0.000000
-0.581762 -0.499549 -0.641876
-0.581762 -0.499549 -0.641876
-0.581762 -0.499549 -0.641876
-0.581762 -0.499549 -0.641876
-0.516046 0.499547 -0.695808
-0.516046 0.499547 -0.695808
-0.516046 0.499547 -0.695808
-0.516046 0.499547 -0.695808
-0.000000 1.000000 -0.000000
-0.000000 1.000000 -0.000000
0.516047 0.499547 0.695808
0.516047 0.499547 0.695808
0.516047 0.499547 0.695808
0.516047 0.499547 0.695808
0.516046 -0.499547 0.695808
0.516046 -0.499547 0.695808
0.516046 -0.499547 0.695808
0.516046 -0.499547 0.695808
-0.000000 -1.000000 -0.000000
-0.000000 -1.000000 -0.000000
-0.516046 -0.499546 -0.695808
-0.516046 -0.499546 -0.695808
-0.516046 -0.499546 -0.695808
-0.516046 -0.499546 -0.695808
-0.445360 0.499549 -0.743038
-0.445360 0.499549 -0.743038
-0.445360 0.499549 -0.743038
-0.445360 0.499549 -0.743038
-0.000000 1.000000 -0.000000
-0.000000 1.000000 -0.000000
0.445360 0.499548 0.743039
0.445360 0.499548 0.743039
0.445360 0.499548 0.743039
0.445360 0.499548 0.743039
0.445360 -0.499548 0.743039
0.445360 -0.499548 0.743039
0.445360 -0.499548 0.743039
0.445360 -0.499548 0.743039
-0.000000 -1.000000 -0.000000
-0.000000 -1.000000 -0.000000
-0.445360 -0.499549 -0.743038
-0.445360 -0.499549 -0.743038
-0.445360 -0.499549 -0.743038
-0.445360 -0.499549 -0.743038
-0.370385 0.499549 -0.783113
-0.370385 0.499549 -0.783113
-0.370385 0.499549 -0.783113
-0.370385 0.499549 -0.783113
0.000000 1.000000 -0.000000
0.000000 1.000000 -0.000000
0.370385 0.499548 0.783113
0.370385 0.499548 0.783113
0.370385 0.499548 0.783113
0.370385 0.499548 0.783113
0.370385 -0.499548 0.783113
0.370385 -0.499548 0.783113
0.370385 -0.499548 0.783113
0.370385 -0.499548 0.783113
-0.000000 -1.000000 -0.000000
-0.000000 -1.000000 -0.000000
-0.370385 -0.499549 -0.783113
-0.370385 -0.499549 -0.783113
-0.370385 -0.499549 -0.783113
-0.370385 -0.499549 -0.783113
-0.291843 0.499549 -0.815646
-0.291843 0.499549 -0.815646
-0.291843 0.499549 -0.815646
-0.291843 0.499549 -0.815646
0.000000 1.000000 -0.000000
0.000000 1.000000 -0.000000
0.291843 0.499548 0.815647
0.291843 0.499548 0.815647
0.291843 0.499548 0.815647
0.291843 0.499548 0.815647
0.291843 -0.499548 0.815647
0.291843 -0.499548 0.815647
0.291843 -0.499548 0.815647
0.291843 -0.499548 0.815647
0.000000 -1.000000 -0.000000
0.000000 -1.000000 -0.000000
-0.291843 -0.499549 -0.815646
-0.291843 -0.499549 -0.815646
-0.291843 -0.499549 -0.815646
-0.291843 -0.499549 -0.815646
-0.210491 0.499547 -0.840325
-0.210491 0.499547 -0.840325
-0.210491 0.499547 -0.840325
-0.210491 0.499547 -0.840325
0.000000 1.000000 -0.000000
0.000000 1.000000 -0.000000
0.210490 0.499548 0.840325
0.210490 0.499548 0.840325
0.210490 0.499548 0.840325
0.210490 0.499548 0.840325
0.210490 -0.499548 0.840325
0.210490 -0.499548 0.840325
0.210490 -0.499548 0.840325
0.210490 -0.499548 0.840325
-0.000000 -1.000000 -0.000000
-0.000000 -1.000000 -0.000000
-0.210491 -0.499547 -0.840325
-0.210491 -0.499547 -0.840325
-0.210491 -0.499547 -0.840325
-0.210491 -0.499547 -0.840325
-0.127110 0.499547 -0.856911
-0.127110 0.499547 -0.856911
-0.127110 0.499547 -0.856911
-0.127110 0.499547 -0.856911
0.000000 1.000000 -0.000000
0.000000 1.000000 -0.000000
0.127111 0.499546 0.856911
0.127111 0.499546 0.856911
0.127111 0.499546 0.856911
0.127111 0.499546 0.856911
0.127111 -0.499546 0.856911
0.127111 -0.499546 0.856911
0.127111 -0.499546 0.856911
0.127111 -0.499546 0.856911
0.000000 -1.000000 -0.000000
0.000000 -1.000000 -0.000000
-0.127110 -0.499547 -0.856911
-0.127110 -0.499547 -0.856911
-0.127110 -0.499547 -0.856911
-0.127110 -0.499547 -0.856911
-0.042507 0.499549 -0.865242
-0.042507 0.499549 -0.865242
-0.042507 0.499549 -0.865242
-0.042507 0.499549 -0.865242
-0.000000 1.000000 -0.000000
-0.000000 1.000000 -0.000000
0.042506 0.499549 0.865242
0.042506 0.499549 0.865242
0.042506 0.499549 0.865242
0.042506 0.499549 0.865242
0.042506 -0.499549 0.865242
0.042506 -0.499549 0.865242
0.042506 -0.499549 0.865242
0.042506 -0.499549 0.865242
-0.000000 -1.000000 -0.000000
-0.000000 -1.000000 -0.000000
-0.042507 -0.499549 -0.865242
-0.042507 -0.499549 -0.865242
-0.042507 -0.499549 -0.865242
-0.042507 -0.499549 -0.865242
0.042507 0.499549 -0.865242
0.042507 0.499549 -0.865242
0.042507 0.499549 -0.865242
0.042507 0.499549 -0.865242
0.000000 1.000000 -0.000000
0.000000 1.000000 -0.000000
-0.042506 0.499549 0.865242
-0.042506 0.499549 0.865242
-0.042506 0.499549 0.865242
-0.042506 0.499549 0.865242
-0.042506 -0.499549 0.865242
-0.042506 -0.499549 0.865242
-0.042506 -0.499549 0.865242
-0.042506 -0.499549 0.865242
0.000000 -1.000000 -0.000000
0.000000 -1.000000 -0.000000
0.042507 -0.499549 -0.865242
0.042507 -0.499549 -0.865242
0.042507 -0.499549 -0.865242
0.042507 -0.499549 -0.865242
0.127110 0.499547 -0.856911
0.127110 0.499547 -0.856911
0.127110 0.499547 -0.856911
0.127110 0.499547 -0.856911
0.000000 1.000000 -0.000000
0.000000 1.000000 -0.000000
-0.127111 0.499546 0.856911
-0.127111 0.499546 0.856911
-0.127111 0.499546 0.856911
-0.127111 0.499546 0.856911
-0.127111 -0.499546 0.856911
-0.127111 -0.499546 0.856911
-0.127111 -0.499546 0.856911
-0.127111 -0.499546 0.856911
0.000000 -1.000000 -0.000000
0.000000 -1.000000 -0.000000
0.127110 -0.499547 -0.856911
0.127110 -0.499547 -0.856911
0.127110 -0.499547 -0.856911
0.127110 -0.499547 -0.856911
0.210491 0.499547 -0.840325
0.210491 0.499547 -0.840325
0.210491 0.499547 -0.840325
0.210491 0.499547 -0.840325
0.000000 1.000000 -0.000000
0.000000 1.000000 -0.000000
-0.210490 0.499548 0.840325
-0.210490 0.499548 0.840325
-0.210490 0.499548 0.840325
-0.210490 0.499548 0.840325
-0.210490 -0.499548 0.840325
-0.210490 -0.499548 0.840325
-0.210490 -0.499548 0.840325
-0.210490 -0.499548 0.840325
0.000000 -1.000000 -0.000000
0.000000 -1.000000 -0.000000
0.210491 -0.499547 -0.840325
0.210491 -0.499547 -0.840325
0.210491 -0.499547 -0.840325
0.210491 -0.499547 -0.840325
0.291843 0.499549 -0.815646
0.291843 0.499549 -0.815646
0.291843 0.499549 -0.815646
0.291843 0.499549 -0.815646
-0.000000 1.000000 -0.000000
-0.000000 1.000000 -0.000000
-0.291843 0.499548 0.815647
-0.291843 0.499548 0.815647
-0.291843 0.499548 0.815647
-0.291843 0.499548 0.815647
-0.291843 -0.499548 0.815647
-0.291843 -0.499548 0.815647
-0.291843 -0.499548 0.815647
-0.291843 -0.499548 0.815647
-0.000000 -1.000000 -0.000000
-0.000000 -1.000000 -0.000000
0.291843 -0.499549 -0.815646
0.291843 -0.499549 -0.815646
0.291843 -0.499549 -0.815646
0.291843 -0.499549 -0.815646
0.370385 0.499549 -0.783113
0.370385 0.499549 -0.783113
0.370385 0.499549 -0.783113
0.370385 0.499549 -0.783113
-0.000000 1.000000 -0.000000
-0.000000 1.000000 -0.000000
-0.370385 0.499548 0.783113
-0.370385 0.499548 0.783113
-0.370385 0.499548 0.783113
-0.370385 0.499548 0.783113
-0.370385 -0.499548 0.783113
-0.370385 -0.499548 0.783113
-0.370385 -0.499548 0.783113
-0.370385 -0.499548 0.783113
0.000000 -1.000000 -0.000000
0.000000 -1.000000 -0.000000
0.370385 -0.499549 -0.783113
0.370385 -0.499549 -0.783113
0.370385 -0.499549 -0.783113
0.370385 -0.499549 -0.783113
0.445360 0.499549 -0.743038
0.445360 0.499549 -0.743038
0.445360 0.499549 -0.743038
0.445360 0.499549 -0.743038
-0.000000 1.000000 -0.000000
-0.000000 1.000000 -0.000000
-0.445360 0.499548 0.743039
-0.445360 0.499548 0.743039
-0.445360 0.499548 0.743039
-0.445360 0.499548 0.743039
-0.445360 -0.499548 0.743039
-0.445360 -0.499548 0.743039
-0.445360 -0.499548 0.743039
-0.445360 -0.499548 0.743039
-0.000000 -1.000000 -0.000000
-0.000000 -1.000000 -0.000000
0.445360 -0.499549 -0.743038
0.445360 -0.499549 -0.743038
0.445360 -0.499549 -0.743038
0.445360 -0.499549 -0.743038
0.516046 0.499547 -0.695808
0.516046 0.499547 -0.695808
0.516046 0.499547 -0.695808
0.516046 0.499547 -0.695808
-0.000000 1.000000 -0.000000
-0.000000 1.000000 -0.000000
-0.516047 0.499547 0.695808
-0.516047 0.499547 0.695808
-0.516047 0.499547 0.695808
-0.516047 0.499547 0.695808
-0.516046 -0.499547 0.695808
-0.516046 -0.499547 0.695808
-0.516046 -0.499547 0.695808
-0.516046 -0.499547 0.695808
-0.000000 -1.000000 -0.000000
-0.000000 -1.000000 -0.000000
0.516046 -0.499547 -0.695808
0.516046 -0.499547 -0.695808
0.516046 -0.499547 -0.695808
0.516046 -0.499547 -0.695808
0.581762 0.499549 -0.641875
0.581762 0.499549 -0.641875
0.581762 0.499549 -0.641875
0.581762 0.499549 -0.641875
-0.000000 1.000000 -0.000000
-0.000000 1.000000 -0.000000
-0.581761 0.499549 0.641876
-0.581761 0.499549 0.641876
-0.581761 0.499549 0.641876
-0.581761 0.499549 0.641876
-0.581762 -0.499548 0.641876
-0.581762 -0.499548 0.641876
-0.581762 -0.499548 0.641876
-0.581762 -0.499548 0.641876
-0.000000 -1.000000 -0.000000
-0.000000 -1.000000 -0.000000
0.581762 -0.499549 -0.641876
0.581762 -0.499549 -0.641876
0.581762 -0.499549 -0.641876
0.581762 -0.499549 -0.641876
0.641876 0.499547 -0.581762
0.641876 0.499547 -0.581762
0.641876 0.499547 -0.581762
0.641876 0.499547 -0.581762
-0.000000 1.000000 -0.000000
-0.000000 1.000000 -0.000000
-0.641876 0.499549 0.581761
-0.641876 0.499549 0.581761
-0.641876 0.499549 0.581761
-0.641876 0.499549 0.581761
-0.641876 -0.499549 0.581761
-0.641876 -0.499549 0.581761
-0.641876 -0.499549 0.581761
-0.641876 -0.499549 0.581761
-0.000000 -1.000000 -0.000000
-0.000000 -1.000000 -0.000000
0.641876 -0.499547 -0.581762
0.641876 -0.499547 -0.581762
0.641876 -0.499547 -0.581762
0.641876 -0.499547 -0.581762
0.695807 0.499549 -0.516046
0.695807 0.499549 -0.516046
0.695807 0.499549 -0.516046
0.695807 0.499549 -0.516046
-0.000000 1.000000 -0.000000
-0.000000 1.000000 -0.000000
-0.695807 0.499548 0.516046
-0.695807 0.499548 0.516046
-0.695807 0.499548 0.516046
-0.695807 0.499548 0.516046
-0.695807 -0.499548 0.516046
-0.695807 -0.499548 0.516046
-0.695807 -0.499548 0.516046
-0.695807 -0.499548 0.516046
-0.000000 -1.000000 -0.000000
-0.000000 -1.000000 -0.000000
0.695807 -0.499549 -0.516046
0.695807 -0.499549 -0.516046
0.695807 -0.499549 -0.516046
0.695807 -0.499549 -0.516046
0.743038 0.499548 -0.445361
0.743038 0.499548 -0.445361
0.743038 0.499548 -0.445361
0.743038 0.499548 -0.445361
-0.000000 1.000000 -0.000000
-0.000000 1.000000 -0.000000
-0.743038 0.499548 0.445360
-0.743038 0.499548 0.445360
-0.743038 0.499548 0.445360
-0.743038 0.499548 0.445360
-0.743038 -0.499548 0.445360
-0.743038 -0.499548 0.445360
-0.743038 -0.499548 0.445360
-0.743038 -0.499548 0.445360
0.000000 -1.000000 -0.000000
0.000000 -1.000000 -0.000000
0.743038 -0.499548 -0.445361
0.743038 -0.499548 -0.445361
0.743038 -0.499548 -0.445361
0.743038 -0.499548 -0.445361
0.783114 0.499548 -0.370385
0.783114 0.499548 -0.370385
0.783114 0.499548 -0.370385
0.783114 0.499548 -0.370385
-0.000000 1.000000 -0.000000
-0.000000 1.000000 -0.000000
-0.783113 0.499548 0.370385
-0.783113 0.499548 0.370385
-0.783113 0.499548 0.370385
-0.783113 0.499548 0.370385
-0.783113 -0.499548 0.370385
-0.783113 -0.499548 0.370385
-0.783113 -0.499548 0.370385
-0.783113 -0.499548 0.370385
-0.000000 -1.000000 -0.000000
-0.000000 -1.000000 -0.000000
0.783114 -0.499548 -0.370385
0.783114 -0.499548 -0.370385
0.783114 -0.499548 -0.370385
0.783114 -0.499548 -0.370385
0.815646 0.499549 -0.291843
0.815646 0.499549 -0.291843
0.815646 0.499549 -0.291843
0.815646 0.499549 -0.291843
-0.000000 1.000000 -0.000000
-0.000000 1.000000 -0.000000
-0.815647 0.499548 0.291843
-0.815647 0.499548 0.291843
-0.815647 0.499548 0.291843
-0.815647 0.499548 0.291843
-0.815647 -0.499548 0.291843
-0.815647 -0.499548 0.291843
-0.815647 -0.499548 0.291843
-0.815647 -0.499548 0.291843
-0.000000 -1.000000 -0.000000
-0.000000 -1.000000 -0.000000
0.815646 -0.499549 -0.291843
0.815646 -0.499549 -0.291843
0.815646 -0.499549 -0.291843
0.815646 -0.499549 -0.291843
0.840325 0.499548 -0.210490
0.840325 0.499548 -0.210490
0.840325 0.499548 -0.210490
0.840325 0.499548 -0.210490
-0.000000 1.000000 -0.000000
-0.000000 1.000000 -0.000000
-0.840325 0.499548 0.210491
-0.840325 0.499548 0.210491
-0.840325 0.499548 0.210491
-0.840325 0.499548 0.210491
-0.840325 -0.499548 0.210491
-0.840325 -0.499548 0.210491
-0.840325 -0.499548 0.210491
-0.840325 -0.499548 0.210491
-0.000000 -1.000000 -0.000000
-0.000000 -1.000000 -0.000000
0.840325 -0.499548 -0.210490
0.840325 -0.499548 -0.210490
0.840325 -0.499548 -0.210490
0.840325 -0.499548 -0.210490
0.856910 0.499548 -0.127111
0.856910 0.499548 -0.127111
0.856910 0.499548 -0.127111
0.856910 0.499548 -0.127111
0.000000 1.000000 -0.000000
0.000000 1.000000 -0.000000
-0.856910 0.499548 0.127110
-0.856910 0.499548 0.127110
-0.856910 0.499548 0.127110
-0.856910 0.499548 0.127110
-0.856910 -0.499548 0.127110
-0.856910 -0.499548 0.127110
-0.856910 -0.499548 0.127110
-0.856910 -0.499548 0.127110
0.000000 -1.000000 -0.000000
0.000000 -1.000000 -0.000000
0.856910 -0.499548 -0.127111
0.856910 -0.499548 -0.127111
0.856910 -0.499548 -0.127111
0.856910 -0.499548 -0.127111
0.865242 0.499549 -0.042507
0.865242 0.499549 -0.042507
0.865242 0.499549 -0.042507
0.865242 0.499549 -0.042507
-0.000000 1.000000 -0.000000
-0.000000 1.000000 -0.000000
-0.865243 0.499548 0.042506
-0.865243 0.499548 0.042506
-0.865243 0.499548 0.042506
-0.865243 0.499548 0.042506
-0.865243 -0.499548 0.042506
-0.865243 -0.499548 0.042506
-0.865243 -0.499548 0.042506
-0.865243 -0.499548 0.042506
-0.000000 -1.000000 -0.000000
-0.000000 -1.000000 -0.000000
0.865242 -0.499549 -0.042507
0.865242 -0.499549 -0.042507
0.865242 -0.499549 -0.042507
0.865242 -0.499549 -0.042507
0.865242 0.499549 0.042507
0.865242 0.499549 0.042507
0.865242 0.499549 0.042507
0.865242 0.499549 0.042507
-0.000000 1.000000 -0.000000
-0.000000 1.000000 -0.000000
-0.865243 0.499548 -0.042506
-0.865243 0.499548 -0.042506
-0.865243 0.499548 -0.042506
-0.865243 0.499548 -0.042506
-0.865243 -0.499548 -0.042506
-0.865243 -0.499548 -0.042506
-0.865243 -0.499548 -0.042506
-0.865243 -0.499548 -0.042506
-0.000000 -1.000000 -0.000000
-0.000000 -1.000000 -0.000000
0.865242 -0.499549 0.042507
0.865242 -0.499549 0.042507
0.865242 -0.499549 0.042507
0.865242 -0.499549 0.042507
0.856910 0.499548 0.127111
0.856910 0.499548 0.127111
0.856910 0.499548 0.127111
0.856910 0.499548 0.127111
0.000000 1.000000 -0.000000
0.000000 1.000000 -0.000000
-0.856910 0.499548 -0.127110
-0.856910 0.499548 -0.127110
-0.856910 0.499548 -0.127110
-0.856910 0.499548 -0.127110
-0.856910 -0.499548 -0.127110
-0.856910 -0.499548 -0.127110
-0.856910 -0.499548 -0.127110
-0.856910 -0.499548 -0.127110
0.000000 -1.000000 -0.000000
0.000000 -1.000000 -0.000000
0.856910 -0.499548 0.127111
0.856910 -0.499548 0.127111
0.856910 -0.499548 0.127111
0.856910 -0.499548 0.127111
0.840325 0.499548 0.210490
0.840325 0.499548 0.210490
0.840325 0.499548 0.210490
0.840325 0.499548 0.210490
-0.000000 1.000000 -0.000000
-0.000000 1.000000 -0.000000
-0.840325 0.499548 -0.210491
-0.840325 0.499548 -0.210491
-0.840325 0.499548 -0.210491
-0.840325 0.499548 -0.210491
-0.840325 -0.499548 -0.210491
-0.840325 -0.499548 -0.210491
-0.840325 -0.499548 -0.210491
-0.840325 -0.499548 -0.210491
-0.000000 -1.000000 -0.000000
-0.000000 -1.000000 -0.000000
0.840325 -0.499548 0.210490
0.840325 -0.499548 0.210490
0.840325 -0.499548 0.210490
0.840325 -0.499548 0.210490
0.815646 0.499549 0.291843
0.815646 0.499549 0.291843
0.815646 0.499549 0.291843
0.815646 0.499549 0.291843
-0.000000 1.000000 -0.000000
-0.000000 1.000000 -0.000000
-0.815647 0.499548 -0.291843
-0.815647 0.499548 -0.291843
-0.815647 0.499548 -0.291843
-0.815647 0.499548 -0.291843
-0.815647 -0.499548 -0.291843
-0.815647 -0.499548 -0.291843
-0.815647 -0.499548 -0.291843
-0.815647 -0.499548 -0.291843
-0.000000 -1.000000 -0.000000
-0.000000 -1.000000 -0.000000
0.815646 -0.499549 0.291843
0.815646 -0.499549 0.291843
0.815646 -0.499549 0.291843
0.815646 -0.499549 0.291843
0.783114 0.499548 0.370385
0.783114 0.499548 0.370385
0.783114 0.499548 0.370385
0.783114 0.499548 0.370385
-0.000000 1.000000 -0.000000
-0.000000 1.000000 -0.000000
-0.783113 0.499548 -0.370385
-0.783113 0.499548 -0.370385
-0.783113 0.499548 -0.370385
-0.783113 0.499548 -0.370385
-0.783113 -0.499548 -0.370385
-0.783113 -0.499548 -0.370385
-0.783113 -0.499548 -0.370385
-0.783113 -0.499548 -0.370385
-0.000000 -1.000000 -0.000000
-0.000000 -1.000000 -0.000000
0.783114 -0.499548 0.370385
0.783114 -0.499548 0.370385
0.783114 -0.499548 0.370385
0.783114 -0.499548 0.370385
0.743038 0.499548 0.445361
0.743038 0.499548 0.445361
0.743038 0.499548 0.445361
0.743038 0.499548 0.445361
-0.000000 1.000000 -0.000000
-0.000000 1.000000 -0.000000
-0.743038 0.499548 -0.445360
-0.743038 0.499548 -0.445360
-0.743038 0.499548 -0.445360
-0.743038 0.499548 -0.445360
-0.743038 -0.499548 -0.445360
-0.743038 -0.499548 -0.445360
-0.743038 -0.499548 -0.445360
-0.743038 -0.499548 -0.445360
-0.000000 -1.000000 -0.000000
-0.000000 -1.000000 -0.000000
0.743038 -0.499548 0.445361
0.743038 -0.499548 0.445361
0.743038 -0.499548 0.445361
0.743038 -0.499548 0.445361
0.695807 0.499549 0.516046
0.695807 0.499549 0.516046
0.695807 0.499549 0.516046
0.695807 0.499549 0.516046
-0.000000 1.000000 -0.000000
-0.000000 1.000000 -0.000000
-0.695808 0.499548 -0.516046
-0.695808 0.499548 -0.516046
-0.695808 0.499548 -0.516046
-0.695808 0.499548 -0.516046
-0.695808 -0.499548 -0.516046
-0.695808 -0.499548 -0.516046
-0.695808 -0.499548 -0.516046
-0.695808 -0.499548 -0.516046
-0.000000 -1.000000 -0.000000
-0.000000 -1.000000 -0.000000
0.695807 -0.499549 0.516046
0.695807 -0.499549 0.516046
0.695807 -0.499549 0.516046
0.695807 -0.499549 0.516046
0.641876 0.499547 0.581762
0.641876 0.499547 0.581762
0.641876 0.499547 0.581762
0.641876 0.499547 0.581762
-0.000000 1.000000 -0.000000
-0.000000 1.000000 -0.000000
-0.641876 0.499548 -0.581762
-0.641876 0.499548 -0.581762
-0.641876 0.499548 -0.581762
-0.641876 0.499548 -0.581762
-0.641876 -0.499548 -0.581762
-0.641876 -0.499548 -0.581762
-0.641876 -0.499548 -0.581762
-0.641876 -0.499548 -0.581762
-0.000000 -1.000000 -0.000000
-0.000000 -1.000000 -0.000000
0.641876 -0.499547 0.581762
0.641876 -0.499547 0.581762
0.641876 -0.499547 0.581762
0.641876 -0.499547 0.581762
0.581762 0.499549 0.641876
0.581762 0.499549 0.641876
0.581762 0.499549 0.641876
0.581762 0.499549 0.641876
-0.000000 1.000000 -0.000000
-0.000000 1.000000 -0.000000
-0.581762 0.499548 -0.641876
-0.581762 0.499548 -0.641876
-0.581762 0.499548 -0.641876
-0.581762 0.499548 -0.641876
-0.581761 -0.499549 -0.641876
-0.581761 -0.499549 -0.641876
-0.581761 -0.499549 -0.641876
-0.581761 -0.499549 -0.641876
-0.000000 -1.000000 -0.000000
-0.000000 -1.000000 -0.000000
0.581762 -0.499549 0.641876
0.581762 -0.499549 0.641876
0.581762 -0.499549 0.641876
0.581762 -0.499549 0.641876
0.516046 0.499547 0.695808
0.516046 0.499547 0.695808
0.516046 0.499547 0.695808
0.516046 0.499547 0.695808
-0.000000 1.000000 -0.000000
-0.000000 1.000000 -0.000000
-0.516047 0.499547 -0.695808
-0.516047 0.499547 -0.695808
-0.516047 0.499547 -0.695808
-0.516047 0.499547 -0.695808
-0.516046 -0.499547 -0.695808
-0.516046 -0.499547 -0.695808
-0.516046 -0.499547 -0.695808
-0.516046 -0.499547 -0.695808
-0.000000 -1.000000 -0.000000
-0.000000 -1.000000 -0.000000
0.516046 -0.499546 0.695808
0.516046 -0.499546 0.695808
0.516046 -0.499546 0.695808
0.516046 -0.499546 0.695808
0.445360 0.499549 0.743038
0.445360 0.499549 0.743038
0.445360 0.499549 0.743038
0.445360 0.499549 0.743038
-0.000000 1.000000 -0.000000
-0.000000 1.000000 -0.000000
-0.445360 0.499548 -0.743039
-0.445360 0.499548 -0.743039
-0.445360 0.499548 -0.743039
-0.445360 0.499548 -0.743039
-0.445360 -0.499548 -0.743039
-0.445360 -0.499548 -0.743039
-0.445360 -0.499548 -0.743039
-0.445360 -0.499548 -0.743039
-0.000000 -1.000000 -0.000000
-0.000000 -1.000000 -0.000000
0.445360 -0.499549 0.743038
0.445360 -0.499549 0.743038
0.445360 -0.499549 0.743038
0.445360 -0.499549 0.743038
0.370385 0.499549 0.783113
0.370385 0.499549 0.783113
0.370385 0.499549 0.783113
0.370385 0.499549 0.783113
-0.000000 1.000000 -0.000000
-0.000000 1.000000 -0.000000
-0.370385 0.499548 -0.783113
-0.370385 0.499548 -0.783113
-0.370385 0.499548 -0.783113
-0.370385 0.499548 -0.783113
-0.370385 -0.499548 -0.783113
-0.370385 -0.499548 -0.783113
-0.370385 -0.499548 -0.783113
-0.370385 -0.499548 -0.783113
-0.000000 -1.000000 -0.000000
-0.000000 -1.000000 -0.000000
0.370385 -0.499549 0.783113
0.370385 -0.499549 0.783113
0.370385 -0.499549 0.783113
0.370385 -0.499549 0.783113
0.291843 0.499549 0.815646
0.291843 0.499549 0.815646
0.291843 0.499549 0.815646
0.291843 0.499549 0.815646
-0.000000 1.000000 -0.000000
-0.000000 1.000000 -0.000000
-0.291843 0.499548 -0.815647
-0.291843 0.499548 -0.815647
-0.291843 0.499548 -0.815647
-0.291843 0.499548 -0.815647
-0.291843 -0.499548 -0.815647
-0.291843 -0.499548 -0.815647
-0.291843 -0.499548 -0.815647
-0.291843 -0.499548 -0.815647
-0.000000 -1.000000 -0.000000
-0.000000 -1.000000 -0.000000
0.291843 -0.499549 0.815646
0.291843 -0.499549 0.815646
0.291843 -0.499549 0.815646
0.291843 -0.499549 0.815646
0.210491 0.499547 0.840325
0.210491 0.499547 0.840325
0.210491 0.499547 0.840325
0.210491 0.499547 0.840325
-0.000000 1.000000 -0.000000
-0.000000 1.000000 -0.000000
-0.210490 0.499548 -0.840325
-0.210490 0.499548 -0.840325
-0.210490 0.499548 -0.840325
-0.210490 0.499548 -0.840325
-0.210490 -0.499548 -0.840325
-0.210490 -0.499548 -0.840325
-0.210490 -0.499548 -0.840325
-0.210490 -0.499548 -0.840325
0.000000 -1.000000 -0.000000
0.000000 -1.000000 -0.000000
0.210491 -0.499547 0.840325
0.210491 -0.499547 0.840325
0.210491 -0.499547 0.840325
0.210491 -0.499547 0.840325
0.127110 0.499547 0.856911
0.127110 0.499547 0.856911
0.127110 0.499547 0.856911
0.127110 0.499547 0.856911
-0.000000 1.000000 -0.000000
-0.000000 1.000000 -0.000000
-0.127111 0.499546 -0.856911
-0.127111 0.499546 -0.856911
-0.127111 0.499546 -0.856911
-0.127111 0.499546 -0.856911
-0.127111 -0.499546 -0.856911
-0.127111 -0.499546 -0.856911
-0.127111 -0.499546 -0.856911
-0.127111 -0.499546 -0.856911
-0.000000 -1.000000 -0.000000
-0.000000 -1.000000 -0.000000
0.127110 -0.499547 0.856911
0.127110 -0.499547 0.856911
0.127110 -0.499547 0.856911
0.127110 -0.499547 0.856911
0.042507 0.499549 0.865242
0.042507 0.499549 0.865242
0.042507 0.499549 0.865242
0.042507 0.499549 0.865242
0.000000 1.000000 -0.000000
0.000000 1.000000 -0.000000
-0.042506 0.499549 -0.865242
-0.042506 0.499549 -0.865242
-0.042506 0.499549 -0.865242
-0.042506 0.499549 -0.865242
-0.042506 -0.499549 -0.865242
-0.042506 -0.499549 -0.865242
-0.042506 -0.499549 -0.865242
-0.042506 -0.499549 -0.865242
0.000000 -1.000000 -0.000000
0.000000 -1.000000 -0.000000
0.042507 -0.499549 0.865242
0.042507 -0.499549 0.865242
0.042507 -0.499549 0.865242
0.042507 -0.499549 0.865242
-0.042507 0.499549 0.865242
-0.042507 0.499549 0.865242
-0.042507 0.499549 0.865242
-0.042507 0.499549 0.865242
-0.000000 1.000000 -0.000000
-0.000000 1.000000 -0.000000
0.042506 0.499549 -0.865242
0.042506 0.499549 -0.865242
0.042506 0.499549 -0.865242
0.042506 0.499549 -0.865242
0.042506 -0.499549 -0.865242
0.042506 -0.499549 -0.865242
0.042506 -0.499549 -0.865242
0.042506 -0.499549 -0.865242
-0.000000 -1.000000 -0.000000
-0.000000 -1.000000 -0.000000
-0.042507 -0.499549 0.865242
-0.042507 -0.499549 0.865242
-0.042507 -0.499549 0.865242
-0.042507 -0.499549 0.865242
-0.127110 0.499547 0.856911
-0.127110 0.499547 0.856911
-0.127110 0.499547 0.856911
-0.127110 0.499547 0.856911
-0.000000 1.000000 -0.000000
-0.000000 1.000000 -0.000000
0.127111 0.499546 -0.856911
0.127111 0.499546 -0.856911
0.127111 0.499546 -0.856911
0.127111 0.499546 -0.856911
0.127111 -0.499546 -0.856911
0.127111 -0.499546 -0.856911
0.127111 -0.499546 -0.856911
0.127111 -0.499546 -0.856911
-0.000000 -1.000000 -0.000000
-0.000000 -1.000000 -0.000000
-0.127110 -0.499547 0.856911
-0.127110 -0.499547 0.856911
-0.127110 -0.499547 0.856911
-0.127110 -0.499547 0.856911
-0.210491 0.499547 0.840325
-0.210491 0.499547 0.840325
-0.210491 0.499547 0.840325
-0.210491 0.499547 0.840325
-0.000000 1.000000 -0.000000
-0.000000 1.000000 -0.000000
0.210490 0.499548 -0.840325
0.210490 0.499548 -0.840325
0.210490 0.499548 -0.840325
0.210490 0.499548 -0.840325
0.210490 -0.499548 -0.840325
0.210490 -0.499548 -0.840325
0.210490 -0.499548 -0.840325
0.210490 -0.499548 -0.840325
-0.000000 -1.000000 -0.000000
-0.000000 -1.000000 -0.000000
-0.210491 -0.499547 0.840325
-0.210491 -0.499547 0.840325
-0.210491 -0.499547 0.840325
-0.210491 -0.499547 0.840325
-0.291843 0.499549 0.815646
-0.291843 0.499549 0.815646
-0.291843 0.499549 0.815646
-0.291843 0.499549 0.815646
0.000000 1.000000 -0.000000
0.000000 1.000000 -0.000000
0.291843 0.499548 -0.815647
0.291843 0.499548 -0.815647
0.291843 0.499548 -0.815647
0.291843 0.499548 -0.815647
0.291843 -0.499548 -0.815647
0.291843 -0.499548 -0.815647
0.291843 -0.499548 -0.815647
0.291843 -0.499548 -0.815647
-0.000000 -1.000000 -0.000000
-0.000000 -1.000000 -0.000000
-0.291843 -0.499549 0.815646
-0.291843 -0.499549 0.815646
-0.291843 -0.499549 0.815646
-0.291843 -0.499549 0.815646
-0.370385 0.499549 0.783113
-0.370385 0.499549 0.783113
-0.370385 0.499549 0.783113
-0.370385 0.499549 0.783113
-0.000000 1.000000 -0.000000
-0.000000 1.000000 -0.000000
0.370385 0.499548 -0.783113
0.370385 0.499548 -0.783113
0.370385 0.499548 -0.783113
0.370385 0.499548 -0.783113
0.370385 -0.499548 -0.783113
0.370385 -0.499548 -0.783113
0.370385 -0.499548 -0.783113
0.370385 -0.499548 -0.783113
-0.000000 -1.000000 -0.000000
-0.000000 -1.000000 -0.000000
-0.370385 -0.499549 0.783113
-0.370385 -0.499549 0.783113
-0.370385 -0.499549 0.783113
-0.370385 -0.499549 0.783113
-0.445360 0.499549 0.743038
-0.445360 0.499549 0.743038
-0.445360 0.499549 0.743038
-0.445360 0.499549 0.743038
-0.000000 1.000000 -0.000000
-0.000000 1.000000 -0.000000
0.445360 0.499548 -0.743039
0.445360 0.499548 -0.743039
0.445360 0.499548 -0.743039
0.445360 0.499548 -0.743039
0.445360 -0.499548 -0.743039
0.445360 -0.499548 -0.743039
0.445360 -0.499548 -0.743039
0.445360 -0.499548 -0.743039
-0.000000 -1.000000 -0.000000
-0.000000 -1.000000 -0.000000
-0.445360 -0.499549 0.743038
-0.445360 -0.499549 0.743038
-0.445360 -0.499549 0.743038
-0.445360 -0.499549 0.743038
-0.516046 0.499547 0.695808
-0.516046 0.499547 0.695808
-0.516046 0.499547 0.695808
-0.516046 0.499547 0.695808
-0.000000 1.000000 -0.000000
-0.000000 1.000000 -0.000000
0.516047 0.499547 -0.695808
0.516047 0.499547 -0.695808
0.516047 0.499547 -0.695808
0.516047 0.499547 -0.695808
0.516046 -0.499547 -0.695808
0.516046 -0.499547 -0.695808
0.516046 -0.499547 -0.695808
0.516046 -0.499547 -0.695808
-0.000000 -1.000000 -0.000000
-0.000000 -1.000000 -0.000000
-0.516046 -0.499547 0.695808
-0.516046 -0.499547 0.695808
-0.516046 -0.499547 0.695808
-0.516046 -0.499547 0.695808
-0.581762 0.499549 0.641875
-0.581762 0.499549 0.641875
-0.581762 0.499549 0.641875
-0.581762 0.499549 0.641875
-0.000000 1.000000 -0.000000
-0.000000 1.000000 -0.000000
0.581761 0.499549 -0.641876
0.581761 0.499549 -0.641876
0.581761 0.499549 -0.641876
0.581761 0.499549 -0.641876
0.581762 -0.499548 -0.641876
0.581762 -0.499548 -0.641876
0.581762 -0.499548 -0.641876
0.581762 -0.499548 -0.641876
-0.000000 -1.000000 -0.000000
-0.000000 -1.000000 -0.000000
-0.581762 -0.499549 0.641876
-0.581762 -0.499549 0.641876
-0.581762 -0.499549 0.641876
-0.581762 -0.499549 0.641876
-0.641876 0.499547 0.581762
-0.641876 0.499547 0.581762
-0.641876 0.499547 0.581762
-0.641876 0.499547 0.581762
-0.000000 1.000000 -0.000000
-0.000000 1.000000 -0.000000
0.641876 0.499549 -0.581761
0.641876 0.499549 -0.581761
0.641876 0.499549 -0.581761
0.641876 0.499549 -0.581761
0.641876 -0.499549 -0.581761
0.641876 -0.499549 -0.581761
0.641876 -0.499549 -0.581761
0.641876 -0.499549 -0.581761
-0.000000 -1.000000 -0.000000
-0.000000 -1.000000 -0.000000
-0.641876 -0.499547 0.581762
-0.641876 -0.499547 0.581762
-0.641876 -0.499547 0.581762
-0.641876 -0.499547 0.581762
-0.695807 0.499549 0.516046
-0.695807 0.499549 0.516046
-0.695807 0.499549 0.516046
-0.695807 0.499549 0.516046
-0.000000 1.000000 -0.000000
-0.000000 1.000000 -0.000000
0.695807 0.499548 -0.516046
0.695807 0.499548 -0.516046
0.695807 0.499548 -0.516046
0.695807 0.499548 -0.516046
0.695807 -0.499548 -0.516046
0.695807 -0.499548 -0.516046
0.695807 -0.499548 -0.516046
0.695807 -0.499548 -0.516046
0.000000 -1.000000 -0.000000
0.000000 -1.000000 -0.000000
-0.695807 -0.499549 0.516046
-0.695807 -0.499549 0.516046
-0.695807 -0.499549 0.516046
-0.695807 -0.499549 0.516046
-0.743038 0.499548 0.445361
-0.743038 0.499548 0.445361
-0.743038 0.499548 0.445361
-0.743038 0.499548 0.445361
-0.000000 1.000000 -0.000000
-0.000000 1.000000 -0.000000
0.743038 0.499548 -0.445360
0.743038 0.499548 -0.445360
0.743038 0.499548 -0.445360
0.743038 0.499548 -0.445360
0.743038 -0.499548 -0.445360
0.743038 -0.499548 -0.445360
0.743038 -0.499548 -0.445360
0.743038 -0.499548 -0.445360
-0.000000 -1.000000 -0.000000
-0.000000 -1.000000 -0.000000
-0.743038 -0.499548 0.445361
-0.743038 -0.499548 0.445361
-0.743038 -0.499548 0.445361
-0.743038 -0.499548 0.445361
-0.783114 0.499548 0.370385
-0.783114 0.499548 0.370385
-0.783114 0.499548 0.370385
-0.783114 0.499548 0.370385
-0.000000 1.000000 -0.000000
-0.000000 1.000000 -0.000000
0.783113 0.499548 -0.370385
0.783113 0.499548 -0.370385
0.783113 0.499548 -0.370385
0.783113 0.499548 -0.370385
0.783113 -0.499548 -0.370385
0.783113 -0.499548 -0.370385
0.783113 -0.499548 -0.370385
0.783113 -0.499548 -0.370385
-0.000000 -1.000000 -0.000000
-0.000000 -1.000000 -0.000000
-0.783114 -0.499548 0.370385
-0.783114 -0.499548 0.370385
-0.783114 -0.499548 0.370385
-0.783114 -0.499548 0.370385
-0.815646 0.499549 0.291843
-0.815646 0.499549 0.291843
-0.815646 0.499549 0.291843
-0.815646 0.499549 0.291843
-0.000000 1.000000 -0.000000
-0.000000 1.000000 -0.000000
0.815647 0.499548 -0.291843
0.815647 0.499548 -0.291843
0.815647 0.499548 -0.291843
0.815647 0.499548 -0.291843
0.815647 -0.499548 -0.291843
0.815647 -0.499548 -0.291843
0.815647 -0.499548 -0.291843
0.815647 -0.499548 -0.291843
0.000000 -1.000000 -0.000000
0.000000 -1.000000 -0.000000
-0.815646 -0.499549 0.291843
-0.815646 -0.499549 0.291843
-0.815646 -0.499549 0.291843
-0.815646 -0.499549 0.291843
-0.840325 0.499548 0.210490
-0.840325 0.499548 0.210490
-0.840325 0.499548 0.210490
-0.840325 0.499548 0.210490
0.000000 1.000000 -0.000000
0.000000 1.000000 -0.000000
0.840325 0.499548 -0.210491
0.840325 0.499548 -0.210491
0.840325 0.499548 -0.210491
0.840325 0.499548 -0.210491
0.840325 -0.499548 -0.210491
0.840325 -0.499548 -0.210491
0.840325 -0.499548 -0.210491
0.840325 -0.499548 -0.210491
-0.000000 -1.000000 -0.000000
-0.000000 -1.000000 -0.000000
-0.840325 -0.499548 0.210490
-0.840325 -0.499548 0.210490
-0.840325 -0.499548 0.210490
-0.840325 -0.499548 0.210490
-0.856910 0.499548 0.127111
-0.856910 0.499548 0.127111
-0.856910 0.499548 0.127111
-0.856910 0.499548 0.127111
-0.000000 1.000000 -0.000000
-0.000000 1.000000 -0.000000
0.856910 0.499548 -0.127110
0.856910 0.499548 -0.127110
0.856910 0.499548 -0.127110
0.856910 0.499548 -0.127110
0.856910 -0.499548 -0.127110
0.856910 -0.499548 -0.127110
0.856910 -0.499548 -0.127110
0.856910 -0.499548 -0.127110
-0.000000 -1.000000 -0.000000
-0.000000 -1.000000 -0.000000
-0.856910 -0.499548 0.127111
-0.856910 -0.499548 0.127111
-0.856910 -0.499548 0.127111
-0.856910 -0.499548 0.127111
-0.865242 0.499549 0.042507
-0.865242 0.499549 0.042507
-0.865242 0.499549 0.042507
-0.865242 0.499549 0.042507
0.865243 0.499548 -0.042506
0.865243 0.499548 -0.042506
0.865243 0.499548 -0.042506
0.865243 0.499548 -0.042506
0.865243 -0.499548 -0.042506
0.865243 -0.499548 -0.042506
0.865243 -0.499548 -0.042506
0.865243 -0.499548 -0.042506
-0.865242 -0.499549 0.042507
-0.865242 -0.499549 0.042507
-0.865242 -0.499549 0.042507
-0.865242 -0.499549 0.042507
0.966002 -0.033560 0.256348
0.964755 -0.033560 0.261001
0.964756 0.033560 0.260997
0.966003 0.033560 0.256344
-0.964755 -0.033560 -0.261001
-0.964756 0.033560 -0.260997
-0.966003 0.033560 -0.256344
-0.966002 -0.033560 -0.256348
0.088288 0.995868 0.021268
0.087094 0.995868 0.025725
-0.088288 0.995868 -0.021268
-0.087094 0.995868 -0.025725
-0.171570 -0.031521 0.984668
-0.343746 -0.031533 0.938533
-0.343750 0.031521 0.938532
-0.171574 0.031533 0.984667
0.088288 -0.995868 0.021268
-0.087094 -0.995868 -0.025725
-0.088288 -0.995868 -0.021268
0.087094 -0.995868 0.025725
0.343756 -0.031563 -0.938528
0.249157 -0.705429 -0.663545
0.707091 -0.577364 -0.408256
0.865764 -0.024668 -0.499845
0.088352 -0.995863 0.021247
0.683477 -0.707104 0.181282
0.707114 -0.577354 -0.408230
0.249142 -0.705429 -0.663549
0.966015 -0.033571 0.256296
0.865753 -0.024684 -0.499862
0.707113 -0.577335 -0.408259
0.683477 -0.707100 0.181300
0.966000 0.033628 0.256346
0.683472 0.707109 0.181283
0.707106 0.577363 -0.408231
0.865759 0.024668 -0.499852
0.088344 0.995864 0.021239
0.249160 0.705422 -0.663551
0.707094 0.577354 -0.408265
0.683464 0.707113 0.181296
0.343805 0.031520 -0.938512
0.865769 0.024685 -0.499835
0.707118 0.577335 -0.408250
0.249142 0.705422 -0.663557
0.171513 -0.031520 -0.984678
-0.499860 -0.024685 -0.865755
-0.408257 -0.577335 -0.707114
0.116015 -0.705422 -0.699228
-0.964753 -0.033629 -0.260998
-0.682545 -0.707109 -0.184741
-0.408255 -0.577364 -0.707092
-0.499843 -0.024669 -0.865764
-0.087128 -0.995864 -0.025779
0.115997 -0.705422 -0.699232
-0.408229 -0.577354 -0.707115
-0.682545 -0.707113 -0.184726
0.171563 0.031563 -0.984667
0.115996 0.705429 -0.699225
-0.408231 0.577364 -0.707106
-0.499851 0.024668 -0.865760
-0.087138 0.995863 -0.025775
-0.682549 0.707104 -0.184744
-0.408264 0.577354 -0.707095
0.116011 0.705429 -0.699222
-0.964742 0.033571 -0.261049
-0.499833 0.024684 -0.865770
-0.408248 0.577335 -0.707119
-0.682558 0.707100 -0.184728
0.964753 -0.033628 0.260998
0.682545 -0.707109 0.184741
0.408256 -0.577363 0.707092
0.499843 -0.024668 0.865764
0.087128 -0.995864 0.025779
-0.115997 -0.705422 0.699232
0.408229 -0.577354 0.707115
0.682545 -0.707113 0.184726
-0.171512 -0.031520 0.984678
0.499860 -0.024685 0.865754
0.408257 -0.577335 0.707114
-0.116015 -0.705422 0.699228
0.964742 0.033571 0.261049
0.499833 0.024684 0.865770
0.408248 0.577335 0.707119
0.682558 0.707100 0.184728
-0.171563 0.031563 0.984667
-0.115996 0.705429 0.699225
0.408231 0.577364 0.707106
0.499851 0.024668 0.865760
0.087139 0.995863 0.025775
0.682550 0.707104 0.184743
0.408264 0.577354 0.707095
-0.116010 0.705430 0.699221
-0.343756 -0.031563 0.938528
-0.249157 -0.705429 0.663545
-0.707091 -0.577364 0.408256
-0.865764 -0.024668 0.499845
-0.088352 -0.995863 -0.021247
-0.683477 -0.707104 -0.181282
-0.707114 -0.577354 0.408230
-0.249142 -0.705429 0.663549
-0.966015 -0.033571 -0.256296
-0.865753 -0.024684 0.499862
-0.707113 -0.577335 0.408259
-0.683477 -0.707100 -0.181300
-0.966000 0.033628 -0.256346
-0.683472 0.707109 -0.181283
-0.707106 0.577363 0.408231
-0.865759 0.024668 0.499852
-0.088344 0.995864 -0.021239
-0.249160 0.705422 0.663551
-0.707094 0.577354 0.408265
-0.683464 0.707113 -0.181296
-0.343805 0.031520 0.938512
-0.865769 0.024685 0.499835
-0.707118 0.577335 0.408250
-0.249142 0.705422 0.663557
0.343763 -0.031589 -0.938525
0.171555 -0.031589 -0.984668
0.115977 -0.705394 -0.699263
0.249138 -0.705403 -0.663578
0.249177 -0.705452 -0.663512
0.116018 -0.705448 -0.699202
-0.087126 -0.995864 -0.025755
0.088331 -0.995864 0.021258
0.088355 -0.995861 0.021300
0.087168 -0.995861 0.025731
0.682519 -0.707134 0.184742
0.683450 -0.707134 0.181269
0.683504 -0.707077 0.181283
0.682574 -0.707077 0.184756
0.964754 -0.033594 0.260999
0.966001 -0.033594 0.256345
0.087126 -0.995864 0.025755
-0.088331 -0.995864 -0.021258
-0.249177 -0.705452 0.663512
-0.116017 -0.705448 0.699202
-0.115977 -0.705394 0.699263
-0.249138 -0.705403 0.663578
-0.343763 -0.031589 0.938525
-0.171555 -0.031589 0.984668
-0.964754 -0.033594 -0.260999
-0.966001 -0.033594 -0.256345
-0.683504 -0.707077 -0.181283
-0.682574 -0.707077 -0.184756
-0.682519 -0.707134 -0.184742
-0.683450 -0.707134 -0.181269
-0.088355 -0.995861 -0.021300
-0.087168 -0.995861 -0.025731
0.966001 0.033594 0.256345
0.964754 0.033594 0.260999
0.682574 0.707077 0.184756
0.683504 0.707077 0.181283
0.683450 0.707134 0.181269
0.682519 0.707134 0.184741
0.087168 0.995861 0.025731
0.088355 0.995861 0.021300
0.088331 0.995864 0.021258
-0.087126 0.995864 -0.025755
0.115962 0.705452 -0.699207
0.249127 0.705448 -0.663535
0.249192 0.705394 -0.663568
0.116029 0.705403 -0.699245
0.171555 0.031589 -0.984668
0.343763 0.031589 -0.938525
-0.087168 0.995861 -0.025731
-0.088355 0.995861 -0.021300
-0.683450 0.707134 -0.181269
-0.682519 0.707134 -0.184741
-0.682574 0.707077 -0.184756
-0.683504 0.707077 -0.181283
-0.966001 0.033594 -0.256345
-0.964754 0.033594 -0.260999
-0.171555 0.031589 0.984668
-0.343763 0.031589 0.938525
-0.249192 0.705394 0.663568
-0.116029 0.705403 0.699245
-0.115962 0.705452 0.699207
-0.249127 0.705449 0.663535
-0.088331 0.995864 -0.021259
0.087126 0.995864 0.025755
0.966015 -0.033532 0.256302
0.966015 0.033532 0.256302
0.865787 0.024661 -0.499804
0.865787 -0.024661 -0.499804
0.865736 -0.024661 -0.499893
0.865736 0.024661 -0.499893
0.343803 0.031534 -0.938512
0.343803 -0.031534 -0.938512
-0.171515 -0.031534 0.984677
-0.171515 0.031534 0.984677
0.499802 0.024661 0.865788
0.499802 -0.024661 0.865788
0.499892 -0.024661 0.865737
0.499892 0.024661 0.865737
0.964745 0.033531 0.261043
0.964745 -0.033532 0.261043
0.171515 -0.031534 -0.984677
0.171515 0.031534 -0.984677
-0.499803 0.024661 -0.865788
-0.499803 -0.024661 -0.865788
-0.499892 -0.024661 -0.865737
-0.499891 0.024661 -0.865737
-0.964745 0.033532 -0.261043
-0.964745 -0.033532 -0.261043
-0.966015 -0.033532 -0.256302
-0.966015 0.033532 -0.256302
-0.865787 0.024661 0.499804
-0.865787 -0.024661 0.499804
-0.865736 -0.024661 0.499893
-0.865736 0.024661 0.499893
-0.343803 0.031534 0.938512
-0.343803 -0.031534 0.938512
0.343746 -0.031533 -0.938533
0.343750 0.031521 -0.938532
0.171574 0.031533 -0.984667
0.171570 -0.031521 -0.984668
0.708408 -0.033560 0.705005
0.705002 -0.033560 0.708411
0.705005 0.033560 0.708408
0.708411 0.033560 0.705002
-0.705002 -0.033560 -0.708411
-0.705005 0.033560 -0.708408
-0.708411 0.033560 -0.705002
-0.708408 -0.033560 -0.705005
0.065826 0.995868 0.062563
0.062563 0.995868 0.065826
-0.065826 0.995868 -0.062563
-0.062563 0.995868 -0.065826
-0.640917 -0.031521 0.766962
-0.766959 -0.031533 0.640921
-0.766962 0.031521 0.640917
-0.640921 0.031533 0.766959
0.065826 -0.995868 0.062563
-0.062563 -0.995868 -0.065826
-0.065826 -0.995868 -0.062563
0.062563 -0.995868 0.065826
0.766966 -0.031563 -0.640911
0.547548 -0.705429 -0.450068
0.816487 -0.577364 -0.000015
0.999696 -0.024668 0.000003
0.065891 -0.995863 0.062577
0.501268 -0.707104 0.498733
0.816494 -0.577354 0.000019
0.547538 -0.705429 -0.450079
0.708446 -0.033571 0.704966
0.999695 -0.024684 -0.000017
0.816508 -0.577335 -0.000006
0.501258 -0.707100 0.498749
0.708407 0.033628 0.705002
0.501263 0.707109 0.498731
0.816487 0.577363 0.000014
0.999696 0.024668 -0.000005
0.065889 0.995864 0.062566
0.547554 0.705422 -0.450072
0.816494 0.577354 -0.000021
0.501249 0.707113 0.498739
0.767000 0.031520 -0.640873
0.999695 0.024685 0.000014
0.816507 0.577335 0.000004
0.547542 0.705422 -0.450086
0.640873 -0.031520 -0.766999
-0.000014 -0.024685 -0.999695
-0.000004 -0.577335 -0.816507
0.450086 -0.705422 -0.547542
-0.705002 -0.033629 -0.708408
-0.498731 -0.707109 -0.501263
-0.000014 -0.577364 -0.816487
0.000005 -0.024669 -0.999696
-0.062566 -0.995864 -0.065889
0.450072 -0.705422 -0.547554
0.000021 -0.577354 -0.816494
-0.498739 -0.707113 -0.501250
0.640911 0.031563 -0.766966
0.450068 0.705429 -0.547548
0.000015 0.577364 -0.816487
-0.000003 0.024668 -0.999696
-0.062577 0.995863 -0.065891
-0.498733 0.707104 -0.501268
-0.000019 0.577354 -0.816494
0.450079 0.705429 -0.547538
-0.704966 0.033571 -0.708446
0.000017 0.024684 -0.999695
0.000006 0.577335 -0.816508
-0.498749 0.707100 -0.501258
0.705002 -0.033628 0.708407
0.498731 -0.707109 0.501263
0.000014 -0.577363 0.816487
-0.000005 -0.024668 0.999696
0.062566 -0.995864 0.065889
-0.450072 -0.705422 0.547554
-0.000021 -0.577354 0.816494
0.498739 -0.707113 0.501249
-0.640873 -0.031520 0.767000
0.000014 -0.024685 0.999695
0.000004 -0.577335 0.816507
-0.450086 -0.705422 0.547542
0.704966 0.033571 0.708446
-0.000017 0.024684 0.999695
-0.000006 0.577335 0.816507
0.498749 0.707100 0.501258
-0.640911 0.031563 0.766966
-0.450068 0.705429 0.547548
-0.000015 0.577364 0.816487
0.000003 0.024668 0.999696
0.062577 0.995863 0.065891
0.498734 0.707104 0.501267
0.000019 0.577354 0.816494
-0.450079 0.705430 0.547538
-0.766966 -0.031563 0.640911
-0.547548 -0.705429 0.450068
-0.816487 -0.577364 0.000015
-0.999696 -0.024668 -0.000003
-0.065891 -0.995863 -0.062577
-0.501268 -0.707104 -0.498733
-0.816494 -0.577354 -0.000019
-0.547538 -0.705429 0.450079
-0.708446 -0.033571 -0.704966
-0.999695 -0.024684 0.000017
-0.816508 -0.577335 0.000006
-0.501258 -0.707100 -0.498749
-0.708407 0.033628 -0.705002
-0.501263 0.707109 -0.498731
-0.816487 0.577363 -0.000014
-0.999696 0.024668 0.000005
-0.065889 0.995864 -0.062566
-0.547554 0.705422 0.450072
-0.816494 0.577354 0.000021
-0.501249 0.707113 -0.498739
-0.767000 0.031520 0.640873
-0.999695 0.024685 -0.000014
-0.816507 0.577335 -0.000004
-0.547542 0.705422 0.450086
0.766970 -0.031589 -0.640905
0.640905 -0.031589 -0.766970
0.450070 -0.705394 -0.547591
0.547549 -0.705403 -0.450106
0.547550 -0.705452 -0.450030
0.450075 -0.705448 -0.547518
-0.062576 -0.995864 -0.065868
0.065868 -0.995864 0.062575
0.065868 -0.995861 0.062624
0.062624 -0.995861 0.065868
0.498708 -0.707134 0.501250
0.501250 -0.707134 0.498708
0.501290 -0.707077 0.498748
0.498748 -0.707077 0.501290
0.705002 -0.033594 0.708409
0.708409 -0.033594 0.705002
0.062575 -0.995864 0.065868
-0.065868 -0.995864 -0.062575
-0.547550 -0.705452 0.450030
-0.450075 -0.705448 0.547518
-0.450070 -0.705394 0.547591
-0.547549 -0.705403 0.450107
-0.766970 -0.031589 0.640905
-0.640905 -0.031589 0.766970
-0.705002 -0.033594 -0.708409
-0.708409 -0.033594 -0.705002
-0.501290 -0.707077 -0.498748
-0.498748 -0.707077 -0.501290
-0.498708 -0.707134 -0.501250
-0.501250 -0.707134 -0.498708
-0.065868 -0.995861 -0.062624
-0.062624 -0.995861 -0.065868
0.708409 0.033594 0.705002
0.705002 0.033594 0.708409
0.498748 0.707077 0.501290
0.501290 0.707077 0.498748
0.501250 0.707134 0.498708
0.498708 0.707134 0.501250
0.062624 0.995861 0.065868
0.065868 0.995861 0.062624
0.065868 0.995864 0.062575
-0.062575 0.995864 -0.065868
0.450030 0.705452 -0.547550
0.547518 0.705448 -0.450075
0.547591 0.705394 -0.450070
0.450107 0.705403 -0.547549
0.640905 0.031589 -0.766970
0.766970 0.031589 -0.640905
-0.062624 0.995861 -0.065868
-0.065868 0.995861 -0.062624
-0.501250 0.707134 -0.498708
-0.498708 0.707134 -0.501250
-0.498748 0.707077 -0.501290
-0.501290 0.707077 -0.498748
-0.708409 0.033594 -0.705002
-0.705002 0.033594 -0.708409
-0.640905 0.031589 0.766970
-0.766970 0.031589 0.640905
-0.547591 0.705394 0.450070
-0.450107 0.705403 0.547549
-0.450029 0.705452 0.547550
-0.547517 0.705449 0.450075
-0.065867 0.995864 -0.062576
0.062576 0.995864 0.065867
0.708442 -0.033532 0.704972
0.708442 0.033532 0.704972
0.999696 0.024661 0.000050
0.999696 -0.024661 0.000050
0.999696 -0.024661 -0.000052
0.999696 0.024661 -0.000052
0.766998 0.031534 -0.640874
0.766998 -0.031534 -0.640874
-0.640874 -0.031534 0.766998
-0.640874 0.031534 0.766998
-0.000052 0.024661 0.999696
-0.000053 -0.024661 0.999696
0.000051 -0.024661 0.999696
0.000051 0.024661 0.999696
0.704972 0.033531 0.708442
0.704972 -0.033532 0.708442
0.640874 -0.031534 -0.766998
0.640874 0.031534 -0.766998
0.000052 0.024661 -0.999696
0.000052 -0.024661 -0.999696
-0.000050 -0.024661 -0.999696
-0.000050 0.024661 -0.999696
-0.704972 0.033532 -0.708442
-0.704972 -0.033532 -0.708442
-0.708442 -0.033532 -0.704972
-0.708442 0.033532 -0.704972
-0.999696 0.024661 -0.000050
-0.999696 -0.024661 -0.000050
-0.999696 -0.024661 0.000052
-0.999696 0.024661 0.000052
-0.766998 0.031534 0.640874
-0.766998 -0.031534 0.640874
0.766959 -0.031533 -0.640921
0.766962 0.031521 -0.640917
0.640921 0.031533 -0.766959
0.640917 -0.031521 -0.766962
0.260997 -0.033560 0.964756
0.256344 -0.033560 0.966003
0.256348 0.033560 0.966002
0.261001 0.033560 0.964755
-0.256344 -0.033560 -0.966003
-0.256348 0.033560 -0.966002
-0.261001 0.033560 -0.964755
-0.260997 -0.033560 -0.964756
0.025725 0.995868 0.087094
0.021268 0.995868 0.088288
-0.025725 0.995868 -0.087094
-0.021268 0.995868 -0.088288
-0.938532 -0.031521 0.343750
-0.984666 -0.031533 0.171574
-0.984668 0.031521 0.171570
-0.938533 0.031533 0.343746
0.025725 -0.995868 0.087094
-0.021268 -0.995868 -0.088288
-0.025725 -0.995868 -0.087094
0.021268 -0.995868 0.088288
0.984667 -0.031563 -0.171563
0.699225 -0.705429 -0.115996
0.707106 -0.577364 0.408231
0.865760 -0.024668 0.499851
0.025775 -0.995863 0.087138
0.184744 -0.707104 0.682549
0.707095 -0.577354 0.408264
0.699222 -0.705429 -0.116011
0.261049 -0.033571 0.964742
0.865770 -0.024684 0.499833
0.707119 -0.577335 0.408248
0.184728 -0.707100 0.682558
0.260998 0.033628 0.964754
0.184741 0.707109 0.682545
0.707092 0.577363 0.408256
0.865764 0.024668 0.499843
0.025779 0.995864 0.087128
0.699232 0.705422 -0.115997
0.707115 0.577354 0.408229
0.184726 0.707113 0.682545
0.984678 0.031520 -0.171512
0.865754 0.024685 0.499860
0.707114 0.577335 0.408257
0.699228 0.705422 -0.116015
0.938512 -0.031520 -0.343805
0.499835 -0.024685 -0.865769
0.408250 -0.577335 -0.707118
0.663557 -0.705422 -0.249142
-0.256346 -0.033629 -0.966000
-0.181282 -0.707109 -0.683472
0.408232 -0.577364 -0.707105
0.499852 -0.024669 -0.865759
-0.021239 -0.995864 -0.088344
0.663551 -0.705422 -0.249160
0.408265 -0.577354 -0.707094
-0.181296 -0.707113 -0.683464
0.938528 0.031563 -0.343756
0.663545 0.705429 -0.249157
0.408256 0.577364 -0.707091
0.499845 0.024668 -0.865764
-0.021247 0.995863 -0.088352
-0.181282 0.707104 -0.683477
0.408230 0.577354 -0.707114
0.663549 0.705429 -0.249142
-0.256296 0.033571 -0.966015
0.499862 0.024684 -0.865753
0.408259 0.577335 -0.707113
-0.181300 0.707100 -0.683477
0.256346 -0.033628 0.966000
0.181283 -0.707109 0.683472
-0.408231 -0.577363 0.707106
-0.499852 -0.024668 0.865759
0.021239 -0.995864 0.088344
-0.663551 -0.705422 0.249159
-0.408265 -0.577354 0.707094
0.181296 -0.707113 0.683464
-0.938512 -0.031520 0.343805
-0.499835 -0.024685 0.865769
-0.408250 -0.577335 0.707118
-0.663557 -0.705422 0.249142
0.256296 0.033571 0.966015
-0.499863 0.024684 0.865753
-0.408259 0.577335 0.707113
0.181300 0.707100 0.683476
-0.938528 0.031563 0.343756
-0.663545 0.705429 0.249157
-0.408256 0.577364 0.707091
-0.499845 0.024668 0.865764
0.021248 0.995863 0.088351
0.181282 0.707104 0.683477
-0.408230 0.577354 0.707114
-0.663549 0.705430 0.249143
-0.984667 -0.031563 0.171563
-0.699225 -0.705429 0.115996
-0.707106 -0.577364 -0.408231
-0.865760 -0.024668 -0.499851
-0.025775 -0.995863 -0.087138
-0.184744 -0.707104 -0.682549
-0.707095 -0.577354 -0.408264
-0.699222 -0.705429 0.116011
-0.261049 -0.033571 -0.964742
-0.865770 -0.024684 -0.499833
-0.707119 -0.577335 -0.408248
-0.184728 -0.707100 -0.682558
-0.260998 0.033628 -0.964754
-0.184741 0.707109 -0.682545
-0.707092 0.577363 -0.408256
-0.865764 0.024668 -0.499843
-0.025779 0.995864 -0.087128
-0.699232 0.705422 0.115997
-0.707115 0.577354 -0.408229
-0.184726 0.707113 -0.682545
-0.984678 0.031520 0.171512
-0.865754 0.024685 -0.499860
-0.707114 0.577335 -0.408257
-0.699228 0.705422 0.116015
0.984668 -0.031589 -0.171555
0.938525 -0.031589 -0.343763
0.663568 -0.705394 -0.249192
0.699245 -0.705403 -0.116029
0.699207 -0.705452 -0.115962
0.663535 -0.705448 -0.249127
-0.021258 -0.995864 -0.088331
0.025755 -0.995864 0.087126
0.025731 -0.995861 0.087168
0.021300 -0.995861 0.088355
0.181269 -0.707134 0.683450
0.184741 -0.707134 0.682519
0.184756 -0.707077 0.682574
0.181283 -0.707077 0.683504
0.256345 -0.033594 0.966001
0.260999 -0.033594 0.964754
0.021258 -0.995864 0.088331
-0.025755 -0.995864 -0.087126
-0.699207 -0.705452 0.115962
-0.663535 -0.705448 0.249127
-0.663568 -0.705394 0.249192
-0.699245 -0.705403 0.116029
-0.984668 -0.031589 0.171555
-0.938525 -0.031589 0.343763
-0.256345 -0.033594 -0.966001
-0.260999 -0.033594 -0.964754
-0.184756 -0.707077 -0.682574
-0.181283 -0.707077 -0.683504
-0.181269 -0.707134 -0.683450
-0.184741 -0.707134 -0.682519
-0.025731 -0.995861 -0.087168
-0.021300 -0.995861 -0.088355
0.260999 0.033594 0.964754
0.256345 0.033594 0.966001
0.181283 0.707077 0.683504
0.184756 0.707077 0.682574
0.184742 0.707134 0.682519
0.181269 0.707134 0.683450
0.021300 0.995861 0.088355
0.025731 0.995861 0.087168
0.025755 0.995864 0.087126
-0.021258 0.995864 -0.088331
0.663512 0.705452 -0.249177
0.699202 0.705448 -0.116017
0.699263 0.705394 -0.115977
0.663578 0.705403 -0.249138
0.938525 0.031589 -0.343763
0.984668 0.031589 -0.171555
-0.021300 0.995861 -0.088355
-0.025731 0.995861 -0.087168
-0.184742 0.707134 -0.682519
-0.181269 0.707134 -0.683450
-0.181283 0.707077 -0.683504
-0.184756 0.707077 -0.682574
-0.260999 0.033594 -0.964754
-0.256345 0.033594 -0.966001
-0.938525 0.031589 0.343763
-0.984668 0.031589 0.171555
-0.699263 0.705394 0.115977
-0.663578 0.705403 0.249138
-0.663512 0.705452 0.249177
-0.699201 0.705449 0.116017
-0.025755 0.995864 -0.087126
0.021259 0.995864 0.088331
0.261043 -0.033532 0.964745
0.261043 0.033532 0.964745
0.865737 0.024661 0.499892
0.865737 -0.024661 0.499892
0.865788 -0.024661 0.499803
0.865788 0.024661 0.499803
0.984677 0.031534 -0.171515
0.984677 -0.031534 -0.171515
-0.938512 -0.031534 0.343802
-0.938512 0.031534 0.343802
-0.499893 0.024661 0.865736
-0.499893 -0.024661 0.865736
-0.499804 -0.024661 0.865787
-0.499804 0.024661 0.865787
0.256302 0.033531 0.966015
0.256302 -0.033532 0.966015
0.938512 -0.031534 -0.343803
0.938512 0.031534 -0.343803
0.499893 0.024661 -0.865736
0.499893 -0.024661 -0.865736
0.499804 -0.024661 -0.865787
0.499804 0.024661 -0.865787
-0.256302 0.033532 -0.966015
-0.256302 -0.033532 -0.966015
-0.261043 -0.033532 -0.964745
-0.261043 0.033532 -0.964745
-0.865737 0.024661 -0.499892
-0.865737 -0.024661 -0.499892
-0.865788 -0.024661 -0.499803
-0.865788 0.024661 -0.499803
-0.984677 0.031534 0.171515
-0.984677 -0.031534 0.171515
0.984666 -0.031533 -0.171574
0.984668 0.031521 -0.171570
0.938533 0.031533 -0.343746
0.938532 -0.031521 -0.343750
-0.256348 -0.033560 0.966002
-0.261001 -0.033560 0.964755
-0.260997 0.033560 0.964756
-0.256344 0.033560 0.966003
0.261001 -0.033560 -0.964755
0.260997 0.033560 -0.964756
0.256344 0.033560 -0.966003
0.256348 -0.033560 -0.966002
-0.021268 0.995868 0.088288
-0.025725 0.995868 0.087094
0.021268 0.995868 -0.088288
0.025725 0.995868 -0.087094
-0.984668 -0.031521 -0.171570
-0.938533 -0.031533 -0.343746
-0.938532 0.031521 -0.343750
-0.984666 0.031533 -0.171574
-0.021268 -0.995868 0.088288
0.025725 -0.995868 -0.087094
0.021268 -0.995868 -0.088288
-0.025725 -0.995868 0.087094
0.938528 -0.031563 0.343756
0.663545 -0.705429 0.249157
0.408256 -0.577364 0.707091
0.499845 -0.024668 0.865764
-0.021247 -0.995863 0.088352
-0.181282 -0.707104 0.683477
0.408230 -0.577354 0.707114
0.663549 -0.705429 0.249142
-0.256296 -0.033571 0.966015
0.499862 -0.024684 0.865753
0.408259 -0.577335 0.707113
-0.181300 -0.707100 0.683477
-0.256346 0.033628 0.966000
-0.181283 0.707109 0.683472
0.408231 0.577363 0.707106
0.499852 0.024668 0.865759
-0.021239 0.995864 0.088344
0.663551 0.705422 0.249159
0.408265 0.577354 0.707094
-0.181296 0.707113 0.683464
0.938512 0.031520 0.343805
0.499835 0.024685 0.865769
0.408250 0.577335 0.707118
0.663557 0.705422 0.249142
0.984678 -0.031520 0.171513
0.865754 -0.024685 -0.499860
0.707114 -0.577335 -0.408257
0.699228 -0.705422 0.116015
0.260998 -0.033629 -0.964753
0.184741 -0.707109 -0.682545
0.707092 -0.577364 -0.408255
0.865764 -0.024669 -0.499843
0.025779 -0.995864 -0.087128
0.699232 -0.705422 0.115997
0.707115 -0.577354 -0.408229
0.184726 -0.707113 -0.682545
0.984667 0.031563 0.171563
0.699225 0.705429 0.115996
0.707106 0.577364 -0.408231
0.865760 0.024668 -0.499851
0.025775 0.995863 -0.087138
0.184744 0.707104 -0.682549
0.707095 0.577354 -0.408264
0.699222 0.705429 0.116011
0.261049 0.033571 -0.964742
0.865770 0.024684 -0.499833
0.707119 0.577335 -0.408248
0.184728 0.707100 -0.682558
-0.260998 -0.033628 0.964754
-0.184741 -0.707109 0.682545
-0.707092 -0.577363 0.408256
-0.865764 -0.024668 0.499843
-0.025779 -0.995864 0.087128
-0.699232 -0.705422 -0.115997
-0.707115 -0.577354 0.408229
-0.184726 -0.707113 0.682545
-0.984678 -0.031520 -0.171512
-0.865754 -0.024685 0.499860
-0.707114 -0.577335 0.408257
-0.699228 -0.705422 -0.116015
-0.261049 0.033571 0.964742
-0.865770 0.024684 0.499833
-0.707119 0.577335 0.408248
-0.184728 0.707100 0.682558
-0.984667 0.031563 -0.171563
-0.699225 0.705429 -0.115996
-0.707106 0.577364 0.408231
-0.865760 0.024668 0.499851
-0.025775 0.995863 0.087139
-0.184743 0.707104 0.682550
-0.707095 0.577354 0.408264
-0.699221 0.705430 -0.116010
-0.938528 -0.031563 -0.343756
-0.663545 -0.705429 -0.249157
-0.408256 -0.577364 -0.707091
-0.499845 -0.024668 -0.865764
0.021247 -0.995863 -0.088352
0.181282 -0.707104 -0.683477
-0.408230 -0.577354 -0.707114
-0.663549 -0.705429 -0.249142
0.256296 -0.033571 -0.966015
-0.499862 -0.024684 -0.865753
-0.408259 -0.577335 -0.707113
0.181300 -0.707100 -0.683477
0.256346 0.033628 -0.966000
0.181283 0.707109 -0.683472
-0.408231 0.577363 -0.707106
-0.499852 0.024668 -0.865759
0.021239 0.995864 -0.088344
-0.663551 0.705422 -0.249159
-0.408265 0.577354 -0.707094
0.181296 0.707113 -0.683464
-0.938512 0.031520 -0.343805
-0.499835 0.024685 -0.865769
-0.408250 0.577335 -0.707118
-0.663557 0.705422 -0.249142
0.938525 -0.031589 0.343763
0.984668 -0.031589 0.171555
0.699263 -0.705394 0.115977
0.663578 -0.705403 0.249138
0.663512 -0.705452 0.249177
0.699202 -0.705448 0.116018
0.025755 -0.995864 -0.087126
-0.021258 -0.995864 0.088331
-0.021300 -0.995861 0.088355
-0.025731 -0.995861 0.087168
-0.184742 -0.707134 0.682519
-0.181269 -0.707134 0.683450
-0.181283 -0.707077 0.683504
-0.184756 -0.707077 0.682574
-0.260999 -0.033594 0.964754
-0.256345 -0.033594 0.966001
-0.025755 -0.995864 0.087126
0.021258 -0.995864 -0.088331
-0.663512 -0.705452 -0.249177
-0.699202 -0.705448 -0.116017
-0.699263 -0.705394 -0.115977
-0.663578 -0.705403 -0.249138
-0.938525 -0.031589 -0.343763
-0.984668 -0.031589 -0.171555
0.260999 -0.033594 -0.964754
0.256345 -0.033594 -0.966001
0.181283 -0.707077 -0.683504
0.184756 -0.707077 -0.682574
0.184742 -0.707134 -0.682519
0.181269 -0.707134 -0.683450
0.021300 -0.995861 -0.088355
0.025731 -0.995861 -0.087168
-0.256345 0.033594 0.966001
-0.260999 0.033594 0.964754
-0.184756 0.707077 0.682574
-0.181283 0.707077 0.683504
-0.181269 0.707134 0.683450
-0.184741 0.707134 0.682519
-0.025731 0.995861 0.087168
-0.021300 0.995861 0.088355
-0.021258 0.995864 0.088331
0.025755 0.995864 -0.087126
0.699207 0.705452 0.115962
0.663535 0.705448 0.249127
0.663568 0.705394 0.249192
0.699245 0.705403 0.116029
0.984668 0.031589 0.171555
0.938525 0.031589 0.343763
0.025731 0.995861 -0.087168
0.021300 0.995861 -0.088355
0.181269 0.707134 -0.683450
0.184741 0.707134 -0.682519
0.184756 0.707077 -0.682574
0.181283 0.707077 -0.683504
0.256345 0.033594 -0.966001
0.260999 0.033594 -0.964754
-0.984668 0.031589 -0.171555
-0.938525 0.031589 -0.343763
-0.663568 0.705394 -0.249192
-0.699245 0.705403 -0.116029
-0.699207 0.705452 -0.115962
-0.663535 0.705449 -0.249127
0.021259 0.995864 -0.088331
-0.025755 0.995864 0.087126
-0.256302 -0.033532 0.966015
-0.256302 0.033532 0.966015
0.499804 0.024661 0.865787
0.499804 -0.024661 0.865787
0.499893 -0.024661 0.865736
0.499893 0.024661 0.865736
0.938512 0.031534 0.343802
0.938512 -0.031534 0.343802
-0.984677 -0.031534 -0.171515
-0.984677 0.031534 -0.171515
-0.865788 0.024661 0.499803
-0.865788 -0.024661 0.499802
-0.865737 -0.024661 0.499892
-0.865737 0.024661 0.499892
-0.261043 0.033531 0.964745
-0.261043 -0.033532 0.964745
0.984677 -0.031534 0.171515
0.984677 0.031534 0.171515
0.865788 0.024661 -0.499803
0.865788 -0.024661 -0.499803
0.865737 -0.024661 -0.499892
0.865737 0.024661 -0.499892
0.261043 0.033532 -0.964745
0.261043 -0.033532 -0.964745
0.256302 -0.033532 -0.966015
0.256302 0.033532 -0.966015
-0.499804 0.024661 -0.865787
-0.499804 -0.024661 -0.865787
-0.499893 -0.024661 -0.865736
-0.499893 0.024661 -0.865736
-0.938512 0.031534 -0.343802
-0.938512 -0.031534 -0.343802
0.938533 -0.031533 0.343746
0.938532 0.031521 0.343750
0.984666 0.031533 0.171574
0.984668 -0.031521 0.171570
-0.705005 -0.033560 0.708408
-0.708411 -0.033560 0.705002
-0.708408 0.033560 0.705005
-0.705002 0.033560 0.708411
0.708411 -0.033560 -0.705002
0.708408 0.033560 -0.705005
0.705002 0.033560 -0.708411
0.705005 -0.033560 -0.708408
-0.062563 0.995868 0.065826
-0.065826 0.995868 0.062563
0.062563 0.995868 -0.065826
0.065826 0.995868 -0.062563
-0.766962 -0.031521 -0.640917
-0.640921 -0.031533 -0.766959
-0.640917 0.031521 -0.766962
-0.766959 0.031533 -0.640921
-0.062563 -0.995868 0.065826
0.065826 -0.995868 -0.062563
0.062563 -0.995868 -0.065826
-0.065826 -0.995868 0.062563
0.640911 -0.031563 0.766966
0.450068 -0.705429 0.547548
0.000015 -0.577364 0.816487
-0.000003 -0.024668 0.999696
-0.062577 -0.995863 0.065891
-0.498733 -0.707104 0.501268
-0.000019 -0.577354 0.816494
0.450079 -0.705429 0.547538
-0.704966 -0.033571 0.708446
0.000017 -0.024684 0.999695
0.000006 -0.577335 0.816508
-0.498749 -0.707100 0.501258
-0.705002 0.033628 0.708407
-0.498731 0.707109 0.501263
-0.000014 0.577363 0.816487
0.000005 0.024668 0.999696
-0.062566 0.995864 0.065889
0.450072 0.705422 0.547554
0.000021 0.577354 0.816494
-0.498739 0.707113 0.501249
0.640873 0.031520 0.767000
-0.000014 0.024685 0.999695
-0.000004 0.577335 0.816507
0.450086 0.705422 0.547542
0.766999 -0.031520 0.640873
0.999695 -0.024685 -0.000014
0.816507 -0.577335 -0.000004
0.547542 -0.705422 0.450086
0.708408 -0.033629 -0.705002
0.501263 -0.707109 -0.498731
0.816487 -0.577364 -0.000014
0.999696 -0.024669 0.000005
0.065889 -0.995864 -0.062566
0.547554 -0.705422 0.450072
0.816494 -0.577354 0.000021
0.501250 -0.707113 -0.498739
0.766966 0.031563 0.640911
0.547548 0.705429 0.450068
0.816487 0.577364 0.000015
0.999696 0.024668 -0.000003
0.065891 0.995863 -0.062577
0.501268 0.707104 -0.498733
0.816494 0.577354 -0.000019
0.547538 0.705429 0.450079
0.708446 0.033571 -0.704966
0.999695 0.024684 0.000017
0.816508 0.577335 0.000006
0.501258 0.707100 -0.498749
-0.708407 -0.033628 0.705002
-0.501263 -0.707109 0.498731
-0.816487 -0.577363 0.000014
-0.999696 -0.024668 -0.000005
-0.065889 -0.995864 0.062566
-0.547554 -0.705422 -0.450072
-0.816494 -0.577354 -0.000021
-0.501249 -0.707113 0.498739
-0.767000 -0.031520 -0.640873
-0.999695 -0.024685 0.000014
-0.816507 -0.577335 0.000004
-0.547542 -0.705422 -0.450086
-0.708446 0.033571 0.704966
-0.999695 0.024684 -0.000017
-0.816507 0.577335 -0.000006
-0.501258 0.707100 0.498749
-0.766966 0.031563 -0.640911
-0.547548 0.705429 -0.450068
-0.816487 0.577364 -0.000015
-0.999696 0.024668 0.000003
-0.065891 0.995863 0.062577
-0.501267 0.707104 0.498734
-0.816494 0.577354 0.000019
-0.547538 0.705430 -0.450079
-0.640911 -0.031563 -0.766966
-0.450068 -0.705429 -0.547548
-0.000015 -0.577364 -0.816487
0.000003 -0.024668 -0.999696
0.062577 -0.995863 -0.065891
0.498733 -0.707104 -0.501268
0.000019 -0.577354 -0.816494
-0.450079 -0.705429 -0.547538
0.704966 -0.033571 -0.708446
-0.000017 -0.024684 -0.999695
-0.000006 -0.577335 -0.816508
0.498749 -0.707100 -0.501258
0.705002 0.033628 -0.708407
0.498731 0.707109 -0.501263
0.000014 0.577363 -0.816487
-0.000005 0.024668 -0.999696
0.062566 0.995864 -0.065889
-0.450072 0.705422 -0.547554
-0.000021 0.577354 -0.816494
0.498739 0.707113 -0.501249
-0.640873 0.031520 -0.767000
0.000014 0.024685 -0.999695
0.000004 0.577335 -0.816507
-0.450086 0.705422 -0.547542
0.640905 -0.031589 0.766970
0.766970 -0.031589 0.640905
0.547591 -0.705394 0.450070
0.450106 -0.705403 0.547549
0.450030 -0.705452 0.547550
0.547518 -0.705448 0.450075
0.065868 -0.995864 -0.062576
-0.062575 -0.995864 0.065868
-0.062624 -0.995861 0.065868
-0.065868 -0.995861 0.062624
-0.501250 -0.707134 0.498708
-0.498708 -0.707134 0.501250
-0.498748 -0.707077 0.501290
-0.501290 -0.707077 0.498748
-0.708409 -0.033594 0.705002
-0.705002 -0.033594 0.708409
-0.065868 -0.995864 0.062575
0.062575 -0.995864 -0.065868
-0.450030 -0.705452 -0.547550
-0.547518 -0.705448 -0.450075
-0.547591 -0.705394 -0.450070
-0.450107 -0.705403 -0.547549
-0.640905 -0.031589 -0.766970
-0.766970 -0.031589 -0.640905
0.708409 -0.033594 -0.705002
0.705002 -0.033594 -0.708409
0.498748 -0.707077 -0.501290
0.501290 -0.707077 -0.498748
0.501250 -0.707134 -0.498708
0.498708 -0.707134 -0.501250
0.062624 -0.995861 -0.065868
0.065868 -0.995861 -0.062624
-0.705002 0.033594 0.708409
-0.708409 0.033594 0.705002
-0.501290 0.707077 0.498748
-0.498748 0.707077 0.501290
-0.498708 0.707134 0.501250
-0.501250 0.707134 0.498708
-0.065868 0.995861 0.062624
-0.062624 0.995861 0.065868
-0.062575 0.995864 0.065868
0.065868 0.995864 -0.062575
0.547550 0.705452 0.450030
0.450075 0.705448 0.547518
0.450070 0.705394 0.547591
0.547549 0.705403 0.450107
0.766970 0.031589 0.640905
0.640905 0.031589 0.766970
0.065868 0.995861 -0.062624
0.062624 0.995861 -0.065868
0.498708 0.707134 -0.501250
0.501250 0.707134 -0.498708
0.501290 0.707077 -0.498748
0.498748 0.707077 -0.501290
0.705002 0.033594 -0.708409
0.708409 0.033594 -0.705002
-0.766970 0.031589 -0.640905
-0.640905 0.031589 -0.766970
-0.450070 0.705394 -0.547591
-0.547549 0.705403 -0.450107
-0.547550 0.705452 -0.450029
-0.450075 0.705449 -0.547517
0.062576 0.995864 -0.065867
-0.065867 0.995864 0.062576
-0.704972 -0.033532 0.708442
-0.704972 0.033532 0.708442
-0.000050 0.024661 0.999696
-0.000050 -0.024661 0.999696
0.000052 -0.024661 0.999696
0.000052 0.024661 0.999696
0.640874 0.031534 0.766998
0.640874 -0.031534 0.766998
-0.766998 -0.031534 -0.640874
-0.766998 0.031534 -0.640874
-0.999696 0.024661 -0.000052
-0.999696 -0.024661 -0.000053
-0.999696 -0.024661 0.000051
-0.999696 0.024661 0.000051
-0.708442 0.033531 0.704972
-0.708442 -0.033532 0.704972
0.766998 -0.031534 0.640874
0.766998 0.031534 0.640874
0.999696 0.024661 0.000052
0.999696 -0.024661 0.000052
0.999696 -0.024661 -0.000050
0.999696 0.024661 -0.000050
0.708442 0.033532 -0.704972
0.708442 -0.033532 -0.704972
0.704972 -0.033532 -0.708442
0.704972 0.033532 -0.708442
0.000050 0.024661 -0.999696
0.000050 -0.024661 -0.999696
-0.000052 -0.024661 -0.999696
-0.000052 0.024661 -0.999696
-0.640874 0.031534 -0.766998
-0.640874 -0.031534 -0.766998
0.640921 -0.031533 0.766959
0.640917 0.031521 0.766962
0.766959 0.031533 0.640921
0.766962 -0.031521 0.640917
-0.964756 -0.033560 0.260997
-0.966003 -0.033560 0.256344
-0.966002 0.033560 0.256348
-0.964755 0.033560 0.261001
0.966003 -0.033560 -0.256344
0.966002 0.033560 -0.256348
0.964755 0.033560 -0.261001
0.964756 -0.033560 -0.260997
-0.087094 0.995868 0.025725
-0.088288 0.995868 0.021268
0.087094 0.995868 -0.025725
0.088288 0.995868 -0.021268
-0.343750 -0.031521 -0.938532
-0.171574 -0.031533 -0.984667
-0.171570 0.031521 -0.984668
-0.343746 0.031533 -0.938533
-0.087094 -0.995868 0.025725
0.088288 -0.995868 -0.021268
0.087094 -0.995868 -0.025725
-0.088288 -0.995868 0.021268
0.171563 -0.031563 0.984667
0.115996 -0.705429 0.699225
-0.408231 -0.577364 0.707106
-0.499851 -0.024668 0.865760
-0.087138 -0.995863 0.025775
-0.682549 -0.707104 0.184744
-0.408264 -0.577354 0.707095
0.116011 -0.705429 0.699222
-0.964742 -0.033571 0.261049
-0.499833 -0.024684 0.865770
-0.408248 -0.577335 0.707119
-0.682558 -0.707100 0.184728
-0.964753 0.033628 0.260998
-0.682545 0.707109 0.184741
-0.408256 0.577363 0.707092
-0.499843 0.024668 0.865764
-0.087128 0.995864 0.025779
0.115997 0.705422 0.699232
-0.408229 0.577354 0.707115
-0.682545 0.707113 0.184726
0.171512 0.031520 0.984678
-0.499860 0.024685 0.865754
-0.408257 0.577335 0.707114
0.116015 0.705422 0.699228
0.343805 -0.031520 0.938512
0.865769 -0.024685 0.499835
0.707118 -0.577335 0.408250
0.249142 -0.705422 0.663557
0.966000 -0.033629 -0.256346
0.683472 -0.707109 -0.181282
0.707105 -0.577364 0.408232
0.865759 -0.024669 0.499852
0.088344 -0.995864 -0.021239
0.249160 -0.705422 0.663551
0.707094 -0.577354 0.408265
0.683464 -0.707113 -0.181296
0.343756 0.031563 0.938528
0.249157 0.705429 0.663545
0.707091 0.577364 0.408256
0.865764 0.024668 0.499845
0.088352 0.995863 -0.021247
0.683477 0.707104 -0.181282
0.707114 0.577354 0.408230
0.249142 0.705429 0.663549
0.966015 0.033571 -0.256296
0.865753 0.024684 0.499862
0.707113 0.577335 0.408259
0.683477 0.707100 -0.181300
-0.966000 -0.033628 0.256346
-0.683472 -0.707109 0.181283
-0.707106 -0.577363 -0.408231
-0.865759 -0.024668 -0.499852
-0.088344 -0.995864 0.021239
-0.249160 -0.705422 -0.663551
-0.707094 -0.577354 -0.408265
-0.683464 -0.707113 0.181296
-0.343805 -0.031520 -0.938512
-0.865769 -0.024685 -0.499835
-0.707118 -0.577335 -0.408250
-0.249142 -0.705422 -0.663557
-0.966015 0.033571 0.256296
-0.865753 0.024684 -0.499863
-0.707113 0.577335 -0.408259
-0.683476 0.707100 0.181300
-0.343756 0.031563 -0.938528
-0.249157 0.705429 -0.663545
-0.707091 0.577364 -0.408256
-0.865764 0.024668 -0.499845
-0.088351 0.995863 0.021248
-0.683477 0.707104 0.181282
-0.707114 0.577354 -0.408230
-0.249143 0.705430 -0.663549
-0.171563 -0.031563 -0.984667
-0.115996 -0.705429 -0.699225
0.408231 -0.577364 -0.707106
0.499851 -0.024668 -0.865760
0.087138 -0.995863 -0.025775
0.682549 -0.707104 -0.184744
0.408264 -0.577354 -0.707095
-0.116011 -0.705429 -0.699222
0.964742 -0.033571 -0.261049
0.499833 -0.024684 -0.865770
0.408248 -0.577335 -0.707119
0.682558 -0.707100 -0.184728
0.964753 0.033628 -0.260998
0.682545 0.707109 -0.184741
0.408256 0.577363 -0.707092
0.499843 0.024668 -0.865764
0.087128 0.995864 -0.025779
-0.115997 0.705422 -0.699232
0.408229 0.577354 -0.707115
0.682545 0.707113 -0.184726
-0.171512 0.031520 -0.984678
0.499860 0.024685 -0.865754
0.408257 0.577335 -0.707114
-0.116015 0.705422 -0.699228
0.171555 -0.031589 0.984668
0.343763 -0.031589 0.938525
0.249192 -0.705394 0.663568
0.116029 -0.705403 0.699245
0.115962 -0.705452 0.699207
0.249127 -0.705448 0.663535
0.088331 -0.995864 -0.021258
-0.087126 -0.995864 0.025755
-0.087168 -0.995861 0.025731
-0.088355 -0.995861 0.021300
-0.683450 -0.707134 0.181269
-0.682519 -0.707134 0.184741
-0.682574 -0.707077 0.184756
-0.683504 -0.707077 0.181283
-0.966001 -0.033594 0.256345
-0.964754 -0.033594 0.260999
-0.088331 -0.995864 0.021258
0.087126 -0.995864 -0.025755
-0.115962 -0.705452 -0.699207
-0.249127 -0.705448 -0.663535
-0.249192 -0.705394 -0.663568
-0.116029 -0.705403 -0.699245
-0.171555 -0.031589 -0.984668
-0.343763 -0.031589 -0.938525
0.966001 -0.033594 -0.256345
0.964754 -0.033594 -0.260999
0.682574 -0.707077 -0.184756
0.683504 -0.707077 -0.181283
0.683450 -0.707134 -0.181269
0.682519 -0.707134 -0.184741
0.087168 -0.995861 -0.025731
0.088355 -0.995861 -0.021300
-0.964754 0.033594 0.260999
-0.966001 0.033594 0.256345
-0.683504 0.707077 0.181283
-0.682574 0.707077 0.184756
-0.682519 0.707134 0.184742
-0.683450 0.707134 0.181269
-0.088355 0.995861 0.021300
-0.087168 0.995861 0.025731
-0.087126 0.995864 0.025755
0.088331 0.995864 -0.021258
0.249177 0.705452 0.663512
0.116017 0.705448 0.699202
0.115977 0.705394 0.699263
0.249138 0.705403 0.663578
0.343763 0.031589 0.938525
0.171555 0.031589 0.984668
0.088355 0.995861 -0.021300
0.087168 0.995861 -0.025731
0.682519 0.707134 -0.184742
0.683450 0.707134 -0.181269
0.683504 0.707077 -0.181283
0.682574 0.707077 -0.184756
0.964754 0.033594 -0.260999
0.966001 0.033594 -0.256345
-0.343763 0.031589 -0.938525
-0.171555 0.031589 -0.984668
-0.115977 0.705394 -0.699263
-0.249138 0.705403 -0.663578
-0.249177 0.705452 -0.663512
-0.116017 0.705449 -0.699201
0.087126 0.995864 -0.025755
-0.088331 0.995864 0.021259
-0.964745 -0.033532 0.261043
-0.964745 0.033532 0.261043
-0.499892 0.024661 0.865737
-0.499892 -0.024661 0.865737
-0.499803 -0.024661 0.865788
-0.499803 0.024661 0.865788
0.171515 0.031534 0.984677
0.171515 -0.031534 0.984677
-0.343802 -0.031534 -0.938512
-0.343802 0.031534 -0.938512
-0.865736 0.024661 -0.499893
-0.865736 -0.024661 -0.499893
-0.865787 -0.024661 -0.499804
-0.865787 0.024661 -0.499804
-0.966015 0.033531 0.256302
-0.966015 -0.033532 0.256302
0.343803 -0.031534 0.938512
0.343803 0.031534 0.938512
0.865736 0.024661 0.499893
0.865736 -0.024661 0.499893
0.865787 -0.024661 0.499804
0.865787 0.024661 0.499804
0.966015 0.033532 -0.256302
0.966015 -0.033532 -0.256302
0.964745 -0.033532 -0.261043
0.964745 0.033532 -0.261043
0.499892 0.024661 -0.865737
0.499892 -0.024661 -0.865737
0.499803 -0.024661 -0.865788
0.499803 0.024661 -0.865788
-0.171515 0.031534 -0.984677
-0.171515 -0.031534 -0.984677
0.171574 -0.031533 0.984667
0.171570 0.031521 0.984668
0.343746 0.031533 0.938533
0.343750 -0.031521 0.938532
-0.966002 -0.033560 -0.256348
-0.964755 -0.033560 -0.261001
-0.964756 0.033560 -0.260997
-0.966003 0.033560 -0.256344
0.964755 -0.033560 0.261001
0.964756 0.033560 0.260997
0.966003 0.033560 0.256344
0.966002 -0.033560 0.256348
-0.088288 0.995868 -0.021268
-0.087094 0.995868 -0.025725
0.088288 0.995868 0.021268
0.087094 0.995868 0.025725
0.171570 -0.031521 -0.984668
0.343746 -0.031533 -0.938533
0.343750 0.031521 -0.938532
0.171574 0.031533 -0.984666
-0.088288 -0.995868 -0.021268
0.087094 -0.995868 0.025725
0.088288 -0.995868 0.021268
-0.087094 -0.995868 -0.025725
-0.343756 -0.031563 0.938528
-0.249157 -0.705429 0.663545
-0.707091 -0.577364 0.408256
-0.865764 -0.024668 0.499845
-0.088352 -0.995863 -0.021247
-0.683477 -0.707104 -0.181282
-0.707114 -0.577354 0.408230
-0.249142 -0.705429 0.663549
-0.966015 -0.033571 -0.256296
-0.865753 -0.024684 0.499862
-0.707113 -0.577335 0.408259
-0.683477 -0.707100 -0.181300
-0.966000 0.033628 -0.256346
-0.683472 0.707109 -0.181283
-0.707106 0.577363 0.408231
-0.865759 0.024668 0.499852
-0.088344 0.995864 -0.021239
-0.249159 0.705422 0.663551
-0.707094 0.577354 0.408265
-0.683464 0.707113 -0.181296
-0.343805 0.031520 0.938512
-0.865769 0.024685 0.499835
-0.707118 0.577335 0.408250
-0.249142 0.705422 0.663557
-0.171513 -0.031520 0.984678
0.499860 -0.024685 0.865754
0.408257 -0.577335 0.707114
-0.116015 -0.705422 0.699228
0.964753 -0.033629 0.260998
0.682545 -0.707109 0.184741
0.408255 -0.577364 0.707092
0.499843 -0.024669 0.865764
0.087128 -0.995864 0.025779
-0.115997 -0.705422 0.699232
0.408229 -0.577354 0.707115
0.682545 -0.707113 0.184726
-0.171563 0.031563 0.984667
-0.115996 0.705429 0.699225
0.408231 0.577364 0.707106
0.499851 0.024668 0.865760
0.087138 0.995863 0.025775
0.682549 0.707104 0.184744
0.408264 0.577354 0.707095
-0.116011 0.705429 0.699222
0.964742 0.033571 0.261049
0.499833 0.024684 0.865770
0.408248 0.577335 0.707119
0.682558 0.707100 0.184728
-0.964754 -0.033628 -0.260998
-0.682545 -0.707109 -0.184741
-0.408256 -0.577363 -0.707092
-0.499843 -0.024668 -0.865764
-0.087128 -0.995864 -0.025779
0.115997 -0.705422 -0.699232
-0.408229 -0.577354 -0.707115
-0.682545 -0.707113 -0.184726
0.171512 -0.031520 -0.984678
-0.499860 -0.024685 -0.865754
-0.408257 -0.577335 -0.707114
0.116015 -0.705422 -0.699228
-0.964742 0.033571 -0.261049
-0.499833 0.024684 -0.865770
-0.408248 0.577335 -0.707119
-0.682558 0.707100 -0.184728
0.171563 0.031563 -0.984667
0.115996 0.705429 -0.699225
-0.408231 0.577364 -0.707106
-0.499851 0.024668 -0.865760
-0.087139 0.995863 -0.025775
-0.682550 0.707104 -0.184743
-0.408264 0.577354 -0.707095
0.116010 0.705430 -0.699221
0.343756 -0.031563 -0.938528
0.249157 -0.705429 -0.663545
0.707091 -0.577364 -0.408256
0.865764 -0.024668 -0.499845
0.088352 -0.995863 0.021247
0.683477 -0.707104 0.181282
0.707114 -0.577354 -0.408230
0.249142 -0.705429 -0.663549
0.966015 -0.033571 0.256296
0.865753 -0.024684 -0.499862
0.707113 -0.577335 -0.408259
0.683477 -0.707100 0.181300
0.966000 0.033628 0.256346
0.683472 0.707109 0.181283
0.707106 0.577363 -0.408231
0.865759 0.024668 -0.499852
0.088344 0.995864 0.021239
0.249159 0.705422 -0.663551
0.707094 0.577354 -0.408265
0.683464 0.707113 0.181296
0.343805 0.031520 -0.938512
0.865769 0.024685 -0.499835
0.707118 0.577335 -0.408250
0.249142 0.705422 -0.663557
-0.343763 -0.031589 0.938525
-0.171555 -0.031589 0.984668
-0.115977 -0.705394 0.699263
-0.249138 -0.705403 0.663578
-0.249177 -0.705452 0.663512
-0.116018 -0.705448 0.699202
0.087126 -0.995864 0.025755
-0.088331 -0.995864 -0.021258
-0.088355 -0.995861 -0.021300
-0.087168 -0.995861 -0.025731
-0.682519 -0.707134 -0.184742
-0.683450 -0.707134 -0.181269
-0.683504 -0.707077 -0.181283
-0.682574 -0.707077 -0.184756
-0.964754 -0.033594 -0.260999
-0.966001 -0.033594 -0.256345
-0.087126 -0.995864 -0.025755
0.088331 -0.995864 0.021258
0.249177 -0.705452 -0.663512
0.116017 -0.705448 -0.699202
0.115977 -0.705394 -0.699263
0.249138 -0.705403 -0.663578
0.343763 -0.031589 -0.938525
0.171555 -0.031589 -0.984668
0.964754 -0.033594 0.260999
0.966001 -0.033594 0.256345
0.683504 -0.707077 0.181283
0.682574 -0.707077 0.184756
0.682519 -0.707134 0.184742
0.683450 -0.707134 0.181269
0.088355 -0.995861 0.021300
0.087168 -0.995861 0.025731
-0.966001 0.033594 -0.256345
-0.964754 0.033594 -0.260999
-0.682574 0.707077 -0.184756
-0.683504 0.707077 -0.181283
-0.683450 0.707134 -0.181269
-0.682519 0.707134 -0.184741
-0.087168 0.995861 -0.025731
-0.088355 0.995861 -0.021300
-0.088331 0.995864 -0.021258
0.087126 0.995864 0.025755
-0.115962 0.705452 0.699207
-0.249127 0.705448 0.663535
-0.249192 0.705394 0.663568
-0.116029 0.705403 0.699245
-0.171555 0.031589 0.984668
-0.343763 0.031589 0.938525
0.087168 0.995861 0.025731
0.088355 0.995861 0.021300
0.683450 0.707134 0.181269
0.682519 0.707134 0.184741
0.682574 0.707077 0.184756
0.683504 0.707077 0.181283
0.966001 0.033594 0.256345
0.964754 0.033594 0.260999
0.171555 0.031589 -0.984668
0.343763 0.031589 -0.938525
0.249192 0.705394 -0.663568
0.116029 0.705403 -0.699245
0.115962 0.705452 -0.699207
0.249127 0.705449 -0.663535
0.088331 0.995864 0.021259
-0.087126 0.995864 -0.025755
-0.966015 -0.033532 -0.256302
-0.966015 0.033532 -0.256302
-0.865787 0.024661 0.499804
-0.865787 -0.024661 0.499804
-0.865736 -0.024661 0.499893
-0.865736 0.024661 0.499893
-0.343802 0.031534 0.938512
-0.343802 -0.031534 0.938512
0.171515 -0.031534 -0.984677
0.171515 0.031534 -0.984677
-0.499803 0.024661 -0.865788
-0.499802 -0.024661 -0.865788
-0.499892 -0.024661 -0.865737
-0.499892 0.024661 -0.865737
-0.964745 0.033531 -0.261043
-0.964745 -0.033532 -0.261043
-0.171515 -0.031534 0.984677
-0.171515 0.031534 0.984677
0.499803 0.024661 0.865788
0.499803 -0.024661 0.865788
0.499892 -0.024661 0.865737
0.499892 0.024661 0.865737
0.964745 0.033532 0.261043
0.964745 -0.033532 0.261043
0.966015 -0.033532 0.256302
0.966015 0.033532 0.256302
0.865787 0.024661 -0.499804
0.865787 -0.024661 -0.499804
0.865736 -0.024661 -0.499893
0.865736 0.024661 -0.499893
0.343802 0.031534 -0.938512
0.343802 -0.031534 -0.938512
-0.343746 -0.031533 0.938533
-0.343750 0.031521 0.938532
-0.171574 0.031533 0.984666
-0.171570 -0.031521 0.984668
-0.708408 -0.033560 -0.705005
-0.705002 -0.033560 -0.708411
-0.705005 0.033560 -0.708408
-0.708411 0.033560 -0.705002
0.705002 -0.033560 0.708411
0.705005 0.033560 0.708408
0.708411 0.033560 0.705002
0.708408 -0.033560 0.705005
-0.065826 0.995868 -0.062563
-0.062563 0.995868 -0.065826
0.065826 0.995868 0.062563
0.062563 0.995868 0.065826
0.640917 -0.031521 -0.766962
0.766959 -0.031533 -0.640921
0.766962 0.031521 -0.640917
0.640921 0.031533 -0.766959
-0.065826 -0.995868 -0.062563
0.062563 -0.995868 0.065826
0.065826 -0.995868 0.062563
-0.062563 -0.995868 -0.065826
-0.766966 -0.031563 0.640911
-0.547548 -0.705429 0.450068
-0.816487 -0.577364 0.000015
-0.999696 -0.024668 -0.000003
-0.065891 -0.995863 -0.062577
-0.501268 -0.707104 -0.498733
-0.816494 -0.577354 -0.000019
-0.547538 -0.705429 0.450079
-0.708446 -0.033571 -0.704966
-0.999695 -0.024684 0.000017
-0.816508 -0.577335 0.000006
-0.501258 -0.707100 -0.498749
-0.708407 0.033628 -0.705002
-0.501263 0.707109 -0.498731
-0.816487 0.577363 -0.000014
-0.999696 0.024668 0.000005
-0.065889 0.995864 -0.062566
-0.547554 0.705422 0.450072
-0.816494 0.577354 0.000021
-0.501249 0.707113 -0.498739
-0.767000 0.031520 0.640873
-0.999695 0.024685 -0.000014
-0.816507 0.577335 -0.000004
-0.547542 0.705422 0.450086
-0.640873 -0.031520 0.766999
0.000014 -0.024685 0.999695
0.000004 -0.577335 0.816507
-0.450086 -0.705422 0.547542
0.705002 -0.033629 0.708408
0.498731 -0.707109 0.501263
0.000014 -0.577364 0.816487
-0.000005 -0.024669 0.999696
0.062566 -0.995864 0.065889
-0.450072 -0.705422 0.547554
-0.000021 -0.577354 0.816494
0.498739 -0.707113 0.501250
-0.640911 0.031563 0.766966
-0.450068 0.705429 0.547548
-0.000015 0.577364 0.816487
0.000003 0.024668 0.999696
0.062577 0.995863 0.065891
0.498733 0.707104 0.501268
0.000019 0.577354 0.816494
-0.450079 0.705429 0.547538
0.704966 0.033571 0.708446
-0.000017 0.024684 0.999695
-0.000006 0.577335 0.816508
0.498749 0.707100 0.501258
-0.705002 -0.033628 -0.708407
-0.498731 -0.707109 -0.501263
-0.000014 -0.577363 -0.816487
0.000005 -0.024668 -0.999696
-0.062566 -0.995864 -0.065889
0.450072 -0.705422 -0.547554
0.000021 -0.577354 -0.816494
-0.498739 -0.707113 -0.501249
0.640873 -0.031520 -0.767000
-0.000014 -0.024685 -0.999695
-0.000004 -0.577335 -0.816507
0.450086 -0.705422 -0.547542
-0.704966 0.033571 -0.708446
0.000017 0.024684 -0.999695
0.000006 0.577335 -0.816507
-0.498749 0.707100 -0.501258
0.640911 0.031563 -0.766966
0.450068 0.705429 -0.547548
0.000015 0.577364 -0.816487
-0.000003 0.024668 -0.999696
-0.062577 0.995863 -0.065891
-0.498734 0.707104 -0.501267
-0.000019 0.577354 -0.816494
0.450079 0.705430 -0.547538
0.766966 -0.031563 -0.640911
0.547548 -0.705429 -0.450068
0.816487 -0.577364 -0.000015
0.999696 -0.024668 0.000003
0.065891 -0.995863 0.062577
0.501268 -0.707104 0.498733
0.816494 -0.577354 0.000019
0.547538 -0.705429 -0.450079
0.708446 -0.033571 0.704966
0.999695 -0.024684 -0.000017
0.816508 -0.577335 -0.000006
0.501258 -0.707100 0.498749
0.708407 0.033628 0.705002
0.501263 0.707109 0.498731
0.816487 0.577363 0.000014
0.999696 0.024668 -0.000005
0.065889 0.995864 0.062566
0.547554 0.705422 -0.450072
0.816494 0.577354 -0.000021
0.501249 0.707113 0.498739
0.767000 0.031520 -0.640873
0.999695 0.024685 0.000014
0.816507 0.577335 0.000004
0.547542 0.705422 -0.450086
-0.766970 -0.031589 0.640905
-0.640905 -0.031589 0.766970
-0.450070 -0.705394 0.547591
-0.547549 -0.705403 0.450106
-0.547550 -0.705452 0.450030
-0.450075 -0.705448 0.547518
0.062576 -0.995864 0.065868
-0.065868 -0.995864 -0.062575
-0.065868 -0.995861 -0.062624
-0.062624 -0.995861 -0.065868
-0.498708 -0.707134 -0.501250
-0.501250 -0.707134 -0.498708
-0.501290 -0.707077 -0.498748
-0.498748 -0.707077 -0.501290
-0.705002 -0.033594 -0.708409
-0.708409 -0.033594 -0.705002
-0.062575 -0.995864 -0.065868
0.065868 -0.995864 0.062575
0.547550 -0.705452 -0.450030
0.450075 -0.705448 -0.547518
0.450070 -0.705394 -0.547591
0.547549 -0.705403 -0.450107
0.766970 -0.031589 -0.640905
0.640905 -0.031589 -0.766970
0.705002 -0.033594 0.708409
0.708409 -0.033594 0.705002
0.501290 -0.707077 0.498748
0.498748 -0.707077 0.501290
0.498708 -0.707134 0.501250
0.501250 -0.707134 0.498708
0.065868 -0.995861 0.062624
0.062624 -0.995861 0.065868
-0.708409 0.033594 -0.705002
-0.705002 0.033594 -0.708409
-0.498748 0.707077 -0.501290
-0.501290 0.707077 -0.498748
-0.501250 0.707134 -0.498708
-0.498708 0.707134 -0.501250
-0.062624 0.995861 -0.065868
-0.065868 0.995861 -0.062624
-0.065868 0.995864 -0.062575
0.062575 0.995864 0.065868
-0.450030 0.705452 0.547550
-0.547518 0.705448 0.450075
-0.547591 0.705394 0.450070
-0.450107 0.705403 0.547549
-0.640905 0.031589 0.766970
-0.766970 0.031589 0.640905
0.062624 0.995861 0.065868
0.065868 0.995861 0.062624
0.501250 0.707134 0.498708
0.498708 0.707134 0.501250
0.498748 0.707077 0.501290
0.501290 0.707077 0.498748
0.708409 0.033594 0.705002
0.705002 0.033594 0.708409
0.640905 0.031589 -0.766970
0.766970 0.031589 -0.640905
0.547591 0.705394 -0.450070
0.450107 0.705403 -0.547549
0.450029 0.705452 -0.547550
0.547517 0.705449 -0.450075
0.065867 0.995864 0.062576
-0.062576 0.995864 -0.065867
-0.708442 -0.033532 -0.704972
-0.708442 0.033532 -0.704972
-0.999696 0.024661 -0.000050
-0.999696 -0.024661 -0.000050
-0.999696 -0.024661 0.000052
-0.999696 0.024661 0.000052
-0.766998 0.031534 0.640874
-0.766998 -0.031534 0.640874
0.640874 -0.031534 -0.766998
0.640874 0.031534 -0.766998
0.000052 0.024661 -0.999696
0.000053 -0.024661 -0.999696
-0.000051 -0.024661 -0.999696
-0.000051 0.024661 -0.999696
-0.704972 0.033531 -0.708442
-0.704972 -0.033532 -0.708442
-0.640874 -0.031534 0.766998
-0.640874 0.031534 0.766998
-0.000052 0.024661 0.999696
-0.000052 -0.024661 0.999696
0.000050 -0.024661 0.999696
0.000050 0.024661 0.999696
0.704972 0.033532 0.708442
0.704972 -0.033532 0.708442
0.708442 -0.033532 0.704972
0.708442 0.033532 0.704972
0.999696 0.024661 0.000050
0.999696 -0.024661 0.000050
0.999696 -0.024661 -0.000052
0.999696 0.024661 -0.000052
0.766998 0.031534 -0.640874
0.766998 -0.031534 -0.640874
-0.766959 -0.031533 0.640921
-0.766962 0.031521 0.640917
-0.640921 0.031533 0.766959
-0.640917 -0.031521 0.766962
0.705005 -0.033560 -0.708408
0.708411 -0.033560 -0.705002
0.708408 0.033560 -0.705005
0.705002 0.033560 -0.708411
-0.708411 -0.033560 0.705002
-0.708408 0.033560 0.705005
-0.705002 0.033560 0.708411
-0.705005 -0.033560 0.708408
0.062563 0.995868 -0.065826
0.065826 0.995868 -0.062563
-0.062563 0.995868 0.065826
-0.065826 0.995868 0.062563
0.766962 -0.031521 0.640917
0.640921 -0.031533 0.766959
0.640917 0.031521 0.766962
0.766959 0.031533 0.640921
0.062563 -0.995868 -0.065826
-0.065826 -0.995868 0.062563
-0.062563 -0.995868 0.065826
0.065826 -0.995868 -0.062563
-0.640912 -0.031563 -0.766966
-0.450068 -0.705429 -0.547548
-0.000015 -0.577364 -0.816487
0.000003 -0.024668 -0.999696
0.062577 -0.995863 -0.065891
0.498733 -0.707104 -0.501268
0.000019 -0.577354 -0.816494
-0.450079 -0.705429 -0.547538
0.704966 -0.033571 -0.708446
-0.000017 -0.024684 -0.999695
-0.000006 -0.577335 -0.816507
0.498749 -0.707100 -0.501258
0.705002 0.033628 -0.708408
0.498731 0.707109 -0.501263
0.000014 0.577363 -0.816487
-0.000005 0.024668 -0.999696
0.062566 0.995864 -0.065889
-0.450072 0.705422 -0.547554
-0.000021 0.577354 -0.816494
0.498739 0.707113 -0.501249
-0.640873 0.031520 -0.767000
0.000014 0.024685 -0.999695
0.000004 0.577335 -0.816507
-0.450086 0.705422 -0.547542
-0.767000 -0.031520 -0.640873
-0.999695 -0.024685 0.000014
-0.816507 -0.577335 0.000004
-0.547542 -0.705422 -0.450086
-0.708408 -0.033629 0.705002
-0.501263 -0.707109 0.498731
-0.816487 -0.577364 0.000014
-0.999696 -0.024669 -0.000005
-0.065889 -0.995864 0.062566
-0.547554 -0.705422 -0.450072
-0.816494 -0.577354 -0.000021
-0.501250 -0.707113 0.498739
-0.766966 0.031563 -0.640911
-0.547548 0.705429 -0.450068
-0.816487 0.577364 -0.000015
-0.999696 0.024668 0.000003
-0.065891 0.995863 0.062577
-0.501268 0.707104 0.498733
-0.816494 0.577354 0.000019
-0.547538 0.705429 -0.450079
-0.708446 0.033571 0.704966
-0.999695 0.024684 -0.000017
-0.816507 0.577335 -0.000006
-0.501258 0.707100 0.498749
0.708407 -0.033628 -0.705002
0.501263 -0.707109 -0.498731
0.816487 -0.577363 -0.000014
0.999696 -0.024668 0.000005
0.065889 -0.995864 -0.062566
0.547554 -0.705422 0.450072
0.816494 -0.577354 0.000021
0.501249 -0.707113 -0.498739
0.767000 -0.031520 0.640873
0.999695 -0.024685 -0.000015
0.816507 -0.577335 -0.000005
0.547542 -0.705422 0.450086
0.708446 0.033571 -0.704966
0.999695 0.024684 0.000017
0.816507 0.577335 0.000006
0.501258 0.707100 -0.498749
0.766966 0.031563 0.640911
0.547548 0.705429 0.450068
0.816487 0.577364 0.000015
0.999696 0.024668 -0.000004
0.065891 0.995863 -0.062577
0.501267 0.707104 -0.498734
0.816494 0.577354 -0.000020
0.547538 0.705430 0.450079
0.640912 -0.031563 0.766966
0.450068 -0.705429 0.547548
0.000015 -0.577364 0.816487
-0.000003 -0.024668 0.999696
-0.062577 -0.995863 0.065891
-0.498733 -0.707104 0.501268
-0.000019 -0.577354 0.816494
0.450079 -0.705429 0.547538
-0.704966 -0.033571 0.708446
0.000017 -0.024684 0.999695
0.000006 -0.577335 0.816507
-0.498749 -0.707100 0.501258
-0.705002 0.033628 0.708408
-0.498731 0.707109 0.501263
-0.000014 0.577363 0.816487
0.000005 0.024668 0.999696
-0.062566 0.995864 0.065889
0.450072 0.705422 0.547554
0.000021 0.577354 0.816494
-0.498739 0.707113 0.501249
0.640873 0.031520 0.767000
-0.000014 0.024685 0.999695
-0.000004 0.577335 0.816507
0.450086 0.705422 0.547542
-0.640905 -0.031589 -0.766970
-0.766970 -0.031589 -0.640905
-0.547591 -0.705394 -0.450070
-0.450106 -0.705403 -0.547549
-0.450030 -0.705452 -0.547550
-0.547518 -0.705448 -0.450075
-0.065868 -0.995864 0.062576
0.062575 -0.995864 -0.065868
0.062624 -0.995861 -0.065868
0.065868 -0.995861 -0.062624
0.501250 -0.707134 -0.498708
0.498708 -0.707134 -0.501250
0.498748 -0.707077 -0.501290
0.501290 -0.707077 -0.498748
0.708409 -0.033594 -0.705002
0.705002 -0.033594 -0.708409
0.065868 -0.995864 -0.062575
-0.062575 -0.995864 0.065868
0.450030 -0.705452 0.547550
0.547518 -0.705448 0.450075
0.547591 -0.705394 0.450070
0.450107 -0.705403 0.547549
0.640905 -0.031589 0.766970
0.766970 -0.031589 0.640905
-0.708409 -0.033594 0.705002
-0.705002 -0.033594 0.708409
-0.498748 -0.707077 0.501290
-0.501290 -0.707077 0.498748
-0.501250 -0.707134 0.498708
-0.498708 -0.707134 0.501250
-0.062624 -0.995861 0.065868
-0.065868 -0.995861 0.062624
0.705002 0.033594 -0.708409
0.708409 0.033594 -0.705002
0.501290 0.707077 -0.498748
0.498748 0.707077 -0.501290
0.498708 0.707134 -0.501250
0.501250 0.707134 -0.498708
0.065868 0.995861 -0.062624
0.062624 0.995861 -0.065868
0.062575 0.995864 -0.065868
-0.065868 0.995864 0.062575
-0.547550 0.705452 -0.450030
-0.450075 0.705448 -0.547518
-0.450071 0.705394 -0.547591
-0.547549 0.705403 -0.450107
-0.766970 0.031589 -0.640905
-0.640905 0.031589 -0.766970
-0.065868 0.995861 0.062624
-0.062624 0.995861 0.065868
-0.498708 0.707134 0.501250
-0.501250 0.707134 0.498708
-0.501290 0.707077 0.498748
-0.498748 0.707077 0.501290
-0.705002 0.033594 0.708409
-0.708409 0.033594 0.705002
0.766970 0.031589 0.640905
0.640905 0.031589 0.766970
0.450071 0.705394 0.547591
0.547549 0.705403 0.450107
0.547550 0.705452 0.450029
0.450075 0.705449 0.547517
-0.062576 0.995864 0.065867
0.065867 0.995864 -0.062576
0.704972 -0.033532 -0.708442
0.704972 0.033532 -0.708442
0.000050 0.024661 -0.999696
0.000050 -0.024661 -0.999696
-0.000053 -0.024661 -0.999696
-0.000053 0.024661 -0.999696
-0.640874 0.031534 -0.766998
-0.640874 -0.031534 -0.766998
0.766998 -0.031534 0.640874
0.766998 0.031534 0.640874
0.999696 0.024661 0.000052
0.999696 -0.024661 0.000052
0.999696 -0.024661 -0.000051
0.999696 0.024661 -0.000051
0.708442 0.033531 -0.704972
0.708442 -0.033532 -0.704972
-0.766998 -0.031534 -0.640874
-0.766998 0.031534 -0.640874
-0.999696 0.024661 -0.000052
-0.999696 -0.024661 -0.000052
-0.999696 -0.024661 0.000051
-0.999696 0.024661 0.000050
-0.708442 0.033532 0.704972
-0.708442 -0.033532 0.704972
-0.704972 -0.033532 0.708442
-0.704972 0.033532 0.708442
-0.000050 0.024661 0.999696
-0.000050 -0.024661 0.999696
0.000053 -0.024661 0.999696
0.000053 0.024661 0.999696
0.640874 0.031534 0.766998
0.640874 -0.031534 0.766998
-0.640921 -0.031533 -0.766959
-0.640917 0.031521 -0.766962
-0.766959 0.031533 -0.640921
-0.766962 -0.031521 -0.640917
0.964756 -0.033560 -0.260997
0.966003 -0.033560 -0.256344
0.966002 0.033560 -0.256348
0.964755 0.033560 -0.261001
-0.966003 -0.033560 0.256344
-0.966002 0.033560 0.256348
-0.964755 0.033560 0.261001
-0.964756 -0.033560 0.260997
0.087094 0.995868 -0.025725
0.088288 0.995868 -0.021268
-0.087094 0.995868 0.025725
-0.088288 0.995868 0.021268
0.343750 -0.031521 0.938532
0.171574 -0.031533 0.984666
0.171569 0.031521 0.984668
0.343746 0.031533 0.938533
0.087094 -0.995868 -0.025725
-0.088288 -0.995868 0.021268
-0.087094 -0.995868 0.025725
0.088288 -0.995868 -0.021268
-0.171563 -0.031563 -0.984668
-0.115996 -0.705429 -0.699225
0.408231 -0.577364 -0.707106
0.499851 -0.024668 -0.865760
0.087138 -0.995863 -0.025775
0.682550 -0.707104 -0.184744
0.408264 -0.577354 -0.707095
-0.116011 -0.705429 -0.699222
0.964742 -0.033571 -0.261049
0.499833 -0.024684 -0.865770
0.408249 -0.577335 -0.707119
0.682558 -0.707100 -0.184728
0.964754 0.033628 -0.260998
0.682545 0.707109 -0.184741
0.408256 0.577363 -0.707092
0.499843 0.024668 -0.865764
0.087128 0.995864 -0.025779
-0.115997 0.705422 -0.699232
0.408229 0.577354 -0.707115
0.682545 0.707113 -0.184725
-0.171512 0.031520 -0.984678
0.499860 0.024685 -0.865754
0.408257 0.577335 -0.707114
-0.116015 0.705422 -0.699228
-0.343804 -0.031520 -0.938512
-0.865769 -0.024685 -0.499835
-0.707118 -0.577335 -0.408250
-0.249142 -0.705422 -0.663557
-0.966000 -0.033629 0.256346
-0.683472 -0.707109 0.181282
-0.707105 -0.577364 -0.408232
-0.865759 -0.024669 -0.499852
-0.088344 -0.995864 0.021239
-0.249160 -0.705422 -0.663551
-0.707094 -0.577354 -0.408265
-0.683464 -0.707113 0.181295
-0.343756 0.031563 -0.938528
-0.249157 0.705429 -0.663545
-0.707091 0.577364 -0.408256
-0.865764 0.024668 -0.499845
-0.088352 0.995863 0.021247
-0.683477 0.707104 0.181282
-0.707114 0.577354 -0.408231
-0.249142 0.705429 -0.663549
-0.966015 0.033571 0.256296
-0.865753 0.024684 -0.499862
-0.707113 0.577335 -0.408259
-0.683477 0.707100 0.181300
0.966000 -0.033628 -0.256346
0.683472 -0.707109 -0.181282
0.707106 -0.577363 0.408231
0.865759 -0.024668 0.499852
0.088344 -0.995864 -0.021239
0.249159 -0.705422 0.663551
0.707094 -0.577354 0.408265
0.683464 -0.707113 -0.181295
0.343805 -0.031520 0.938512
0.865769 -0.024685 0.499835
0.707118 -0.577335 0.408250
0.249142 -0.705422 0.663557
0.966015 0.033571 -0.256296
0.865753 0.024684 0.499863
0.707113 0.577335 0.408259
0.683476 0.707100 -0.181300
0.343756 0.031563 0.938528
0.249157 0.705429 0.663545
0.707091 0.577364 0.408256
0.865763 0.024668 0.499845
0.088351 0.995863 -0.021248
0.683477 0.707104 -0.181282
0.707114 0.577354 0.408230
0.249143 0.705430 0.663549
0.171563 -0.031563 0.984668
0.115996 -0.705429 0.699225
-0.408231 -0.577364 0.707106
-0.499851 -0.024668 0.865760
-0.087138 -0.995863 0.025775
-0.682550 -0.707104 0.184744
-0.408264 -0.577354 0.707095
0.116011 -0.705429 0.699222
-0.964742 -0.033571 0.261049
-0.499833 -0.024684 0.865770
-0.408249 -0.577335 0.707119
-0.682558 -0.707100 0.184728
-0.964754 0.033628 0.260998
-0.682545 0.707109 0.184741
-0.408256 0.577363 0.707092
-0.499843 0.024668 0.865764
-0.087128 0.995864 0.025779
0.115997 0.705422 0.699232
-0.408229 0.577354 0.707115
-0.682545 0.707113 0.184725
0.171512 0.031520 0.984678
-0.499860 0.024685 0.865754
-0.408257 0.577335 0.707114
0.116015 0.705422 0.699228
-0.171555 -0.031589 -0.984668
-0.343763 -0.031589 -0.938525
-0.249192 -0.705394 -0.663568
-0.116029 -0.705403 -0.699245
-0.115962 -0.705452 -0.699207
-0.249127 -0.705448 -0.663535
-0.088331 -0.995864 0.021258
0.087126 -0.995864 -0.025755
0.087168 -0.995861 -0.025731
0.088355 -0.995861 -0.021300
0.683450 -0.707134 -0.181269
0.682519 -0.707134 -0.184741
0.682574 -0.707077 -0.184756
0.683504 -0.707077 -0.181283
0.966001 -0.033594 -0.256345
0.964754 -0.033594 -0.260999
0.088331 -0.995864 -0.021258
-0.087126 -0.995864 0.025755
0.115962 -0.705452 0.699207
0.249127 -0.705448 0.663535
0.249192 -0.705394 0.663568
0.116029 -0.705403 0.699245
0.171555 -0.031589 0.984668
0.343763 -0.031589 0.938525
-0.966001 -0.033594 0.256345
-0.964754 -0.033594 0.260999
-0.682574 -0.707077 0.184756
-0.683504 -0.707077 0.181283
-0.683450 -0.707134 0.181269
-0.682519 -0.707134 0.184741
-0.087168 -0.995861 0.025731
-0.088355 -0.995861 0.021300
0.964754 0.033594 -0.260999
0.966001 0.033594 -0.256345
0.683504 0.707077 -0.181283
0.682574 0.707077 -0.184756
0.682519 0.707134 -0.184741
0.683450 0.707134 -0.181269
0.088355 0.995861 -0.021300
0.087168 0.995861 -0.025731
0.087126 0.995864 -0.025755
-0.088331 0.995864 0.021258
-0.249177 0.705452 -0.663512
-0.116017 0.705448 -0.699202
-0.115977 0.705394 -0.699263
-0.249138 0.705403 -0.663578
-0.343763 0.031589 -0.938525
-0.171555 0.031589 -0.984668
-0.088355 0.995861 0.021300
-0.087168 0.995861 0.025731
-0.682519 0.707134 0.184741
-0.683450 0.707134 0.181269
-0.683504 0.707077 0.181283
-0.682574 0.707077 0.184756
-0.964754 0.033594 0.260999
-0.966001 0.033594 0.256345
0.343763 0.031589 0.938525
0.171555 0.031589 0.984668
0.115977 0.705394 0.699263
0.249138 0.705403 0.663578
0.249177 0.705452 0.663512
0.116017 0.705449 0.699201
-0.087126 0.995864 0.025755
0.088331 0.995864 -0.021259
0.964745 -0.033532 -0.261043
0.964745 0.033532 -0.261043
0.499892 0.024661 -0.865737
0.499892 -0.024661 -0.865737
0.499803 -0.024661 -0.865788
0.499803 0.024661 -0.865788
-0.171514 0.031534 -0.984677
-0.171514 -0.031534 -0.984677
0.343802 -0.031534 0.938512
0.343802 0.031534 0.938512
0.865736 0.024661 0.499893
0.865736 -0.024661 0.499893
0.865787 -0.024661 0.499804
0.865787 0.024661 0.499804
0.966015 0.033531 -0.256302
0.966015 -0.033532 -0.256302
-0.343802 -0.031534 -0.938512
-0.343802 0.031534 -0.938512
-0.865736 0.024661 -0.499893
-0.865736 -0.024661 -0.499893
-0.865787 -0.024661 -0.499804
-0.865787 0.024661 -0.499804
-0.966015 0.033532 0.256302
-0.966015 -0.033532 0.256302
-0.964745 -0.033532 0.261043
-0.964745 0.033532 0.261043
-0.499892 0.024661 0.865737
-0.499892 -0.024661 0.865737
-0.499803 -0.024661 0.865788
-0.499803 0.024661 0.865788
0.171514 0.031534 0.984677
0.171514 -0.031534 0.984677
-0.171574 -0.031533 -0.984666
-0.171569 0.031521 -0.984668
-0.343746 0.031533 -0.938533
-0.343750 -0.031521 -0.938532
-0.000000 0.000000 1.000000
-0.000000 0.000000 1.000000
-0.000000 0.000000 1.000000
-0.000000 0.000000 1.000000
-0.000000 0.000000 1.000000
-0.000000 0.000000 1.000000
-0.000000 0.000000 1.000000
-0.000000 0.000000 1.000000
-0.000003 -0.000000 -1.000000
-0.000003 -0.000000 -1.000000
-0.000003 -0.000000 -1.000000
-0.000003 -0.000000 -1.000000
-0.000003 -0.000000 -1.000000
-0.000003 -0.000000 -1.000000
-0.000003 -0.000000 -1.000000
-0.000003 -0.000000 -1.000000
0.923880 0.382684 -0.000000
0.923880 0.382684 -0.000000
0.923880 0.382684 -0.000000
0.923880 0.382684 -0.000000
0.382683 0.923880 -0.000000
0.382683 0.923880 -0.000000
0.382683 0.923880 -0.000000
0.382683 0.923880 -0.000000
-0.382684 0.923880 -0.000000
-0.382684 0.923880 -0.000000
-0.382684 0.923880 -0.000000
-0.382684 0.923880 -0.000000
-0.923880 0.382683 -0.000000
-0.923880 0.382683 -0.000000
-0.923880 0.382683 -0.000000
-0.923880 0.382683 -0.000000
-0.923880 -0.382684 0.000000
-0.923880 -0.382684 0.000000
-0.923880 -0.382684 0.000000
-0.923880 -0.382684 0.000000
-0.382683 -0.923880 0.000000
-0.382683 -0.923880 0.000000
-0.382683 -0.923880 0.000000
-0.382683 -0.923880 0.000000
0.382684 -0.923880 0.000000
0.382684 -0.923880 0.000000
0.382684 -0.923880 0.000000
0.382684 -0.923880 0.000000
0.923880 -0.382683 0.000000
0.923880 -0.382683 0.000000
0.923880 -0.382683 0.000000
0.923880 -0.382683 0.000000
-0.000000 0.000000 1.000000
-0.000000 0.000000 1.000000
-0.000000 0.000000 1.000000
-0.000000 0.000000 1.000000
-0.000000 0.000000 1.000000
-0.000000 0.000000 1.000000
-0.000000 0.000000 1.000000
-0.000000 0.000000 1.000000
-0.000003 -0.000000 -1.000000
-0.000003 -0.000000 -1.000000
-0.000003 -0.000000 -1.000000
-0.000003 -0.000000 -1.000000
-0.000003 -0.000000 -1.000000
-0.000003 -0.000000 -1.000000
-0.000003 -0.000000 -1.000000
-0.000003 -0.000000 -1.000000
0.923880 0.382684 -0.000000
0.923880 0.382684 -0.000000
0.923880 0.382684 -0.000000
0.923880 0.382684 -0.000000
0.382683 0.923880 -0.000000
0.382683 0.923880 -0.000000
0.382683 0.923880 -0.000000
0.382683 0.923880 -0.000000
-0.382684 0.923880 -0.000000
-0.382684 0.923880 -0.000000
-0.382684 0.923880 -0.000000
-0.382684 0.923880 -0.000000
-0.923880 0.382683 -0.000000
-0.923880 0.382683 -0.000000
-0.923880 0.382683 -0.000000
-0.923880 0.382683 -0.000000
-0.923880 -0.382684 0.000000
-0.923880 -0.382684 0.000000
-0.923880 -0.382684 0.000000
-0.923880 -0.382684 0.000000
-0.382683 -0.923880 0.000000
-0.382683 -0.923880 0.000000
-0.382683 -0.923880 0.000000
-0.382683 -0.923880 0.000000
0.382684 -0.923880 0.000000
0.382684 -0.923880 0.000000
0.382684 -0.923880 0.000000
0.382684 -0.923880 0.000000
0.923880 -0.382683 0.000000
0.923880 -0.382683 0.000000
0.923880 -0.382683 0.000000
0.923880 -0.382683 0.000000
-0.000000 0.000000 1.000000
-0.000000 0.000000 1.000000
-0.000000 0.000000 1.000000
-0.000000 0.000000 1.000000
-0.000000 0.000000 1.000000
-0.000000 0.000000 1.000000
-0.000000 0.000000 1.000000
-0.000000 0.000000 1.000000
-0.000003 -0.000000 -1.000000
-0.000003 -0.000000 -1.000000
-0.000003 -0.000000 -1.000000
-0.000003 -0.000000 -1.000000
-0.000003 -0.000000 -1.000000
-0.000003 -0.000000 -1.000000
-0.000003 -0.000000 -1.000000
-0.000003 -0.000000 -1.000000
0.923880 0.382684 -0.000000
0.923880 0.382684 -0.000000
0.923880 0.382684 -0.000000
0.923880 0.382684 -0.000000
0.382683 0.923880 -0.000000
0.382683 0.923880 -0.000000
0.382683 0.923880 -0.000000
0.382683 0.923880 -0.000000
-0.382684 0.923880 -0.000000
-0.382684 0.923880 -0.000000
-0.382684 0.923880 -0.000000
-0.382684 0.923880 -0.000000
-0.923880 0.382683 -0.000000
-0.923880 0.382683 -0.000000
-0.923880 0.382683 -0.000000
-0.923880 0.382683 -0.000000
-0.923880 -0.382684 0.000000
-0.923880 -0.382684 0.000000
-0.923880 -0.382684 0.000000
-0.923880 -0.382684 0.000000
-0.382683 -0.923880 0.000000
-0.382683 -0.923880 0.000000
-0.382683 -0.923880 0.000000
-0.382683 -0.923880 0.000000
0.382684 -0.923880 0.000000
0.382684 -0.923880 0.000000
0.382684 -0.923880 0.000000
0.382684 -0.923880 0.000000
0.923880 -0.382683 0.000000
0.923880 -0.382683 0.000000
0.923880 -0.382683 0.000000
0.923880 -0.382683 0.000000
-0.000000 0.000000 1.000000
-0.000000 0.000000 1.000000
-0.000000 0.000000 1.000000
-0.000000 0.000000 1.000000
-0.000000 0.000000 1.000000
-0.000000 0.000000 1.000000
-0.000000 0.000000 1.000000
-0.000000 0.000000 1.000000
-0.000003 -0.000000 -1.000000
-0.000003 -0.000000 -1.000000
-0.000003 -0.000000 -1.000000
-0.000003 -0.000000 -1.000000
-0.000003 -0.000000 -1.000000
-0.000003 -0.000000 -1.000000
-0.000003 -0.000000 -1.000000
-0.000003 -0.000000 -1.000000
0.923880 0.382684 -0.000000
0.923880 0.382684 -0.000000
0.923880 0.382684 -0.000000
0.923880 0.382684 -0.000000
0.382683 0.923880 -0.000000
0.382683 0.923880 -0.000000
0.382683 0.923880 -0.000000
0.382683 0.923880 -0.000000
-0.382684 0.923880 -0.000000
-0.382684 0.923880 -0.000000
-0.382684 0.923880 -0.000000
-0.382684 0.923880 -0.000000
-0.923880 0.382683 -0.000000
-0.923880 0.382683 -0.000000
-0.923880 0.382683 -0.000000
-0.923880 0.382683 -0.000000
-0.923880 -0.382684 0.000000
-0.923880 -0.382684 0.000000
-0.923880 -0.382684 0.000000
-0.923880 -0.382684 0.000000
-0.382683 -0.923880 0.000000
-0.382683 -0.923880 0.000000
-0.382683 -0.923880 0.000000
-0.382683 -0.923880 0.000000
0.382684 -0.923880 0.000000
0.382684 -0.923880 0.000000
0.382684 -0.923880 0.000000
0.382684 -0.923880 0.000000
0.923880 -0.382683 0.000000
0.923880 -0.382683 0.000000
0.923880 -0.382683 0.000000
0.923880 -0.382683 0.000000
0.000000 -1.000000 -0.000000
0.000000 -1.000000 -0.000000
0.000000 -1.000000 -0.000000
0.000000 -1.000000 -0.000000
0.000000 -1.000000 -0.000000
0.000000 -1.000000 -0.000000
0.000000 -1.000000 -0.000000
0.000000 -1.000000 -0.000000
0.000000 -1.000000 -0.000000
0.000000 -1.000000 -0.000000
0.000000 -1.000000 -0.000000
0.000000 -1.000000 -0.000000
0.000000 1.000000 -0.000000
0.000000 1.000000 -0.000000
0.000000 1.000000 -0.000000
0.000000 1.000000 -0.000000
0.000000 1.000000 -0.000000
0.000000 1.000000 -0.000000
0.000000 1.000000 -0.000000
0.000000 1.000000 -0.000000
0.000000 1.000000 -0.000000
0.000000 1.000000 -0.000000
0.000000 1.000000 -0.000000
0.000000 1.000000 -0.000000
-0.901012 0.360405 -0.241425
-0.901012 0.360405 -0.241425
-0.901012 0.360405 -0.241425
-0.901012 0.360405 -0.241425
-0.659586 0.360405 -0.659586
-0.659586 0.360405 -0.659586
-0.659586 0.360405 -0.659586
-0.659586 0.360405 -0.659586
-0.241425 0.360405 -0.901012
-0.241425 0.360405 -0.901012
-0.241425 0.360405 -0.901012
-0.241425 0.360405 -0.901012
0.241425 0.360405 -0.901012
0.241425 0.360405 -0.901012
0.241425 0.360405 -0.901012
0.241425 0.360405 -0.901012
0.659586 0.360405 -0.659586
0.659586 0.360405 -0.659586
0.659586 0.360405 -0.659586
0.659586 0.360405 -0.659586
0.901012 0.360405 -0.241425
0.901012 0.360405 -0.241425
0.901012 0.360405 -0.241425
0.901012 0.360405 -0.241425
0.901012 0.360405 0.241425
0.901012 0.360405 0.241425
0.901012 0.360405 0.241425
0.901012 0.360405 0.241425
0.659586 0.360405 0.659586
0.659586 0.360405 0.659586
0.659586 0.360405 0.659586
0.659586 0.360405 0.659586
0.241425 0.360405 0.901012
0.241425 0.360405 0.901012
0.241425 0.360405 0.901012
0.241425 0.360405 0.901012
-0.241425 0.360405 0.901012
-0.241425 0.360405 0.901012
-0.241425 0.360405 0.901012
-0.241425 0.360405 0.901012
-0.659586 0.360405 0.659586
-0.659586 0.360405 0.659586
-0.659586 0.360405 0.659586
-0.659586 0.360405 0.659586
-0.901012 0.360405 0.241425
-0.901012 0.360405 0.241425
-0.901012 0.360405 0.241425
-0.901012 0.360405 0.241425
0.000000 -1.000000 -0.000000
0.000000 -1.000000 -0.000000
0.000000 -1.000000 -0.000000
0.000000 -1.000000 -0.000000
0.000000 -1.000000 -0.000000
0.000000 -1.000000 -0.000000
0.000000 -1.000000 -0.000000
0.000000 -1.000000 -0.000000
0.000000 -1.000000 -0.000000
0.000000 -1.000000 -0.000000
0.000000 -1.000000 -0.000000
0.000000 -1.000000 -0.000000
0.000000 1.000000 -0.000000
0.000000 1.000000 -0.000000
0.000000 1.000000 -0.000000
0.000000 1.000000 -0.000000
0.000000 1.000000 -0.000000
0.000000 1.000000 -0.000000
0.000000 1.000000 -0.000000
0.000000 1.000000 -0.000000
0.000000 1.000000 -0.000000
0.000000 1.000000 -0.000000
0.000000 1.000000 -0.000000
0.000000 1.000000 -0.000000
-0.901012 0.360405 -0.241425
-0.901012 0.360405 -0.241425
-0.901012 0.360405 -0.241425
-0.901012 0.360405 -0.241425
-0.659586 0.360405 -0.659586
-0.659586 0.360405 -0.659586
-0.659586 0.360405 -0.659586
-0.659586 0.360405 -0.659586
-0.241425 0.360405 -0.901012
-0.241425 0.360405 -0.901012
-0.241425 0.360405 -0.901012
-0.241425 0.360405 -0.901012
0.241425 0.360405 -0.901012
0.241425 0.360405 -0.901012
0.241425 0.360405 -0.901012
0.241425 0.360405 -0.901012
0.659586 0.360405 -0.659586
0.659586 0.360405 -0.659586
0.659586 0.360405 -0.659586
0.659586 0.360405 -0.659586
0.901012 0.360405 -0.241425
0.901012 0.360405 -0.241425
0.901012 0.360405 -0.241425
0.901012 0.360405 -0.241425
0.901012 0.360405 0.241425
0.901012 0.360405 0.241425
0.901012 0.360405 0.241425
0.901012 0.360405 0.241425
0.659586 0.360405 0.659586
0.659586 0.360405 0.659586
0.659586 0.360405 0.659586
0.659586 0.360405 0.659586
0.241425 0.360405 0.901012
0.241425 0.360405 0.901012
0.241425 0.360405 0.901012
0.241425 0.360405 0.901012
-0.241425 0.360405 0.901012
-0.241425 0.360405 0.901012
-0.241425 0.360405 0.901012
-0.241425 0.360405 0.901012
-0.659586 0.360405 0.659586
-0.659586 0.360405 0.659586
-0.659586 0.360405 0.659586
-0.659586 0.360405 0.659586
-0.901012 0.360405 0.241425
-0.901012 0.360405 0.241425
-0.901012 0.360405 0.241425
-0.901012 0.360405 0.241425
0.000000 -1.000000 -0.000000
0.000000 -1.000000 -0.000000
0.000000 -1.000000 -0.000000
0.000000 -1.000000 -0.000000
0.000000 -1.000000 -0.000000
0.000000 -1.000000 -0.000000
0.000000 -1.000000 -0.000000
0.000000 -1.000000 -0.000000
0.000000 -1.000000 -0.000000
0.000000 -1.000000 -0.000000
0.000000 -1.000000 -0.000000
0.000000 -1.000000 -0.000000
0.000000 1.000000 -0.000000
0.000000 1.000000 -0.000000
0.000000 1.000000 -0.000000
0.000000 1.000000 -0.000000
0.000000 1.000000 -0.000000
0.000000 1.000000 -0.000000
0.000000 1.000000 -0.000000
0.000000 1.000000 -0.000000
0.000000 1.000000 -0.000000
0.000000 1.000000 -0.000000
0.000000 1.000000 -0.000000
0.000000 1.000000 -0.000000
-0.901012 0.360405 -0.241425
-0.901012 0.360405 -0.241425
-0.901012 0.360405 -0.241425
-0.901012 0.360405 -0.241425
-0.659586 0.360405 -0.659586
-0.659586 0.360405 -0.659586
-0.659586 0.360405 -0.659586
-0.659586 0.360405 -0.659586
-0.241425 0.360405 -0.901012
-0.241425 0.360405 -0.901012
-0.241425 0.360405 -0.901012
-0.241425 0.360405 -0.901012
0.241425 0.360405 -0.901012
0.241425 0.360405 -0.901012
0.241425 0.360405 -0.901012
0.241425 0.360405 -0.901012
0.659586 0.360405 -0.659586
0.659586 0.360405 -0.659586
0.659586 0.360405 -0.659586
0.659586 0.360405 -0.659586
0.901012 0.360405 -0.241425
0.901012 0.360405 -0.241425
0.901012 0.360405 -0.241425
0.901012 0.360405 -0.241425
0.901012 0.360405 0.241425
0.901012 0.360405 0.241425
0.901012 0.360405 0.241425
0.901012 0.360405 0.241425
0.659586 0.360405 0.659586
0.659586 0.360405 0.659586
0.659586 0.360405 0.659586
0.659586 0.360405 0.659586
0.241425 0.360405 0.901012
0.241425 0.360405 0.901012
0.241425 0.360405 0.901012
0.241425 0.360405 0.901012
-0.241425 0.360405 0.901012
-0.241425 0.360405 0.901012
-0.241425 0.360405 0.901012
-0.241425 0.360405 0.901012
-0.659586 0.360405 0.659586
-0.659586 0.360405 0.659586
-0.659586 0.360405 0.659586
-0.659586 0.360405 0.659586
-0.901012 0.360405 0.241425
-0.901012 0.360405 0.241425
-0.901012 0.360405 0.241425
-0.901012 0.360405 0.241425
0.000000 -1.000000 -0.000000
0.000000 -1.000000 -0.000000
0.000000 -1.000000 -0.000000
0.000000 -1.000000 -0.000000
0.000000 -1.000000 -0.000000
0.000000 -1.000000 -0.000000
0.000000 -1.000000 -0.000000
0.000000 -1.000000 -0.000000
0.000000 -1.000000 -0.000000
0.000000 -1.000000 -0.000000
0.000000 -1.000000 -0.000000
0.000000 -1.000000 -0.000000
0.000000 1.000000 -0.000000
0.000000 1.000000 -0.000000
0.000000 1.000000 -0.000000
0.000000 1.000000 -0.000000
0.000000 1.000000 -0.000000
0.000000 1.000000 -0.000000
0.000000 1.000000 -0.000000
0.000000 1.000000 -0.000000
0.000000 1.000000 -0.000000
0.000000 1.000000 -0.000000
0.000000 1.000000 -0.000000
0.000000 1.000000 -0.000000
-0.901012 0.360405 -0.241425
-0.901012 0.360405 -0.241425
-0.901012 0.360405 -0.241425
-0.901012 0.360405 -0.241425
-0.659586 0.360405 -0.659586
-0.659586 0.360405 -0.659586
-0.659586 0.360405 -0.659586
-0.659586 0.360405 -0.659586
-0.241425 0.360405 -0.901012
-0.241425 0.360405 -0.901012
-0.241425 0.360405 -0.901012
-0.241425 0.360405 -0.901012
0.241425 0.360405 -0.901012
0.241425 0.360405 -0.901012
0.241425 0.360405 -0.901012
0.241425 0.360405 -0.901012
0.659586 0.360405 -0.659586
0.659586 0.360405 -0.659586
0.659586 0.360405 -0.659586
0.659586 0.360405 -0.659586
0.901012 0.360405 -0.241425
0.901012 0.360405 -0.241425
0.901012 0.360405 -0.241425
0.901012 0.360405 -0.241425
0.901012 0.360405 0.241425
0.901012 0.360405 0.241425
0.901012 0.360405 0.241425
0.901012 0.360405 0.241425
0.659586 0.360405 0.659586
0.659586 0.360405 0.659586
0.659586 0.360405 0.659586
0.659586 0.360405 0.659586
0.241425 0.360405 0.901012
0.241425 0.360405 0.901012
0.241425 0.360405 0.901012
0.241425 0.360405 0.901012
-0.241425 0.360405 0.901012
-0.241425 0.360405 0.901012
-0.241425 0.360405 0.901012
-0.241425 0.360405 0.901012
-0.659586 0.360405 0.659586
-0.659586 0.360405 0.659586
-0.659586 0.360405 0.659586
-0.659586 0.360405 0.659586
-0.901012 0.360405 0.241425
-0.901012 0.360405 0.241425
-0.901012 0.360405 0.241425
-0.901012 0.360405 0.241425
0.000000 -1.000000 -0.000000
0.000000 -1.000000 -0.000000
0.000000 -1.000000 -0.000000
0.000000 -1.000000 -0.000000
0.000000 -1.000000 -0.000000
0.000000 -1.000000 -0.000000
0.000000 -1.000000 -0.000000
0.000000 -1.000000 -0.000000
0.000000 -1.000000 -0.000000
0.000000 -1.000000 -0.000000
0.000000 -1.000000 -0.000000
0.000000 -1.000000 -0.000000
0.000000 1.000000 -0.000000
0.000000 1.000000 -0.000000
0.000000 1.000000 -0.000000
0.000000 1.000000 -0.000000
0.000000 1.000000 -0.000000
0.000000 1.000000 -0.000000
0.000000 1.000000 -0.000000
0.000000 1.000000 -0.000000
0.000000 1.000000 -0.000000
0.000000 1.000000 -0.000000
0.000000 1.000000 -0.000000
0.000000 1.000000 -0.000000
-0.901012 0.360405 -0.241425
-0.901012 0.360405 -0.241425
-0.901012 0.360405 -0.241425
-0.901012 0.360405 -0.241425
-0.659586 0.360405 -0.659586
-0.659586 0.360405 -0.659586
-0.659586 0.360405 -0.659586
-0.659586 0.360405 -0.659586
-0.241425 0.360405 -0.901012
-0.241425 0.360405 -0.901012
-0.241425 0.360405 -0.901012
-0.241425 0.360405 -0.901012
0.241425 0.360405 -0.901012
0.241425 0.360405 -0.901012
0.241425 0.360405 -0.901012
0.241425 0.360405 -0.901012
0.659586 0.360405 -0.659586
0.659586 0.360405 -0.659586
0.659586 0.360405 -0.659586
0.659586 0.360405 -0.659586
0.901012 0.360405 -0.241425
0.901012 0.360405 -0.241425
0.901012 0.360405 -0.241425
0.901012 0.360405 -0.241425
0.901012 0.360405 0.241425
0.901012 0.360405 0.241425
0.901012 0.360405 0.241425
0.901012 0.360405 0.241425
0.659586 0.360405 0.659586
0.659586 0.360405 0.659586
0.659586 0.360405 0.659586
0.659586 0.360405 0.659586
0.241425 0.360405 0.901012
0.241425 0.360405 0.901012
0.241425 0.360405 0.901012
0.241425 0.360405 0.901012
-0.241425 0.360405 0.901012
-0.241425 0.360405 0.901012
-0.241425 0.360405 0.901012
-0.241425 0.360405 0.901012
-0.659586 0.360405 0.659586
-0.659586 0.360405 0.659586
-0.659586 0.360405 0.659586
-0.659586 0.360405 0.659586
-0.901012 0.360405 0.241425
-0.901012 0.360405 0.241425
-0.901012 0.360405 0.241425
-0.901012 0.360405 0.241425
-0.000000 -1.000000 -0.000000
-0.000000 -1.000000 -0.000000
-0.000000 -1.000000 -0.000000
-0.000000 -1.000000 -0.000000
-0.000000 -1.000000 -0.000000
-0.000000 -1.000000 -0.000000
-0.000000 -1.000000 -0.000000
-0.000000 -1.000000 -0.000000
-0.000000 -1.000000 -0.000000
-0.000000 -1.000000 -0.000000
-0.000000 -1.000000 -0.000000
-0.000000 -1.000000 -0.000000
-0.000000 1.000000 -0.000000
-0.000000 1.000000 -0.000000
-0.000000 1.000000 -0.000000
-0.000000 1.000000 -0.000000
-0.000000 1.000000 -0.000000
-0.000000 1.000000 -0.000000
-0.000000 1.000000 -0.000000
-0.000000 1.000000 -0.000000
-0.000000 1.000000 -0.000000
-0.000000 1.000000 -0.000000
-0.000000 1.000000 -0.000000
-0.000000 1.000000 -0.000000
-0.965926 0.000000 -0.258819
-0.965926 0.000000 -0.258819
-0.965926 0.000000 -0.258819
-0.965926 0.000000 -0.258819
-0.707107 0.000000 -0.707107
-0.707107 0.000000 -0.707107
-0.707107 0.000000 -0.707107
-0.707107 0.000000 -0.707107
-0.258819 0.000000 -0.965926
-0.258819 0.000000 -0.965926
-0.258819 0.000000 -0.965926
-0.258819 0.000000 -0.965926
0.258819 0.000000 -0.965926
0.258819 0.000000 -0.965926
0.258819 0.000000 -0.965926
0.258819 0.000000 -0.965926
0.707107 0.000000 -0.707107
0.707107 0.000000 -0.707107
0.707107 0.000000 -0.707107
0.707107 0.000000 -0.707107
0.965926 0.000000 -0.258819
0.965926 0.000000 -0.258819
0.965926 0.000000 -0.258819
0.965926 0.000000 -0.258819
0.965926 0.000000 0.258819
0.965926 0.000000 0.258819
0.965926 0.000000 0.258819
0.965926 0.000000 0.258819
0.707107 0.000000 0.707107
0.707107 0.000000 0.707107
0.707107 0.000000 0.707107
0.707107 0.000000 0.707107
0.258819 0.000000 0.965926
0.258819 0.000000 0.965926
0.258819 0.000000 0.965926
0.258819 0.000000 0.965926
-0.258819 0.000000 0.965926
-0.258819 0.000000 0.965926
-0.258819 0.000000 0.965926
-0.258819 0.000000 0.965926
-0.707107 0.000000 0.707107
-0.707107 0.000000 0.707107
-0.707107 0.000000 0.707107
-0.707107 0.000000 0.707107
-0.965926 0.000000 0.258819
-0.965926 0.000000 0.258819
-0.965926 0.000000 0.258819
-0.965926 0.000000 0.258819
0.397945 0.846581 -0.353469
0.471351 0.835452 -0.282574
0.572888 -0.040869 -0.818614
0.478899 0.000742 -0.877870
-0.081325 0.846930 0.525448
-0.127619 0.826376 0.548467
-0.479074 -0.000700 0.877774
-0.580654 0.012087 0.814061
-0.398094 -0.846543 0.353392
-0.491338 -0.809725 0.320830
0.081255 -0.846917 -0.525480
0.077622 -0.864193 -0.497137
0.541824 0.840101 0.025646
0.937005 -0.172184 -0.303932
-0.353498 0.888832 0.291576
-0.932106 0.192049 0.307075
-0.745868 -0.662337 0.070640
0.096233 -0.967277 -0.234765
0.683836 0.698522 0.210797
0.940613 -0.256476 0.222411
-0.283570 0.958811 -0.016414
-0.941364 0.256293 -0.219428
-0.684071 -0.698735 -0.209322
0.283320 -0.958855 0.018085
-0.000000 -1.000000 -0.000000
-0.000000 -1.000000 -0.000000
-0.000000 -1.000000 -0.000000
-0.000000 -1.000000 -0.000000
-0.000000 -1.000000 -0.000000
-0.000000 -1.000000 -0.000000
-0.000000 -1.000000 -0.000000
-0.000000 -1.000000 -0.000000
-0.000000 1.000000 -0.000000
-0.000000 1.000000 -0.000000
-0.000000 1.000000 -0.000000
-0.000000 1.000000 -0.000000
-0.000000 1.000000 -0.000000
-0.000000 1.000000 -0.000000
-0.000000 1.000000 -0.000000
-0.000000 1.000000 -0.000000
0.923880 0.000000 0.382684
0.923880 0.000000 0.382684
0.923880 0.000000 0.382684
0.923880 0.000000 0.382684
0.382683 0.000000 0.923880
0.382683 0.000000 0.923880
0.382683 0.000000 0.923880
0.382683 0.000000 0.923880
-0.382684 0.000000 0.923880
-0.382684 0.000000 0.923880
-0.382684 0.000000 0.923880
-0.382684 0.000000 0.923880
-0.923880 0.000000 0.382683
-0.923880 0.000000 0.382683
-0.923880 0.000000 0.382683
-0.923880 0.000000 0.382683
-0.923880 0.000000 -0.382684
-0.923880 0.000000 -0.382684
-0.923880 0.000000 -0.382684
-0.923880 0.000000 -0.382684
-0.382683 0.000000 -0.923880
-0.382683 0.000000 -0.923880
-0.382683 0.000000 -0.923880
-0.382683 0.000000 -0.923880
0.382684 0.000000 -0.923880
0.382684 0.000000 -0.923880
0.382684 0.000000 -0.923880
0.382684 0.000000 -0.923880
0.923880 0.000000 -0.382683
0.923880 0.000000 -0.382683
0.923880 0.000000 -0.382683
0.923880 0.000000 -0.382683
1.000000 0.000000 -0.000000
1.000000 0.000000 -0.000000
1.000000 0.000000 -0.000000
1.000000 0.000000 -0.000000
1.000000 0.000000 -0.000000
1.000000 0.000000 -0.000000
1.000000 0.000000 -0.000000
1.000000 0.000000 -0.000000
1.000000 0.000000 -0.000000
1.000000 0.000000 -0.000000
1.000000 0.000000 -0.000000
1.000000 0.000000 -0.000000
-1.000000 -0.000000 -0.000000
-1.000000 -0.000000 -0.000000
-1.000000 -0.000000 -0.000000
-1.000000 -0.000000 -0.000000
-1.000000 -0.000000 -0.000000
-1.000000 -0.000000 -0.000000
-1.000000 -0.000000 -0.000000
-1.000000 -0.000000 -0.000000
-1.000000 -0.000000 -0.000000
-1.000000 -0.000000 -0.000000
-1.000000 -0.000000 -0.000000
-1.000000 -0.000000 -0.000000
0.000000 -0.965926 -0.258819
0.000000 -0.965926 -0.258819
0.000000 -0.965926 -0.258819
0.000000 -0.965926 -0.258819
0.000000 -0.707107 -0.707107
0.000000 -0.707107 -0.707107
0.000000 -0.707107 -0.707107
0.000000 -0.707107 -0.707107
0.000000 -0.258819 -0.965926
0.000000 -0.258819 -0.965926
0.000000 -0.258819 -0.965926
0.000000 -0.258819 -0.965926
-0.000000 0.258819 -0.965926
-0.000000 0.258819 -0.965926
-0.000000 0.258819 -0.965926
-0.000000 0.258819 -0.965926
-0.000000 0.707107 -0.707107
-0.000000 0.707107 -0.707107
-0.000000 0.707107 -0.707107
-0.000000 0.707107 -0.707107
-0.000000 0.965926 -0.258819
-0.000000 0.965926 -0.258819
-0.000000 0.965926 -0.258819
-0.000000 0.965926 -0.258819
-0.000000 0.965926 0.258819
-0.000000 0.965926 0.258819
-0.000000 0.965926 0.258819
-0.000000 0.965926 0.258819
-0.000000 0.707107 0.707107
-0.000000 0.707107 0.707107
-0.000000 0.707107 0.707107
-0.000000 0.707107 0.707107
-0.000000 0.258819 0.965926
-0.000000 0.258819 0.965926
-0.000000 0.258819 0.965926
-0.000000 0.258819 0.965926
0.000000 -0.258819 0.965926
0.000000 -0.258819 0.965926
0.000000 -0.258819 0.965926
0.000000 -0.258819 0.965926
0.000000 -0.707107 0.707107
0.000000 -0.707107 0.707107
0.000000 -0.707107 0.707107
0.000000 -0.707107 0.707107
0.000000 -0.965926 0.258819
0.000000 -0.965926 0.258819
0.000000 -0.965926 0.258819
0.000000 -0.965926 0.258819
1.000000 0.000000 -0.000000
1.000000 0.000000 -0.000000
1.000000 0.000000 -0.000000
1.000000 0.000000 -0.000000
1.000000 0.000000 -0.000000
1.000000 0.000000 -0.000000
1.000000 0.000000 -0.000000
1.000000 0.000000 -0.000000
1.000000 0.000000 -0.000000
1.000000 0.000000 -0.000000
1.000000 0.000000 -0.000000
1.000000 0.000000 -0.000000
-1.000000 -0.000000 -0.000000
-1.000000 -0.000000 -0.000000
-1.000000 -0.000000 -0.000000
-1.000000 -0.000000 -0.000000
-1.000000 -0.000000 -0.000000
-1.000000 -0.000000 -0.000000
-1.000000 -0.000000 -0.000000
-1.000000 -0.000000 -0.000000
-1.000000 -0.000000 -0.000000
-1.000000 -0.000000 -0.000000
-1.000000 -0.000000 -0.000000
-1.000000 -0.000000 -0.000000
0.000000 -0.965926 -0.258819
0.000000 -0.965926 -0.258819
0.000000 -0.965926 -0.258819
0.000000 -0.965926 -0.258819
0.000000 -0.707107 -0.707107
0.000000 -0.707107 -0.707107
0.000000 -0.707107 -0.707107
0.000000 -0.707107 -0.707107
0.000000 -0.258819 -0.965926
0.000000 -0.258819 -0.965926
0.000000 -0.258819 -0.965926
0.000000 -0.258819 -0.965926
-0.000000 0.258819 -0.965926
-0.000000 0.258819 -0.965926
-0.000000 0.258819 -0.965926
-0.000000 0.258819 -0.965926
-0.000000 0.707107 -0.707107
-0.000000 0.707107 -0.707107
-0.000000 0.707107 -0.707107
-0.000000 0.707107 -0.707107
-0.000000 0.965926 -0.258819
-0.000000 0.965926 -0.258819
-0.000000 0.965926 -0.258819
-0.000000 0.965926 -0.258819
-0.000000 0.965926 0.258819
-0.000000 0.965926 0.258819
-0.000000 0.965926 0.258819
-0.000000 0.965926 0.258819
-0.000000 0.707107 0.707107
-0.000000 0.707107 0.707107
-0.000000 0.707107 0.707107
-0.000000 0.707107 0.707107
-0.000000 0.258819 0.965926
-0.000000 0.258819 0.965926
-0.000000 0.258819 0.965926
-0.000000 0.258819 0.965926
0.000000 -0.258819 0.965926
0.000000 -0.258819 0.965926
0.000000 -0.258819 0.965926
0.000000 -0.258819 0.965926
0.000000 -0.707107 0.707107
0.000000 -0.707107 0.707107
0.000000 -0.707107 0.707107
0.000000 -0.707107 0.707107
0.000000 -0.965926 0.258819
0.000000 -0.965926 0.258819
0.000000 -0.965926 0.258819
0.000000 -0.965926 0.258819
1.000000 0.000000 -0.000000
1.000000 0.000000 -0.000000
1.000000 0.000000 -0.000000
1.000000 0.000000 -0.000000
1.000000 0.000000 -0.000000
1.000000 0.000000 -0.000000
1.000000 0.000000 -0.000000
1.000000 0.000000 -0.000000
1.000000 0.000000 -0.000000
1.000000 0.000000 -0.000000
1.000000 0.000000 -0.000000
1.000000 0.000000 -0.000000
-1.000000 -0.000000 -0.000000
-1.000000 -0.000000 -0.000000
-1.000000 -0.000000 -0.000000
-1.000000 -0.000000 -0.000000
-1.000000 -0.000000 -0.000000
-1.000000 -0.000000 -0.000000
-1.000000 -0.000000 -0.000000
-1.000000 -0.000000 -0.000000
-1.000000 -0.000000 -0.000000
-1.000000 -0.000000 -0.000000
-1.000000 -0.000000 -0.000000
-1.000000 -0.000000 -0.000000
0.000000 -0.965926 -0.258819
0.000000 -0.965926 -0.258819
0.000000 -0.965926 -0.258819
0.000000 -0.965926 -0.258819
0.000000 -0.707107 -0.707107
0.000000 -0.707107 -0.707107
0.000000 -0.707107 -0.707107
0.000000 -0.707107 -0.707107
0.000000 -0.258819 -0.965926
0.000000 -0.258819 -0.965926
0.000000 -0.258819 -0.965926
0.000000 -0.258819 -0.965926
-0.000000 0.258819 -0.965926
-0.000000 0.258819 -0.965926
-0.000000 0.258819 -0.965926
-0.000000 0.258819 -0.965926
-0.000000 0.707107 -0.707107
-0.000000 0.707107 -0.707107
-0.000000 0.707107 -0.707107
-0.000000 0.707107 -0.707107
-0.000000 0.965926 -0.258819
-0.000000 0.965926 -0.258819
-0.000000 0.965926 -0.258819
-0.000000 0.965926 -0.258819
-0.000000 0.965926 0.258819
-0.000000 0.965926 0.258819
-0.000000 0.965926 0.258819
-0.000000 0.965926 0.258819
-0.000000 0.707107 0.707107
-0.000000 0.707107 0.707107
-0.000000 0.707107 0.707107
-0.000000 0.707107 0.707107
-0.000000 0.258819 0.965926
-0.000000 0.258819 0.965926
-0.000000 0.258819 0.965926
-0.000000 0.258819 0.965926
0.000000 -0.258819 0.965926
0.000000 -0.258819 0.965926
0.000000 -0.258819 0.965926
0.000000 -0.258819 0.965926
0.000000 -0.707107 0.707107
0.000000 -0.707107 0.707107
0.000000 -0.707107 0.707107
0.000000 -0.707107 0.707107
0.000000 -0.965926 0.258819
0.000000 -0.965926 0.258819
0.000000 -0.965926 0.258819
0.000000 -0.965926 0.258819
1.000000 0.000000 -0.000000
1.000000 0.000000 -0.000000
1.000000 0.000000 -0.000000
1.000000 0.000000 -0.000000
1.000000 0.000000 -0.000000
1.000000 0.000000 -0.000000
1.000000 0.000000 -0.000000
1.000000 0.000000 -0.000000
1.000000 0.000000 -0.000000
1.000000 0.000000 -0.000000
1.000000 0.000000 -0.000000
1.000000 0.000000 -0.000000
-1.000000 -0.000000 -0.000000
-1.000000 -0.000000 -0.000000
-1.000000 -0.000000 -0.000000
-1.000000 -0.000000 -0.000000
-1.000000 -0.000000 -0.000000
-1.000000 -0.000000 -0.000000
-1.000000 -0.000000 -0.000000
-1.000000 -0.000000 -0.000000
-1.000000 -0.000000 -0.000000
-1.000000 -0.000000 -0.000000
-1.000000 -0.000000 -0.000000
-1.000000 -0.000000 -0.000000
0.000000 -0.965926 -0.258819
0.000000 -0.965926 -0.258819
0.000000 -0.965926 -0.258819
0.000000 -0.965926 -0.258819
0.000000 -0.707107 -0.707107
0.000000 -0.707107 -0.707107
0.000000 -0.707107 -0.707107
0.000000 -0.707107 -0.707107
0.000000 -0.258819 -0.965926
0.000000 -0.258819 -0.965926
0.000000 -0.258819 -0.965926
0.000000 -0.258819 -0.965926
-0.000000 0.258819 -0.965926
-0.000000 0.258819 -0.965926
-0.000000 0.258819 -0.965926
-0.000000 0.258819 -0.965926
-0.000000 0.707107 -0.707107
-0.000000 0.707107 -0.707107
-0.000000 0.707107 -0.707107
-0.000000 0.707107 -0.707107
-0.000000 0.965926 -0.258819
-0.000000 0.965926 -0.258819
-0.000000 0.965926 -0.258819
-0.000000 0.965926 -0.258819
-0.000000 0.965926 0.258819
-0.000000 0.965926 0.258819
-0.000000 0.965926 0.258819
-0.000000 0.965926 0.258819
-0.000000 0.707107 0.707107
-0.000000 0.707107 0.707107
-0.000000 0.707107 0.707107
-0.000000 0.707107 0.707107
-0.000000 0.258819 0.965926
-0.000000 0.258819 0.965926
-0.000000 0.258819 0.965926
-0.000000 0.258819 0.965926
0.000000 -0.258819 0.965926
0.000000 -0.258819 0.965926
0.000000 -0.258819 0.965926
0.000000 -0.258819 0.965926
0.000000 -0.707107 0.707107
0.000000 -0.707107 0.707107
0.000000 -0.707107 0.707107
0.000000 -0.707107 0.707107
0.000000 -0.965926 0.258819
0.000000 -0.965926 0.258819
0.000000 -0.965926 0.258819
0.000000 -0.965926 0.258819
1.000000 0.000000 -0.000000
1.000000 0.000000 -0.000000
1.000000 0.000000 -0.000000
1.000000 0.000000 -0.000000
1.000000 0.000000 -0.000000
1.000000 0.000000 -0.000000
1.000000 0.000000 -0.000000
1.000000 0.000000 -0.000000
1.000000 0.000000 -0.000000
1.000000 0.000000 -0.000000
1.000000 0.000000 -0.000000
1.000000 0.000000 -0.000000
-1.000000 -0.000000 -0.000000
-1.000000 -0.000000 -0.000000
-1.000000 -0.000000 -0.000000
-1.000000 -0.000000 -0.000000
-1.000000 -0.000000 -0.000000
-1.000000 -0.000000 -0.000000
-1.000000 -0.000000 -0.000000
-1.000000 -0.000000 -0.000000
-1.000000 -0.000000 -0.000000
-1.000000 -0.000000 -0.000000
-1.000000 -0.000000 -0.000000
-1.000000 -0.000000 -0.000000
0.000000 -0.965926 -0.258819
0.000000 -0.965926 -0.258819
0.000000 -0.965926 -0.258819
0.000000 -0.965926 -0.258819
0.000000 -0.707107 -0.707107
0.000000 -0.707107 -0.707107
0.000000 -0.707107 -0.707107
0.000000 -0.707107 -0.707107
0.000000 -0.258819 -0.965926
0.000000 -0.258819 -0.965926
0.000000 -0.258819 -0.965926
0.000000 -0.258819 -0.965926
-0.000000 0.258819 -0.965926
-0.000000 0.258819 -0.965926
-0.000000 0.258819 -0.965926
-0.000000 0.258819 -0.965926
-0.000000 0.707107 -0.707107
-0.000000 0.707107 -0.707107
-0.000000 0.707107 -0.707107
-0.000000 0.707107 -0.707107
-0.000000 0.965926 -0.258819
-0.000000 0.965926 -0.258819
-0.000000 0.965926 -0.258819
-0.000000 0.965926 -0.258819
-0.000000 0.965926 0.258819
-0.000000 0.965926 0.258819
-0.000000 0.965926 0.258819
-0.000000 0.965926 0.258819
-0.000000 0.707107 0.707107
-0.000000 0.707107 0.707107
-0.000000 0.707107 0.707107
-0.000000 0.707107 0.707107
-0.000000 0.258819 0.965926
-0.000000 0.258819 0.965926
-0.000000 0.258819 0.965926
-0.000000 0.258819 0.965926
0.000000 -0.258819 0.965926
0.000000 -0.258819 0.965926
0.000000 -0.258819 0.965926
0.000000 -0.258819 0.965926
0.000000 -0.707107 0.707107
0.000000 -0.707107 0.707107
0.000000 -0.707107 0.707107
0.000000 -0.707107 0.707107
0.000000 -0.965926 0.258819
0.000000 -0.965926 0.258819
0.000000 -0.965926 0.258819
0.000000 -0.965926 0.258819
1.000000 0.000000 -0.000000
1.000000 0.000000 -0.000000
1.000000 0.000000 -0.000000
1.000000 0.000000 -0.000000
1.000000 0.000000 -0.000000
1.000000 0.000000 -0.000000
1.000000 0.000000 -0.000000
1.000000 0.000000 -0.000000
1.000000 0.000000 -0.000000
1.000000 0.000000 -0.000000
1.000000 0.000000 -0.000000
1.000000 0.000000 -0.000000
-1.000000 -0.000000 -0.000000
-1.000000 -0.000000 -0.000000
-1.000000 -0.000000 -0.000000
-1.000000 -0.000000 -0.000000
-1.000000 -0.000000 -0.000000
-1.000000 -0.000000 -0.000000
-1.000000 -0.000000 -0.000000
-1.000000 -0.000000 -0.000000
-1.000000 -0.000000 -0.000000
-1.000000 -0.000000 -0.000000
-1.000000 -0.000000 -0.000000
-1.000000 -0.000000 -0.000000
0.000000 -0.965926 -0.258819
0.000000 -0.965926 -0.258819
0.000000 -0.965926 -0.258819
0.000000 -0.965926 -0.258819
0.000000 -0.707107 -0.707107
0.000000 -0.707107 -0.707107
0.000000 -0.707107 -0.707107
0.000000 -0.707107 -0.707107
0.000000 -0.258819 -0.965926
0.000000 -0.258819 -0.965926
0.000000 -0.258819 -0.965926
0.000000 -0.258819 -0.965926
-0.000000 0.258819 -0.965926
-0.000000 0.258819 -0.965926
-0.000000 0.258819 -0.965926
-0.000000 0.258819 -0.965926
-0.000000 0.707107 -0.707107
-0.000000 0.707107 -0.707107
-0.000000 0.707107 -0.707107
-0.000000 0.707107 -0.707107
-0.000000 0.965926 -0.258819
-0.000000 0.965926 -0.258819
-0.000000 0.965926 -0.258819
-0.000000 0.965926 -0.258819
-0.000000 0.965926 0.258819
-0.000000 0.965926 0.258819
-0.000000 0.965926 0.258819
-0.000000 0.965926 0.258819
-0.000000 0.707107 0.707107
-0.000000 0.707107 0.707107
-0.000000 0.707107 0.707107
-0.000000 0.707107 0.707107
-0.000000 0.258819 0.965926
-0.000000 0.258819 0.965926
-0.000000 0.258819 0.965926
-0.000000 0.258819 0.965926
0.000000 -0.258819 0.965926
0.000000 -0.258819 0.965926
0.000000 -0.258819 0.965926
0.000000 -0.258819 0.965926
0.000000 -0.707107 0.707107
0.000000 -0.707107 0.707107
0.000000 -0.707107 0.707107
0.000000 -0.707107 0.707107
0.000000 -0.965926 0.258819
0.000000 -0.965926 0.258819
0.000000 -0.965926 0.258819
0.000000 -0.965926 0.258819
-0.000000 -1.000000 -0.000000
-0.000000 -1.000000 -0.000000
-0.000000 -1.000000 -0.000000
-0.000000 -1.000000 -0.000000
-0.000000 -1.000000 -0.000000
-0.000000 -1.000000 -0.000000
-0.000000 -1.000000 -0.000000
-0.000000 -1.000000 -0.000000
-0.000000 -1.000000 -0.000000
-0.000000 -1.000000 -0.000000
-0.000000 -1.000000 -0.000000
-0.000000 -1.000000 -0.000000
-0.000000 1.000000 -0.000000
-0.000000 1.000000 -0.000000
-0.000000 1.000000 -0.000000
-0.000000 1.000000 -0.000000
-0.000000 1.000000 -0.000000
-0.000000 1.000000 -0.000000
-0.000000 1.000000 -0.000000
-0.000000 1.000000 -0.000000
-0.000000 1.000000 -0.000000
-0.000000 1.000000 -0.000000
-0.000000 1.000000 -0.000000
-0.000000 1.000000 -0.000000
-0.965926 0.000000 -0.258819
-0.965926 0.000000 -0.258819
-0.965926 0.000000 -0.258819
-0.965926 0.000000 -0.258819
-0.707107 0.000000 -0.707107
-0.707107 0.000000 -0.707107
-0.707107 0.000000 -0.707107
-0.707107 0.000000 -0.707107
-0.258819 0.000000 -0.965926
-0.258819 0.000000 -0.965926
-0.258819 0.000000 -0.965926
-0.258819 0.000000 -0.965926
0.258819 0.000000 -0.965926
0.258819 0.000000 -0.965926
0.258819 0.000000 -0.965926
0.258819 0.000000 -0.965926
0.707107 0.000000 -0.707107
0.707107 0.000000 -0.707107
0.707107 0.000000 -0.707107
0.707107 0.000000 -0.707107
0.965926 0.000000 -0.258819
0.965926 0.000000 -0.258819
0.965926 0.000000 -0.258819
0.965926 0.000000 -0.258819
0.965926 0.000000 0.258819
0.965926 0.000000 0.258819
0.965926 0.000000 0.258819
0.965926 0.000000 0.258819
0.707107 0.000000 0.707107
0.707107 0.000000 0.707107
0.707107 0.000000 0.707107
0.707107 0.000000 0.707107
0.258819 0.000000 0.965926
0.258819 0.000000 0.965926
0.258819 0.000000 0.965926
0.258819 0.000000 0.965926
-0.258819 0.000000 0.965926
-0.258819 0.000000 0.965926
-0.258819 0.000000 0.965926
-0.258819 0.000000 0.965926
-0.707107 0.000000 0.707107
-0.707107 0.000000 0.707107
-0.707107 0.000000 0.707107
-0.707107 0.000000 0.707107
-0.965926 0.000000 0.258819
-0.965926 0.000000 0.258819
-0.965926 0.000000 0.258819
-0.965926 0.000000 0.258819
-0.000000 -1.000000 -0.000000
-0.000000 -1.000000 -0.000000
-0.000000 -1.000000 -0.000000
-0.000000 -1.000000 -0.000000
-0.000000 -1.000000 -0.000000
-0.000000 -1.000000 -0.000000
-0.000000 -1.000000 -0.000000
-0.000000 -1.000000 -0.000000
-0.000000 -1.000000 -0.000000
-0.000000 -1.000000 -0.000000
-0.000000 -1.000000 -0.000000
-0.000000 -1.000000 -0.000000
-0.000000 1.000000 -0.000000
-0.000000 1.000000 -0.000000
-0.000000 1.000000 -0.000000
-0.000000 1.000000 -0.000000
-0.000000 1.000000 -0.000000
-0.000000 1.000000 -0.000000
-0.000000 1.000000 -0.000000
-0.000000 1.000000 -0.000000
-0.000000 1.000000 -0.000000
-0.000000 1.000000 -0.000000
-0.000000 1.000000 -0.000000
-0.000000 1.000000 -0.000000
-0.965926 0.000000 -0.258819
-0.965926 0.000000 -0.258819
-0.965926 0.000000 -0.258819
-0.965926 0.000000 -0.258819
-0.707107 0.000000 -0.707107
-0.707107 0.000000 -0.707107
-0.707107 0.000000 -0.707107
-0.707107 0.000000 -0.707107
-0.258819 0.000000 -0.965926
-0.258819 0.000000 -0.965926
-0.258819 0.000000 -0.965926
-0.258819 0.000000 -0.965926
0.258819 0.000000 -0.965926
0.258819 0.000000 -0.965926
0.258819 0.000000 -0.965926
0.258819 0.000000 -0.965926
0.707107 0.000000 -0.707107
0.707107 0.000000 -0.707107
0.707107 0.000000 -0.707107
0.707107 0.000000 -0.707107
0.965926 0.000000 -0.258819
0.965926 0.000000 -0.258819
0.965926 0.000000 -0.258819
0.965926 0.000000 -0.258819
0.965926 0.000000 0.258819
0.965926 0.000000 0.258819
0.965926 0.000000 0.258819
0.965926 0.000000 0.258819
0.707107 0.000000 0.707107
0.707107 0.000000 0.707107
0.707107 0.000000 0.707107
0.707107 0.000000 0.707107
0.258819 0.000000 0.965926
0.258819 0.000000 0.965926
0.258819 0.000000 0.965926
0.258819 0.000000 0.965926
-0.258819 0.000000 0.965926
-0.258819 0.000000 0.965926
-0.258819 0.000000 0.965926
-0.258819 0.000000 0.965926
-0.707107 0.000000 0.707107
-0.707107 0.000000 0.707107
-0.707107 0.000000 0.707107
-0.707107 0.000000 0.707107
-0.965926 0.000000 0.258819
-0.965926 0.000000 0.258819
-0.965926 0.000000 0.258819
-0.965926 0.000000 0.258819
-0.000000 -1.000000 -0.000000
-0.000000 -1.000000 -0.000000
-0.000000 -1.000000 -0.000000
-0.000000 -1.000000 -0.000000
-0.000000 -1.000000 -0.000000
-0.000000 -1.000000 -0.000000
-0.000000 -1.000000 -0.000000
-0.000000 -1.000000 -0.000000
-0.000000 -1.000000 -0.000000
-0.000000 -1.000000 -0.000000
-0.000000 -1.000000 -0.000000
-0.000000 -1.000000 -0.000000
-0.000000 1.000000 -0.000000
-0.000000 1.000000 -0.000000
-0.000000 1.000000 -0.000000
-0.000000 1.000000 -0.000000
-0.000000 1.000000 -0.000000
-0.000000 1.000000 -0.000000
-0.000000 1.000000 -0.000000
-0.000000 1.000000 -0.000000
-0.000000 1.000000 -0.000000
-0.000000 1.000000 -0.000000
-0.000000 1.000000 -0.000000
-0.000000 1.000000 -0.000000
-0.965926 0.000000 -0.258819
-0.965926 0.000000 -0.258819
-0.965926 0.000000 -0.258819
-0.965926 0.000000 -0.258819
-0.707107 0.000000 -0.707107
-0.707107 0.000000 -0.707107
-0.707107 0.000000 -0.707107
-0.707107 0.000000 -0.707107
-0.258819 0.000000 -0.965926
-0.258819 0.000000 -0.965926
-0.258819 0.000000 -0.965926
-0.258819 0.000000 -0.965926
0.258819 0.000000 -0.965926
0.258819 0.000000 -0.965926
0.258819 0.000000 -0.965926
0.258819 0.000000 -0.965926
0.707107 0.000000 -0.707107
0.707107 0.000000 -0.707107
0.707107 0.000000 -0.707107
0.707107 0.000000 -0.707107
0.965926 0.000000 -0.258819
0.965926 0.000000 -0.258819
0.965926 0.000000 -0.258819
0.965926 0.000000 -0.258819
0.965926 0.000000 0.258819
0.965926 0.000000 0.258819
0.965926 0.000000 0.258819
0.965926 0.000000 0.258819
0.707107 0.000000 0.707107
0.707107 0.000000 0.707107
0.707107 0.000000 0.707107
0.707107 0.000000 0.707107
0.258819 0.000000 0.965926
0.258819 0.000000 0.965926
0.258819 0.000000 0.965926
0.258819 0.000000 0.965926
-0.258819 0.000000 0.965926
-0.258819 0.000000 0.965926
-0.258819 0.000000 0.965926
-0.258819 0.000000 0.965926
-0.707107 0.000000 0.707107
-0.707107 0.000000 0.707107
-0.707107 0.000000 0.707107
-0.707107 0.000000 0.707107
-0.965926 0.000000 0.258819
-0.965926 0.000000 0.258819
-0.965926 0.000000 0.258819
-0.965926 0.000000 0.258819
<Colors>: 4952
0.380000 0.230000 0.090000 1.000000
0.380000 0.230000 0.090000 1.000000
0.380000 0.230000 0.090000 1.000000
0.380000 0.230000 0.090000 1.000000
0.380000 0.230000 0.090000 1.000000
0.380000 0.230000 0.090000 1.000000
0.380000 0.230000 0.090000 1.000000
0.380000 0.230000 0.090000 1.000000
0.380000 0.230000 0.090000 1.000000
0.380000 0.230000 0.090000 1.000000
0.380000 0.230000 0.090000 1.000000
0.380000 0.230000 0.090000 1.000000
0.380000 0.230000 0.090000 1.000000
0.380000 0.230000 0.090000 1.000000
0.380000 0.230000 0.090000 1.000000
0.380000 0.230000 0.090000 1.000000
0.380000 0.230000 0.090000 1.000000
0.380000 0.230000 0.090000 1.000000
0.380000 0.230000 0.090000 1.000000
0.380000 0.230000 0.090000 1.000000
0.380000 0.230000 0.090000 1.000000
0.380000 0.230000 0.090000 1.000000
0.380000 0.230000 0.090000 1.000000
0.380000 0.230000 0.090000 1.000000
0.380000 0.230000 0.090000 1.000000
0.380000 0.230000 0.090000 1.000000
0.380000 0.230000 0.090000 1.000000
0.380000 0.230000 0.090000 1.000000
0.380000 0.230000 0.090000 1.000000
0.380000 0.230000 0.090000 1.000000
0.380000 0.230000 0.090000 1.000000
0.380000 0.230000 0.090000 1.000000
0.380000 0.230000 0.090000 1.000000
0.380000 0.230000 0.090000 1.000000
0.380000 0.230000 0.090000 1.000000
0.380000 0.230000 0.090000 1.000000
0.380000 0.230000 0.090000 1.000000
0.380000 0.230000 0.090000 1.000000
0.380000 0.230000 0.090000 1.000000
0.380000 0.230000 0.090000 1.000000
0.380000 0.230000 0.090000 1.000000
0.380000 0.230000 0.090000 1.000000
0.380000 0.230000 0.090000 1.000000
0.380000 0.230000 0.090000 1.000000
0.380000 0.230000 0.090000 1.000000
0.380000 0.230000 0.090000 1.000000
0.380000 0.230000 0.090000 1.000000
0.380000 0.230000 0.090000 1.000000
0.380000 0.230000 0.090000 1.000000
0.380000 0.230000 0.090000 1.000000
0.380000 0.230000 0.090000 1.000000
0.380000 0.230000 0.090000 1.000000
0.380000 0.230000 0.090000 1.000000
0.380000 0.230000 0.090000 1.000000
0.380000 0.230000 0.090000 1.000000
0.380000 0.230000 0.090000 1.000000
0.380000 0.230000 0.090000 1.000000
0.380000 0.230000 0.090000 1.000000
0.380000 0.230000 0.090000 1.000000
0.380000 0.230000 0.090000 1.000000
0.380000 0.230000 0.090000 1.000000
0.380000 0.230000 0.090000 1.000000
0.380000 0.230000 0.090000 1.000000
0.380000 0.230000 0.090000 1.000000
0.380000 0.230000 0.090000 1.000000
0.380000 0.230000 0.090000 1.000000
0.380000 0.230000 0.090000 1.000000
0.380000 0.230000 0.090000 1.000000
0.380000 0.230000 0.090000 1.000000
0.380000 0.230000 0.090000 1.000000
0.380000 0.230000 0.090000 1.000000
0.380000 0.230000 0.090000 1.000000
0.380000 0.230000 0.090000 1.000000
0.380000 0.230000 0.090000 1.000000
0.380000 0.230000 0.090000 1.000000
0.380000 0.230000 0.090000 1.000000
0.380000 0.230000 0.090000 1.000000
0.380000 0.230000 0.090000 1.000000
0.380000 0.230000 0.090000 1.000000
0.380000 0.230000 0.090000 1.000000
0.380000 0.230000 0.090000 1.000000
0.380000 0.230000 0.090000 1.000000
0.380000 0.230000 0.090000 1.000000
0.380000 0.230000 0.090000 1.000000
0.380000 0.230000 0.090000 1.000000
0.380000 0.230000 0.090000 1.000000
0.380000 0.230000 0.090000 1.000000
0.380000 0.230000 0.090000 1.000000
0.380000 0.230000 0.090000 1.000000
0.380000 0.230000 0.090000 1.000000
0.380000 0.230000 0.090000 1.000000
0.380000 0.230000 0.090000 1.000000
0.380000 0.230000 0.090000 1.000000
0.380000 0.230000 0.090000 1.000000
0.380000 0.230000 0.090000 1.000000
0.380000 0.230000 0.090000 1.000000
0.380000 0.230000 0.090000 1.000000
0.380000 0.230000 0.090000 1.000000
0.380000 0.230000 0.090000 1.000000
0.380000 0.230000 0.090000 1.000000
0.380000 0.230000 0.090000 1.000000
0.380000 0.230000 0.090000 1.000000
0.380000 0.230000 0.090000 1.000000
0.380000 0.230000 0.090000 1.000000
0.380000 0.230000 0.090000 1.000000
0.380000 0.230000 0.090000 1.000000
0.380000 0.230000 0.090000 1.000000
0.380000 0.230000 0.090000 1.000000
0.380000 0.230000 0.090000 1.000000
0.380000 0.230000 0.090000 1.000000
0.380000 0.230000 0.090000 1.000000
0.380000 0.230000 0.090000 1.000000
0.380000 0.230000 0.090000 1.000000
0.380000 0.230000 0.090000 1.000000
0.380000 0.230000 0.090000 1.000000
0.380000 0.230000 0.090000 1.000000
0.380000 0.230000 0.090000 1.000000
0.380000 0.230000 0.090000 1.000000
0.380000 0.230000 0.090000 1.000000
0.380000 0.230000 0.090000 1.000000
0.380000 0.230000 0.090000 1.000000
0.380000 0.230000 0.090000 1.000000
0.380000 0.230000 0.090000 1.000000
0.380000 0.230000 0.090000 1.000000
0.380000 0.230000 0.090000 1.000000
0.380000 0.230000 0.090000 1.000000
0.380000 0.230000 0.090000 1.000000
0.380000 0.230000 0.090000 1.000000
0.380000 0.230000 0.090000 1.000000
0.380000 0.230000 0.090000 1.000000
0.380000 0.230000 0.090000 1.000000
0.380000 0.230000 0.090000 1.000000
0.380000 0.230000 0.090000 1.000000
0.380000 0.230000 0.090000 1.000000
0.380000 0.230000 0.090000 1.000000
0.380000 0.230000 0.090000 1.000000
0.380000 0.230000 0.090000 1.000000
0.380000 0.230000 0.090000 1.000000
0.380000 0.230000 0.090000 1.000000
0.380000 0.230000 0.090000 1.000000
0.380000 0.230000 0.090000 1.000000
0.380000 0.230000 0.090000 1.000000
0.380000 0.230000 0.090000 1.000000
0.380000 0.230000 0.090000 1.000000
0.380000 0.230000 0.090000 1.000000
0.380000 0.230000 0.090000 1.000000
0.380000 0.230000 0.090000 1.000000
0.380000 0.230000 0.090000 1.000000
0.380000 0.230000 0.090000 1.000000
0.380000 0.230000 0.090000 1.000000
0.380000 0.230000 0.090000 1.000000
0.380000 0.230000 0.090000 1.000000
0.380000 0.230000 0.090000 1.000000
0.380000 0.230000 0.090000 1.000000
0.380000 0.230000 0.090000 1.000000
0.380000 0.230000 0.090000 1.000000
0.380000 0.230000 0.090000 1.000000
0.380000 0.230000 0.090000 1.000000
0.380000 0.230000 0.090000 1.000000
0.380000 0.230000 0.090000 1.000000
0.380000 0.230000 0.090000 1.000000
0.380000 0.230000 0.090000 1.000000
0.380000 0.230000 0.090000 1.000000
0.380000 0.230000 0.090000 1.000000
0.380000 0.230000 0.090000 1.000000
0.380000 0.230000 0.090000 1.000000
0.380000 0.230000 0.090000 1.000000
0.380000 0.230000 0.090000 1.000000
0.380000 0.230000 0.090000 1.000000
0.380000 0.230000 0.090000 1.000000
0.380000 0.230000 0.090000 1.000000
0.380000 0.230000 0.090000 1.000000
0.380000 0.230000 0.090000 1.000000
0.380000 0.230000 0.090000 1.000000
0.380000 0.230000 0.090000 1.000000
0.380000 0.230000 0.090000 1.000000
0.380000 0.230000 0.090000 1.000000
0.380000 0.230000 0.090000 1.000000
0.380000 0.230000 0.090000 1.000000
0.380000 0.230000 0.090000 1.000000
0.380000 0.230000 0.090000 1.000000
0.380000 0.230000 0.090000 1.000000
0.380000 0.230000 0.090000 1.000000
0.380000 0.230000 0.090000 1.000000
0.380000 0.230000 0.090000 1.000000
0.380000 0.230000 0.090000 1.000000
0.380000 0.230000 0.090000 1.000000
0.380000 0.230000 0.090000 1.000000
0.380000 0.230000 0.090000 1.000000
0.380000 0.230000 0.090000 1.000000
0.380000 0.230000 0.090000 1.000000
0.380000 0.230000 0.090000 1.000000
0.380000 0.230000 0.090000 1.000000
0.380000 0.230000 0.090000 1.000000
0.380000 0.230000 0.090000 1.000000
0.380000 0.230000 0.090000 1.000000
0.380000 0.230000 0.090000 1.000000
0.380000 0.230000 0.090000 1.000000
0.380000 0.230000 0.090000 1.000000
0.380000 0.230000 0.090000 1.000000
0.380000 0.230000 0.090000 1.000000
0.380000 0.230000 0.090000 1.000000
0.380000 0.230000 0.090000 1.000000
0.380000 0.230000 0.090000 1.000000
0.380000 0.230000 0.090000 1.000000
0.380000 0.230000 0.090000 1.000000
0.380000 0.230000 0.090000 1.000000
0.380000 0.230000 0.090000 1.000000
0.380000 0.230000 0.090000 1.000000
0.380000 0.230000 0.090000 1.000000
0.380000 0.230000 0.090000 1.000000
0.380000 0.230000 0.090000 1.000000
0.380000 0.230000 0.090000 1.000000
0.380000 0.230000 0.090000 1.000000
0.380000 0.230000 0.090000 1.000000
0.380000 0.230000 0.090000 1.000000
0.380000 0.230000 0.090000 1.000000
0.380000 0.230000 0.090000 1.000000
0.380000 0.230000 0.090000 1.000000
0.380000 0.230000 0.090000 1.000000
0.380000 0.230000 0.090000 1.000000
0.380000 0.230000 0.090000 1.000000
0.380000 0.230000 0.090000 1.000000
0.380000 0.230000 0.090000 1.000000
0.380000 0.230000 0.090000 1.000000
0.380000 0.230000 0.090000 1.000000
0.380000 0.230000 0.090000 1.000000
0.380000 0.230000 0.090000 1.000000
0.380000 0.230000 0.090000 1.000000
0.380000 0.230000 0.090000 1.000000
0.380000 0.230000 0.090000 1.000000
0.380000 0.230000 0.090000 1.000000
0.380000 0.230000 0.090000 1.000000
0.380000 0.230000 0.090000 1.000000
0.380000 0.230000 0.090000 1.000000
0.380000 0.230000 0.090000 1.000000
0.380000 0.230000 0.090000 1.000000
0.380000 0.230000 0.090000 1.000000
0.380000 0.230000 0.090000 1.000000
0.380000 0.230000 0.090000 1.000000
0.380000 0.230000 0.090000 1.000000
0.380000 0.230000 0.090000 1.000000
0.380000 0.230000 0.090000 1.000000
0.380000 0.230000 0.090000 1.000000
0.380000 0.230000 0.090000 1.000000
0.380000 0.230000 0.090000 1.000000
0.380000 0.230000 0.090000 1.000000
0.380000 0.230000 0.090000 1.000000
0.380000 0.230000 0.090000 1.000000
0.380000 0.230000 0.090000 1.000000
0.380000 0.230000 0.090000 1.000000
0.380000 0.230000 0.090000 1.000000
0.380000 0.230000 0.090000 1.000000
0.380000 0.230000 0.090000 1.000000
0.380000 0.230000 0.090000 1.000000
0.380000 0.230000 0.090000 1.000000
0.380000 0.230000 0.090000 1.000000
0.380000 0.230000 0.090000 1.000000
0.380000 0.230000 0.090000 1.000000
0.380000 0.230000 0.090000 1.000000
0.380000 0.230000 0.090000 1.000000
0.380000 0.230000 0.090000 1.000000
0.380000 0.230000 0.090000 1.000000
0.380000 0.230000 0.090000 1.000000
0.380000 0.230000 0.090000 1.000000
0.380000 0.230000 0.090000 1.000000
0.380000 0.230000 0.090000 1.000000
0.380000 0.230000 0.090000 1.000000
0.380000 0.230000 0.090000 1.000000
0.380000 0.230000 0.090000 1.000000
0.380000 0.230000 0.090000 1.000000
0.380000 0.230000 0.090000 1.000000
0.380000 0.230000 0.090000 1.000000
0.380000 0.230000 0.090000 1.000000
0.380000 0.230000 0.090000 1.000000
0.380000 0.230000 0.090000 1.000000
0.380000 0.230000 0.090000 1.000000
0.380000 0.230000 0.090000 1.000000
0.380000 0.230000 0.090000 1.000000
0.380000 0.230000 0.090000 1.000000
0.380000 0.230000 0.090000 1.000000
0.380000 0.230000 0.090000 1.000000
0.380000 0.230000 0.090000 1.000000
0.380000 0.230000 0.090000 1.000000
0.380000 0.230000 0.090000 1.000000
0.380000 0.230000 0.090000 1.000000
0.380000 0.230000 0.090000 1.000000
0.380000 0.230000 0.090000 1.000000
0.380000 0.230000 0.090000 1.000000
0.380000 0.230000 0.090000 1.000000
0.380000 0.230000 0.090000 1.000000
0.380000 0.230000 0.090000 1.000000
0.380000 0.230000 0.090000 1.000000
0.380000 0.230000 0.090000 1.000000
0.380000 0.230000 0.090000 1.000000
0.380000 0.230000 0.090000 1.000000
0.380000 0.230000 0.090000 1.000000
0.380000 0.230000 0.090000 1.000000
0.380000 0.230000 0.090000 1.000000
0.380000 0.230000 0.090000 1.000000
0.380000 0.230000 0.090000 1.000000
0.380000 0.230000 0.090000 1.000000
0.380000 0.230000 0.090000 1.000000
0.380000 0.230000 0.090000 1.000000
0.380000 0.230000 0.090000 1.000000
0.380000 0.230000 0.090000 1.000000
0.380000 0.230000 0.090000 1.000000
0.380000 0.230000 0.090000 1.000000
0.380000 0.230000 0.090000 1.000000
0.380000 0.230000 0.090000 1.000000
0.380000 0.230000 0.090000 1.000000
0.380000 0.230000 0.090000 1.000000
0.380000 0.230000 0.090000 1.000000
0.380000 0.230000 0.090000 1.000000
0.380000 0.230000 0.090000 1.000000
0.380000 0.230000 0.090000 1.000000
0.380000 0.230000 0.090000 1.000000
0.380000 0.230000 0.090000 1.000000
0.380000 0.230000 0.090000 1.000000
0.380000 0.230000 0.090000 1.000000
0.380000 0.230000 0.090000 1.000000
0.380000 0.230000 0.090000 1.000000
0.380000 0.230000 0.090000 1.000000
0.380000 0.230000 0.090000 1.000000
0.380000 0.230000 0.090000 1.000000
0.380000 0.230000 0.090000 1.000000
0.380000 0.230000 0.090000 1.000000
0.380000 0.230000 0.090000 1.000000
0.380000 0.230000 0.090000 1.000000
0.380000 0.230000 0.090000 1.000000
0.380000 0.230000 0.090000 1.000000
0.380000 0.230000 0.090000 1.000000
0.380000 0.230000 0.090000 1.000000
0.380000 0.230000 0.090000 1.000000
0.380000 0.230000 0.090000 1.000000
0.380000 0.230000 0.090000 1.000000
0.380000 0.230000 0.090000 1.000000
0.380000 0.230000 0.090000 1.000000
0.380000 0.230000 0.090000 1.000000
0.380000 0.230000 0.090000 1.000000
0.380000 0.230000 0.090000 1.000000
0.380000 0.230000 0.090000 1.000000
0.380000 0.230000 0.090000 1.000000
0.380000 0.230000 0.090000 1.000000
0.380000 0.230000 0.090000 1.000000
0.380000 0.230000 0.090000 1.000000
0.380000 0.230000 0.090000 1.000000
0.380000 0.230000 0.090000 1.000000
0.380000 0.230000 0.090000 1.000000
0.380000 0.230000 0.090000 1.000000
0.380000 0.230000 0.090000 1.000000
0.380000 0.230000 0.090000 1.000000
0.380000 0.230000 0.090000 1.000000
0.380000 0.230000 0.090000 1.000000
0.380000 0.230000 0.090000 1.000000
0.380000 0.230000 0.090000 1.000000
0.380000 0.230000 0.090000 1.000000
0.380000 0.230000 0.090000 1.000000
0.380000 0.230000 0.090000 1.000000
0.380000 0.230000 0.090000 1.000000
0.380000 0.230000 0.090000 1.000000
0.380000 0.230000 0.090000 1.000000
0.380000 0.230000 0.090000 1.000000
0.380000 0.230000 0.090000 1.000000
0.380000 0.230000 0.090000 1.000000
0.380000 0.230000 0.090000 1.000000
0.380000 0.230000 0.090000 1.000000
0.380000 0.230000 0.090000 1.000000
0.380000 0.230000 0.090000 1.000000
0.380000 0.230000 0.090000 1.000000
0.380000 0.230000 0.090000 1.000000
0.380000 0.230000 0.090000 1.000000
0.380000 0.230000 0.090000 1.000000
0.380000 0.230000 0.090000 1.000000
0.380000 0.230000 0.090000 1.000000
0.380000 0.230000 0.090000 1.000000
0.380000 0.230000 0.090000 1.000000
0.380000 0.230000 0.090000 1.000000
0.380000 0.230000 0.090000 1.000000
0.380000 0.230000 0.090000 1.000000
0.380000 0.230000 0.090000 1.000000
0.380000 0.230000 0.090000 1.000000
0.380000 0.230000 0.090000 1.000000
0.380000 0.230000 0.090000 1.000000
0.380000 0.230000 0.090000 1.000000
0.380000 0.230000 0.090000 1.000000
0.380000 0.230000 0.090000 1.000000
0.380000 0.230000 0.090000 1.000000
0.380000 0.230000 0.090000 1.000000
0.380000 0.230000 0.090000 1.000000
0.380000 0.230000 0.090000 1.000000
0.380000 0.230000 0.090000 1.000000
0.380000 0.230000 0.090000 1.000000
0.380000 0.230000 0.090000 1.000000
0.380000 0.230000 0.090000 1.000000
0.380000 0.230000 0.090000 1.000000
0.380000 0.230000 0.090000 1.000000
0.380000 0.230000 0.090000 1.000000
0.380000 0.230000 0.090000 1.000000
0.380000 0.230000 0.090000 1.000000
0.380000 0.230000 0.090000 1.000000
0.380000 0.230000 0.090000 1.000000
0.380000 0.230000 0.090000 1.000000
0.380000 0.230000 0.090000 1.000000
0.380000 0.230000 0.090000 1.000000
0.380000 0.230000 0.090000 1.000000
0.380000 0.230000 0.090000 1.000000
0.380000 0.230000 0.090000 1.000000
0.380000 0.230000 0.090000 1.000000
0.380000 0.230000 0.090000 1.000000
0.380000 0.230000 0.090000 1.000000
0.380000 0.230000 0.090000 1.000000
0.380000 0.230000 0.090000 1.000000
0.380000 0.230000 0.090000 1.000000
0.380000 0.230000 0.090000 1.000000
0.380000 0.230000 0.090000 1.000000
0.380000 0.230000 0.090000 1.000000
0.380000 0.230000 0.090000 1.000000
0.380000 0.230000 0.090000 1.000000
0.380000 0.230000 0.090000 1.000000
0.380000 0.230000 0.090000 1.000000
0.380000 0.230000 0.090000 1.000000
0.380000 0.230000 0.090000 1.000000
0.380000 0.230000 0.090000 1.000000
0.380000 0.230000 0.090000 1.000000
0.380000 0.230000 0.090000 1.000000
0.380000 0.230000 0.090000 1.000000
0.380000 0.230000 0.090000 1.000000
0.380000 0.230000 0.090000 1.000000
0.380000 0.230000 0.090000 1.000000
0.380000 0.230000 0.090000 1.000000
0.380000 0.230000 0.090000 1.000000
0.380000 0.230000 0.090000 1.000000
0.380000 0.230000 0.090000 1.000000
0.380000 0.230000 0.090000 1.000000
0.380000 0.230000 0.090000 1.000000
0.380000 0.230000 0.090000 1.000000
0.380000 0.230000 0.090000 1.000000
0.380000 0.230000 0.090000 1.000000
0.380000 0.230000 0.090000 1.000000
0.380000 0.230000 0.090000 1.000000
0.380000 0.230000 0.090000 1.000000
0.380000 0.230000 0.090000 1.000000
0.380000 0.230000 0.090000 1.000000
0.380000 0.230000 0.090000 1.000000
0.380000 0.230000 0.090000 1.000000
0.380000 0.230000 0.090000 1.000000
0.380000 0.230000 0.090000 1.000000
0.380000 0.230000 0.090000 1.000000
0.380000 0.230000 0.090000 1.000000
0.380000 0.230000 0.090000 1.000000
0.380000 0.230000 0.090000 1.000000
0.380000 0.230000 0.090000 1.000000
0.380000 0.230000 0.090000 1.000000
0.380000 0.230000 0.090000 1.000000
0.380000 0.230000 0.090000 1.000000
0.380000 0.230000 0.090000 1.000000
0.380000 0.230000 0.090000 1.000000
0.380000 0.230000 0.090000 1.000000
0.380000 0.230000 0.090000 1.000000
0.380000 0.230000 0.090000 1.000000
0.380000 0.230000 0.090000 1.000000
0.380000 0.230000 0.090000 1.000000
0.380000 0.230000 0.090000 1.000000
0.380000 0.230000 0.090000 1.000000
0.380000 0.230000 0.090000 1.000000
0.380000 0.230000 0.090000 1.000000
0.380000 0.230000 0.090000 1.000000
0.380000 0.230000 0.090000 1.000000
0.380000 0.230000 0.090000 1.000000
0.380000 0.230000 0.090000 1.000000
0.380000 0.230000 0.090000 1.000000
0.380000 0.230000 0.090000 1.000000
0.380000 0.230000 0.090000 1.000000
0.380000 0.230000 0.090000 1.000000
0.380000 0.230000 0.090000 1.000000
0.380000 0.230000 0.090000 1.000000
0.380000 0.230000 0.090000 1.000000
0.380000 0.230000 0.090000 1.000000
0.380000 0.230000 0.090000 1.000000
0.380000 0.230000 0.090000 1.000000
0.380000 0.230000 0.090000 1.000000
0.380000 0.230000 0.090000 1.000000
0.380000 0.230000 0.090000 1.000000
0.380000 0.230000 0.090000 1.000000
0.380000 0.230000 0.090000 1.000000
0.380000 0.230000 0.090000 1.000000
0.380000 0.230000 0.090000 1.000000
0.380000 0.230000 0.090000 1.000000
0.380000 0.230000 0.090000 1.000000
0.380000 0.230000 0.090000 1.000000
0.380000 0.230000 0.090000 1.000000
0.380000 0.230000 0.090000 1.000000
0.380000 0.230000 0.090000 1.000000
0.380000 0.230000 0.090000 1.000000
0.380000 0.230000 0.090000 1.000000
0.380000 0.230000 0.090000 1.000000
0.380000 0.230000 0.090000 1.000000
0.380000 0.230000 0.090000 1.000000
0.380000 0.230000 0.090000 1.000000
0.380000 0.230000 0.090000 1.000000
0.380000 0.230000 0.090000 1.000000
0.380000 0.230000 0.090000 1.000000
0.380000 0.230000 0.090000 1.000000
0.380000 0.230000 0.090000 1.000000
0.380000 0.230000 0.090000 1.000000
0.380000 0.230000 0.090000 1.000000
0.380000 0.230000 0.090000 1.000000
0.380000 0.230000 0.090000 1.000000
0.380000 0.230000 0.090000 1.000000
0.380000 0.230000 0.090000 1.000000
0.380000 0.230000 0.090000 1.000000
0.380000 0.230000 0.090000 1.000000
0.380000 0.230000 0.090000 1.000000
0.380000 0.230000 0.090000 1.000000
0.380000 0.230000 0.090000 1.000000
0.380000 0.230000 0.090000 1.000000
0.380000 0.230000 0.090000 1.000000
0.380000 0.230000 0.090000 1.000000
0.380000 0.230000 0.090000 1.000000
0.380000 0.230000 0.090000 1.000000
0.380000 0.230000 0.090000 1.000000
0.380000 0.230000 0.090000 1.000000
0.380000 0.230000 0.090000 1.000000
0.380000 0.230000 0.090000 1.000000
0.380000 0.230000 0.090000 1.000000
0.380000 0.230000 0.090000 1.000000
0.380000 0.230000 0.090000 1.000000
0.380000 0.230000 0.090000 1.000000
0.380000 0.230000 0.090000 1.000000
0.380000 0.230000 0.090000 1.000000
0.380000 0.230000 0.090000 1.000000
0.380000 0.230000 0.090000 1.000000
0.380000 0.230000 0.090000 1.000000
0.380000 0.230000 0.090000 1.000000
0.380000 0.230000 0.090000 1.000000
0.380000 0.230000 0.090000 1.000000
0.380000 0.230000 0.090000 1.000000
0.380000 0.230000 0.090000 1.000000
0.380000 0.230000 0.090000 1.000000
0.380000 0.230000 0.090000 1.000000
0.380000 0.230000 0.090000 1.000000
0.380000 0.230000 0.090000 1.000000
0.380000 0.230000 0.090000 1.000000
0.380000 0.230000 0.090000 1.000000
0.380000 0.230000 0.090000 1.000000
0.380000 0.230000 0.090000 1.000000
0.380000 0.230000 0.090000 1.000000
0.380000 0.230000 0.090000 1.000000
0.380000 0.230000 0.090000 1.000000
0.380000 0.230000 0.090000 1.000000
0.380000 0.230000 0.090000 1.000000
0.380000 0.230000 0.090000 1.000000
0.380000 0.230000 0.090000 1.000000
0.380000 0.230000 0.090000 1.000000
0.380000 0.230000 0.090000 1.000000
0.380000 0.230000 0.090000 1.000000
0.380000 0.230000 0.090000 1.000000
0.380000 0.230000 0.090000 1.000000
0.380000 0.230000 0.090000 1.000000
0.380000 0.230000 0.090000 1.000000
0.380000 0.230000 0.090000 1.000000
0.380000 0.230000 0.090000 1.000000
0.380000 0.230000 0.090000 1.000000
0.380000 0.230000 0.090000 1.000000
0.380000 0.230000 0.090000 1.000000
0.380000 0.230000 0.090000 1.000000
0.380000 0.230000 0.090000 1.000000
0.380000 0.230000 0.090000 1.000000
0.380000 0.230000 0.090000 1.000000
0.380000 0.230000 0.090000 1.000000
0.380000 0.230000 0.090000 1.000000
0.380000 0.230000 0.090000 1.000000
0.380000 0.230000 0.090000 1.000000
0.380000 0.230000 0.090000 1.000000
0.380000 0.230000 0.090000 1.000000
0.380000 0.230000 0.090000 1.000000
0.380000 0.230000 0.090000 1.000000
0.380000 0.230000 0.090000 1.000000
0.380000 0.230000 0.090000 1.000000
0.380000 0.230000 0.090000 1.000000
0.380000 0.230000 0.090000 1.000000
0.380000 0.230000 0.090000 1.000000
0.380000 0.230000 0.090000 1.000000
0.380000 0.230000 0.090000 1.000000
0.380000 0.230000 0.090000 1.000000
0.380000 0.230000 0.090000 1.000000
0.380000 0.230000 0.090000 1.000000
0.380000 0.230000 0.090000 1.000000
0.380000 0.230000 0.090000 1.000000
0.380000 0.230000 0.090000 1.000000
0.380000 0.230000 0.090000 1.000000
0.380000 0.230000 0.090000 1.000000
0.380000 0.230000 0.090000 1.000000
0.380000 0.230000 0.090000 1.000000
0.380000 0.230000 0.090000 1.000000
0.380000 0.230000 0.090000 1.000000
0.380000 0.230000 0.090000 1.000000
0.380000 0.230000 0.090000 1.000000
0.380000 0.230000 0.090000 1.000000
0.380000 0.230000 0.090000 1.000000
0.380000 0.230000 0.090000 1.000000
0.380000 0.230000 0.090000 1.000000
0.380000 0.230000 0.090000 1.000000
0.380000 0.230000 0.090000 1.000000
0.380000 0.230000 0.090000 1.000000
0.380000 0.230000 0.090000 1.000000
0.380000 0.230000 0.090000 1.000000
0.380000 0.230000 0.090000 1.000000
0.380000 0.230000 0.090000 1.000000
0.380000 0.230000 0.090000 1.000000
0.380000 0.230000 0.090000 1.000000
0.380000 0.230000 0.090000 1.000000
0.380000 0.230000 0.090000 1.000000
0.380000 0.230000 0.090000 1.000000
0.380000 0.230000 0.090000 1.000000
0.380000 0.230000 0.090000 1.000000
0.380000 0.230000 0.090000 1.000000
0.380000 0.230000 0.090000 1.000000
0.380000 0.230000 0.090000 1.000000
0.380000 0.230000 0.090000 1.000000
0.380000 0.230000 0.090000 1.000000
0.380000 0.230000 0.090000 1.000000
0.380000 0.230000 0.090000 1.000000
0.380000 0.230000 0.090000 1.000000
0.380000 0.230000 0.090000 1.000000
0.380000 0.230000 0.090000 1.000000
0.380000 0.230000 0.090000 1.000000
0.380000 0.230000 0.090000 1.000000
0.380000 0.230000 0.090000 1.000000
0.380000 0.230000 0.090000 1.000000
0.380000 0.230000 0.090000 1.000000
0.380000 0.230000 0.090000 1.000000
0.380000 0.230000 0.090000 1.000000
0.380000 0.230000 0.090000 1.000000
0.380000 0.230000 0.090000 1.000000
0.380000 0.230000 0.090000 1.000000
0.380000 0.230000 0.090000 1.000000
0.380000 0.230000 0.090000 1.000000
0.380000 0.230000 0.090000 1.000000
0.380000 0.230000 0.090000 1.000000
0.380000 0.230000 0.090000 1.000000
0.380000 0.230000 0.090000 1.000000
0.380000 0.230000 0.090000 1.000000
0.380000 0.230000 0.090000 1.000000
0.380000 0.230000 0.090000 1.000000
0.380000 0.230000 0.090000 1.000000
0.380000 0.230000 0.090000 1.000000
0.380000 0.230000 0.090000 1.000000
0.380000 0.230000 0.090000 1.000000
0.380000 0.230000 0.090000 1.000000
0.380000 0.230000 0.090000 1.000000
0.380000 0.230000 0.090000 1.000000
0.380000 0.230000 0.090000 1.000000
0.380000 0.230000 0.090000 1.000000
0.380000 0.230000 0.090000 1.000000
0.380000 0.230000 0.090000 1.000000
0.380000 0.230000 0.090000 1.000000
0.380000 0.230000 0.090000 1.000000
0.380000 0.230000 0.090000 1.000000
0.380000 0.230000 0.090000 1.000000
0.380000 0.230000 0.090000 1.000000
0.380000 0.230000 0.090000 1.000000
0.380000 0.230000 0.090000 1.000000
0.380000 0.230000 0.090000 1.000000
0.380000 0.230000 0.090000 1.000000
0.380000 0.230000 0.090000 1.000000
0.380000 0.230000 0.090000 1.000000
0.380000 0.230000 0.090000 1.000000
0.380000 0.230000 0.090000 1.000000
0.380000 0.230000 0.090000 1.000000
0.380000 0.230000 0.090000 1.000000
0.380000 0.230000 0.090000 1.000000
0.380000 0.230000 0.090000 1.000000
0.380000 0.230000 0.090000 1.000000
0.380000 0.230000 0.090000 1.000000
0.380000 0.230000 0.090000 1.000000
0.380000 0.230000 0.090000 1.000000
0.380000 0.230000 0.090000 1.000000
0.380000 0.230000 0.090000 1.000000
0.380000 0.230000 0.090000 1.000000
0.380000 0.230000 0.090000 1.000000
0.380000 0.230000 0.090000 1.000000
0.380000 0.230000 0.090000 1.000000
0.380000 0.230000 0.090000 1.000000
0.380000 0.230000 0.090000 1.000000
0.380000 0.230000 0.090000 1.000000
0.380000 0.230000 0.090000 1.000000
0.380000 0.230000 0.090000 1.000000
0.380000 0.230000 0.090000 1.000000
0.380000 0.230000 0.090000 1.000000
0.380000 0.230000 0.090000 1.000000
0.380000 0.230000 0.090000 1.000000
0.380000 0.230000 0.090000 1.000000
0.380000 0.230000 0.090000 1.000000
0.380000 0.230000 0.090000 1.000000
0.380000 0.230000 0.090000 1.000000
0.380000 0.230000 0.090000 1.000000
0.380000 0.230000 0.090000 1.000000
0.380000 0.230000 0.090000 1.000000
0.380000 0.230000 0.090000 1.000000
0.380000 0.230000 0.090000 1.000000
0.380000 0.230000 0.090000 1.000000
0.380000 0.230000 0.090000 1.000000
0.380000 0.230000 0.090000 1.000000
0.380000 0.230000 0.090000 1.000000
0.380000 0.230000 0.090000 1.000000
0.380000 0.230000 0.090000 1.000000
0.380000 0.230000 0.090000 1.000000
0.380000 0.230000 0.090000 1.000000
0.380000 0.230000 0.090000 1.000000
0.380000 0.230000 0.090000 1.000000
0.380000 0.230000 0.090000 1.000000
0.380000 0.230000 0.090000 1.000000
0.380000 0.230000 0.090000 1.000000
0.380000 0.230000 0.090000 1.000000
0.380000 0.230000 0.090000 1.000000
0.380000 0.230000 0.090000 1.000000
0.380000 0.230000 0.090000 1.000000
0.380000 0.230000 0.090000 1.000000
0.380000 0.230000 0.090000 1.000000
0.380000 0.230000 0.090000 1.000000
0.380000 0.230000 0.090000 1.000000
0.380000 0.230000 0.090000 1.000000
0.380000 0.230000 0.090000 1.000000
0.380000 0.230000 0.090000 1.000000
0.380000 0.230000 0.090000 1.000000
0.380000 0.230000 0.090000 1.000000
0.380000 0.230000 0.090000 1.000000
0.380000 0.230000 0.090000 1.000000
0.380000 0.230000 0.090000 1.000000
0.380000 0.230000 0.090000 1.000000
0.380000 0.230000 0.090000 1.000000
0.380000 0.230000 0.090000 1.000000
0.380000 0.230000 0.090000 1.000000
0.380000 0.230000 0.090000 1.000000
0.380000 0.230000 0.090000 1.000000
0.380000 0.230000 0.090000 1.000000
0.380000 0.230000 0.090000 1.000000
0.380000 0.230000 0.090000 1.000000
0.380000 0.230000 0.090000 1.000000
0.380000 0.230000 0.090000 1.000000
0.380000 0.230000 0.090000 1.000000
0.380000 0.230000 0.090000 1.000000
0.380000 0.230000 0.090000 1.000000
0.380000 0.230000 0.090000 1.000000
0.380000 0.230000 0.090000 1.000000
0.380000 0.230000 0.090000 1.000000
0.380000 0.230000 0.090000 1.000000
0.380000 0.230000 0.090000 1.000000
0.380000 0.230000 0.090000 1.000000
0.380000 0.230000 0.090000 1.000000
0.380000 0.230000 0.090000 1.000000
0.380000 0.230000 0.090000 1.000000
0.380000 0.230000 0.090000 1.000000
0.380000 0.230000 0.090000 1.000000
0.380000 0.230000 0.090000 1.000000
0.380000 0.230000 0.090000 1.000000
0.380000 0.230000 0.090000 1.000000
0.380000 0.230000 0.090000 1.000000
0.380000 0.230000 0.090000 1.000000
0.380000 0.230000 0.090000 1.000000
0.380000 0.230000 0.090000 1.000000
0.380000 0.230000 0.090000 1.000000
0.380000 0.230000 0.090000 1.000000
0.380000 0.230000 0.090000 1.000000
0.380000 0.230000 0.090000 1.000000
0.380000 0.230000 0.090000 1.000000
0.380000 0.230000 0.090000 1.000000
0.380000 0.230000 0.090000 1.000000
0.380000 0.230000 0.090000 1.000000
0.380000 0.230000 0.090000 1.000000
0.380000 0.230000 0.090000 1.000000
0.380000 0.230000 0.090000 1.000000
0.380000 0.230000 0.090000 1.000000
0.380000 0.230000 0.090000 1.000000
0.380000 0.230000 0.090000 1.000000
0.380000 0.230000 0.090000 1.000000
0.380000 0.230000 0.090000 1.000000
0.380000 0.230000 0.090000 1.000000
0.380000 0.230000 0.090000 1.000000
0.380000 0.230000 0.090000 1.000000
0.380000 0.230000 0.090000 1.000000
0.380000 0.230000 0.090000 1.000000
0.380000 0.230000 0.090000 1.000000
0.380000 0.230000 0.090000 1.000000
0.380000 0.230000 0.090000 1.000000
0.380000 0.230000 0.090000 1.000000
0.380000 0.230000 0.090000 1.000000
0.380000 0.230000 0.090000 1.000000
0.380000 0.230000 0.090000 1.000000
0.380000 0.230000 0.090000 1.000000
0.380000 0.230000 0.090000 1.000000
0.380000 0.230000 0.090000 1.000000
0.380000 0.230000 0.090000 1.000000
0.380000 0.230000 0.090000 1.000000
0.380000 0.230000 0.090000 1.000000
0.380000 0.230000 0.090000 1.000000
0.380000 0.230000 0.090000 1.000000
0.380000 0.230000 0.090000 1.000000
0.380000 0.230000 0.090000 1.000000
0.380000 0.230000 0.090000 1.000000
0.380000 0.230000 0.090000 1.000000
0.380000 0.230000 0.090000 1.000000
0.380000 0.230000 0.090000 1.000000
0.380000 0.230000 0.090000 1.000000
0.380000 0.230000 0.090000 1.000000
0.380000 0.230000 0.090000 1.000000
0.380000 0.230000 0.090000 1.000000
0.380000 0.230000 0.090000 1.000000
0.380000 0.230000 0.090000 1.000000
0.380000 0.230000 0.090000 1.000000
0.380000 0.230000 0.090000 1.000000
0.380000 0.230000 0.090000 1.000000
0.380000 0.230000 0.090000 1.000000
0.380000 0.230000 0.090000 1.000000
0.380000 0.230000 0.090000 1.000000
0.380000 0.230000 0.090000 1.000000
0.380000 0.230000 0.090000 1.000000
0.380000 0.230000 0.090000 1.000000
0.380000 0.230000 0.090000 1.000000
0.380000 0.230000 0.090000 1.000000
0.380000 0.230000 0.090000 1.000000
0.380000 0.230000 0.090000 1.000000
0.380000 0.230000 0.090000 1.000000
0.380000 0.230000 0.090000 1.000000
0.380000 0.230000 0.090000 1.000000
0.380000 0.230000 0.090000 1.000000
0.380000 0.230000 0.090000 1.000000
0.380000 0.230000 0.090000 1.000000
0.380000 0.230000 0.090000 1.000000
0.380000 0.230000 0.090000 1.000000
0.380000 0.230000 0.090000 1.000000
0.380000 0.230000 0.090000 1.000000
0.380000 0.230000 0.090000 1.000000
0.380000 0.230000 0.090000 1.000000
0.380000 0.230000 0.090000 1.000000
0.380000 0.230000 0.090000 1.000000
0.380000 0.230000 0.090000 1.000000
0.380000 0.230000 0.090000 1.000000
0.380000 0.230000 0.090000 1.000000
0.380000 0.230000 0.090000 1.000000
0.380000 0.230000 0.090000 1.000000
0.380000 0.230000 0.090000 1.000000
0.380000 0.230000 0.090000 1.000000
0.380000 0.230000 0.090000 1.000000
0.380000 0.230000 0.090000 1.000000
0.380000 0.230000 0.090000 1.000000
0.380000 0.230000 0.090000 1.000000
0.380000 0.230000 0.090000 1.000000
0.380000 0.230000 0.090000 1.000000
0.380000 0.230000 0.090000 1.000000
0.380000 0.230000 0.090000 1.000000
0.380000 0.230000 0.090000 1.000000
0.380000 0.230000 0.090000 1.000000
0.380000 0.230000 0.090000 1.000000
0.380000 0.230000 0.090000 1.000000
0.380000 0.230000 0.090000 1.000000
0.380000 0.230000 0.090000 1.000000
0.380000 0.230000 0.090000 1.000000
0.380000 0.230000 0.090000 1.000000
0.380000 0.230000 0.090000 1.000000
0.380000 0.230000 0.090000 1.000000
0.380000 0.230000 0.090000 1.000000
0.380000 0.230000 0.090000 1.000000
0.380000 0.230000 0.090000 1.000000
0.380000 0.230000 0.090000 1.000000
0.380000 0.230000 0.090000 1.000000
0.380000 0.230000 0.090000 1.000000
0.380000 0.230000 0.090000 1.000000
0.380000 0.230000 0.090000 1.000000
0.380000 0.230000 0.090000 1.000000
0.380000 0.230000 0.090000 1.000000
0.380000 0.230000 0.090000 1.000000
0.380000 0.230000 0.090000 1.000000
0.380000 0.230000 0.090000 1.000000
0.380000 0.230000 0.090000 1.000000
0.380000 0.230000 0.090000 1.000000
0.380000 0.230000 0.090000 1.000000
0.380000 0.230000 0.090000 1.000000
0.380000 0.230000 0.090000 1.000000
0.380000 0.230000 0.090000 1.000000
0.380000 0.230000 0.090000 1.000000
0.380000 0.230000 0.090000 1.000000
0.380000 0.230000 0.090000 1.000000
0.380000 0.230000 0.090000 1.000000
0.380000 0.230000 0.090000 1.000000
0.380000 0.230000 0.090000 1.000000
0.380000 0.230000 0.090000 1.000000
0.380000 0.230000 0.090000 1.000000
0.380000 0.230000 0.090000 1.000000
0.380000 0.230000 0.090000 1.000000
0.380000 0.230000 0.090000 1.000000
0.380000 0.230000 0.090000 1.000000
0.380000 0.230000 0.090000 1.000000
0.380000 0.230000 0.090000 1.000000
0.380000 0.230000 0.090000 1.000000
0.380000 0.230000 0.090000 1.000000
0.380000 0.230000 0.090000 1.000000
0.380000 0.230000 0.090000 1.000000
0.380000 0.230000 0.090000 1.000000
0.380000 0.230000 0.090000 1.000000
0.380000 0.230000 0.090000 1.000000
0.380000 0.230000 0.090000 1.000000
0.380000 0.230000 0.090000 1.000000
0.380000 0.230000 0.090000 1.000000
0.380000 0.230000 0.090000 1.000000
0.380000 0.230000 0.090000 1.000000
0.380000 0.230000 0.090000 1.000000
0.380000 0.230000 0.090000 1.000000
0.380000 0.230000 0.090000 1.000000
0.380000 0.230000 0.090000 1.000000
0.380000 0.230000 0.090000 1.000000
0.380000 0.230000 0.090000 1.000000
0.380000 0.230000 0.090000 1.000000
0.380000 0.230000 0.090000 1.000000
0.380000 0.230000 0.090000 1.000000
0.380000 0.230000 0.090000 1.000000
0.380000 0.230000 0.090000 1.000000
0.380000 0.230000 0.090000 1.000000
0.380000 0.230000 0.090000 1.000000
0.380000 0.230000 0.090000 1.000000
0.380000 0.230000 0.090000 1.000000
0.380000 0.230000 0.090000 1.000000
0.380000 0.230000 0.090000 1.000000
0.380000 0.230000 0.090000 1.000000
0.380000 0.230000 0.090000 1.000000
0.380000 0.230000 0.090000 1.000000
0.380000 0.230000 0.090000 1.000000
0.380000 0.230000 0.090000 1.000000
0.380000 0.230000 0.090000 1.000000
0.380000 0.230000 0.090000 1.000000
0.380000 0.230000 0.090000 1.000000
0.380000 0.230000 0.090000 1.000000
0.380000 0.230000 0.090000 1.000000
0.380000 0.230000 0.090000 1.000000
0.380000 0.230000 0.090000 1.000000
0.380000 0.230000 0.090000 1.000000
0.380000 0.230000 0.090000 1.000000
0.380000 0.230000 0.090000 1.000000
0.380000 0.230000 0.090000 1.000000
0.380000 0.230000 0.090000 1.000000
0.380000 0.230000 0.090000 1.000000
0.380000 0.230000 0.090000 1.000000
0.380000 0.230000 0.090000 1.000000
0.380000 0.230000 0.090000 1.000000
0.380000 0.230000 0.090000 1.000000
0.380000 0.230000 0.090000 1.000000
0.380000 0.230000 0.090000 1.000000
0.380000 0.230000 0.090000 1.000000
0.380000 0.230000 0.090000 1.000000
0.380000 0.230000 0.090000 1.000000
0.380000 0.230000 0.090000 1.000000
0.380000 0.230000 0.090000 1.000000
0.380000 0.230000 0.090000 1.000000
0.380000 0.230000 0.090000 1.000000
0.380000 0.230000 0.090000 1.000000
0.380000 0.230000 0.090000 1.000000
0.380000 0.230000 0.090000 1.000000
0.380000 0.230000 0.090000 1.000000
0.380000 0.230000 0.090000 1.000000
0.380000 0.230000 0.090000 1.000000
0.380000 0.230000 0.090000 1.000000
0.380000 0.230000 0.090000 1.000000
0.380000 0.230000 0.090000 1.000000
0.380000 0.230000 0.090000 1.000000
0.380000 0.230000 0.090000 1.000000
0.380000 0.230000 0.090000 1.000000
0.380000 0.230000 0.090000 1.000000
0.380000 0.230000 0.090000 1.000000
0.380000 0.230000 0.090000 1.000000
0.380000 0.230000 0.090000 1.000000
0.380000 0.230000 0.090000 1.000000
0.380000 0.230000 0.090000 1.000000
0.380000 0.230000 0.090000 1.000000
0.380000 0.230000 0.090000 1.000000
0.380000 0.230000 0.090000 1.000000
0.380000 0.230000 0.090000 1.000000
0.380000 0.230000 0.090000 1.000000
0.380000 0.230000 0.090000 1.000000
0.380000 0.230000 0.090000 1.000000
0.380000 0.230000 0.090000 1.000000
0.380000 0.230000 0.090000 1.000000
0.380000 0.230000 0.090000 1.000000
0.380000 0.230000 0.090000 1.000000
0.380000 0.230000 0.090000 1.000000
0.380000 0.230000 0.090000 1.000000
0.380000 0.230000 0.090000 1.000000
0.380000 0.230000 0.090000 1.000000
0.380000 0.230000 0.090000 1.000000
0.380000 0.230000 0.090000 1.000000
0.380000 0.230000 0.090000 1.000000
0.380000 0.230000 0.090000 1.000000
0.380000 0.230000 0.090000 1.000000
0.380000 0.230000 0.090000 1.000000
0.380000 0.230000 0.090000 1.000000
0.380000 0.230000 0.090000 1.000000
0.380000 0.230000 0.090000 1.000000
0.380000 0.230000 0.090000 1.000000
0.380000 0.230000 0.090000 1.000000
0.380000 0.230000 0.090000 1.000000
0.380000 0.230000 0.090000 1.000000
0.380000 0.230000 0.090000 1.000000
0.380000 0.230000 0.090000 1.000000
0.380000 0.230000 0.090000 1.000000
0.380000 0.230000 0.090000 1.000000
0.380000 0.230000 0.090000 1.000000
0.380000 0.230000 0.090000 1.000000
0.380000 0.230000 0.090000 1.000000
0.380000 0.230000 0.090000 1.000000
0.380000 0.230000 0.090000 1.000000
0.380000 0.230000 0.090000 1.000000
0.380000 0.230000 0.090000 1.000000
0.380000 0.230000 0.090000 1.000000
0.380000 0.230000 0.090000 1.000000
0.380000 0.230000 0.090000 1.000000
0.380000 0.230000 0.090000 1.000000
0.380000 0.230000 0.090000 1.000000
0.380000 0.230000 0.090000 1.000000
0.380000 0.230000 0.090000 1.000000
0.380000 0.230000 0.090000 1.000000
0.380000 0.230000 0.090000 1.000000
0.380000 0.230000 0.090000 1.000000
0.380000 0.230000 0.090000 1.000000
0.380000 0.230000 0.090000 1.000000
0.380000 0.230000 0.090000 1.000000
0.380000 0.230000 0.090000 1.000000
0.380000 0.230000 0.090000 1.000000
0.380000 0.230000 0.090000 1.000000
0.380000 0.230000 0.090000 1.000000
0.380000 0.230000 0.090000 1.000000
0.380000 0.230000 0.090000 1.000000
0.380000 0.230000 0.090000 1.000000
0.380000 0.230000 0.090000 1.000000
0.380000 0.230000 0.090000 1.000000
0.380000 0.230000 0.090000 1.000000
0.380000 0.230000 0.090000 1.000000
0.380000 0.230000 0.090000 1.000000
0.380000 0.230000 0.090000 1.000000
0.380000 0.230000 0.090000 1.000000
0.380000 0.230000 0.090000 1.000000
0.380000 0.230000 0.090000 1.000000
0.380000 0.230000 0.090000 1.000000
0.380000 0.230000 0.090000 1.000000
0.380000 0.230000 0.090000 1.000000
0.380000 0.230000 0.090000 1.000000
0.380000 0.230000 0.090000 1.000000
0.380000 0.230000 0.090000 1.000000
0.380000 0.230000 0.090000 1.000000
0.380000 0.230000 0.090000 1.000000
0.380000 0.230000 0.090000 1.000000
0.380000 0.230000 0.090000 1.000000
0.380000 0.230000 0.090000 1.000000
0.380000 0.230000 0.090000 1.000000
0.380000 0.230000 0.090000 1.000000
0.380000 0.230000 0.090000 1.000000
0.380000 0.230000 0.090000 1.000000
0.380000 0.230000 0.090000 1.000000
0.380000 0.230000 0.090000 1.000000
0.380000 0.230000 0.090000 1.000000
0.380000 0.230000 0.090000 1.000000
0.380000 0.230000 0.090000 1.000000
0.380000 0.230000 0.090000 1.000000
0.380000 0.230000 0.090000 1.000000
0.380000 0.230000 0.090000 1.000000
0.380000 0.230000 0.090000 1.000000
0.380000 0.230000 0.090000 1.000000
0.380000 0.230000 0.090000 1.000000
0.380000 0.230000 0.090000 1.000000
0.380000 0.230000 0.090000 1.000000
0.380000 0.230000 0.090000 1.000000
0.380000 0.230000 0.090000 1.000000
0.380000 0.230000 0.090000 1.000000
0.380000 0.230000 0.090000 1.000000
0.380000 0.230000 0.090000 1.000000
0.380000 0.230000 0.090000 1.000000
0.380000 0.230000 0.090000 1.000000
0.380000 0.230000 0.090000 1.000000
0.380000 0.230000 0.090000 1.000000
0.380000 0.230000 0.090000 1.000000
0.380000 0.230000 0.090000 1.000000
0.380000 0.230000 0.090000 1.000000
0.380000 0.230000 0.090000 1.000000
0.380000 0.230000 0.090000 1.000000
0.380000 0.230000 0.090000 1.000000
0.380000 0.230000 0.090000 1.000000
0.380000 0.230000 0.090000 1.000000
0.380000 0.230000 0.090000 1.000000
0.380000 0.230000 0.090000 1.000000
0.380000 0.230000 0.090000 1.000000
0.380000 0.230000 0.090000 1.000000
0.380000 0.230000 0.090000 1.000000
0.380000 0.230000 0.090000 1.000000
0.380000 0.230000 0.090000 1.000000
0.380000 0.230000 0.090000 1.000000
0.380000 0.230000 0.090000 1.000000
0.380000 0.230000 0.090000 1.000000
0.380000 0.230000 0.090000 1.000000
0.380000 0.230000 0.090000 1.000000
0.380000 0.230000 0.090000 1.000000
0.380000 0.230000 0.090000 1.000000
0.380000 0.230000 0.090000 1.000000
0.380000 0.230000 0.090000 1.000000
0.380000 0.230000 0.090000 1.000000
0.380000 0.230000 0.090000 1.000000
0.380000 0.230000 0.090000 1.000000
0.380000 0.230000 0.090000 1.000000
0.380000 0.230000 0.090000 1.000000
0.380000 0.230000 0.090000 1.000000
0.380000 0.230000 0.090000 1.000000
0.380000 0.230000 0.090000 1.000000
0.380000 0.230000 0.090000 1.000000
0.380000 0.230000 0.090000 1.000000
0.380000 0.230000 0.090000 1.000000
0.380000 0.230000 0.090000 1.000000
0.380000 0.230000 0.090000 1.000000
0.380000 0.230000 0.090000 1.000000
0.380000 0.230000 0.090000 1.000000
0.380000 0.230000 0.090000 1.000000
0.380000 0.230000 0.090000 1.000000
0.380000 0.230000 0.090000 1.000000
0.380000 0.230000 0.090000 1.000000
0.380000 0.230000 0.090000 1.000000
0.380000 0.230000 0.090000 1.000000
0.380000 0.230000 0.090000 1.000000
0.380000 0.230000 0.090000 1.000000
0.380000 0.230000 0.090000 1.000000
0.380000 0.230000 0.090000 1.000000
0.380000 0.230000 0.090000 1.000000
0.380000 0.230000 0.090000 1.000000
0.380000 0.230000 0.090000 1.000000
0.380000 0.230000 0.090000 1.000000
0.380000 0.230000 0.090000 1.000000
0.380000 0.230000 0.090000 1.000000
0.380000 0.230000 0.090000 1.000000
0.380000 0.230000 0.090000 1.000000
0.380000 0.230000 0.090000 1.000000
0.380000 0.230000 0.090000 1.000000
0.380000 0.230000 0.090000 1.000000
0.380000 0.230000 0.090000 1.000000
0.380000 0.230000 0.090000 1.000000
0.380000 0.230000 0.090000 1.000000
0.380000 0.230000 0.090000 1.000000
0.380000 0.230000 0.090000 1.000000
0.380000 0.230000 0.090000 1.000000
0.380000 0.230000 0.090000 1.000000
0.380000 0.230000 0.090000 1.000000
0.380000 0.230000 0.090000 1.000000
0.380000 0.230000 0.090000 1.000000
0.380000 0.230000 0.090000 1.000000
0.380000 0.230000 0.090000 1.000000
0.380000 0.230000 0.090000 1.000000
0.380000 0.230000 0.090000 1.000000
0.380000 0.230000 0.090000 1.000000
0.380000 0.230000 0.090000 1.000000
0.380000 0.230000 0.090000 1.000000
0.380000 0.230000 0.090000 1.000000
0.380000 0.230000 0.090000 1.000000
0.380000 0.230000 0.090000 1.000000
0.380000 0.230000 0.090000 1.000000
0.380000 0.230000 0.090000 1.000000
0.380000 0.230000 0.090000 1.000000
0.380000 0.230000 0.090000 1.000000
0.380000 0.230000 0.090000 1.000000
0.380000 0.230000 0.090000 1.000000
0.380000 0.230000 0.090000 1.000000
0.380000 0.230000 0.090000 1.000000
0.380000 0.230000 0.090000 1.000000
0.380000 0.230000 0.090000 1.000000
0.380000 0.230000 0.090000 1.000000
0.380000 0.230000 0.090000 1.000000
0.380000 0.230000 0.090000 1.000000
0.380000 0.230000 0.090000 1.000000
0.380000 0.230000 0.090000 1.000000
0.380000 0.230000 0.090000 1.000000
0.380000 0.230000 0.090000 1.000000
0.380000 0.230000 0.090000 1.000000
0.380000 0.230000 0.090000 1.000000
0.380000 0.230000 0.090000 1.000000
0.380000 0.230000 0.090000 1.000000
0.380000 0.230000 0.090000 1.000000
0.380000 0.230000 0.090000 1.000000
0.380000 0.230000 0.090000 1.000000
0.380000 0.230000 0.090000 1.000000
0.380000 0.230000 0.090000 1.000000
0.380000 0.230000 0.090000 1.000000
0.380000 0.230000 0.090000 1.000000
0.380000 0.230000 0.090000 1.000000
0.380000 0.230000 0.090000 1.000000
0.380000 0.230000 0.090000 1.000000
0.380000 0.230000 0.090000 1.000000
0.380000 0.230000 0.090000 1.000000
0.380000 0.230000 0.090000 1.000000
0.380000 0.230000 0.090000 1.000000
0.380000 0.230000 0.090000 1.000000
0.380000 0.230000 0.090000 1.000000
0.380000 0.230000 0.090000 1.000000
0.380000 0.230000 0.090000 1.000000
0.380000 0.230000 0.090000 1.000000
0.380000 0.230000 0.090000 1.000000
0.380000 0.230000 0.090000 1.000000
0.380000 0.230000 0.090000 1.000000
0.380000 0.230000 0.090000 1.000000
0.380000 0.230000 0.090000 1.000000
0.380000 0.230000 0.090000 1.000000
0.380000 0.230000 0.090000 1.000000
0.380000 0.230000 0.090000 1.000000
0.380000 0.230000 0.090000 1.000000
0.380000 0.230000 0.090000 1.000000
0.380000 0.230000 0.090000 1.000000
0.380000 0.230000 0.090000 1.000000
0.380000 0.230000 0.090000 1.000000
0.380000 0.230000 0.090000 1.000000
0.380000 0.230000 0.090000 1.000000
0.380000 0.230000 0.090000 1.000000
0.380000 0.230000 0.090000 1.000000
0.380000 0.230000 0.090000 1.000000
0.380000 0.230000 0.090000 1.000000
0.380000 0.230000 0.090000 1.000000
0.380000 0.230000 0.090000 1.000000
0.380000 0.230000 0.090000 1.000000
0.380000 0.230000 0.090000 1.000000
0.380000 0.230000 0.090000 1.000000
0.380000 0.230000 0.090000 1.000000
0.380000 0.230000 0.090000 1.000000
0.380000 0.230000 0.090000 1.000000
0.380000 0.230000 0.090000 1.000000
0.380000 0.230000 0.090000 1.000000
0.380000 0.230000 0.090000 1.000000
0.380000 0.230000 0.090000 1.000000
0.380000 0.230000 0.090000 1.000000
0.380000 0.230000 0.090000 1.000000
0.380000 0.230000 0.090000 1.000000
0.380000 0.230000 0.090000 1.000000
0.380000 0.230000 0.090000 1.000000
0.380000 0.230000 0.090000 1.000000
0.380000 0.230000 0.090000 1.000000
0.380000 0.230000 0.090000 1.000000
0.380000 0.230000 0.090000 1.000000
0.380000 0.230000 0.090000 1.000000
0.380000 0.230000 0.090000 1.000000
0.380000 0.230000 0.090000 1.000000
0.380000 0.230000 0.090000 1.000000
0.380000 0.230000 0.090000 1.000000
0.380000 0.230000 0.090000 1.000000
0.380000 0.230000 0.090000 1.000000
0.380000 0.230000 0.090000 1.000000
0.380000 0.230000 0.090000 1.000000
0.380000 0.230000 0.090000 1.000000
0.380000 0.230000 0.090000 1.000000
0.380000 0.230000 0.090000 1.000000
0.380000 0.230000 0.090000 1.000000
0.380000 0.230000 0.090000 1.000000
0.380000 0.230000 0.090000 1.000000
0.380000 0.230000 0.090000 1.000000
0.380000 0.230000 0.090000 1.000000
0.380000 0.230000 0.090000 1.000000
0.380000 0.230000 0.090000 1.000000
0.380000 0.230000 0.090000 1.000000
0.380000 0.230000 0.090000 1.000000
0.380000 0.230000 0.090000 1.000000
0.380000 0.230000 0.090000 1.000000
0.380000 0.230000 0.090000 1.000000
0.380000 0.230000 0.090000 1.000000
0.380000 0.230000 0.090000 1.000000
0.380000 0.230000 0.090000 1.000000
0.380000 0.230000 0.090000 1.000000
0.380000 0.230000 0.090000 1.000000
0.380000 0.230000 0.090000 1.000000
0.380000 0.230000 0.090000 1.000000
0.380000 0.230000 0.090000 1.000000
0.380000 0.230000 0.090000 1.000000
0.380000 0.230000 0.090000 1.000000
0.380000 0.230000 0.090000 1.000000
0.380000 0.230000 0.090000 1.000000
0.380000 0.230000 0.090000 1.000000
0.380000 0.230000 0.090000 1.000000
0.380000 0.230000 0.090000 1.000000
0.380000 0.230000 0.090000 1.000000
0.380000 0.230000 0.090000 1.000000
0.380000 0.230000 0.090000 1.000000
0.380000 0.230000 0.090000 1.000000
0.380000 0.230000 0.090000 1.000000
0.380000 0.230000 0.090000 1.000000
0.380000 0.230000 0.090000 1.000000
0.380000 0.230000 0.090000 1.000000
0.380000 0.230000 0.090000 1.000000
0.380000 0.230000 0.090000 1.000000
0.380000 0.230000 0.090000 1.000000
0.380000 0.230000 0.090000 1.000000
0.380000 0.230000 0.090000 1.000000
0.380000 0.230000 0.090000 1.000000
0.380000 0.230000 0.090000 1.000000
0.380000 0.230000 0.090000 1.000000
0.380000 0.230000 0.090000 1.000000
0.380000 0.230000 0.090000 1.000000
0.380000 0.230000 0.090000 1.000000
0.380000 0.230000 0.090000 1.000000
0.380000 0.230000 0.090000 1.000000
0.380000 0.230000 0.090000 1.000000
0.380000 0.230000 0.090000 1.000000
0.380000 0.230000 0.090000 1.000000
0.380000 0.230000 0.090000 1.000000
0.380000 0.230000 0.090000 1.000000
0.380000 0.230000 0.090000 1.000000
0.380000 0.230000 0.090000 1.000000
0.380000 0.230000 0.090000 1.000000
0.380000 0.230000 0.090000 1.000000
0.380000 0.230000 0.090000 1.000000
0.380000 0.230000 0.090000 1.000000
0.380000 0.230000 0.090000 1.000000
0.380000 0.230000 0.090000 1.000000
0.380000 0.230000 0.090000 1.000000
0.380000 0.230000 0.090000 1.000000
0.380000 0.230000 0.090000 1.000000
0.380000 0.230000 0.090000 1.000000
0.380000 0.230000 0.090000 1.000000
0.380000 0.230000 0.090000 1.000000
0.380000 0.230000 0.090000 1.000000
0.380000 0.230000 0.090000 1.000000
0.380000 0.230000 0.090000 1.000000
0.380000 0.230000 0.090000 1.000000
0.380000 0.230000 0.090000 1.000000
0.380000 0.230000 0.090000 1.000000
0.380000 0.230000 0.090000 1.000000
0.380000 0.230000 0.090000 1.000000
0.380000 0.230000 0.090000 1.000000
0.380000 0.230000 0.090000 1.000000
0.380000 0.230000 0.090000 1.000000
0.380000 0.230000 0.090000 1.000000
0.380000 0.230000 0.090000 1.000000
0.380000 0.230000 0.090000 1.000000
0.380000 0.230000 0.090000 1.000000
0.380000 0.230000 0.090000 1.000000
0.380000 0.230000 0.090000 1.000000
0.380000 0.230000 0.090000 1.000000
0.380000 0.230000 0.090000 1.000000
0.380000 0.230000 0.090000 1.000000
0.380000 0.230000 0.090000 1.000000
0.380000 0.230000 0.090000 1.000000
0.380000 0.230000 0.090000 1.000000
0.380000 0.230000 0.090000 1.000000
0.380000 0.230000 0.090000 1.000000
0.380000 0.230000 0.090000 1.000000
0.380000 0.230000 0.090000 1.000000
0.380000 0.230000 0.090000 1.000000
0.380000 0.230000 0.090000 1.000000
0.380000 0.230000 0.090000 1.000000
0.380000 0.230000 0.090000 1.000000
0.380000 0.230000 0.090000 1.000000
0.380000 0.230000 0.090000 1.000000
0.380000 0.230000 0.090000 1.000000
0.380000 0.230000 0.090000 1.000000
0.380000 0.230000 0.090000 1.000000
0.380000 0.230000 0.090000 1.000000
0.380000 0.230000 0.090000 1.000000
0.380000 0.230000 0.090000 1.000000
0.380000 0.230000 0.090000 1.000000
0.380000 0.230000 0.090000 1.000000
0.380000 0.230000 0.090000 1.000000
0.380000 0.230000 0.090000 1.000000
0.380000 0.230000 0.090000 1.000000
0.380000 0.230000 0.090000 1.000000
0.380000 0.230000 0.090000 1.000000
0.380000 0.230000 0.090000 1.000000
0.380000 0.230000 0.090000 1.000000
0.380000 0.230000 0.090000 1.000000
0.380000 0.230000 0.090000 1.000000
0.380000 0.230000 0.090000 1.000000
0.380000 0.230000 0.090000 1.000000
0.380000 0.230000 0.090000 1.000000
0.380000 0.230000 0.090000 1.000000
0.380000 0.230000 0.090000 1.000000
0.380000 0.230000 0.090000 1.000000
0.380000 0.230000 0.090000 1.000000
0.380000 0.230000 0.090000 1.000000
0.380000 0.230000 0.090000 1.000000
0.380000 0.230000 0.090000 1.000000
0.380000 0.230000 0.090000 1.000000
0.380000 0.230000 0.090000 1.000000
0.380000 0.230000 0.090000 1.000000
0.380000 0.230000 0.090000 1.000000
0.380000 0.230000 0.090000 1.000000
0.380000 0.230000 0.090000 1.000000
0.380000 0.230000 0.090000 1.000000
0.380000 0.230000 0.090000 1.000000
0.380000 0.230000 0.090000 1.000000
0.380000 0.230000 0.090000 1.000000
0.380000 0.230000 0.090000 1.000000
0.380000 0.230000 0.090000 1.000000
0.380000 0.230000 0.090000 1.000000
0.380000 0.230000 0.090000 1.000000
0.380000 0.230000 0.090000 1.000000
0.380000 0.230000 0.090000 1.000000
0.380000 0.230000 0.090000 1.000000
0.380000 0.230000 0.090000 1.000000
0.380000 0.230000 0.090000 1.000000
0.380000 0.230000 0.090000 1.000000
0.380000 0.230000 0.090000 1.000000
0.380000 0.230000 0.090000 1.000000
0.380000 0.230000 0.090000 1.000000
0.380000 0.230000 0.090000 1.000000
0.380000 0.230000 0.090000 1.000000
0.380000 0.230000 0.090000 1.000000
0.380000 0.230000 0.090000 1.000000
0.380000 0.230000 0.090000 1.000000
0.380000 0.230000 0.090000 1.000000
0.380000 0.230000 0.090000 1.000000
0.380000 0.230000 0.090000 1.000000
0.380000 0.230000 0.090000 1.000000
0.380000 0.230000 0.090000 1.000000
0.380000 0.230000 0.090000 1.000000
0.380000 0.230000 0.090000 1.000000
0.380000 0.230000 0.090000 1.000000
0.380000 0.230000 0.090000 1.000000
0.380000 0.230000 0.090000 1.000000
0.380000 0.230000 0.090000 1.000000
0.380000 0.230000 0.090000 1.000000
0.380000 0.230000 0.090000 1.000000
0.380000 0.230000 0.090000 1.000000
0.380000 0.230000 0.090000 1.000000
0.380000 0.230000 0.090000 1.000000
0.380000 0.230000 0.090000 1.000000
0.380000 0.230000 0.090000 1.000000
0.380000 0.230000 0.090000 1.000000
0.380000 0.230000 0.090000 1.000000
0.380000 0.230000 0.090000 1.000000
0.380000 0.230000 0.090000 1.000000
0.380000 0.230000 0.090000 1.000000
0.380000 0.230000 0.090000 1.000000
0.380000 0.230000 0.090000 1.000000
0.380000 0.230000 0.090000 1.000000
0.380000 0.230000 0.090000 1.000000
0.380000 0.230000 0.090000 1.000000
0.380000 0.230000 0.090000 1.000000
0.380000 0.230000 0.090000 1.000000
0.380000 0.230000 0.090000 1.000000
0.380000 0.230000 0.090000 1.000000
0.380000 0.230000 0.090000 1.000000
0.380000 0.230000 0.090000 1.000000
0.380000 0.230000 0.090000 1.000000
0.380000 0.230000 0.090000 1.000000
0.380000 0.230000 0.090000 1.000000
0.380000 0.230000 0.090000 1.000000
0.380000 0.230000 0.090000 1.000000
0.380000 0.230000 0.090000 1.000000
0.380000 0.230000 0.090000 1.000000
0.380000 0.230000 0.090000 1.000000
0.380000 0.230000 0.090000 1.000000
0.380000 0.230000 0.090000 1.000000
0.380000 0.230000 0.090000 1.000000
0.380000 0.230000 0.090000 1.000000
0.380000 0.230000 0.090000 1.000000
0.380000 0.230000 0.090000 1.000000
0.380000 0.230000 0.090000 1.000000
0.380000 0.230000 0.090000 1.000000
0.380000 0.230000 0.090000 1.000000
0.380000 0.230000 0.090000 1.000000
0.380000 0.230000 0.090000 1.000000
0.380000 0.230000 0.090000 1.000000
0.380000 0.230000 0.090000 1.000000
0.380000 0.230000 0.090000 1.000000
0.380000 0.230000 0.090000 1.000000
0.380000 0.230000 0.090000 1.000000
0.380000 0.230000 0.090000 1.000000
0.380000 0.230000 0.090000 1.000000
0.380000 0.230000 0.090000 1.000000
0.380000 0.230000 0.090000 1.000000
0.380000 0.230000 0.090000 1.000000
0.380000 0.230000 0.090000 1.000000
0.380000 0.230000 0.090000 1.000000
0.380000 0.230000 0.090000 1.000000
0.380000 0.230000 0.090000 1.000000
0.380000 0.230000 0.090000 1.000000
0.380000 0.230000 0.090000 1.000000
0.380000 0.230000 0.090000 1.000000
0.380000 0.230000 0.090000 1.000000
0.380000 0.230000 0.090000 1.000000
0.380000 0.230000 0.090000 1.000000
0.380000 0.230000 0.090000 1.000000
0.380000 0.230000 0.090000 1.000000
0.380000 0.230000 0.090000 1.000000
0.380000 0.230000 0.090000 1.000000
0.380000 0.230000 0.090000 1.000000
0.380000 0.230000 0.090000 1.000000
0.380000 0.230000 0.090000 1.000000
0.380000 0.230000 0.090000 1.000000
0.380000 0.230000 0.090000 1.000000
0.380000 0.230000 0.090000 1.000000
0.380000 0.230000 0.090000 1.000000
0.380000 0.230000 0.090000 1.000000
0.380000 0.230000 0.090000 1.000000
0.380000 0.230000 0.090000 1.000000
0.380000 0.230000 0.090000 1.000000
0.380000 0.230000 0.090000 1.000000
0.380000 0.230000 0.090000 1.000000
0.380000 0.230000 0.090000 1.000000
0.380000 0.230000 0.090000 1.000000
0.380000 0.230000 0.090000 1.000000
0.380000 0.230000 0.090000 1.000000
0.380000 0.230000 0.090000 1.000000
0.380000 0.230000 0.090000 1.000000
0.380000 0.230000 0.090000 1.000000
0.380000 0.230000 0.090000 1.000000
0.380000 0.230000 0.090000 1.000000
0.380000 0.230000 0.090000 1.000000
0.380000 0.230000 0.090000 1.000000
0.380000 0.230000 0.090000 1.000000
0.380000 0.230000 0.090000 1.000000
0.380000 0.230000 0.090000 1.000000
0.380000 0.230000 0.090000 1.000000
0.380000 0.230000 0.090000 1.000000
0.380000 0.230000 0.090000 1.000000
0.380000 0.230000 0.090000 1.000000
0.380000 0.230000 0.090000 1.000000
0.380000 0.230000 0.090000 1.000000
0.380000 0.230000 0.090000 1.000000
0.380000 0.230000 0.090000 1.000000
0.380000 0.230000 0.090000 1.000000
0.380000 0.230000 0.090000 1.000000
0.380000 0.230000 0.090000 1.000000
0.380000 0.230000 0.090000 1.000000
0.380000 0.230000 0.090000 1.000000
0.380000 0.230000 0.090000 1.000000
0.380000 0.230000 0.090000 1.000000
0.380000 0.230000 0.090000 1.000000
0.380000 0.230000 0.090000 1.000000
0.380000 0.230000 0.090000 1.000000
0.380000 0.230000 0.090000 1.000000
0.380000 0.230000 0.090000 1.000000
0.380000 0.230000 0.090000 1.000000
0.380000 0.230000 0.090000 1.000000
0.380000 0.230000 0.090000 1.000000
0.380000 0.230000 0.090000 1.000000
0.380000 0.230000 0.090000 1.000000
0.380000 0.230000 0.090000 1.000000
0.380000 0.230000 0.090000 1.000000
0.380000 0.230000 0.090000 1.000000
0.380000 0.230000 0.090000 1.000000
0.380000 0.230000 0.090000 1.000000
0.380000 0.230000 0.090000 1.000000
0.380000 0.230000 0.090000 1.000000
0.380000 0.230000 0.090000 1.000000
0.380000 0.230000 0.090000 1.000000
0.380000 0.230000 0.090000 1.000000
0.380000 0.230000 0.090000 1.000000
0.380000 0.230000 0.090000 1.000000
0.380000 0.230000 0.090000 1.000000
0.380000 0.230000 0.090000 1.000000
0.380000 0.230000 0.090000 1.000000
0.380000 0.230000 0.090000 1.000000
0.380000 0.230000 0.090000 1.000000
0.380000 0.230000 0.090000 1.000000
0.380000 0.230000 0.090000 1.000000
0.380000 0.230000 0.090000 1.000000
0.380000 0.230000 0.090000 1.000000
0.380000 0.230000 0.090000 1.000000
0.380000 0.230000 0.090000 1.000000
0.380000 0.230000 0.090000 1.000000
0.380000 0.230000 0.090000 1.000000
0.380000 0.230000 0.090000 1.000000
0.380000 0.230000 0.090000 1.000000
0.380000 0.230000 0.090000 1.000000
0.380000 0.230000 0.090000 1.000000
0.380000 0.230000 0.090000 1.000000
0.380000 0.230000 0.090000 1.000000
0.380000 0.230000 0.090000 1.000000
0.380000 0.230000 0.090000 1.000000
0.380000 0.230000 0.090000 1.000000
0.380000 0.230000 0.090000 1.000000
0.380000 0.230000 0.090000 1.000000
0.380000 0.230000 0.090000 1.000000
0.380000 0.230000 0.090000 1.000000
0.380000 0.230000 0.090000 1.000000
0.380000 0.230000 0.090000 1.000000
0.380000 0.230000 0.090000 1.000000
0.380000 0.230000 0.090000 1.000000
0.380000 0.230000 0.090000 1.000000
0.380000 0.230000 0.090000 1.000000
0.380000 0.230000 0.090000 1.000000
0.380000 0.230000 0.090000 1.000000
0.380000 0.230000 0.090000 1.000000
0.380000 0.230000 0.090000 1.000000
0.380000 0.230000 0.090000 1.000000
0.380000 0.230000 0.090000 1.000000
0.380000 0.230000 0.090000 1.000000
0.380000 0.230000 0.090000 1.000000
0.380000 0.230000 0.090000 1.000000
0.380000 0.230000 0.090000 1.000000
0.380000 0.230000 0.090000 1.000000
0.380000 0.230000 0.090000 1.000000
0.380000 0.230000 0.090000 1.000000
0.380000 0.230000 0.090000 1.000000
0.380000 0.230000 0.090000 1.000000
0.380000 0.230000 0.090000 1.000000
0.380000 0.230000 0.090000 1.000000
0.380000 0.230000 0.090000 1.000000
0.380000 0.230000 0.090000 1.000000
0.380000 0.230000 0.090000 1.000000
0.380000 0.230000 0.090000 1.000000
0.380000 0.230000 0.090000 1.000000
0.380000 0.230000 0.090000 1.000000
0.380000 0.230000 0.090000 1.000000
0.380000 0.230000 0.090000 1.000000
0.380000 0.230000 0.090000 1.000000
0.380000 0.230000 0.090000 1.000000
0.380000 0.230000 0.090000 1.000000
0.380000 0.230000 0.090000 1.000000
0.380000 0.230000 0.090000 1.000000
0.380000 0.230000 0.090000 1.000000
0.380000 0.230000 0.090000 1.000000
0.380000 0.230000 0.090000 1.000000
0.380000 0.230000 0.090000 1.000000
0.380000 0.230000 0.090000 1.000000
0.380000 0.230000 0.090000 1.000000
0.380000 0.230000 0.090000 1.000000
0.380000 0.230000 0.090000 1.000000
0.380000 0.230000 0.090000 1.000000
0.380000 0.230000 0.090000 1.000000
0.380000 0.230000 0.090000 1.000000
0.380000 0.230000 0.090000 1.000000
0.380000 0.230000 0.090000 1.000000
0.380000 0.230000 0.090000 1.000000
0.380000 0.230000 0.090000 1.000000
0.380000 0.230000 0.090000 1.000000
0.380000 0.230000 0.090000 1.000000
0.380000 0.230000 0.090000 1.000000
0.380000 0.230000 0.090000 1.000000
0.380000 0.230000 0.090000 1.000000
0.380000 0.230000 0.090000 1.000000
0.380000 0.230000 0.090000 1.000000
0.380000 0.230000 0.090000 1.000000
0.380000 0.230000 0.090000 1.000000
0.380000 0.230000 0.090000 1.000000
0.380000 0.230000 0.090000 1.000000
0.380000 0.230000 0.090000 1.000000
0.380000 0.230000 0.090000 1.000000
0.380000 0.230000 0.090000 1.000000
0.380000 0.230000 0.090000 1.000000
0.380000 0.230000 0.090000 1.000000
0.380000 0.230000 0.090000 1.000000
0.380000 0.230000 0.090000 1.000000
0.380000 0.230000 0.090000 1.000000
0.380000 0.230000 0.090000 1.000000
0.380000 0.230000 0.090000 1.000000
0.380000 0.230000 0.090000 1.000000
0.380000 0.230000 0.090000 1.000000
0.380000 0.230000 0.090000 1.000000
0.380000 0.230000 0.090000 1.000000
0.380000 0.230000 0.090000 1.000000
0.380000 0.230000 0.090000 1.000000
0.380000 0.230000 0.090000 1.000000
0.380000 0.230000 0.090000 1.000000
0.380000 0.230000 0.090000 1.000000
0.380000 0.230000 0.090000 1.000000
0.380000 0.230000 0.090000 1.000000
0.380000 0.230000 0.090000 1.000000
0.380000 0.230000 0.090000 1.000000
0.380000 0.230000 0.090000 1.000000
0.380000 0.230000 0.090000 1.000000
0.380000 0.230000 0.090000 1.000000
0.380000 0.230000 0.090000 1.000000
0.380000 0.230000 0.090000 1.000000
0.380000 0.230000 0.090000 1.000000
0.380000 0.230000 0.090000 1.000000
0.380000 0.230000 0.090000 1.000000
0.380000 0.230000 0.090000 1.000000
0.380000 0.230000 0.090000 1.000000
0.380000 0.230000 0.090000 1.000000
0.380000 0.230000 0.090000 1.000000
0.380000 0.230000 0.090000 1.000000
0.380000 0.230000 0.090000 1.000000
0.380000 0.230000 0.090000 1.000000
0.380000 0.230000 0.090000 1.000000
0.380000 0.230000 0.090000 1.000000
0.380000 0.230000 0.090000 1.000000
0.380000 0.230000 0.090000 1.000000
0.380000 0.230000 0.090000 1.000000
0.380000 0.230000 0.090000 1.000000
0.380000 0.230000 0.090000 1.000000
0.380000 0.230000 0.090000 1.000000
0.380000 0.230000 0.090000 1.000000
0.380000 0.230000 0.090000 1.000000
0.380000 0.230000 0.090000 1.000000
0.380000 0.230000 0.090000 1.000000
0.380000 0.230000 0.090000 1.000000
0.380000 0.230000 0.090000 1.000000
0.380000 0.230000 0.090000 1.000000
0.380000 0.230000 0.090000 1.000000
0.380000 0.230000 0.090000 1.000000
0.380000 0.230000 0.090000 1.000000
0.380000 0.230000 0.090000 1.000000
0.380000 0.230000 0.090000 1.000000
0.380000 0.230000 0.090000 1.000000
0.380000 0.230000 0.090000 1.000000
0.380000 0.230000 0.090000 1.000000
0.380000 0.230000 0.090000 1.000000
0.380000 0.230000 0.090000 1.000000
0.380000 0.230000 0.090000 1.000000
0.380000 0.230000 0.090000 1.000000
0.380000 0.230000 0.090000 1.000000
0.380000 0.230000 0.090000 1.000000
0.380000 0.230000 0.090000 1.000000
0.380000 0.230000 0.090000 1.000000
0.380000 0.230000 0.090000 1.000000
0.380000 0.230000 0.090000 1.000000
0.380000 0.230000 0.090000 1.000000
0.380000 0.230000 0.090000 1.000000
0.380000 0.230000 0.090000 1.000000
0.380000 0.230000 0.090000 1.000000
0.380000 0.230000 0.090000 1.000000
0.380000 0.230000 0.090000 1.000000
0.380000 0.230000 0.090000 1.000000
0.380000 0.230000 0.090000 1.000000
0.380000 0.230000 0.090000 1.000000
0.380000 0.230000 0.090000 1.000000
0.380000 0.230000 0.090000 1.000000
0.380000 0.230000 0.090000 1.000000
0.380000 0.230000 0.090000 1.000000
0.380000 0.230000 0.090000 1.000000
0.380000 0.230000 0.090000 1.000000
0.380000 0.230000 0.090000 1.000000
0.380000 0.230000 0.090000 1.000000
0.380000 0.230000 0.090000 1.000000
0.380000 0.230000 0.090000 1.000000
0.380000 0.230000 0.090000 1.000000
0.380000 0.230000 0.090000 1.000000
0.380000 0.230000 0.090000 1.000000
0.380000 0.230000 0.090000 1.000000
0.380000 0.230000 0.090000 1.000000
0.380000 0.230000 0.090000 1.000000
0.380000 0.230000 0.090000 1.000000
0.380000 0.230000 0.090000 1.000000
0.380000 0.230000 0.090000 1.000000
0.380000 0.230000 0.090000 1.000000
0.380000 0.230000 0.090000 1.000000
0.380000 0.230000 0.090000 1.000000
0.380000 0.230000 0.090000 1.000000
0.380000 0.230000 0.090000 1.000000
0.380000 0.230000 0.090000 1.000000
0.380000 0.230000 0.090000 1.000000
0.380000 0.230000 0.090000 1.000000
0.380000 0.230000 0.090000 1.000000
0.380000 0.230000 0.090000 1.000000
0.380000 0.230000 0.090000 1.000000
0.380000 0.230000 0.090000 1.000000
0.380000 0.230000 0.090000 1.000000
0.380000 0.230000 0.090000 1.000000
0.380000 0.230000 0.090000 1.000000
0.380000 0.230000 0.090000 1.000000
0.380000 0.230000 0.090000 1.000000
0.380000 0.230000 0.090000 1.000000
0.380000 0.230000 0.090000 1.000000
0.380000 0.230000 0.090000 1.000000
0.380000 0.230000 0.090000 1.000000
0.380000 0.230000 0.090000 1.000000
0.380000 0.230000 0.090000 1.000000
0.380000 0.230000 0.090000 1.000000
0.380000 0.230000 0.090000 1.000000
0.380000 0.230000 0.090000 1.000000
0.380000 0.230000 0.090000 1.000000
0.380000 0.230000 0.090000 1.000000
0.380000 0.230000 0.090000 1.000000
0.380000 0.230000 0.090000 1.000000
0.380000 0.230000 0.090000 1.000000
0.380000 0.230000 0.090000 1.000000
0.380000 0.230000 0.090000 1.000000
0.380000 0.230000 0.090000 1.000000
0.380000 0.230000 0.090000 1.000000
0.380000 0.230000 0.090000 1.000000
0.380000 0.230000 0.090000 1.000000
0.380000 0.230000 0.090000 1.000000
0.380000 0.230000 0.090000 1.000000
0.380000 0.230000 0.090000 1.000000
0.380000 0.230000 0.090000 1.000000
0.380000 0.230000 0.090000 1.000000
0.380000 0.230000 0.090000 1.000000
0.380000 0.230000 0.090000 1.000000
0.380000 0.230000 0.090000 1.000000
0.380000 0.230000 0.090000 1.000000
0.380000 0.230000 0.090000 1.000000
0.380000 0.230000 0.090000 1.000000
0.380000 0.230000 0.090000 1.000000
0.380000 0.230000 0.090000 1.000000
0.380000 0.230000 0.090000 1.000000
0.380000 0.230000 0.090000 1.000000
0.380000 0.230000 0.090000 1.000000
0.380000 0.230000 0.090000 1.000000
0.380000 0.230000 0.090000 1.000000
0.380000 0.230000 0.090000 1.000000
0.380000 0.230000 0.090000 1.000000
0.380000 0.230000 0.090000 1.000000
0.380000 0.230000 0.090000 1.000000
0.380000 0.230000 0.090000 1.000000
0.380000 0.230000 0.090000 1.000000
0.380000 0.230000 0.090000 1.000000
0.380000 0.230000 0.090000 1.000000
0.380000 0.230000 0.090000 1.000000
0.380000 0.230000 0.090000 1.000000
0.380000 0.230000 0.090000 1.000000
0.380000 0.230000 0.090000 1.000000
0.380000 0.230000 0.090000 1.000000
0.380000 0.230000 0.090000 1.000000
0.380000 0.230000 0.090000 1.000000
0.380000 0.230000 0.090000 1.000000
0.380000 0.230000 0.090000 1.000000
0.380000 0.230000 0.090000 1.000000
0.380000 0.230000 0.090000 1.000000
0.380000 0.230000 0.090000 1.000000
0.380000 0.230000 0.090000 1.000000
0.380000 0.230000 0.090000 1.000000
0.380000 0.230000 0.090000 1.000000
0.380000 0.230000 0.090000 1.000000
0.380000 0.230000 0.090000 1.000000
0.380000 0.230000 0.090000 1.000000
0.380000 0.230000 0.090000 1.000000
0.380000 0.230000 0.090000 1.000000
0.380000 0.230000 0.090000 1.000000
0.380000 0.230000 0.090000 1.000000
0.380000 0.230000 0.090000 1.000000
0.380000 0.230000 0.090000 1.000000
0.380000 0.230000 0.090000 1.000000
0.380000 0.230000 0.090000 1.000000
0.380000 0.230000 0.090000 1.000000
0.380000 0.230000 0.090000 1.000000
0.380000 0.230000 0.090000 1.000000
0.380000 0.230000 0.090000 1.000000
0.380000 0.230000 0.090000 1.000000
0.380000 0.230000 0.090000 1.000000
0.380000 0.230000 0.090000 1.000000
0.380000 0.230000 0.090000 1.000000
0.380000 0.230000 0.090000 1.000000
0.380000 0.230000 0.090000 1.000000
0.380000 0.230000 0.090000 1.000000
0.380000 0.230000 0.090000 1.000000
0.380000 0.230000 0.090000 1.000000
0.380000 0.230000 0.090000 1.000000
0.380000 0.230000 0.090000 1.000000
0.380000 0.230000 0.090000 1.000000
0.380000 0.230000 0.090000 1.000000
0.380000 0.230000 0.090000 1.000000
0.380000 0.230000 0.090000 1.000000
0.380000 0.230000 0.090000 1.000000
0.380000 0.230000 0.090000 1.000000
0.380000 0.230000 0.090000 1.000000
0.380000 0.230000 0.090000 1.000000
0.380000 0.230000 0.090000 1.000000
0.380000 0.230000 0.090000 1.000000
0.380000 0.230000 0.090000 1.000000
0.380000 0.230000 0.090000 1.000000
0.380000 0.230000 0.090000 1.000000
0.380000 0.230000 0.090000 1.000000
0.380000 0.230000 0.090000 1.000000
0.380000 0.230000 0.090000 1.000000
0.380000 0.230000 0.090000 1.000000
0.380000 0.230000 0.090000 1.000000
0.380000 0.230000 0.090000 1.000000
0.380000 0.230000 0.090000 1.000000
0.380000 0.230000 0.090000 1.000000
0.380000 0.230000 0.090000 1.000000
0.380000 0.230000 0.090000 1.000000
0.380000 0.230000 0.090000 1.000000
0.380000 0.230000 0.090000 1.000000
0.380000 0.230000 0.090000 1.000000
0.380000 0.230000 0.090000 1.000000
0.380000 0.230000 0.090000 1.000000
0.380000 0.230000 0.090000 1.000000
0.380000 0.230000 0.090000 1.000000
0.380000 0.230000 0.090000 1.000000
0.380000 0.230000 0.090000 1.000000
0.380000 0.230000 0.090000 1.000000
0.380000 0.230000 0.090000 1.000000
0.380000 0.230000 0.090000 1.000000
0.380000 0.230000 0.090000 1.000000
0.380000 0.230000 0.090000 1.000000
0.380000 0.230000 0.090000 1.000000
0.380000 0.230000 0.090000 1.000000
0.380000 0.230000 0.090000 1.000000
0.380000 0.230000 0.090000 1.000000
0.380000 0.230000 0.090000 1.000000
0.380000 0.230000 0.090000 1.000000
0.380000 0.230000 0.090000 1.000000
0.380000 0.230000 0.090000 1.000000
0.380000 0.230000 0.090000 1.000000
0.380000 0.230000 0.090000 1.000000
0.380000 0.230000 0.090000 1.000000
0.380000 0.230000 0.090000 1.000000
0.380000 0.230000 0.090000 1.000000
0.380000 0.230000 0.090000 1.000000
0.380000 0.230000 0.090000 1.000000
0.380000 0.230000 0.090000 1.000000
0.380000 0.230000 0.090000 1.000000
0.380000 0.230000 0.090000 1.000000
0.380000 0.230000 0.090000 1.000000
0.380000 0.230000 0.090000 1.000000
0.380000 0.230000 0.090000 1.000000
0.380000 0.230000 0.090000 1.000000
0.380000 0.230000 0.090000 1.000000
0.380000 0.230000 0.090000 1.000000
0.380000 0.230000 0.090000 1.000000
0.380000 0.230000 0.090000 1.000000
0.380000 0.230000 0.090000 1.000000
0.380000 0.230000 0.090000 1.000000
0.380000 0.230000 0.090000 1.000000
0.380000 0.230000 0.090000 1.000000
0.380000 0.230000 0.090000 1.000000
0.380000 0.230000 0.090000 1.000000
0.380000 0.230000 0.090000 1.000000
0.380000 0.230000 0.090000 1.000000
0.380000 0.230000 0.090000 1.000000
0.380000 0.230000 0.090000 1.000000
0.380000 0.230000 0.090000 1.000000
0.380000 0.230000 0.090000 1.000000
0.380000 0.230000 0.090000 1.000000
0.380000 0.230000 0.090000 1.000000
0.380000 0.230000 0.090000 1.000000
0.380000 0.230000 0.090000 1.000000
0.380000 0.230000 0.090000 1.000000
0.380000 0.230000 0.090000 1.000000
0.380000 0.230000 0.090000 1.000000
0.380000 0.230000 0.090000 1.000000
0.380000 0.230000 0.090000 1.000000
0.380000 0.230000 0.090000 1.000000
0.380000 0.230000 0.090000 1.000000
0.380000 0.230000 0.090000 1.000000
0.380000 0.230000 0.090000 1.000000
0.380000 0.230000 0.090000 1.000000
0.380000 0.230000 0.090000 1.000000
0.380000 0.230000 0.090000 1.000000
0.380000 0.230000 0.090000 1.000000
0.380000 0.230000 0.090000 1.000000
0.380000 0.230000 0.090000 1.000000
0.380000 0.230000 0.090000 1.000000
0.380000 0.230000 0.090000 1.000000
0.380000 0.230000 0.090000 1.000000
0.380000 0.230000 0.090000 1.000000
0.380000 0.230000 0.090000 1.000000
0.380000 0.230000 0.090000 1.000000
0.380000 0.230000 0.090000 1.000000
0.380000 0.230000 0.090000 1.000000
0.380000 0.230000 0.090000 1.000000
0.380000 0.230000 0.090000 1.000000
0.380000 0.230000 0.090000 1.000000
0.380000 0.230000 0.090000 1.000000
0.380000 0.230000 0.090000 1.000000
0.380000 0.230000 0.090000 1.000000
0.380000 0.230000 0.090000 1.000000
0.380000 0.230000 0.090000 1.000000
0.380000 0.230000 0.090000 1.000000
0.380000 0.230000 0.090000 1.000000
0.380000 0.230000 0.090000 1.000000
0.380000 0.230000 0.090000 1.000000
0.380000 0.230000 0.090000 1.000000
0.380000 0.230000 0.090000 1.000000
0.380000 0.230000 0.090000 1.000000
0.380000 0.230000 0.090000 1.000000
0.380000 0.230000 0.090000 1.000000
0.380000 0.230000 0.090000 1.000000
0.380000 0.230000 0.090000 1.000000
0.380000 0.230000 0.090000 1.000000
0.380000 0.230000 0.090000 1.000000
0.380000 0.230000 0.090000 1.000000
0.380000 0.230000 0.090000 1.000000
0.380000 0.230000 0.090000 1.000000
0.380000 0.230000 0.090000 1.000000
0.380000 0.230000 0.090000 1.000000
0.380000 0.230000 0.090000 1.000000
0.380000 0.230000 0.090000 1.000000
0.380000 0.230000 0.090000 1.000000
0.380000 0.230000 0.090000 1.000000
0.380000 0.230000 0.090000 1.000000
0.380000 0.230000 0.090000 1.000000
0.380000 0.230000 0.090000 1.000000
0.380000 0.230000 0.090000 1.000000
0.380000 0.230000 0.090000 1.000000
0.380000 0.230000 0.090000 1.000000
0.380000 0.230000 0.090000 1.000000
0.380000 0.230000 0.090000 1.000000
0.380000 0.230000 0.090000 1.000000
0.380000 0.230000 0.090000 1.000000
0.380000 0.230000 0.090000 1.000000
0.380000 0.230000 0.090000 1.000000
0.380000 0.230000 0.090000 1.000000
0.380000 0.230000 0.090000 1.000000
0.380000 0.230000 0.090000 1.000000
0.380000 0.230000 0.090000 1.000000
0.380000 0.230000 0.090000 1.000000
0.380000 0.230000 0.090000 1.000000
0.380000 0.230000 0.090000 1.000000
0.380000 0.230000 0.090000 1.000000
0.380000 0.230000 0.090000 1.000000
0.380000 0.230000 0.090000 1.000000
0.380000 0.230000 0.090000 1.000000
0.380000 0.230000 0.090000 1.000000
0.380000 0.230000 0.090000 1.000000
0.380000 0.230000 0.090000 1.000000
0.380000 0.230000 0.090000 1.000000
0.380000 0.230000 0.090000 1.000000
0.380000 0.230000 0.090000 1.000000
0.380000 0.230000 0.090000 1.000000
0.380000 0.230000 0.090000 1.000000
0.380000 0.230000 0.090000 1.000000
0.380000 0.230000 0.090000 1.000000
0.380000 0.230000 0.090000 1.000000
0.380000 0.230000 0.090000 1.000000
0.380000 0.230000 0.090000 1.000000
0.380000 0.230000 0.090000 1.000000
0.380000 0.230000 0.090000 1.000000
0.380000 0.230000 0.090000 1.000000
0.380000 0.230000 0.090000 1.000000
0.380000 0.230000 0.090000 1.000000
0.380000 0.230000 0.090000 1.000000
0.380000 0.230000 0.090000 1.000000
0.380000 0.230000 0.090000 1.000000
0.380000 0.230000 0.090000 1.000000
0.380000 0.230000 0.090000 1.000000
0.380000 0.230000 0.090000 1.000000
0.380000 0.230000 0.090000 1.000000
0.380000 0.230000 0.090000 1.000000
0.380000 0.230000 0.090000 1.000000
0.380000 0.230000 0.090000 1.000000
0.380000 0.230000 0.090000 1.000000
0.380000 0.230000 0.090000 1.000000
0.380000 0.230000 0.090000 1.000000
0.380000 0.230000 0.090000 1.000000
0.380000 0.230000 0.090000 1.000000
0.380000 0.230000 0.090000 1.000000
0.380000 0.230000 0.090000 1.000000
0.380000 0.230000 0.090000 1.000000
0.380000 0.230000 0.090000 1.000000
0.380000 0.230000 0.090000 1.000000
0.380000 0.230000 0.090000 1.000000
0.380000 0.230000 0.090000 1.000000
0.380000 0.230000 0.090000 1.000000
0.380000 0.230000 0.090000 1.000000
0.380000 0.230000 0.090000 1.000000
0.380000 0.230000 0.090000 1.000000
0.380000 0.230000 0.090000 1.000000
0.380000 0.230000 0.090000 1.000000
0.380000 0.230000 0.090000 1.000000
0.380000 0.230000 0.090000 1.000000
0.380000 0.230000 0.090000 1.000000
0.380000 0.230000 0.090000 1.000000
0.380000 0.230000 0.090000 1.000000
0.380000 0.230000 0.090000 1.000000
0.380000 0.230000 0.090000 1.000000
0.380000 0.230000 0.090000 1.000000
0.380000 0.230000 0.090000 1.000000
0.380000 0.230000 0.090000 1.000000
0.380000 0.230000 0.090000 1.000000
0.380000 0.230000 0.090000 1.000000
0.380000 0.230000 0.090000 1.000000
0.380000 0.230000 0.090000 1.000000
0.380000 0.230000 0.090000 1.000000
0.380000 0.230000 0.090000 1.000000
0.380000 0.230000 0.090000 1.000000
0.380000 0.230000 0.090000 1.000000
0.380000 0.230000 0.090000 1.000000
0.380000 0.230000 0.090000 1.000000
0.380000 0.230000 0.090000 1.000000
0.380000 0.230000 0.090000 1.000000
0.380000 0.230000 0.090000 1.000000
0.380000 0.230000 0.090000 1.000000
0.380000 0.230000 0.090000 1.000000
0.380000 0.230000 0.090000 1.000000
0.380000 0.230000 0.090000 1.000000
0.380000 0.230000 0.090000 1.000000
0.380000 0.230000 0.090000 1.000000
0.380000 0.230000 0.090000 1.000000
0.380000 0.230000 0.090000 1.000000
0.380000 0.230000 0.090000 1.000000
0.380000 0.230000 0.090000 1.000000
0.380000 0.230000 0.090000 1.000000
0.380000 0.230000 0.090000 1.000000
0.380000 0.230000 0.090000 1.000000
0.380000 0.230000 0.090000 1.000000
0.380000 0.230000 0.090000 1.000000
0.380000 0.230000 0.090000 1.000000
0.380000 0.230000 0.090000 1.000000
0.380000 0.230000 0.090000 1.000000
0.380000 0.230000 0.090000 1.000000
0.380000 0.230000 0.090000 1.000000
0.380000 0.230000 0.090000 1.000000
0.380000 0.230000 0.090000 1.000000
0.380000 0.230000 0.090000 1.000000
0.380000 0.230000 0.090000 1.000000
0.380000 0.230000 0.090000 1.000000
0.380000 0.230000 0.090000 1.000000
0.380000 0.230000 0.090000 1.000000
0.380000 0.230000 0.090000 1.000000
0.380000 0.230000 0.090000 1.000000
0.380000 0.230000 0.090000 1.000000
0.380000 0.230000 0.090000 1.000000
0.380000 0.230000 0.090000 1.000000
0.380000 0.230000 0.090000 1.000000
0.380000 0.230000 0.090000 1.000000
0.380000 0.230000 0.090000 1.000000
0.380000 0.230000 0.090000 1.000000
0.380000 0.230000 0.090000 1.000000
0.380000 0.230000 0.090000 1.000000
0.380000 0.230000 0.090000 1.000000
0.380000 0.230000 0.090000 1.000000
0.380000 0.230000 0.090000 1.000000
0.380000 0.230000 0.090000 1.000000
0.380000 0.230000 0.090000 1.000000
0.380000 0.230000 0.090000 1.000000
0.380000 0.230000 0.090000 1.000000
0.380000 0.230000 0.090000 1.000000
0.380000 0.230000 0.090000 1.000000
0.380000 0.230000 0.090000 1.000000
0.380000 0.230000 0.090000 1.000000
0.380000 0.230000 0.090000 1.000000
0.380000 0.230000 0.090000 1.000000
0.380000 0.230000 0.090000 1.000000
0.380000 0.230000 0.090000 1.000000
0.380000 0.230000 0.090000 1.000000
0.380000 0.230000 0.090000 1.000000
0.380000 0.230000 0.090000 1.000000
0.380000 0.230000 0.090000 1.000000
0.380000 0.230000 0.090000 1.000000
0.380000 0.230000 0.090000 1.000000
0.380000 0.230000 0.090000 1.000000
0.380000 0.230000 0.090000 1.000000
0.380000 0.230000 0.090000 1.000000
0.380000 0.230000 0.090000 1.000000
0.380000 0.230000 0.090000 1.000000
0.380000 0.230000 0.090000 1.000000
0.380000 0.230000 0.090000 1.000000
0.380000 0.230000 0.090000 1.000000
0.380000 0.230000 0.090000 1.000000
0.380000 0.230000 0.090000 1.000000
0.380000 0.230000 0.090000 1.000000
0.380000 0.230000 0.090000 1.000000
0.380000 0.230000 0.090000 1.000000
0.380000 0.230000 0.090000 1.000000
0.380000 0.230000 0.090000 1.000000
0.380000 0.230000 0.090000 1.000000
0.380000 0.230000 0.090000 1.000000
0.380000 0.230000 0.090000 1.000000
0.380000 0.230000 0.090000 1.000000
0.380000 0.230000 0.090000 1.000000
0.380000 0.230000 0.090000 1.000000
0.380000 0.230000 0.090000 1.000000
0.380000 0.230000 0.090000 1.000000
0.380000 0.230000 0.090000 1.000000
0.380000 0.230000 0.090000 1.000000
0.380000 0.230000 0.090000 1.000000
0.380000 0.230000 0.090000 1.000000
0.380000 0.230000 0.090000 1.000000
0.380000 0.230000 0.090000 1.000000
0.380000 0.230000 0.090000 1.000000
0.380000 0.230000 0.090000 1.000000
0.380000 0.230000 0.090000 1.000000
0.380000 0.230000 0.090000 1.000000
0.380000 0.230000 0.090000 1.000000
0.380000 0.230000 0.090000 1.000000
0.380000 0.230000 0.090000 1.000000
0.380000 0.230000 0.090000 1.000000
0.380000 0.230000 0.090000 1.000000
0.380000 0.230000 0.090000 1.000000
0.380000 0.230000 0.090000 1.000000
0.380000 0.230000 0.090000 1.000000
0.380000 0.230000 0.090000 1.000000
0.380000 0.230000 0.090000 1.000000
0.380000 0.230000 0.090000 1.000000
0.380000 0.230000 0.090000 1.000000
0.380000 0.230000 0.090000 1.000000
0.380000 0.230000 0.090000 1.000000
0.380000 0.230000 0.090000 1.000000
0.380000 0.230000 0.090000 1.000000
0.380000 0.230000 0.090000 1.000000
0.380000 0.230000 0.090000 1.000000
0.380000 0.230000 0.090000 1.000000
0.380000 0.230000 0.090000 1.000000
0.380000 0.230000 0.090000 1.000000
0.380000 0.230000 0.090000 1.000000
0.380000 0.230000 0.090000 1.000000
0.380000 0.230000 0.090000 1.000000
0.380000 0.230000 0.090000 1.000000
0.380000 0.230000 0.090000 1.000000
0.380000 0.230000 0.090000 1.000000
0.380000 0.230000 0.090000 1.000000
0.380000 0.230000 0.090000 1.000000
0.380000 0.230000 0.090000 1.000000
0.380000 0.230000 0.090000 1.000000
0.380000 0.230000 0.090000 1.000000
0.380000 0.230000 0.090000 1.000000
0.380000 0.230000 0.090000 1.000000
0.380000 0.230000 0.090000 1.000000
0.380000 0.230000 0.090000 1.000000
0.380000 0.230000 0.090000 1.000000
0.380000 0.230000 0.090000 1.000000
0.380000 0.230000 0.090000 1.000000
0.380000 0.230000 0.090000 1.000000
0.380000 0.230000 0.090000 1.000000
0.380000 0.230000 0.090000 1.000000
0.380000 0.230000 0.090000 1.000000
0.380000 0.230000 0.090000 1.000000
0.380000 0.230000 0.090000 1.000000
0.380000 0.230000 0.090000 1.000000
0.380000 0.230000 0.090000 1.000000
0.380000 0.230000 0.090000 1.000000
0.380000 0.230000 0.090000 1.000000
0.380000 0.230000 0.090000 1.000000
0.380000 0.230000 0.090000 1.000000
0.380000 0.230000 0.090000 1.000000
0.380000 0.230000 0.090000 1.000000
0.380000 0.230000 0.090000 1.000000
0.380000 0.230000 0.090000 1.000000
0.380000 0.230000 0.090000 1.000000
0.380000 0.230000 0.090000 1.000000
0.380000 0.230000 0.090000 1.000000
0.380000 0.230000 0.090000 1.000000
0.380000 0.230000 0.090000 1.000000
0.380000 0.230000 0.090000 1.000000
0.380000 0.230000 0.090000 1.000000
0.380000 0.230000 0.090000 1.000000
0.380000 0.230000 0.090000 1.000000
0.380000 0.230000 0.090000 1.000000
0.380000 0.230000 0.090000 1.000000
0.380000 0.230000 0.090000 1.000000
0.380000 0.230000 0.090000 1.000000
0.380000 0.230000 0.090000 1.000000
0.380000 0.230000 0.090000 1.000000
0.380000 0.230000 0.090000 1.000000
0.380000 0.230000 0.090000 1.000000
0.380000 0.230000 0.090000 1.000000
0.380000 0.230000 0.090000 1.000000
0.380000 0.230000 0.090000 1.000000
0.380000 0.230000 0.090000 1.000000
0.380000 0.230000 0.090000 1.000000
0.380000 0.230000 0.090000 1.000000
0.380000 0.230000 0.090000 1.000000
0.380000 0.230000 0.090000 1.000000
0.380000 0.230000 0.090000 1.000000
0.380000 0.230000 0.090000 1.000000
0.380000 0.230000 0.090000 1.000000
0.380000 0.230000 0.090000 1.000000
0.380000 0.230000 0.090000 1.000000
0.380000 0.230000 0.090000 1.000000
0.380000 0.230000 0.090000 1.000000
0.380000 0.230000 0.090000 1.000000
0.380000 0.230000 0.090000 1.000000
0.380000 0.230000 0.090000 1.000000
0.380000 0.230000 0.090000 1.000000
0.380000 0.230000 0.090000 1.000000
0.380000 0.230000 0.090000 1.000000
0.380000 0.230000 0.090000 1.000000
0.380000 0.230000 0.090000 1.000000
0.380000 0.230000 0.090000 1.000000
0.380000 0.230000 0.090000 1.000000
0.380000 0.230000 0.090000 1.000000
0.380000 0.230000 0.090000 1.000000
0.380000 0.230000 0.090000 1.000000
0.380000 0.230000 0.090000 1.000000
0.380000 0.230000 0.090000 1.000000
0.380000 0.230000 0.090000 1.000000
0.380000 0.230000 0.090000 1.000000
0.380000 0.230000 0.090000 1.000000
0.380000 0.230000 0.090000 1.000000
0.380000 0.230000 0.090000 1.000000
0.380000 0.230000 0.090000 1.000000
0.380000 0.230000 0.090000 1.000000
0.380000 0.230000 0.090000 1.000000
0.380000 0.230000 0.090000 1.000000
0.380000 0.230000 0.090000 1.000000
0.380000 0.230000 0.090000 1.000000
0.380000 0.230000 0.090000 1.000000
0.380000 0.230000 0.090000 1.000000
0.380000 0.230000 0.090000 1.000000
0.380000 0.230000 0.090000 1.000000
0.380000 0.230000 0.090000 1.000000
0.380000 0.230000 0.090000 1.000000
0.380000 0.230000 0.090000 1.000000
0.380000 0.230000 0.090000 1.000000
0.380000 0.230000 0.090000 1.000000
0.380000 0.230000 0.090000 1.000000
0.380000 0.230000 0.090000 1.000000
0.380000 0.230000 0.090000 1.000000
0.380000 0.230000 0.090000 1.000000
0.380000 0.230000 0.090000 1.000000
0.380000 0.230000 0.090000 1.000000
0.380000 0.230000 0.090000 1.000000
0.380000 0.230000 0.090000 1.000000
0.380000 0.230000 0.090000 1.000000
0.380000 0.230000 0.090000 1.000000
0.380000 0.230000 0.090000 1.000000
0.380000 0.230000 0.090000 1.000000
0.380000 0.230000 0.090000 1.000000
0.380000 0.230000 0.090000 1.000000
0.380000 0.230000 0.090000 1.000000
0.380000 0.230000 0.090000 1.000000
0.380000 0.230000 0.090000 1.000000
0.380000 0.230000 0.090000 1.000000
0.380000 0.230000 0.090000 1.000000
0.380000 0.230000 0.090000 1.000000
0.380000 0.230000 0.090000 1.000000
0.380000 0.230000 0.090000 1.000000
0.380000 0.230000 0.090000 1.000000
0.380000 0.230000 0.090000 1.000000
0.380000 0.230000 0.090000 1.000000
0.380000 0.230000 0.090000 1.000000
0.380000 0.230000 0.090000 1.000000
0.380000 0.230000 0.090000 1.000000
0.380000 0.230000 0.090000 1.000000
0.380000 0.230000 0.090000 1.000000
0.380000 0.230000 0.090000 1.000000
0.380000 0.230000 0.090000 1.000000
0.380000 0.230000 0.090000 1.000000
0.380000 0.230000 0.090000 1.000000
0.380000 0.230000 0.090000 1.000000
0.380000 0.230000 0.090000 1.000000
0.380000 0.230000 0.090000 1.000000
0.380000 0.230000 0.090000 1.000000
0.380000 0.230000 0.090000 1.000000
0.380000 0.230000 0.090000 1.000000
0.380000 0.230000 0.090000 1.000000
0.380000 0.230000 0.090000 1.000000
0.380000 0.230000 0.090000 1.000000
0.380000 0.230000 0.090000 1.000000
0.380000 0.230000 0.090000 1.000000
0.380000 0.230000 0.090000 1.000000
0.380000 0.230000 0.090000 1.000000
0.380000 0.230000 0.090000 1.000000
0.380000 0.230000 0.090000 1.000000
0.380000 0.230000 0.090000 1.000000
0.380000 0.230000 0.090000 1.000000
0.380000 0.230000 0.090000 1.000000
0.380000 0.230000 0.090000 1.000000
0.380000 0.230000 0.090000 1.000000
0.380000 0.230000 0.090000 1.000000
0.380000 0.230000 0.090000 1.000000
0.380000 0.230000 0.090000 1.000000
0.380000 0.230000 0.090000 1.000000
0.380000 0.230000 0.090000 1.000000
0.380000 0.230000 0.090000 1.000000
0.380000 0.230000 0.090000 1.000000
0.380000 0.230000 0.090000 1.000000
0.380000 0.230000 0.090000 1.000000
0.380000 0.230000 0.090000 1.000000
0.380000 0.230000 0.090000 1.000000
0.380000 0.230000 0.090000 1.000000
0.380000 0.230000 0.090000 1.000000
0.380000 0.230000 0.090000 1.000000
0.380000 0.230000 0.090000 1.000000
0.380000 0.230000 0.090000 1.000000
0.380000 0.230000 0.090000 1.000000
0.380000 0.230000 0.090000 1.000000
0.380000 0.230000 0.090000 1.000000
0.380000 0.230000 0.090000 1.000000
0.380000 0.230000 0.090000 1.000000
0.380000 0.230000 0.090000 1.000000
0.380000 0.230000 0.090000 1.000000
0.380000 0.230000 0.090000 1.000000
0.380000 0.230000 0.090000 1.000000
0.380000 0.230000 0.090000 1.000000
0.380000 0.230000 0.090000 1.000000
0.380000 0.230000 0.090000 1.000000
0.380000 0.230000 0.090000 1.000000
0.380000 0.230000 0.090000 1.000000
0.380000 0.230000 0.090000 1.000000
0.380000 0.230000 0.090000 1.000000
0.380000 0.230000 0.090000 1.000000
0.380000 0.230000 0.090000 1.000000
0.380000 0.230000 0.090000 1.000000
0.380000 0.230000 0.090000 1.000000
0.380000 0.230000 0.090000 1.000000
0.380000 0.230000 0.090000 1.000000
0.380000 0.230000 0.090000 1.000000
0.380000 0.230000 0.090000 1.000000
0.380000 0.230000 0.090000 1.000000
0.380000 0.230000 0.090000 1.000000
0.380000 0.230000 0.090000 1.000000
0.380000 0.230000 0.090000 1.000000
0.380000 0.230000 0.090000 1.000000
0.380000 0.230000 0.090000 1.000000
0.380000 0.230000 0.090000 1.000000
0.380000 0.230000 0.090000 1.000000
0.380000 0.230000 0.090000 1.000000
0.380000 0.230000 0.090000 1.000000
0.380000 0.230000 0.090000 1.000000
0.380000 0.230000 0.090000 1.000000
0.380000 0.230000 0.090000 1.000000
0.380000 0.230000 0.090000 1.000000
0.380000 0.230000 0.090000 1.000000
0.380000 0.230000 0.090000 1.000000
0.380000 0.230000 0.090000 1.000000
0.380000 0.230000 0.090000 1.000000
0.380000 0.230000 0.090000 1.000000
0.380000 0.230000 0.090000 1.000000
0.380000 0.230000 0.090000 1.000000
0.380000 0.230000 0.090000 1.000000
0.380000 0.230000 0.090000 1.000000
0.380000 0.230000 0.090000 1.000000
0.380000 0.230000 0.090000 1.000000
0.380000 0.230000 0.090000 1.000000
0.380000 0.230000 0.090000 1.000000
0.380000 0.230000 0.090000 1.000000
0.380000 0.230000 0.090000 1.000000
0.380000 0.230000 0.090000 1.000000
0.380000 0.230000 0.090000 1.000000
0.380000 0.230000 0.090000 1.000000
0.380000 0.230000 0.090000 1.000000
0.380000 0.230000 0.090000 1.000000
0.380000 0.230000 0.090000 1.000000
0.380000 0.230000 0.090000 1.000000
0.380000 0.230000 0.090000 1.000000
0.380000 0.230000 0.090000 1.000000
0.380000 0.230000 0.090000 1.000000
0.380000 0.230000 0.090000 1.000000
0.380000 0.230000 0.090000 1.000000
0.380000 0.230000 0.090000 1.000000
0.380000 0.230000 0.090000 1.000000
0.380000 0.230000 0.090000 1.000000
0.380000 0.230000 0.090000 1.000000
0.380000 0.230000 0.090000 1.000000
0.380000 0.230000 0.090000 1.000000
0.380000 0.230000 0.090000 1.000000
0.380000 0.230000 0.090000 1.000000
0.380000 0.230000 0.090000 1.000000
0.380000 0.230000 0.090000 1.000000
0.380000 0.230000 0.090000 1.000000
0.380000 0.230000 0.090000 1.000000
0.380000 0.230000 0.090000 1.000000
0.380000 0.230000 0.090000 1.000000
0.380000 0.230000 0.090000 1.000000
0.380000 0.230000 0.090000 1.000000
0.380000 0.230000 0.090000 1.000000
0.380000 0.230000 0.090000 1.000000
0.380000 0.230000 0.090000 1.000000
0.380000 0.230000 0.090000 1.000000
0.380000 0.230000 0.090000 1.000000
0.380000 0.230000 0.090000 1.000000
0.380000 0.230000 0.090000 1.000000
0.380000 0.230000 0.090000 1.000000
0.380000 0.230000 0.090000 1.000000
0.380000 0.230000 0.090000 1.000000
0.380000 0.230000 0.090000 1.000000
0.380000 0.230000 0.090000 1.000000
0.380000 0.230000 0.090000 1.000000
0.380000 0.230000 0.090000 1.000000
0.380000 0.230000 0.090000 1.000000
0.380000 0.230000 0.090000 1.000000
0.380000 0.230000 0.090000 1.000000
0.380000 0.230000 0.090000 1.000000
0.380000 0.230000 0.090000 1.000000
0.380000 0.230000 0.090000 1.000000
0.380000 0.230000 0.090000 1.000000
0.380000 0.230000 0.090000 1.000000
0.380000 0.230000 0.090000 1.000000
0.380000 0.230000 0.090000 1.000000
0.380000 0.230000 0.090000 1.000000
0.380000 0.230000 0.090000 1.000000
0.380000 0.230000 0.090000 1.000000
0.380000 0.230000 0.090000 1.000000
0.380000 0.230000 0.090000 1.000000
0.380000 0.230000 0.090000 1.000000
0.380000 0.230000 0.090000 1.000000
0.380000 0.230000 0.090000 1.000000
0.380000 0.230000 0.090000 1.000000
0.380000 0.230000 0.090000 1.000000
0.380000 0.230000 0.090000 1.000000
0.380000 0.230000 0.090000 1.000000
0.380000 0.230000 0.090000 1.000000
0.380000 0.230000 0.090000 1.000000
0.380000 0.230000 0.090000 1.000000
0.380000 0.230000 0.090000 1.000000
0.380000 0.230000 0.090000 1.000000
0.380000 0.230000 0.090000 1.000000
0.380000 0.230000 0.090000 1.000000
0.380000 0.230000 0.090000 1.000000
0.380000 0.230000 0.090000 1.000000
0.380000 0.230000 0.090000 1.000000
0.380000 0.230000 0.090000 1.000000
0.380000 0.230000 0.090000 1.000000
0.380000 0.230000 0.090000 1.000000
0.380000 0.230000 0.090000 1.000000
0.380000 0.230000 0.090000 1.000000
0.380000 0.230000 0.090000 1.000000
0.380000 0.230000 0.090000 1.000000
0.380000 0.230000 0.090000 1.000000
0.380000 0.230000 0.090000 1.000000
0.380000 0.230000 0.090000 1.000000
0.380000 0.230000 0.090000 1.000000
0.380000 0.230000 0.090000 1.000000
0.380000 0.230000 0.090000 1.000000
0.380000 0.230000 0.090000 1.000000
0.380000 0.230000 0.090000 1.000000
0.380000 0.230000 0.090000 1.000000
0.380000 0.230000 0.090000 1.000000
0.380000 0.230000 0.090000 1.000000
0.380000 0.230000 0.090000 1.000000
0.380000 0.230000 0.090000 1.000000
0.380000 0.230000 0.090000 1.000000
0.380000 0.230000 0.090000 1.000000
0.380000 0.230000 0.090000 1.000000
0.380000 0.230000 0.090000 1.000000
0.380000 0.230000 0.090000 1.000000
0.380000 0.230000 0.090000 1.000000
0.380000 0.230000 0.090000 1.000000
0.380000 0.230000 0.090000 1.000000
0.380000 0.230000 0.090000 1.000000
0.380000 0.230000 0.090000 1.000000
0.380000 0.230000 0.090000 1.000000
0.380000 0.230000 0.090000 1.000000
0.380000 0.230000 0.090000 1.000000
0.380000 0.230000 0.090000 1.000000
0.380000 0.230000 0.090000 1.000000
0.380000 0.230000 0.090000 1.000000
0.380000 0.230000 0.090000 1.000000
0.380000 0.230000 0.090000 1.000000
0.380000 0.230000 0.090000 1.000000
0.380000 0.230000 0.090000 1.000000
0.380000 0.230000 0.090000 1.000000
0.380000 0.230000 0.090000 1.000000
0.380000 0.230000 0.090000 1.000000
0.380000 0.230000 0.090000 1.000000
0.380000 0.230000 0.090000 1.000000
0.380000 0.230000 0.090000 1.000000
0.380000 0.230000 0.090000 1.000000
0.380000 0.230000 0.090000 1.000000
0.380000 0.230000 0.090000 1.000000
0.380000 0.230000 0.090000 1.000000
0.380000 0.230000 0.090000 1.000000
0.380000 0.230000 0.090000 1.000000
0.380000 0.230000 0.090000 1.000000
0.380000 0.230000 0.090000 1.000000
0.380000 0.230000 0.090000 1.000000
0.380000 0.230000 0.090000 1.000000
0.380000 0.230000 0.090000 1.000000
0.380000 0.230000 0.090000 1.000000
0.380000 0.230000 0.090000 1.000000
0.380000 0.230000 0.090000 1.000000
0.380000 0.230000 0.090000 1.000000
0.380000 0.230000 0.090000 1.000000
0.380000 0.230000 0.090000 1.000000
0.380000 0.230000 0.090000 1.000000
0.380000 0.230000 0.090000 1.000000
0.380000 0.230000 0.090000 1.000000
0.380000 0.230000 0.090000 1.000000
0.380000 0.230000 0.090000 1.000000
0.380000 0.230000 0.090000 1.000000
0.380000 0.230000 0.090000 1.000000
0.380000 0.230000 0.090000 1.000000
0.380000 0.230000 0.090000 1.000000
0.380000 0.230000 0.090000 1.000000
0.380000 0.230000 0.090000 1.000000
0.380000 0.230000 0.090000 1.000000
0.380000 0.230000 0.090000 1.000000
0.380000 0.230000 0.090000 1.000000
0.380000 0.230000 0.090000 1.000000
0.380000 0.230000 0.090000 1.000000
0.380000 0.230000 0.090000 1.000000
0.380000 0.230000 0.090000 1.000000
0.380000 0.230000 0.090000 1.000000
0.380000 0.230000 0.090000 1.000000
0.380000 0.230000 0.090000 1.000000
0.380000 0.230000 0.090000 1.000000
0.380000 0.230000 0.090000 1.000000
0.380000 0.230000 0.090000 1.000000
0.380000 0.230000 0.090000 1.000000
0.380000 0.230000 0.090000 1.000000
0.380000 0.230000 0.090000 1.000000
0.380000 0.230000 0.090000 1.000000
0.380000 0.230000 0.090000 1.000000
0.380000 0.230000 0.090000 1.000000
0.380000 0.230000 0.090000 1.000000
0.380000 0.230000 0.090000 1.000000
0.380000 0.230000 0.090000 1.000000
0.380000 0.230000 0.090000 1.000000
0.380000 0.230000 0.090000 1.000000
0.380000 0.230000 0.090000 1.000000
0.380000 0.230000 0.090000 1.000000
0.380000 0.230000 0.090000 1.000000
0.380000 0.230000 0.090000 1.000000
0.380000 0.230000 0.090000 1.000000
0.380000 0.230000 0.090000 1.000000
0.380000 0.230000 0.090000 1.000000
0.380000 0.230000 0.090000 1.000000
0.380000 0.230000 0.090000 1.000000
0.380000 0.230000 0.090000 1.000000
0.380000 0.230000 0.090000 1.000000
0.380000 0.230000 0.090000 1.000000
0.380000 0.230000 0.090000 1.000000
0.380000 0.230000 0.090000 1.000000
0.380000 0.230000 0.090000 1.000000
0.380000 0.230000 0.090000 1.000000
0.380000 0.230000 0.090000 1.000000
0.380000 0.230000 0.090000 1.000000
0.380000 0.230000 0.090000 1.000000
0.380000 0.230000 0.090000 1.000000
0.380000 0.230000 0.090000 1.000000
0.380000 0.230000 0.090000 1.000000
0.380000 0.230000 0.090000 1.000000
0.380000 0.230000 0.090000 1.000000
0.380000 0.230000 0.090000 1.000000
0.380000 0.230000 0.090000 1.000000
0.380000 0.230000 0.090000 1.000000
0.380000 0.230000 0.090000 1.000000
0.380000 0.230000 0.090000 1.000000
0.380000 0.230000 0.090000 1.000000
0.380000 0.230000 0.090000 1.000000
0.380000 0.230000 0.090000 1.000000
0.380000 0.230000 0.090000 1.000000
0.380000 0.230000 0.090000 1.000000
0.380000 0.230000 0.090000 1.000000
0.380000 0.230000 0.090000 1.000000
0.380000 0.230000 0.090000 1.000000
0.380000 0.230000 0.090000 1.000000
0.380000 0.230000 0.090000 1.000000
0.380000 0.230000 0.090000 1.000000
0.380000 0.230000 0.090000 1.000000
0.380000 0.230000 0.090000 1.000000
0.380000 0.230000 0.090000 1.000000
0.380000 0.230000 0.090000 1.000000
0.380000 0.230000 0.090000 1.000000
0.380000 0.230000 0.090000 1.000000
0.380000 0.230000 0.090000 1.000000
0.380000 0.230000 0.090000 1.000000
0.380000 0.230000 0.090000 1.000000
0.380000 0.230000 0.090000 1.000000
0.380000 0.230000 0.090000 1.000000
0.380000 0.230000 0.090000 1.000000
0.380000 0.230000 0.090000 1.000000
0.380000 0.230000 0.090000 1.000000
0.380000 0.230000 0.090000 1.000000
0.380000 0.230000 0.090000 1.000000
0.380000 0.230000 0.090000 1.000000
0.380000 0.230000 0.090000 1.000000
0.380000 0.230000 0.090000 1.000000
0.380000 0.230000 0.090000 1.000000
0.380000 0.230000 0.090000 1.000000
0.380000 0.230000 0.090000 1.000000
0.380000 0.230000 0.090000 1.000000
0.380000 0.230000 0.090000 1.000000
0.380000 0.230000 0.090000 1.000000
0.380000 0.230000 0.090000 1.000000
0.380000 0.230000 0.090000 1.000000
0.380000 0.230000 0.090000 1.000000
0.380000 0.230000 0.090000 1.000000
0.380000 0.230000 0.090000 1.000000
0.380000 0.230000 0.090000 1.000000
0.380000 0.230000 0.090000 1.000000
0.380000 0.230000 0.090000 1.000000
0.380000 0.230000 0.090000 1.000000
0.380000 0.230000 0.090000 1.000000
0.380000 0.230000 0.090000 1.000000
0.380000 0.230000 0.090000 1.000000
0.380000 0.230000 0.090000 1.000000
0.380000 0.230000 0.090000 1.000000
0.380000 0.230000 0.090000 1.000000
0.380000 0.230000 0.090000 1.000000
0.380000 0.230000 0.090000 1.000000
0.380000 0.230000 0.090000 1.000000
0.380000 0.230000 0.090000 1.000000
0.380000 0.230000 0.090000 1.000000
0.380000 0.230000 0.090000 1.000000
0.380000 0.230000 0.090000 1.000000
0.380000 0.230000 0.090000 1.000000
0.380000 0.230000 0.090000 1.000000
0.380000 0.230000 0.090000 1.000000
0.380000 0.230000 0.090000 1.000000
0.380000 0.230000 0.090000 1.000000
0.380000 0.230000 0.090000 1.000000
0.380000 0.230000 0.090000 1.000000
0.380000 0.230000 0.090000 1.000000
0.380000 0.230000 0.090000 1.000000
0.380000 0.230000 0.090000 1.000000
0.380000 0.230000 0.090000 1.000000
0.380000 0.230000 0.090000 1.000000
0.380000 0.230000 0.090000 1.000000
0.380000 0.230000 0.090000 1.000000
0.380000 0.230000 0.090000 1.000000
0.380000 0.230000 0.090000 1.000000
0.380000 0.230000 0.090000 1.000000
0.380000 0.230000 0.090000 1.000000
0.380000 0.230000 0.090000 1.000000
0.380000 0.230000 0.090000 1.000000
0.380000 0.230000 0.090000 1.000000
0.380000 0.230000 0.090000 1.000000
0.380000 0.230000 0.090000 1.000000
0.380000 0.230000 0.090000 1.000000
0.380000 0.230000 0.090000 1.000000
0.380000 0.230000 0.090000 1.000000
0.380000 0.230000 0.090000 1.000000
0.380000 0.230000 0.090000 1.000000
0.380000 0.230000 0.090000 1.000000
0.380000 0.230000 0.090000 1.000000
0.380000 0.230000 0.090000 1.000000
0.380000 0.230000 0.090000 1.000000
0.380000 0.230000 0.090000 1.000000
0.380000 0.230000 0.090000 1.000000
0.380000 0.230000 0.090000 1.000000
0.380000 0.230000 0.090000 1.000000
0.380000 0.230000 0.090000 1.000000
0.380000 0.230000 0.090000 1.000000
0.380000 0.230000 0.090000 1.000000
0.380000 0.230000 0.090000 1.000000
0.380000 0.230000 0.090000 1.000000
0.380000 0.230000 0.090000 1.000000
0.380000 0.230000 0.090000 1.000000
0.380000 0.230000 0.090000 1.000000
0.380000 0.230000 0.090000 1.000000
0.380000 0.230000 0.090000 1.000000
0.380000 0.230000 0.090000 1.000000
0.380000 0.230000 0.090000 1.000000
0.380000 0.230000 0.090000 1.000000
0.380000 0.230000 0.090000 1.000000
0.380000 0.230000 0.090000 1.000000
0.380000 0.230000 0.090000 1.000000
0.380000 0.230000 0.090000 1.000000
0.380000 0.230000 0.090000 1.000000
0.380000 0.230000 0.090000 1.000000
0.380000 0.230000 0.090000 1.000000
0.380000 0.230000 0.090000 1.000000
0.380000 0.230000 0.090000 1.000000
0.380000 0.230000 0.090000 1.000000
0.380000 0.230000 0.090000 1.000000
0.380000 0.230000 0.090000 1.000000
0.380000 0.230000 0.090000 1.000000
0.380000 0.230000 0.090000 1.000000
0.380000 0.230000 0.090000 1.000000
0.380000 0.230000 0.090000 1.000000
0.380000 0.230000 0.090000 1.000000
0.380000 0.230000 0.090000 1.000000
0.380000 0.230000 0.090000 1.000000
0.380000 0.230000 0.090000 1.000000
0.380000 0.230000 0.090000 1.000000
0.380000 0.230000 0.090000 1.000000
0.380000 0.230000 0.090000 1.000000
0.380000 0.230000 0.090000 1.000000
0.380000 0.230000 0.090000 1.000000
0.380000 0.230000 0.090000 1.000000
0.380000 0.230000 0.090000 1.000000
0.380000 0.230000 0.090000 1.000000
0.380000 0.230000 0.090000 1.000000
0.380000 0.230000 0.090000 1.000000
0.380000 0.230000 0.090000 1.000000
0.380000 0.230000 0.090000 1.000000
0.380000 0.230000 0.090000 1.000000
0.380000 0.230000 0.090000 1.000000
0.380000 0.230000 0.090000 1.000000
0.380000 0.230000 0.090000 1.000000
0.380000 0.230000 0.090000 1.000000
0.380000 0.230000 0.090000 1.000000
0.380000 0.230000 0.090000 1.000000
0.380000 0.230000 0.090000 1.000000
0.380000 0.230000 0.090000 1.000000
0.380000 0.230000 0.090000 1.000000
0.380000 0.230000 0.090000 1.000000
0.380000 0.230000 0.090000 1.000000
0.380000 0.230000 0.090000 1.000000
0.380000 0.230000 0.090000 1.000000
0.380000 0.230000 0.090000 1.000000
0.380000 0.230000 0.090000 1.000000
0.380000 0.230000 0.090000 1.000000
0.380000 0.230000 0.090000 1.000000
0.380000 0.230000 0.090000 1.000000
0.380000 0.230000 0.090000 1.000000
0.380000 0.230000 0.090000 1.000000
0.380000 0.230000 0.090000 1.000000
0.380000 0.230000 0.090000 1.000000
0.380000 0.230000 0.090000 1.000000
0.380000 0.230000 0.090000 1.000000
0.380000 0.230000 0.090000 1.000000
0.380000 0.230000 0.090000 1.000000
0.380000 0.230000 0.090000 1.000000
0.380000 0.230000 0.090000 1.000000
0.380000 0.230000 0.090000 1.000000
0.380000 0.230000 0.090000 1.000000
0.380000 0.230000 0.090000 1.000000
0.380000 0.230000 0.090000 1.000000
0.380000 0.230000 0.090000 1.000000
0.380000 0.230000 0.090000 1.000000
0.380000 0.230000 0.090000 1.000000
0.380000 0.230000 0.090000 1.000000
0.380000 0.230000 0.090000 1.000000
0.380000 0.230000 0.090000 1.000000
0.380000 0.230000 0.090000 1.000000
0.380000 0.230000 0.090000 1.000000
0.380000 0.230000 0.090000 1.000000
0.380000 0.230000 0.090000 1.000000
0.380000 0.230000 0.090000 1.000000
0.380000 0.230000 0.090000 1.000000
0.380000 0.230000 0.090000 1.000000
0.380000 0.230000 0.090000 1.000000
0.380000 0.230000 0.090000 1.000000
0.380000 0.230000 0.090000 1.000000
0.380000 0.230000 0.090000 1.000000
0.380000 0.230000 0.090000 1.000000
0.380000 0.230000 0.090000 1.000000
0.380000 0.230000 0.090000 1.000000
0.380000 0.230000 0.090000 1.000000
0.380000 0.230000 0.090000 1.000000
0.380000 0.230000 0.090000 1.000000
0.380000 0.230000 0.090000 1.000000
0.380000 0.230000 0.090000 1.000000
0.380000 0.230000 0.090000 1.000000
0.380000 0.230000 0.090000 1.000000
0.380000 0.230000 0.090000 1.000000
0.380000 0.230000 0.090000 1.000000
0.380000 0.230000 0.090000 1.000000
0.380000 0.230000 0.090000 1.000000
0.380000 0.230000 0.090000 1.000000
0.380000 0.230000 0.090000 1.000000
0.380000 0.230000 0.090000 1.000000
0.380000 0.230000 0.090000 1.000000
0.380000 0.230000 0.090000 1.000000
0.380000 0.230000 0.090000 1.000000
0.380000 0.230000 0.090000 1.000000
0.380000 0.230000 0.090000 1.000000
0.380000 0.230000 0.090000 1.000000
0.380000 0.230000 0.090000 1.000000
0.380000 0.230000 0.090000 1.000000
0.380000 0.230000 0.090000 1.000000
0.380000 0.230000 0.090000 1.000000
0.380000 0.230000 0.090000 1.000000
0.380000 0.230000 0.090000 1.000000
0.380000 0.230000 0.090000 1.000000
0.380000 0.230000 0.090000 1.000000
0.380000 0.230000 0.090000 1.000000
0.380000 0.230000 0.090000 1.000000
0.380000 0.230000 0.090000 1.000000
0.380000 0.230000 0.090000 1.000000
0.380000 0.230000 0.090000 1.000000
0.380000 0.230000 0.090000 1.000000
0.380000 0.230000 0.090000 1.000000
0.380000 0.230000 0.090000 1.000000
0.380000 0.230000 0.090000 1.000000
0.380000 0.230000 0.090000 1.000000
0.380000 0.230000 0.090000 1.000000
0.380000 0.230000 0.090000 1.000000
0.380000 0.230000 0.090000 1.000000
0.380000 0.230000 0.090000 1.000000
0.380000 0.230000 0.090000 1.000000
0.380000 0.230000 0.090000 1.000000
0.380000 0.230000 0.090000 1.000000
0.380000 0.230000 0.090000 1.000000
0.380000 0.230000 0.090000 1.000000
0.380000 0.230000 0.090000 1.000000
0.380000 0.230000 0.090000 1.000000
0.380000 0.230000 0.090000 1.000000
0.380000 0.230000 0.090000 1.000000
0.380000 0.230000 0.090000 1.000000
0.380000 0.230000 0.090000 1.000000
0.380000 0.230000 0.090000 1.000000
0.380000 0.230000 0.090000 1.000000
0.380000 0.230000 0.090000 1.000000
0.380000 0.230000 0.090000 1.000000
0.380000 0.230000 0.090000 1.000000
0.380000 0.230000 0.090000 1.000000
0.380000 0.230000 0.090000 1.000000
0.380000 0.230000 0.090000 1.000000
0.380000 0.230000 0.090000 1.000000
0.380000 0.230000 0.090000 1.000000
0.380000 0.230000 0.090000 1.000000
0.380000 0.230000 0.090000 1.000000
0.380000 0.230000 0.090000 1.000000
0.380000 0.230000 0.090000 1.000000
0.380000 0.230000 0.090000 1.000000
0.380000 0.230000 0.090000 1.000000
0.380000 0.230000 0.090000 1.000000
0.380000 0.230000 0.090000 1.000000
0.380000 0.230000 0.090000 1.000000
0.380000 0.230000 0.090000 1.000000
0.380000 0.230000 0.090000 1.000000
0.380000 0.230000 0.090000 1.000000
0.380000 0.230000 0.090000 1.000000
0.380000 0.230000 0.090000 1.000000
0.380000 0.230000 0.090000 1.000000
0.380000 0.230000 0.090000 1.000000
0.380000 0.230000 0.090000 1.000000
0.380000 0.230000 0.090000 1.000000
0.380000 0.230000 0.090000 1.000000
0.380000 0.230000 0.090000 1.000000
0.380000 0.230000 0.090000 1.000000
0.380000 0.230000 0.090000 1.000000
0.380000 0.230000 0.090000 1.000000
0.380000 0.230000 0.090000 1.000000
0.380000 0.230000 0.090000 1.000000
0.380000 0.230000 0.090000 1.000000
0.380000 0.230000 0.090000 1.000000
0.380000 0.230000 0.090000 1.000000
0.380000 0.230000 0.090000 1.000000
0.380000 0.230000 0.090000 1.000000
0.380000 0.230000 0.090000 1.000000
0.380000 0.230000 0.090000 1.000000
0.380000 0.230000 0.090000 1.000000
0.380000 0.230000 0.090000 1.000000
0.380000 0.230000 0.090000 1.000000
0.380000 0.230000 0.090000 1.000000
0.380000 0.230000 0.090000 1.000000
0.380000 0.230000 0.090000 1.000000
0.380000 0.230000 0.090000 1.000000
0.380000 0.230000 0.090000 1.000000
0.380000 0.230000 0.090000 1.000000
0.380000 0.230000 0.090000 1.000000
0.380000 0.230000 0.090000 1.000000
0.380000 0.230000 0.090000 1.000000
0.380000 0.230000 0.090000 1.000000
0.380000 0.230000 0.090000 1.000000
0.380000 0.230000 0.090000 1.000000
0.380000 0.230000 0.090000 1.000000
0.380000 0.230000 0.090000 1.000000
0.380000 0.230000 0.090000 1.000000
0.380000 0.230000 0.090000 1.000000
0.380000 0.230000 0.090000 1.000000
0.380000 0.230000 0.090000 1.000000
0.380000 0.230000 0.090000 1.000000
0.380000 0.230000 0.090000 1.000000
0.380000 0.230000 0.090000 1.000000
0.380000 0.230000 0.090000 1.000000
0.380000 0.230000 0.090000 1.000000
0.380000 0.230000 0.090000 1.000000
0.380000 0.230000 0.090000 1.000000
0.380000 0.230000 0.090000 1.000000
0.380000 0.230000 0.090000 1.000000
0.380000 0.230000 0.090000 1.000000
0.380000 0.230000 0.090000 1.000000
0.380000 0.230000 0.090000 1.000000
0.380000 0.230000 0.090000 1.000000
0.380000 0.230000 0.090000 1.000000
0.380000 0.230000 0.090000 1.000000
0.380000 0.230000 0.090000 1.000000
0.380000 0.230000 0.090000 1.000000
0.380000 0.230000 0.090000 1.000000
0.380000 0.230000 0.090000 1.000000
0.380000 0.230000 0.090000 1.000000
0.380000 0.230000 0.090000 1.000000
0.380000 0.230000 0.090000 1.000000
0.380000 0.230000 0.090000 1.000000
0.380000 0.230000 0.090000 1.000000
0.380000 0.230000 0.090000 1.000000
0.380000 0.230000 0.090000 1.000000
0.380000 0.230000 0.090000 1.000000
0.380000 0.230000 0.090000 1.000000
0.380000 0.230000 0.090000 1.000000
0.380000 0.230000 0.090000 1.000000
0.380000 0.230000 0.090000 1.000000
0.380000 0.230000 0.090000 1.000000
0.380000 0.230000 0.090000 1.000000
0.380000 0.230000 0.090000 1.000000
0.380000 0.230000 0.090000 1.000000
0.380000 0.230000 0.090000 1.000000
0.380000 0.230000 0.090000 1.000000
0.380000 0.230000 0.090000 1.000000
0.380000 0.230000 0.090000 1.000000
0.380000 0.230000 0.090000 1.000000
0.380000 0.230000 0.090000 1.000000
0.380000 0.230000 0.090000 1.000000
0.380000 0.230000 0.090000 1.000000
0.380000 0.230000 0.090000 1.000000
0.380000 0.230000 0.090000 1.000000
0.380000 0.230000 0.090000 1.000000
0.380000 0.230000 0.090000 1.000000
0.380000 0.230000 0.090000 1.000000
0.380000 0.230000 0.090000 1.000000
0.380000 0.230000 0.090000 1.000000
0.380000 0.230000 0.090000 1.000000
0.380000 0.230000 0.090000 1.000000
0.380000 0.230000 0.090000 1.000000
0.380000 0.230000 0.090000 1.000000
0.380000 0.230000 0.090000 1.000000
0.380000 0.230000 0.090000 1.000000
0.380000 0.230000 0.090000 1.000000
0.380000 0.230000 0.090000 1.000000
0.380000 0.230000 0.090000 1.000000
0.380000 0.230000 0.090000 1.000000
0.380000 0.230000 0.090000 1.000000
0.380000 0.230000 0.090000 1.000000
0.380000 0.230000 0.090000 1.000000
0.380000 0.230000 0.090000 1.000000
0.380000 0.230000 0.090000 1.000000
0.380000 0.230000 0.090000 1.000000
0.380000 0.230000 0.090000 1.000000
0.380000 0.230000 0.090000 1.000000
0.380000 0.230000 0.090000 1.000000
0.380000 0.230000 0.090000 1.000000
0.380000 0.230000 0.090000 1.000000
0.380000 0.230000 0.090000 1.000000
0.380000 0.230000 0.090000 1.000000
0.380000 0.230000 0.090000 1.000000
0.380000 0.230000 0.090000 1.000000
0.380000 0.230000 0.090000 1.000000
0.380000 0.230000 0.090000 1.000000
0.380000 0.230000 0.090000 1.000000
0.380000 0.230000 0.090000 1.000000
0.380000 0.230000 0.090000 1.000000
0.380000 0.230000 0.090000 1.000000
0.380000 0.230000 0.090000 1.000000
0.380000 0.230000 0.090000 1.000000
0.380000 0.230000 0.090000 1.000000
0.380000 0.230000 0.090000 1.000000
0.380000 0.230000 0.090000 1.000000
0.380000 0.230000 0.090000 1.000000
0.380000 0.230000 0.090000 1.000000
0.380000 0.230000 0.090000 1.000000
0.380000 0.230000 0.090000 1.000000
0.380000 0.230000 0.090000 1.000000
0.380000 0.230000 0.090000 1.000000
0.380000 0.230000 0.090000 1.000000
0.380000 0.230000 0.090000 1.000000
0.380000 0.230000 0.090000 1.000000
0.380000 0.230000 0.090000 1.000000
0.380000 0.230000 0.090000 1.000000
0.380000 0.230000 0.090000 1.000000
0.380000 0.230000 0.090000 1.000000
0.380000 0.230000 0.090000 1.000000
0.380000 0.230000 0.090000 1.000000
0.380000 0.230000 0.090000 1.000000
0.380000 0.230000 0.090000 1.000000
0.380000 0.230000 0.090000 1.000000
0.380000 0.230000 0.090000 1.000000
0.380000 0.230000 0.090000 1.000000
0.380000 0.230000 0.090000 1.000000
0.380000 0.230000 0.090000 1.000000
0.380000 0.230000 0.090000 1.000000
0.380000 0.230000 0.090000 1.000000
0.380000 0.230000 0.090000 1.000000
0.380000 0.230000 0.090000 1.000000
0.380000 0.230000 0.090000 1.000000
0.380000 0.230000 0.090000 1.000000
0.380000 0.230000 0.090000 1.000000
0.380000 0.230000 0.090000 1.000000
0.380000 0.230000 0.090000 1.000000
0.380000 0.230000 0.090000 1.000000
0.380000 0.230000 0.090000 1.000000
0.380000 0.230000 0.090000 1.000000
0.380000 0.230000 0.090000 1.000000
0.380000 0.230000 0.090000 1.000000
0.380000 0.230000 0.090000 1.000000
0.380000 0.230000 0.090000 1.000000
0.380000 0.230000 0.090000 1.000000
0.380000 0.230000 0.090000 1.000000
0.380000 0.230000 0.090000 1.000000
0.380000 0.230000 0.090000 1.000000
0.380000 0.230000 0.090000 1.000000
0.380000 0.230000 0.090000 1.000000
0.380000 0.230000 0.090000 1.000000
0.380000 0.230000 0.090000 1.000000
0.380000 0.230000 0.090000 1.000000
0.380000 0.230000 0.090000 1.000000
0.380000 0.230000 0.090000 1.000000
0.380000 0.230000 0.090000 1.000000
0.380000 0.230000 0.090000 1.000000
0.380000 0.230000 0.090000 1.000000
0.380000 0.230000 0.090000 1.000000
0.380000 0.230000 0.090000 1.000000
0.380000 0.230000 0.090000 1.000000
0.380000 0.230000 0.090000 1.000000
0.380000 0.230000 0.090000 1.000000
0.380000 0.230000 0.090000 1.000000
0.380000 0.230000 0.090000 1.000000
0.380000 0.230000 0.090000 1.000000
0.380000 0.230000 0.090000 1.000000
0.380000 0.230000 0.090000 1.000000
0.380000 0.230000 0.090000 1.000000
0.380000 0.230000 0.090000 1.000000
0.380000 0.230000 0.090000 1.000000
0.380000 0.230000 0.090000 1.000000
0.380000 0.230000 0.090000 1.000000
0.380000 0.230000 0.090000 1.000000
0.380000 0.230000 0.090000 1.000000
0.380000 0.230000 0.090000 1.000000
0.380000 0.230000 0.090000 1.000000
0.380000 0.230000 0.090000 1.000000
0.380000 0.230000 0.090000 1.000000
0.380000 0.230000 0.090000 1.000000
0.380000 0.230000 0.090000 1.000000
0.380000 0.230000 0.090000 1.000000
0.380000 0.230000 0.090000 1.000000
0.380000 0.230000 0.090000 1.000000
0.380000 0.230000 0.090000 1.000000
0.380000 0.230000 0.090000 1.000000
0.380000 0.230000 0.090000 1.000000
0.380000 0.230000 0.090000 1.000000
0.380000 0.230000 0.090000 1.000000
0.380000 0.230000 0.090000 1.000000
0.380000 0.230000 0.090000 1.000000
0.380000 0.230000 0.090000 1.000000
0.380000 0.230000 0.090000 1.000000
0.380000 0.230000 0.090000 1.000000
0.380000 0.230000 0.090000 1.000000
0.380000 0.230000 0.090000 1.000000
0.380000 0.230000 0.090000 1.000000
0.380000 0.230000 0.090000 1.000000
0.380000 0.230000 0.090000 1.000000
0.380000 0.230000 0.090000 1.000000
0.380000 0.230000 0.090000 1.000000
0.380000 0.230000 0.090000 1.000000
0.380000 0.230000 0.090000 1.000000
0.380000 0.230000 0.090000 1.000000
0.380000 0.230000 0.090000 1.000000
0.380000 0.230000 0.090000 1.000000
0.380000 0.230000 0.090000 1.000000
0.380000 0.230000 0.090000 1.000000
0.380000 0.230000 0.090000 1.000000
0.380000 0.230000 0.090000 1.000000
0.380000 0.230000 0.090000 1.000000
0.380000 0.230000 0.090000 1.000000
0.380000 0.230000 0.090000 1.000000
0.380000 0.230000 0.090000 1.000000
0.380000 0.230000 0.090000 1.000000
0.380000 0.230000 0.090000 1.000000
0.380000 0.230000 0.090000 1.000000
0.380000 0.230000 0.090000 1.000000
0.380000 0.230000 0.090000 1.000000
0.380000 0.230000 0.090000 1.000000
0.380000 0.230000 0.090000 1.000000
0.380000 0.230000 0.090000 1.000000
0.380000 0.230000 0.090000 1.000000
0.380000 0.230000 0.090000 1.000000
0.380000 0.230000 0.090000 1.000000
0.380000 0.230000 0.090000 1.000000
0.380000 0.230000 0.090000 1.000000
0.380000 0.230000 0.090000 1.000000
0.380000 0.230000 0.090000 1.000000
0.380000 0.230000 0.090000 1.000000
0.380000 0.230000 0.090000 1.000000
0.380000 0.230000 0.090000 1.000000
0.380000 0.230000 0.090000 1.000000
0.380000 0.230000 0.090000 1.000000
0.380000 0.230000 0.090000 1.000000
0.380000 0.230000 0.090000 1.000000
0.380000 0.230000 0.090000 1.000000
0.380000 0.230000 0.090000 1.000000
0.380000 0.230000 0.090000 1.000000
0.380000 0.230000 0.090000 1.000000
0.380000 0.230000 0.090000 1.000000
0.380000 0.230000 0.090000 1.000000
0.380000 0.230000 0.090000 1.000000
0.380000 0.230000 0.090000 1.000000
0.380000 0.230000 0.090000 1.000000
0.380000 0.230000 0.090000 1.000000
0.380000 0.230000 0.090000 1.000000
0.380000 0.230000 0.090000 1.000000
0.380000 0.230000 0.090000 1.000000
0.380000 0.230000 0.090000 1.000000
0.380000 0.230000 0.090000 1.000000
0.380000 0.230000 0.090000 1.000000
0.380000 0.230000 0.090000 1.000000
0.380000 0.230000 0.090000 1.000000
0.380000 0.230000 0.090000 1.000000
0.380000 0.230000 0.090000 1.000000
0.380000 0.230000 0.090000 1.000000
0.380000 0.230000 0.090000 1.000000
0.380000 0.230000 0.090000 1.000000
0.380000 0.230000 0.090000 1.000000
0.380000 0.230000 0.090000 1.000000
0.380000 0.230000 0.090000 1.000000
0.380000 0.230000 0.090000 1.000000
0.380000 0.230000 0.090000 1.000000
0.380000 0.230000 0.090000 1.000000
0.380000 0.230000 0.090000 1.000000
0.380000 0.230000 0.090000 1.000000
0.380000 0.230000 0.090000 1.000000
0.380000 0.230000 0.090000 1.000000
0.380000 0.230000 0.090000 1.000000
0.380000 0.230000 0.090000 1.000000
0.380000 0.230000 0.090000 1.000000
0.380000 0.230000 0.090000 1.000000
0.380000 0.230000 0.090000 1.000000
0.380000 0.230000 0.090000 1.000000
0.380000 0.230000 0.090000 1.000000
0.380000 0.230000 0.090000 1.000000
0.380000 0.230000 0.090000 1.000000
0.380000 0.230000 0.090000 1.000000
0.380000 0.230000 0.090000 1.000000
0.380000 0.230000 0.090000 1.000000
0.380000 0.230000 0.090000 1.000000
0.380000 0.230000 0.090000 1.000000
0.380000 0.230000 0.090000 1.000000
0.380000 0.230000 0.090000 1.000000
0.380000 0.230000 0.090000 1.000000
0.380000 0.230000 0.090000 1.000000
0.380000 0.230000 0.090000 1.000000
0.380000 0.230000 0.090000 1.000000
0.380000 0.230000 0.090000 1.000000
0.380000 0.230000 0.090000 1.000000
0.380000 0.230000 0.090000 1.000000
0.380000 0.230000 0.090000 1.000000
0.380000 0.230000 0.090000 1.000000
0.380000 0.230000 0.090000 1.000000
0.380000 0.230000 0.090000 1.000000
0.380000 0.230000 0.090000 1.000000
0.380000 0.230000 0.090000 1.000000
0.380000 0.230000 0.090000 1.000000
0.380000 0.230000 0.090000 1.000000
0.380000 0.230000 0.090000 1.000000
0.380000 0.230000 0.090000 1.000000
0.380000 0.230000 0.090000 1.000000
0.380000 0.230000 0.090000 1.000000
0.380000 0.230000 0.090000 1.000000
0.380000 0.230000 0.090000 1.000000
0.380000 0.230000 0.090000 1.000000
0.380000 0.230000 0.090000 1.000000
0.380000 0.230000 0.090000 1.000000
0.380000 0.230000 0.090000 1.000000
0.380000 0.230000 0.090000 1.000000
0.380000 0.230000 0.090000 1.000000
0.380000 0.230000 0.090000 1.000000
0.380000 0.230000 0.090000 1.000000
0.380000 0.230000 0.090000 1.000000
0.380000 0.230000 0.090000 1.000000
0.380000 0.230000 0.090000 1.000000
0.380000 0.230000 0.090000 1.000000
0.380000 0.230000 0.090000 1.000000
0.380000 0.230000 0.090000 1.000000
0.380000 0.230000 0.090000 1.000000
0.380000 0.230000 0.090000 1.000000
0.380000 0.230000 0.090000 1.000000
0.380000 0.230000 0.090000 1.000000
0.380000 0.230000 0.090000 1.000000
0.380000 0.230000 0.090000 1.000000
0.380000 0.230000 0.090000 1.000000
0.380000 0.230000 0.090000 1.000000
0.380000 0.230000 0.090000 1.000000
0.380000 0.230000 0.090000 1.000000
0.380000 0.230000 0.090000 1.000000
0.380000 0.230000 0.090000 1.000000
0.380000 0.230000 0.090000 1.000000
0.380000 0.230000 0.090000 1.000000
0.380000 0.230000 0.090000 1.000000
0.380000 0.230000 0.090000 1.000000
0.380000 0.230000 0.090000 1.000000
0.380000 0.230000 0.090000 1.000000
0.380000 0.230000 0.090000 1.000000
0.380000 0.230000 0.090000 1.000000
0.380000 0.230000 0.090000 1.000000
0.380000 0.230000 0.090000 1.000000
0.380000 0.230000 0.090000 1.000000
0.380000 0.230000 0.090000 1.000000
0.380000 0.230000 0.090000 1.000000
0.380000 0.230000 0.090000 1.000000
0.380000 0.230000 0.090000 1.000000
0.380000 0.230000 0.090000 1.000000
0.380000 0.230000 0.090000 1.000000
0.380000 0.230000 0.090000 1.000000
0.380000 0.230000 0.090000 1.000000
0.380000 0.230000 0.090000 1.000000
0.380000 0.230000 0.090000 1.000000
0.380000 0.230000 0.090000 1.000000
0.380000 0.230000 0.090000 1.000000
0.380000 0.230000 0.090000 1.000000
0.380000 0.230000 0.090000 1.000000
0.380000 0.230000 0.090000 1.000000
0.380000 0.230000 0.090000 1.000000
0.380000 0.230000 0.090000 1.000000
0.380000 0.230000 0.090000 1.000000
0.380000 0.230000 0.090000 1.000000
0.380000 0.230000 0.090000 1.000000
0.380000 0.230000 0.090000 1.000000
0.380000 0.230000 0.090000 1.000000
0.380000 0.230000 0.090000 1.000000
0.380000 0.230000 0.090000 1.000000
0.380000 0.230000 0.090000 1.000000
0.380000 0.230000 0.090000 1.000000
0.380000 0.230000 0.090000 1.000000
0.380000 0.230000 0.090000 1.000000
0.380000 0.230000 0.090000 1.000000
0.380000 0.230000 0.090000 1.000000
0.380000 0.230000 0.090000 1.000000
0.380000 0.230000 0.090000 1.000000
0.380000 0.230000 0.090000 1.000000
0.380000 0.230000 0.090000 1.000000
0.380000 0.230000 0.090000 1.000000
0.380000 0.230000 0.090000 1.000000
0.380000 0.230000 0.090000 1.000000
0.380000 0.230000 0.090000 1.000000
0.380000 0.230000 0.090000 1.000000
0.380000 0.230000 0.090000 1.000000
0.380000 0.230000 0.090000 1.000000
0.380000 0.230000 0.090000 1.000000
0.380000 0.230000 0.090000 1.000000
0.380000 0.230000 0.090000 1.000000
0.380000 0.230000 0.090000 1.000000
0.380000 0.230000 0.090000 1.000000
0.380000 0.230000 0.090000 1.000000
0.380000 0.230000 0.090000 1.000000
0.380000 0.230000 0.090000 1.000000
0.380000 0.230000 0.090000 1.000000
0.380000 0.230000 0.090000 1.000000
0.380000 0.230000 0.090000 1.000000
0.380000 0.230000 0.090000 1.000000
0.380000 0.230000 0.090000 1.000000
0.380000 0.230000 0.090000 1.000000
0.380000 0.230000 0.090000 1.000000
0.380000 0.230000 0.090000 1.000000
0.380000 0.230000 0.090000 1.000000
0.380000 0.230000 0.090000 1.000000
0.380000 0.230000 0.090000 1.000000
0.380000 0.230000 0.090000 1.000000
0.380000 0.230000 0.090000 1.000000
0.380000 0.230000 0.090000 1.000000
0.380000 0.230000 0.090000 1.000000
0.380000 0.230000 0.090000 1.000000
0.380000 0.230000 0.090000 1.000000
0.380000 0.230000 0.090000 1.000000
0.380000 0.230000 0.090000 1.000000
0.380000 0.230000 0.090000 1.000000
0.380000 0.230000 0.090000 1.000000
0.380000 0.230000 0.090000 1.000000
0.380000 0.230000 0.090000 1.000000
0.380000 0.230000 0.090000 1.000000
0.380000 0.230000 0.090000 1.000000
0.380000 0.230000 0.090000 1.000000
0.380000 0.230000 0.090000 1.000000
0.380000 0.230000 0.090000 1.000000
0.380000 0.230000 0.090000 1.000000
0.380000 0.230000 0.090000 1.000000
0.380000 0.230000 0.090000 1.000000
0.380000 0.230000 0.090000 1.000000
0.380000 0.230000 0.090000 1.000000
0.380000 0.230000 0.090000 1.000000
0.380000 0.230000 0.090000 1.000000
0.380000 0.230000 0.090000 1.000000
0.380000 0.230000 0.090000 1.000000
0.380000 0.230000 0.090000 1.000000
0.380000 0.230000 0.090000 1.000000
0.380000 0.230000 0.090000 1.000000
0.380000 0.230000 0.090000 1.000000
0.380000 0.230000 0.090000 1.000000
0.380000 0.230000 0.090000 1.000000
0.380000 0.230000 0.090000 1.000000
0.380000 0.230000 0.090000 1.000000
0.380000 0.230000 0.090000 1.000000
0.380000 0.230000 0.090000 1.000000
0.380000 0.230000 0.090000 1.000000
0.380000 0.230000 0.090000 1.000000
0.380000 0.230000 0.090000 1.000000
0.380000 0.230000 0.090000 1.000000
0.380000 0.230000 0.090000 1.000000
0.380000 0.230000 0.090000 1.000000
0.380000 0.230000 0.090000 1.000000
0.380000 0.230000 0.090000 1.000000
0.380000 0.230000 0.090000 1.000000
0.380000 0.230000 0.090000 1.000000
0.380000 0.230000 0.090000 1.000000
0.380000 0.230000 0.090000 1.000000
0.380000 0.230000 0.090000 1.000000
0.380000 0.230000 0.090000 1.000000
0.380000 0.230000 0.090000 1.000000
0.380000 0.230000 0.090000 1.000000
0.380000 0.230000 0.090000 1.000000
0.380000 0.230000 0.090000 1.000000
0.380000 0.230000 0.090000 1.000000
0.380000 0.230000 0.090000 1.000000
0.380000 0.230000 0.090000 1.000000
0.380000 0.230000 0.090000 1.000000
0.380000 0.230000 0.090000 1.000000
0.380000 0.230000 0.090000 1.000000
0.380000 0.230000 0.090000 1.000000
0.380000 0.230000 0.090000 1.000000
0.380000 0.230000 0.090000 1.000000
0.380000 0.230000 0.090000 1.000000
0.380000 0.230000 0.090000 1.000000
0.380000 0.230000 0.090000 1.000000
0.380000 0.230000 0.090000 1.000000
0.380000 0.230000 0.090000 1.000000
0.380000 0.230000 0.090000 1.000000
0.380000 0.230000 0.090000 1.000000
0.380000 0.230000 0.090000 1.000000
0.380000 0.230000 0.090000 1.000000
0.380000 0.230000 0.090000 1.000000
0.380000 0.230000 0.090000 1.000000
0.380000 0.230000 0.090000 1.000000
0.380000 0.230000 0.090000 1.000000
0.380000 0.230000 0.090000 1.000000
0.380000 0.230000 0.090000 1.000000
0.380000 0.230000 0.090000 1.000000
0.380000 0.230000 0.090000 1.000000
0.380000 0.230000 0.090000 1.000000
0.380000 0.230000 0.090000 1.000000
0.380000 0.230000 0.090000 1.000000
0.380000 0.230000 0.090000 1.000000
0.380000 0.230000 0.090000 1.000000
0.380000 0.230000 0.090000 1.000000
0.380000 0.230000 0.090000 1.000000
0.380000 0.230000 0.090000 1.000000
0.380000 0.230000 0.090000 1.000000
0.380000 0.230000 0.090000 1.000000
0.380000 0.230000 0.090000 1.000000
0.380000 0.230000 0.090000 1.000000
0.380000 0.230000 0.090000 1.000000
0.380000 0.230000 0.090000 1.000000
0.380000 0.230000 0.090000 1.000000
0.380000 0.230000 0.090000 1.000000
0.380000 0.230000 0.090000 1.000000
0.380000 0.230000 0.090000 1.000000
0.380000 0.230000 0.090000 1.000000
0.380000 0.230000 0.090000 1.000000
0.380000 0.230000 0.090000 1.000000
0.380000 0.230000 0.090000 1.000000
0.380000 0.230000 0.090000 1.000000
0.380000 0.230000 0.090000 1.000000
0.380000 0.230000 0.090000 1.000000
0.380000 0.230000 0.090000 1.000000
0.380000 0.230000 0.090000 1.000000
0.380000 0.230000 0.090000 1.000000
0.380000 0.230000 0.090000 1.000000
0.380000 0.230000 0.090000 1.000000
0.380000 0.230000 0.090000 1.000000
0.380000 0.230000 0.090000 1.000000
0.380000 0.230000 0.090000 1.000000
0.380000 0.230000 0.090000 1.000000
0.380000 0.230000 0.090000 1.000000
0.380000 0.230000 0.090000 1.000000
0.380000 0.230000 0.090000 1.000000
0.380000 0.230000 0.090000 1.000000
0.380000 0.230000 0.090000 1.000000
0.380000 0.230000 0.090000 1.000000
0.380000 0.230000 0.090000 1.000000
0.380000 0.230000 0.090000 1.000000
0.380000 0.230000 0.090000 1.000000
0.380000 0.230000 0.090000 1.000000
0.380000 0.230000 0.090000 1.000000
0.380000 0.230000 0.090000 1.000000
0.380000 0.230000 0.090000 1.000000
0.380000 0.230000 0.090000 1.000000
0.380000 0.230000 0.090000 1.000000
0.380000 0.230000 0.090000 1.000000
0.380000 0.230000 0.090000 1.000000
0.380000 0.230000 0.090000 1.000000
0.380000 0.230000 0.090000 1.000000
0.380000 0.230000 0.090000 1.000000
0.380000 0.230000 0.090000 1.000000
0.380000 0.230000 0.090000 1.000000
0.380000 0.230000 0.090000 1.000000
0.380000 0.230000 0.090000 1.000000
0.380000 0.230000 0.090000 1.000000
0.380000 0.230000 0.090000 1.000000
0.380000 0.230000 0.090000 1.000000
0.380000 0.230000 0.090000 1.000000
0.380000 0.230000 0.090000 1.000000
0.380000 0.230000 0.090000 1.000000
0.380000 0.230000 0.090000 1.000000
0.380000 0.230000 0.090000 1.000000
0.380000 0.230000 0.090000 1.000000
0.380000 0.230000 0.090000 1.000000
0.380000 0.230000 0.090000 1.000000
0.380000 0.230000 0.090000 1.000000
0.380000 0.230000 0.090000 1.000000
0.380000 0.230000 0.090000 1.000000
0.380000 0.230000 0.090000 1.000000
0.380000 0.230000 0.090000 1.000000
0.380000 0.230000 0.090000 1.000000
0.380000 0.230000 0.090000 1.000000
0.380000 0.230000 0.090000 1.000000
0.380000 0.230000 0.090000 1.000000
0.380000 0.230000 0.090000 1.000000
0.380000 0.230000 0.090000 1.000000
0.380000 0.230000 0.090000 1.000000
0.380000 0.230000 0.090000 1.000000
0.380000 0.230000 0.090000 1.000000
0.380000 0.230000 0.090000 1.000000
0.380000 0.230000 0.090000 1.000000
0.380000 0.230000 0.090000 1.000000
0.380000 0.230000 0.090000 1.000000
0.380000 0.230000 0.090000 1.000000
0.380000 0.230000 0.090000 1.000000
0.380000 0.230000 0.090000 1.000000
0.380000 0.230000 0.090000 1.000000
0.380000 0.230000 0.090000 1.000000
0.380000 0.230000 0.090000 1.000000
0.380000 0.230000 0.090000 1.000000
0.380000 0.230000 0.090000 1.000000
0.380000 0.230000 0.090000 1.000000
0.380000 0.230000 0.090000 1.000000
0.380000 0.230000 0.090000 1.000000
0.380000 0.230000 0.090000 1.000000
0.380000 0.230000 0.090000 1.000000
0.380000 0.230000 0.090000 1.000000
0.380000 0.230000 0.090000 1.000000
0.380000 0.230000 0.090000 1.000000
0.380000 0.230000 0.090000 1.000000
0.380000 0.230000 0.090000 1.000000
0.380000 0.230000 0.090000 1.000000
0.380000 0.230000 0.090000 1.000000
0.380000 0.230000 0.090000 1.000000
0.380000 0.230000 0.090000 1.000000
0.380000 0.230000 0.090000 1.000000
0.380000 0.230000 0.090000 1.000000
0.380000 0.230000 0.090000 1.000000
0.380000 0.230000 0.090000 1.000000
0.380000 0.230000 0.090000 1.000000
0.380000 0.230000 0.090000 1.000000
0.380000 0.230000 0.090000 1.000000
0.380000 0.230000 0.090000 1.000000
0.380000 0.230000 0.090000 1.000000
0.380000 0.230000 0.090000 1.000000
0.380000 0.230000 0.090000 1.000000
0.380000 0.230000 0.090000 1.000000
0.380000 0.230000 0.090000 1.000000
0.380000 0.230000 0.090000 1.000000
0.380000 0.230000 0.090000 1.000000
0.380000 0.230000 0.090000 1.000000
0.380000 0.230000 0.090000 1.000000
0.380000 0.230000 0.090000 1.000000
0.380000 0.230000 0.090000 1.000000
0.380000 0.230000 0.090000 1.000000
0.380000 0.230000 0.090000 1.000000
0.380000 0.230000 0.090000 1.000000
0.380000 0.230000 0.090000 1.000000
0.380000 0.230000 0.090000 1.000000
0.380000 0.230000 0.090000 1.000000
0.380000 0.230000 0.090000 1.000000
0.380000 0.230000 0.090000 1.000000
0.380000 0.230000 0.090000 1.000000
0.380000 0.230000 0.090000 1.000000
0.380000 0.230000 0.090000 1.000000
0.380000 0.230000 0.090000 1.000000
0.380000 0.230000 0.090000 1.000000
0.380000 0.230000 0.090000 1.000000
0.380000 0.230000 0.090000 1.000000
0.380000 0.230000 0.090000 1.000000
0.380000 0.230000 0.090000 1.000000
0.380000 0.230000 0.090000 1.000000
0.380000 0.230000 0.090000 1.000000
0.380000 0.230000 0.090000 1.000000
0.380000 0.230000 0.090000 1.000000
0.380000 0.230000 0.090000 1.000000
0.380000 0.230000 0.090000 1.000000
0.380000 0.230000 0.090000 1.000000
0.380000 0.230000 0.090000 1.000000
0.380000 0.230000 0.090000 1.000000
0.380000 0.230000 0.090000 1.000000
0.380000 0.230000 0.090000 1.000000
0.380000 0.230000 0.090000 1.000000
0.380000 0.230000 0.090000 1.000000
0.380000 0.230000 0.090000 1.000000
0.380000 0.230000 0.090000 1.000000
0.380000 0.230000 0.090000 1.000000
0.380000 0.230000 0.090000 1.000000
0.380000 0.230000 0.090000 1.000000
0.380000 0.230000 0.090000 1.000000
0.380000 0.230000 0.090000 1.000000
0.380000 0.230000 0.090000 1.000000
0.380000 0.230000 0.090000 1.000000
0.380000 0.230000 0.090000 1.000000
0.380000 0.230000 0.090000 1.000000
0.380000 0.230000 0.090000 1.000000
0.380000 0.230000 0.090000 1.000000
0.380000 0.230000 0.090000 1.000000
0.380000 0.230000 0.090000 1.000000
0.380000 0.230000 0.090000 1.000000
0.380000 0.230000 0.090000 1.000000
0.380000 0.230000 0.090000 1.000000
0.380000 0.230000 0.090000 1.000000
0.380000 0.230000 0.090000 1.000000
0.380000 0.230000 0.090000 1.000000
0.380000 0.230000 0.090000 1.000000
0.380000 0.230000 0.090000 1.000000
0.380000 0.230000 0.090000 1.000000
0.380000 0.230000 0.090000 1.000000
0.380000 0.230000 0.090000 1.000000
0.380000 0.230000 0.090000 1.000000
0.380000 0.230000 0.090000 1.000000
0.380000 0.230000 0.090000 1.000000
0.380000 0.230000 0.090000 1.000000
0.380000 0.230000 0.090000 1.000000
0.380000 0.230000 0.090000 1.000000
0.380000 0.230000 0.090000 1.000000
0.380000 0.230000 0.090000 1.000000
0.380000 0.230000 0.090000 1.000000
0.380000 0.230000 0.090000 1.000000
0.380000 0.230000 0.090000 1.000000
0.380000 0.230000 0.090000 1.000000
0.380000 0.230000 0.090000 1.000000
0.380000 0.230000 0.090000 1.000000
0.380000 0.230000 0.090000 1.000000
0.380000 0.230000 0.090000 1.000000
0.380000 0.230000 0.090000 1.000000
0.380000 0.230000 0.090000 1.000000
0.380000 0.230000 0.090000 1.000000
0.380000 0.230000 0.090000 1.000000
0.380000 0.230000 0.090000 1.000000
0.380000 0.230000 0.090000 1.000000
0.380000 0.230000 0.090000 1.000000
0.380000 0.230000 0.090000 1.000000
0.380000 0.230000 0.090000 1.000000
0.380000 0.230000 0.090000 1.000000
0.380000 0.230000 0.090000 1.000000
0.380000 0.230000 0.090000 1.000000
0.380000 0.230000 0.090000 1.000000
0.380000 0.230000 0.090000 1.000000
0.380000 0.230000 0.090000 1.000000
0.380000 0.230000 0.090000 1.000000
0.380000 0.230000 0.090000 1.000000
0.380000 0.230000 0.090000 1.000000
0.380000 0.230000 0.090000 1.000000
0.380000 0.230000 0.090000 1.000000
0.380000 0.230000 0.090000 1.000000
0.380000 0.230000 0.090000 1.000000
0.380000 0.230000 0.090000 1.000000
0.380000 0.230000 0.090000 1.000000
0.380000 0.230000 0.090000 1.000000
0.380000 0.230000 0.090000 1.000000
0.380000 0.230000 0.090000 1.000000
0.380000 0.230000 0.090000 1.000000
0.380000 0.230000 0.090000 1.000000
0.380000 0.230000 0.090000 1.000000
0.380000 0.230000 0.090000 1.000000
0.380000 0.230000 0.090000 1.000000
0.380000 0.230000 0.090000 1.000000
0.380000 0.230000 0.090000 1.000000
0.380000 0.230000 0.090000 1.000000
0.380000 0.230000 0.090000 1.000000
0.380000 0.230000 0.090000 1.000000
0.380000 0.230000 0.090000 1.000000
0.380000 0.230000 0.090000 1.000000
0.380000 0.230000 0.090000 1.000000
0.380000 0.230000 0.090000 1.000000
0.380000 0.230000 0.090000 1.000000
0.380000 0.230000 0.090000 1.000000
0.380000 0.230000 0.090000 1.000000
0.380000 0.230000 0.090000 1.000000
0.380000 0.230000 0.090000 1.000000
0.380000 0.230000 0.090000 1.000000
0.380000 0.230000 0.090000 1.000000
0.380000 0.230000 0.090000 1.000000
0.380000 0.230000 0.090000 1.000000
0.380000 0.230000 0.090000 1.000000
0.380000 0.230000 0.090000 1.000000
0.380000 0.230000 0.090000 1.000000
0.380000 0.230000 0.090000 1.000000
0.380000 0.230000 0.090000 1.000000
0.380000 0.230000 0.090000 1.000000
0.380000 0.230000 0.090000 1.000000
0.380000 0.230000 0.090000 1.000000
0.380000 0.230000 0.090000 1.000000
0.380000 0.230000 0.090000 1.000000
0.380000 0.230000 0.090000 1.000000
0.380000 0.230000 0.090000 1.000000
0.380000 0.230000 0.090000 1.000000
0.380000 0.230000 0.090000 1.000000
0.380000 0.230000 0.090000 1.000000
0.380000 0.230000 0.090000 1.000000
0.380000 0.230000 0.090000 1.000000
0.380000 0.230000 0.090000 1.000000
0.380000 0.230000 0.090000 1.000000
0.380000 0.230000 0.090000 1.000000
0.380000 0.230000 0.090000 1.000000
0.380000 0.230000 0.090000 1.000000
0.380000 0.230000 0.090000 1.000000
0.380000 0.230000 0.090000 1.000000
0.380000 0.230000 0.090000 1.000000
0.380000 0.230000 0.090000 1.000000
0.380000 0.230000 0.090000 1.000000
0.380000 0.230000 0.090000 1.000000
0.380000 0.230000 0.090000 1.000000
0.380000 0.230000 0.090000 1.000000
0.380000 0.230000 0.090000 1.000000
0.380000 0.230000 0.090000 1.000000
0.380000 0.230000 0.090000 1.000000
0.380000 0.230000 0.090000 1.000000
0.380000 0.230000 0.090000 1.000000
0.380000 0.230000 0.090000 1.000000
0.380000 0.230000 0.090000 1.000000
0.380000 0.230000 0.090000 1.000000
0.380000 0.230000 0.090000 1.000000
0.380000 0.230000 0.090000 1.000000
0.380000 0.230000 0.090000 1.000000
0.380000 0.230000 0.090000 1.000000
0.380000 0.230000 0.090000 1.000000
0.380000 0.230000 0.090000 1.000000
0.380000 0.230000 0.090000 1.000000
0.380000 0.230000 0.090000 1.000000
0.380000 0.230000 0.090000 1.000000
0.380000 0.230000 0.090000 1.000000
0.380000 0.230000 0.090000 1.000000
0.380000 0.230000 0.090000 1.000000
0.380000 0.230000 0.090000 1.000000
0.380000 0.230000 0.090000 1.000000
0.380000 0.230000 0.090000 1.000000
0.380000 0.230000 0.090000 1.000000
0.380000 0.230000 0.090000 1.000000
0.380000 0.230000 0.090000 1.000000
0.380000 0.230000 0.090000 1.000000
0.380000 0.230000 0.090000 1.000000
0.380000 0.230000 0.090000 1.000000
0.380000 0.230000 0.090000 1.000000
0.380000 0.230000 0.090000 1.000000
0.380000 0.230000 0.090000 1.000000
0.380000 0.230000 0.090000 1.000000
0.380000 0.230000 0.090000 1.000000
0.380000 0.230000 0.090000 1.000000
0.380000 0.230000 0.090000 1.000000
0.380000 0.230000 0.090000 1.000000
0.380000 0.230000 0.090000 1.000000
0.380000 0.230000 0.090000 1.000000
0.380000 0.230000 0.090000 1.000000
0.380000 0.230000 0.090000 1.000000
0.380000 0.230000 0.090000 1.000000
0.380000 0.230000 0.090000 1.000000
0.380000 0.230000 0.090000 1.000000
0.380000 0.230000 0.090000 1.000000
0.380000 0.230000 0.090000 1.000000
0.380000 0.230000 0.090000 1.000000
0.380000 0.230000 0.090000 1.000000
0.380000 0.230000 0.090000 1.000000
0.380000 0.230000 0.090000 1.000000
0.380000 0.230000 0.090000 1.000000
0.380000 0.230000 0.090000 1.000000
0.380000 0.230000 0.090000 1.000000
0.380000 0.230000 0.090000 1.000000
0.380000 0.230000 0.090000 1.000000
0.380000 0.230000 0.090000 1.000000
0.380000 0.230000 0.090000 1.000000
0.380000 0.230000 0.090000 1.000000
0.380000 0.230000 0.090000 1.000000
0.380000 0.230000 0.090000 1.000000
0.380000 0.230000 0.090000 1.000000
0.380000 0.230000 0.090000 1.000000
0.380000 0.230000 0.090000 1.000000
0.380000 0.230000 0.090000 1.000000
0.380000 0.230000 0.090000 1.000000
0.380000 0.230000 0.090000 1.000000
0.380000 0.230000 0.090000 1.000000
0.380000 0.230000 0.090000 1.000000
0.380000 0.230000 0.090000 1.000000
0.380000 0.230000 0.090000 1.000000
0.380000 0.230000 0.090000 1.000000
0.380000 0.230000 0.090000 1.000000
0.380000 0.230000 0.090000 1.000000
0.380000 0.230000 0.090000 1.000000
0.380000 0.230000 0.090000 1.000000
0.380000 0.230000 0.090000 1.000000
0.380000 0.230000 0.090000 1.000000
0.380000 0.230000 0.090000 1.000000
0.380000 0.230000 0.090000 1.000000
0.380000 0.230000 0.090000 1.000000
0.380000 0.230000 0.090000 1.000000
0.380000 0.230000 0.090000 1.000000
0.380000 0.230000 0.090000 1.000000
0.380000 0.230000 0.090000 1.000000
0.380000 0.230000 0.090000 1.000000
0.380000 0.230000 0.090000 1.000000
0.380000 0.230000 0.090000 1.000000
0.380000 0.230000 0.090000 1.000000
0.380000 0.230000 0.090000 1.000000
0.380000 0.230000 0.090000 1.000000
0.380000 0.230000 0.090000 1.000000
0.380000 0.230000 0.090000 1.000000
0.380000 0.230000 0.090000 1.000000
0.380000 0.230000 0.090000 1.000000
0.380000 0.230000 0.090000 1.000000
0.380000 0.230000 0.090000 1.000000
0.380000 0.230000 0.090000 1.000000
0.380000 0.230000 0.090000 1.000000
0.380000 0.230000 0.090000 1.000000
0.380000 0.230000 0.090000 1.000000
0.380000 0.230000 0.090000 1.000000
0.380000 0.230000 0.090000 1.000000
0.380000 0.230000 0.090000 1.000000
0.380000 0.230000 0.090000 1.000000
0.380000 0.230000 0.090000 1.000000
0.380000 0.230000 0.090000 1.000000
0.380000 0.230000 0.090000 1.000000
0.380000 0.230000 0.090000 1.000000
0.380000 0.230000 0.090000 1.000000
0.380000 0.230000 0.090000 1.000000
0.380000 0.230000 0.090000 1.000000
0.380000 0.230000 0.090000 1.000000
0.380000 0.230000 0.090000 1.000000
0.380000 0.230000 0.090000 1.000000
0.380000 0.230000 0.090000 1.000000
0.380000 0.230000 0.090000 1.000000
0.380000 0.230000 0.090000 1.000000
0.380000 0.230000 0.090000 1.000000
0.380000 0.230000 0.090000 1.000000
0.380000 0.230000 0.090000 1.000000
0.380000 0.230000 0.090000 1.000000
0.380000 0.230000 0.090000 1.000000
0.380000 0.230000 0.090000 1.000000
0.380000 0.230000 0.090000 1.000000
0.380000 0.230000 0.090000 1.000000
0.380000 0.230000 0.090000 1.000000
0.380000 0.230000 0.090000 1.000000
0.380000 0.230000 0.090000 1.000000
0.380000 0.230000 0.090000 1.000000
0.380000 0.230000 0.090000 1.000000
0.380000 0.230000 0.090000 1.000000
0.380000 0.230000 0.090000 1.000000
0.380000 0.230000 0.090000 1.000000
0.380000 0.230000 0.090000 1.000000
0.380000 0.230000 0.090000 1.000000
0.380000 0.230000 0.090000 1.000000
0.380000 0.230000 0.090000 1.000000
0.380000 0.230000 0.090000 1.000000
0.380000 0.230000 0.090000 1.000000
0.380000 0.230000 0.090000 1.000000
0.380000 0.230000 0.090000 1.000000
0.380000 0.230000 0.090000 1.000000
0.380000 0.230000 0.090000 1.000000
0.380000 0.230000 0.090000 1.000000
0.380000 0.230000 0.090000 1.000000
0.380000 0.230000 0.090000 1.000000
0.380000 0.230000 0.090000 1.000000
0.380000 0.230000 0.090000 1.000000
0.380000 0.230000 0.090000 1.000000
0.380000 0.230000 0.090000 1.000000
0.380000 0.230000 0.090000 1.000000
0.380000 0.230000 0.090000 1.000000
0.380000 0.230000 0.090000 1.000000
0.380000 0.230000 0.090000 1.000000
0.380000 0.230000 0.090000 1.000000
0.380000 0.230000 0.090000 1.000000
0.380000 0.230000 0.090000 1.000000
0.380000 0.230000 0.090000 1.000000
0.380000 0.230000 0.090000 1.000000
0.380000 0.230000 0.090000 1.000000
0.380000 0.230000 0.090000 1.000000
0.380000 0.230000 0.090000 1.000000
0.380000 0.230000 0.090000 1.000000
0.380000 0.230000 0.090000 1.000000
0.380000 0.230000 0.090000 1.000000
0.380000 0.230000 0.090000 1.000000
0.380000 0.230000 0.090000 1.000000
0.380000 0.230000 0.090000 1.000000
0.380000 0.230000 0.090000 1.000000
0.380000 0.230000 0.090000 1.000000
0.380000 0.230000 0.090000 1.000000
0.380000 0.230000 0.090000 1.000000
0.380000 0.230000 0.090000 1.000000
0.380000 0.230000 0.090000 1.000000
0.380000 0.230000 0.090000 1.000000
0.380000 0.230000 0.090000 1.000000
0.380000 0.230000 0.090000 1.000000
0.380000 0.230000 0.090000 1.000000
0.380000 0.230000 0.090000 1.000000
0.380000 0.230000 0.090000 1.000000
0.380000 0.230000 0.090000 1.000000
0.380000 0.230000 0.090000 1.000000
0.380000 0.230000 0.090000 1.000000
0.380000 0.230000 0.090000 1.000000
0.380000 0.230000 0.090000 1.000000
0.380000 0.230000 0.090000 1.000000
0.380000 0.230000 0.090000 1.000000
0.380000 0.230000 0.090000 1.000000
0.380000 0.230000 0.090000 1.000000
0.380000 0.230000 0.090000 1.000000
0.380000 0.230000 0.090000 1.000000
0.380000 0.230000 0.090000 1.000000
0.380000 0.230000 0.090000 1.000000
0.380000 0.230000 0.090000 1.000000
0.380000 0.230000 0.090000 1.000000
0.380000 0.230000 0.090000 1.000000
0.380000 0.230000 0.090000 1.000000
0.380000 0.230000 0.090000 1.000000
0.380000 0.230000 0.090000 1.000000
0.380000 0.230000 0.090000 1.000000
0.380000 0.230000 0.090000 1.000000
0.380000 0.230000 0.090000 1.000000
0.380000 0.230000 0.090000 1.000000
0.380000 0.230000 0.090000 1.000000
0.380000 0.230000 0.090000 1.000000
0.380000 0.230000 0.090000 1.000000
0.380000 0.230000 0.090000 1.000000
0.380000 0.230000 0.090000 1.000000
0.380000 0.230000 0.090000 1.000000
0.380000 0.230000 0.090000 1.000000
0.380000 0.230000 0.090000 1.000000
0.380000 0.230000 0.090000 1.000000
0.380000 0.230000 0.090000 1.000000
0.380000 0.230000 0.090000 1.000000
0.380000 0.230000 0.090000 1.000000
0.380000 0.230000 0.090000 1.000000
0.380000 0.230000 0.090000 1.000000
0.380000 0.230000 0.090000 1.000000
0.380000 0.230000 0.090000 1.000000
0.380000 0.230000 0.090000 1.000000
0.380000 0.230000 0.090000 1.000000
0.380000 0.230000 0.090000 1.000000
0.380000 0.230000 0.090000 1.000000
0.380000 0.230000 0.090000 1.000000
0.380000 0.230000 0.090000 1.000000
0.380000 0.230000 0.090000 1.000000
0.380000 0.230000 0.090000 1.000000
0.380000 0.230000 0.090000 1.000000
0.380000 0.230000 0.090000 1.000000
0.380000 0.230000 0.090000 1.000000
0.380000 0.230000 0.090000 1.000000
0.380000 0.230000 0.090000 1.000000
0.380000 0.230000 0.090000 1.000000
0.380000 0.230000 0.090000 1.000000
0.380000 0.230000 0.090000 1.000000
0.380000 0.230000 0.090000 1.000000
0.380000 0.230000 0.090000 1.000000
0.380000 0.230000 0.090000 1.000000
0.380000 0.230000 0.090000 1.000000
0.380000 0.230000 0.090000 1.000000
0.380000 0.230000 0.090000 1.000000
0.380000 0.230000 0.090000 1.000000
0.380000 0.230000 0.090000 1.000000
0.380000 0.230000 0.090000 1.000000
0.380000 0.230000 0.090000 1.000000
0.380000 0.230000 0.090000 1.000000
0.380000 0.230000 0.090000 1.000000
0.380000 0.230000 0.090000 1.000000
0.380000 0.230000 0.090000 1.000000
0.380000 0.230000 0.090000 1.000000
0.380000 0.230000 0.090000 1.000000
0.380000 0.230000 0.090000 1.000000
0.380000 0.230000 0.090000 1.000000
0.380000 0.230000 0.090000 1.000000
0.380000 0.230000 0.090000 1.000000
0.380000 0.230000 0.090000 1.000000
0.380000 0.230000 0.090000 1.000000
0.380000 0.230000 0.090000 1.000000
0.380000 0.230000 0.090000 1.000000
0.380000 0.230000 0.090000 1.000000
0.380000 0.230000 0.090000 1.000000
0.380000 0.230000 0.090000 1.000000
0.380000 0.230000 0.090000 1.000000
0.380000 0.230000 0.090000 1.000000
0.380000 0.230000 0.090000 1.000000
0.380000 0.230000 0.090000 1.000000
0.380000 0.230000 0.090000 1.000000
0.380000 0.230000 0.090000 1.000000
0.380000 0.230000 0.090000 1.000000
0.380000 0.230000 0.090000 1.000000
0.380000 0.230000 0.090000 1.000000
0.380000 0.230000 0.090000 1.000000
0.380000 0.230000 0.090000 1.000000
0.380000 0.230000 0.090000 1.000000
0.380000 0.230000 0.090000 1.000000
0.380000 0.230000 0.090000 1.000000
0.380000 0.230000 0.090000 1.000000
0.380000 0.230000 0.090000 1.000000
0.380000 0.230000 0.090000 1.000000
0.380000 0.230000 0.090000 1.000000
0.380000 0.230000 0.090000 1.000000
0.380000 0.230000 0.090000 1.000000
0.380000 0.230000 0.090000 1.000000
0.380000 0.230000 0.090000 1.000000
0.380000 0.230000 0.090000 1.000000
0.380000 0.230000 0.090000 1.000000
0.380000 0.230000 0.090000 1.000000
0.380000 0.230000 0.090000 1.000000
0.380000 0.230000 0.090000 1.000000
0.380000 0.230000 0.090000 1.000000
0.380000 0.230000 0.090000 1.000000
0.380000 0.230000 0.090000 1.000000
0.380000 0.230000 0.090000 1.000000
0.380000 0.230000 0.090000 1.000000
0.380000 0.230000 0.090000 1.000000
0.380000 0.230000 0.090000 1.000000
0.380000 0.230000 0.090000 1.000000
0.380000 0.230000 0.090000 1.000000
0.380000 0.230000 0.090000 1.000000
0.380000 0.230000 0.090000 1.000000
0.380000 0.230000 0.090000 1.000000
0.380000 0.230000 0.090000 1.000000
0.380000 0.230000 0.090000 1.000000
0.380000 0.230000 0.090000 1.000000
0.380000 0.230000 0.090000 1.000000
0.380000 0.230000 0.090000 1.000000
0.380000 0.230000 0.090000 1.000000
0.380000 0.230000 0.090000 1.000000
0.380000 0.230000 0.090000 1.000000
0.380000 0.230000 0.090000 1.000000
0.380000 0.230000 0.090000 1.000000
0.380000 0.230000 0.090000 1.000000
0.380000 0.230000 0.090000 1.000000
0.380000 0.230000 0.090000 1.000000
0.380000 0.230000 0.090000 1.000000
0.380000 0.230000 0.090000 1.000000
0.380000 0.230000 0.090000 1.000000
0.380000 0.230000 0.090000 1.000000
0.380000 0.230000 0.090000 1.000000
0.380000 0.230000 0.090000 1.000000
0.380000 0.230000 0.090000 1.000000
0.380000 0.230000 0.090000 1.000000
0.380000 0.230000 0.090000 1.000000
0.380000 0.230000 0.090000 1.000000
0.380000 0.230000 0.090000 1.000000
0.380000 0.230000 0.090000 1.000000
0.380000 0.230000 0.090000 1.000000
0.380000 0.230000 0.090000 1.000000
0.380000 0.230000 0.090000 1.000000
0.380000 0.230000 0.090000 1.000000
0.380000 0.230000 0.090000 1.000000
0.380000 0.230000 0.090000 1.000000
0.380000 0.230000 0.090000 1.000000
0.380000 0.230000 0.090000 1.000000
0.380000 0.230000 0.090000 1.000000
0.380000 0.230000 0.090000 1.000000
0.380000 0.230000 0.090000 1.000000
0.380000 0.230000 0.090000 1.000000
0.380000 0.230000 0.090000 1.000000
0.380000 0.230000 0.090000 1.000000
0.380000 0.230000 0.090000 1.000000
0.380000 0.230000 0.090000 1.000000
0.380000 0.230000 0.090000 1.000000
0.380000 0.230000 0.090000 1.000000
0.380000 0.230000 0.090000 1.000000
0.380000 0.230000 0.090000 1.000000
0.380000 0.230000 0.090000 1.000000
0.380000 0.230000 0.090000 1.000000
0.380000 0.230000 0.090000 1.000000
0.380000 0.230000 0.090000 1.000000
0.380000 0.230000 0.090000 1.000000
0.380000 0.230000 0.090000 1.000000
0.380000 0.230000 0.090000 1.000000
0.380000 0.230000 0.090000 1.000000
0.380000 0.230000 0.090000 1.000000
0.380000 0.230000 0.090000 1.000000
0.380000 0.230000 0.090000 1.000000
0.380000 0.230000 0.090000 1.000000
0.380000 0.230000 0.090000 1.000000
0.380000 0.230000 0.090000 1.000000
0.380000 0.230000 0.090000 1.000000
0.380000 0.230000 0.090000 1.000000
0.380000 0.230000 0.090000 1.000000
0.380000 0.230000 0.090000 1.000000
0.380000 0.230000 0.090000 1.000000
0.380000 0.230000 0.090000 1.000000
0.380000 0.230000 0.090000 1.000000
0.380000 0.230000 0.090000 1.000000
0.380000 0.230000 0.090000 1.000000
0.380000 0.230000 0.090000 1.000000
0.380000 0.230000 0.090000 1.000000
0.380000 0.230000 0.090000 1.000000
0.380000 0.230000 0.090000 1.000000
0.380000 0.230000 0.090000 1.000000
0.380000 0.230000 0.090000 1.000000
0.380000 0.230000 0.090000 1.000000
0.380000 0.230000 0.090000 1.000000
0.380000 0.230000 0.090000 1.000000
0.380000 0.230000 0.090000 1.000000
0.380000 0.230000 0.090000 1.000000
0.380000 0.230000 0.090000 1.000000
0.380000 0.230000 0.090000 1.000000
0.380000 0.230000 0.090000 1.000000
0.380000 0.230000 0.090000 1.000000
0.380000 0.230000 0.090000 1.000000
0.380000 0.230000 0.090000 1.000000
0.380000 0.230000 0.090000 1.000000
0.380000 0.230000 0.090000 1.000000
0.380000 0.230000 0.090000 1.000000
0.380000 0.230000 0.090000 1.000000
0.380000 0.230000 0.090000 1.000000
0.380000 0.230000 0.090000 1.000000
0.380000 0.230000 0.090000 1.000000
0.380000 0.230000 0.090000 1.000000
0.380000 0.230000 0.090000 1.000000
0.380000 0.230000 0.090000 1.000000
0.380000 0.230000 0.090000 1.000000
0.380000 0.230000 0.090000 1.000000
0.380000 0.230000 0.090000 1.000000
0.380000 0.230000 0.090000 1.000000
0.380000 0.230000 0.090000 1.000000
0.380000 0.230000 0.090000 1.000000
0.380000 0.230000 0.090000 1.000000
0.380000 0.230000 0.090000 1.000000
0.380000 0.230000 0.090000 1.000000
0.380000 0.230000 0.090000 1.000000
0.380000 0.230000 0.090000 1.000000
0.380000 0.230000 0.090000 1.000000
0.380000 0.230000 0.090000 1.000000
0.380000 0.230000 0.090000 1.000000
0.380000 0.230000 0.090000 1.000000
0.380000 0.230000 0.090000 1.000000
0.380000 0.230000 0.090000 1.000000
0.380000 0.230000 0.090000 1.000000
0.380000 0.230000 0.090000 1.000000
0.380000 0.230000 0.090000 1.000000
0.380000 0.230000 0.090000 1.000000
0.380000 0.230000 0.090000 1.000000
0.380000 0.230000 0.090000 1.000000
0.380000 0.230000 0.090000 1.000000
0.380000 0.230000 0.090000 1.000000
0.380000 0.230000 0.090000 1.000000
0.380000 0.230000 0.090000 1.000000
0.380000 0.230000 0.090000 1.000000
0.380000 0.230000 0.090000 1.000000
0.380000 0.230000 0.090000 1.000000
0.380000 0.230000 0.090000 1.000000
0.380000 0.230000 0.090000 1.000000
0.380000 0.230000 0.090000 1.000000
0.380000 0.230000 0.090000 1.000000
0.380000 0.230000 0.090000 1.000000
0.380000 0.230000 0.090000 1.000000
0.380000 0.230000 0.090000 1.000000
0.380000 0.230000 0.090000 1.000000
0.380000 0.230000 0.090000 1.000000
0.380000 0.230000 0.090000 1.000000
0.380000 0.230000 0.090000 1.000000
0.380000 0.230000 0.090000 1.000000
0.380000 0.230000 0.090000 1.000000
0.380000 0.230000 0.090000 1.000000
0.380000 0.230000 0.090000 1.000000
0.380000 0.230000 0.090000 1.000000
0.380000 0.230000 0.090000 1.000000
0.380000 0.230000 0.090000 1.000000
0.380000 0.230000 0.090000 1.000000
0.380000 0.230000 0.090000 1.000000
0.380000 0.230000 0.090000 1.000000
0.380000 0.230000 0.090000 1.000000
0.380000 0.230000 0.090000 1.000000
0.380000 0.230000 0.090000 1.000000
0.380000 0.230000 0.090000 1.000000
0.380000 0.230000 0.090000 1.000000
0.380000 0.230000 0.090000 1.000000
0.380000 0.230000 0.090000 1.000000
0.380000 0.230000 0.090000 1.000000
0.380000 0.230000 0.090000 1.000000
0.380000 0.230000 0.090000 1.000000
0.380000 0.230000 0.090000 1.000000
0.380000 0.230000 0.090000 1.000000
0.380000 0.230000 0.090000 1.000000
0.380000 0.230000 0.090000 1.000000
0.380000 0.230000 0.090000 1.000000
0.380000 0.230000 0.090000 1.000000
0.380000 0.230000 0.090000 1.000000
0.380000 0.230000 0.090000 1.000000
0.380000 0.230000 0.090000 1.000000
0.380000 0.230000 0.090000 1.000000
0.380000 0.230000 0.090000 1.000000
0.380000 0.230000 0.090000 1.000000
0.380000 0.230000 0.090000 1.000000
0.380000 0.230000 0.090000 1.000000
0.380000 0.230000 0.090000 1.000000
0.380000 0.230000 0.090000 1.000000
0.380000 0.230000 0.090000 1.000000
0.380000 0.230000 0.090000 1.000000
0.380000 0.230000 0.090000 1.000000
0.380000 0.230000 0.090000 1.000000
0.380000 0.230000 0.090000 1.000000
0.380000 0.230000 0.090000 1.000000
0.380000 0.230000 0.090000 1.000000
0.380000 0.230000 0.090000 1.000000
0.380000 0.230000 0.090000 1.000000
0.380000 0.230000 0.090000 1.000000
0.380000 0.230000 0.090000 1.000000
0.380000 0.230000 0.090000 1.000000
0.380000 0.230000 0.090000 1.000000
0.380000 0.230000 0.090000 1.000000
0.380000 0.230000 0.090000 1.000000
0.380000 0.230000 0.090000 1.000000
0.380000 0.230000 0.090000 1.000000
0.380000 0.230000 0.090000 1.000000
0.380000 0.230000 0.090000 1.000000
0.380000 0.230000 0.090000 1.000000
0.380000 0.230000 0.090000 1.000000
0.380000 0.230000 0.090000 1.000000
0.380000 0.230000 0.090000 1.000000
0.380000 0.230000 0.090000 1.000000
0.380000 0.230000 0.090000 1.000000
0.380000 0.230000 0.090000 1.000000
0.380000 0.230000 0.090000 1.000000
0.380000 0.230000 0.090000 1.000000
0.380000 0.230000 0.090000 1.000000
0.380000 0.230000 0.090000 1.000000
0.380000 0.230000 0.090000 1.000000
0.380000 0.230000 0.090000 1.000000
0.380000 0.230000 0.090000 1.000000
0.380000 0.230000 0.090000 1.000000
0.380000 0.230000 0.090000 1.000000
0.380000 0.230000 0.090000 1.000000
0.380000 0.230000 0.090000 1.000000
0.380000 0.230000 0.090000 1.000000
0.380000 0.230000 0.090000 1.000000
0.380000 0.230000 0.090000 1.000000
0.380000 0.230000 0.090000 1.000000
0.380000 0.230000 0.090000 1.000000
0.380000 0.230000 0.090000 1.000000
0.380000 0.230000 0.090000 1.000000
0.380000 0.230000 0.090000 1.000000
0.380000 0.230000 0.090000 1.000000
0.380000 0.230000 0.090000 1.000000
0.380000 0.230000 0.090000 1.000000
0.380000 0.230000 0.090000 1.000000
0.380000 0.230000 0.090000 1.000000
0.380000 0.230000 0.090000 1.000000
0.380000 0.230000 0.090000 1.000000
0.380000 0.230000 0.090000 1.000000
0.380000 0.230000 0.090000 1.000000
0.380000 0.230000 0.090000 1.000000
0.380000 0.230000 0.090000 1.000000
0.380000 0.230000 0.090000 1.000000
0.380000 0.230000 0.090000 1.000000
0.380000 0.230000 0.090000 1.000000
0.380000 0.230000 0.090000 1.000000
0.380000 0.230000 0.090000 1.000000
0.380000 0.230000 0.090000 1.000000
0.380000 0.230000 0.090000 1.000000
0.380000 0.230000 0.090000 1.000000
0.380000 0.230000 0.090000 1.000000
0.380000 0.230000 0.090000 1.000000
0.380000 0.230000 0.090000 1.000000
0.380000 0.230000 0.090000 1.000000
0.380000 0.230000 0.090000 1.000000
0.380000 0.230000 0.090000 1.000000
0.380000 0.230000 0.090000 1.000000
0.380000 0.230000 0.090000 1.000000
0.380000 0.230000 0.090000 1.000000
0.380000 0.230000 0.090000 1.000000
0.380000 0.230000 0.090000 1.000000
0.380000 0.230000 0.090000 1.000000
0.380000 0.230000 0.090000 1.000000
0.380000 0.230000 0.090000 1.000000
0.380000 0.230000 0.090000 1.000000
0.380000 0.230000 0.090000 1.000000
0.380000 0.230000 0.090000 1.000000
0.380000 0.230000 0.090000 1.000000
0.380000 0.230000 0.090000 1.000000
0.380000 0.230000 0.090000 1.000000
0.380000 0.230000 0.090000 1.000000
0.380000 0.230000 0.090000 1.000000
0.380000 0.230000 0.090000 1.000000
0.380000 0.230000 0.090000 1.000000
0.380000 0.230000 0.090000 1.000000
0.380000 0.230000 0.090000 1.000000
0.380000 0.230000 0.090000 1.000000
0.380000 0.230000 0.090000 1.000000
0.380000 0.230000 0.090000 1.000000
0.380000 0.230000 0.090000 1.000000
0.380000 0.230000 0.090000 1.000000
0.380000 0.230000 0.090000 1.000000
0.380000 0.230000 0.090000 1.000000
0.380000 0.230000 0.090000 1.000000
0.380000 0.230000 0.090000 1.000000
0.380000 0.230000 0.090000 1.000000
0.380000 0.230000 0.090000 1.000000
0.380000 0.230000 0.090000 1.000000
0.380000 0.230000 0.090000 1.000000
0.380000 0.230000 0.090000 1.000000
0.380000 0.230000 0.090000 1.000000
0.380000 0.230000 0.090000 1.000000
0.380000 0.230000 0.090000 1.000000
0.380000 0.230000 0.090000 1.000000
0.380000 0.230000 0.090000 1.000000
0.380000 0.230000 0.090000 1.000000
0.380000 0.230000 0.090000 1.000000
0.380000 0.230000 0.090000 1.000000
0.380000 0.230000 0.090000 1.000000
0.380000 0.230000 0.090000 1.000000
0.380000 0.230000 0.090000 1.000000
0.380000 0.230000 0.090000 1.000000
0.380000 0.230000 0.090000 1.000000
0.380000 0.230000 0.090000 1.000000
0.380000 0.230000 0.090000 1.000000
0.380000 0.230000 0.090000 1.000000
0.380000 0.230000 0.090000 1.000000
0.380000 0.230000 0.090000 1.000000
0.380000 0.230000 0.090000 1.000000
0.380000 0.230000 0.090000 1.000000
0.380000 0.230000 0.090000 1.000000
0.380000 0.230000 0.090000 1.000000
0.380000 0.230000 0.090000 1.000000
0.380000 0.230000 0.090000 1.000000
0.380000 0.230000 0.090000 1.000000
0.380000 0.230000 0.090000 1.000000
0.380000 0.230000 0.090000 1.000000
0.380000 0.230000 0.090000 1.000000
0.380000 0.230000 0.090000 1.000000
0.380000 0.230000 0.090000 1.000000
0.380000 0.230000 0.090000 1.000000
0.380000 0.230000 0.090000 1.000000
0.380000 0.230000 0.090000 1.000000
0.380000 0.230000 0.090000 1.000000
0.380000 0.230000 0.090000 1.000000
0.380000 0.230000 0.090000 1.000000
0.380000 0.230000 0.090000 1.000000
0.380000 0.230000 0.090000 1.000000
0.380000 0.230000 0.090000 1.000000
0.380000 0.230000 0.090000 1.000000
0.380000 0.230000 0.090000 1.000000
0.380000 0.230000 0.090000 1.000000
0.380000 0.230000 0.090000 1.000000
0.380000 0.230000 0.090000 1.000000
0.380000 0.230000 0.090000 1.000000
0.380000 0.230000 0.090000 1.000000
0.380000 0.230000 0.090000 1.000000
0.380000 0.230000 0.090000 1.000000
0.380000 0.230000 0.090000 1.000000
0.380000 0.230000 0.090000 1.000000
0.380000 0.230000 0.090000 1.000000
0.380000 0.230000 0.090000 1.000000
0.380000 0.230000 0.090000 1.000000
0.380000 0.230000 0.090000 1.000000
0.380000 0.230000 0.090000 1.000000
0.380000 0.230000 0.090000 1.000000
0.380000 0.230000 0.090000 1.000000
0.380000 0.230000 0.090000 1.000000
0.380000 0.230000 0.090000 1.000000
0.380000 0.230000 0.090000 1.000000
0.380000 0.230000 0.090000 1.000000
0.380000 0.230000 0.090000 1.000000
0.380000 0.230000 0.090000 1.000000
0.380000 0.230000 0.090000 1.000000
0.380000 0.230000 0.090000 1.000000
0.380000 0.230000 0.090000 1.000000
0.380000 0.230000 0.090000 1.000000
0.380000 0.230000 0.090000 1.000000
0.380000 0.230000 0.090000 1.000000
0.380000 0.230000 0.090000 1.000000
0.380000 0.230000 0.090000 1.000000
0.380000 0.230000 0.090000 1.000000
0.380000 0.230000 0.090000 1.000000
0.380000 0.230000 0.090000 1.000000
0.380000 0.230000 0.090000 1.000000
0.380000 0.230000 0.090000 1.000000
0.380000 0.230000 0.090000 1.000000
0.380000 0.230000 0.090000 1.000000
0.380000 0.230000 0.090000 1.000000
0.380000 0.230000 0.090000 1.000000
0.380000 0.230000 0.090000 1.000000
0.380000 0.230000 0.090000 1.000000
0.380000 0.230000 0.090000 1.000000
0.380000 0.230000 0.090000 1.000000
0.380000 0.230000 0.090000 1.000000
0.380000 0.230000 0.090000 1.000000
0.380000 0.230000 0.090000 1.000000
0.380000 0.230000 0.090000 1.000000
0.380000 0.230000 0.090000 1.000000
0.380000 0.230000 0.090000 1.000000
0.380000 0.230000 0.090000 1.000000
0.380000 0.230000 0.090000 1.000000
0.380000 0.230000 0.090000 1.000000
0.380000 0.230000 0.090000 1.000000
0.380000 0.230000 0.090000 1.000000
0.380000 0.230000 0.090000 1.000000
0.380000 0.230000 0.090000 1.000000
0.380000 0.230000 0.090000 1.000000
0.380000 0.230000 0.090000 1.000000
0.380000 0.230000 0.090000 1.000000
0.380000 0.230000 0.090000 1.000000
0.380000 0.230000 0.090000 1.000000
0.380000 0.230000 0.090000 1.000000
0.380000 0.230000 0.090000 1.000000
0.380000 0.230000 0.090000 1.000000
0.380000 0.230000 0.090000 1.000000
0.380000 0.230000 0.090000 1.000000
0.380000 0.230000 0.090000 1.000000
0.380000 0.230000 0.090000 1.000000
0.380000 0.230000 0.090000 1.000000
0.380000 0.230000 0.090000 1.000000
0.380000 0.230000 0.090000 1.000000
0.380000 0.230000 0.090000 1.000000
0.380000 0.230000 0.090000 1.000000
0.380000 0.230000 0.090000 1.000000
0.380000 0.230000 0.090000 1.000000
0.380000 0.230000 0.090000 1.000000
0.380000 0.230000 0.090000 1.000000
0.380000 0.230000 0.090000 1.000000
0.380000 0.230000 0.090000 1.000000
0.380000 0.230000 0.090000 1.000000
0.380000 0.230000 0.090000 1.000000
0.380000 0.230000 0.090000 1.000000
0.380000 0.230000 0.090000 1.000000
0.380000 0.230000 0.090000 1.000000
0.380000 0.230000 0.090000 1.000000
0.380000 0.230000 0.090000 1.000000
0.380000 0.230000 0.090000 1.000000
0.380000 0.230000 0.090000 1.000000
0.380000 0.230000 0.090000 1.000000
0.380000 0.230000 0.090000 1.000000
0.380000 0.230000 0.090000 1.000000
0.380000 0.230000 0.090000 1.000000
0.380000 0.230000 0.090000 1.000000
0.380000 0.230000 0.090000 1.000000
0.380000 0.230000 0.090000 1.000000
0.380000 0.230000 0.090000 1.000000
0.380000 0.230000 0.090000 1.000000
0.380000 0.230000 0.090000 1.000000
0.380000 0.230000 0.090000 1.000000
0.380000 0.230000 0.090000 1.000000
0.380000 0.230000 0.090000 1.000000
0.380000 0.230000 0.090000 1.000000
0.380000 0.230000 0.090000 1.000000
0.380000 0.230000 0.090000 1.000000
0.380000 0.230000 0.090000 1.000000
0.380000 0.230000 0.090000 1.000000
0.380000 0.230000 0.090000 1.000000
0.380000 0.230000 0.090000 1.000000
0.380000 0.230000 0.090000 1.000000
0.380000 0.230000 0.090000 1.000000
0.380000 0.230000 0.090000 1.000000
0.380000 0.230000 0.090000 1.000000
0.380000 0.230000 0.090000 1.000000
0.380000 0.230000 0.090000 1.000000
0.380000 0.230000 0.090000 1.000000
0.380000 0.230000 0.090000 1.000000
0.380000 0.230000 0.090000 1.000000
0.380000 0.230000 0.090000 1.000000
0.380000 0.230000 0.090000 1.000000
0.380000 0.230000 0.090000 1.000000
0.380000 0.230000 0.090000 1.000000
0.380000 0.230000 0.090000 1.000000
0.380000 0.230000 0.090000 1.000000
0.380000 0.230000 0.090000 1.000000
0.380000 0.230000 0.090000 1.000000
0.380000 0.230000 0.090000 1.000000
0.380000 0.230000 0.090000 1.000000
0.380000 0.230000 0.090000 1.000000
0.380000 0.230000 0.090000 1.000000
0.380000 0.230000 0.090000 1.000000
0.380000 0.230000 0.090000 1.000000
0.380000 0.230000 0.090000 1.000000
0.380000 0.230000 0.090000 1.000000
0.380000 0.230000 0.090000 1.000000
0.380000 0.230000 0.090000 1.000000
0.380000 0.230000 0.090000 1.000000
0.380000 0.230000 0.090000 1.000000
0.380000 0.230000 0.090000 1.000000
0.380000 0.230000 0.090000 1.000000
0.380000 0.230000 0.090000 1.000000
0.380000 0.230000 0.090000 1.000000
0.380000 0.230000 0.090000 1.000000
0.380000 0.230000 0.090000 1.000000
0.380000 0.230000 0.090000 1.000000
0.380000 0.230000 0.090000 1.000000
0.380000 0.230000 0.090000 1.000000
0.380000 0.230000 0.090000 1.000000
0.380000 0.230000 0.090000 1.000000
0.380000 0.230000 0.090000 1.000000
0.380000 0.230000 0.090000 1.000000
0.380000 0.230000 0.090000 1.000000
0.380000 0.230000 0.090000 1.000000
0.380000 0.230000 0.090000 1.000000
0.380000 0.230000 0.090000 1.000000
0.380000 0.230000 0.090000 1.000000
0.380000 0.230000 0.090000 1.000000
0.380000 0.230000 0.090000 1.000000
0.380000 0.230000 0.090000 1.000000
0.380000 0.230000 0.090000 1.000000
0.380000 0.230000 0.090000 1.000000
0.380000 0.230000 0.090000 1.000000
0.380000 0.230000 0.090000 1.000000
0.380000 0.230000 0.090000 1.000000
0.380000 0.230000 0.090000 1.000000
0.380000 0.230000 0.090000 1.000000
0.380000 0.230000 0.090000 1.000000
0.380000 0.230000 0.090000 1.000000
0.380000 0.230000 0.090000 1.000000
0.380000 0.230000 0.090000 1.000000
0.380000 0.230000 0.090000 1.000000
0.380000 0.230000 0.090000 1.000000
0.380000 0.230000 0.090000 1.000000
0.380000 0.230000 0.090000 1.000000
0.380000 0.230000 0.090000 1.000000
0.380000 0.230000 0.090000 1.000000
0.380000 0.230000 0.090000 1.000000
0.380000 0.230000 0.090000 1.000000
0.380000 0.230000 0.090000 1.000000
0.380000 0.230000 0.090000 1.000000
0.380000 0.230000 0.090000 1.000000
0.380000 0.230000 0.090000 1.000000
0.380000 0.230000 0.090000 1.000000
0.380000 0.230000 0.090000 1.000000
0.380000 0.230000 0.090000 1.000000
0.380000 0.230000 0.090000 1.000000
0.380000 0.230000 0.090000 1.000000
0.380000 0.230000 0.090000 1.000000
0.380000 0.230000 0.090000 1.000000
0.380000 0.230000 0.090000 1.000000
0.380000 0.230000 0.090000 1.000000
0.380000 0.230000 0.090000 1.000000
0.380000 0.230000 0.090000 1.000000
0.380000 0.230000 0.090000 1.000000
0.380000 0.230000 0.090000 1.000000
0.380000 0.230000 0.090000 1.000000
0.380000 0.230000 0.090000 1.000000
0.380000 0.230000 0.090000 1.000000
0.380000 0.230000 0.090000 1.000000
0.380000 0.230000 0.090000 1.000000
0.380000 0.230000 0.090000 1.000000
0.380000 0.230000 0.090000 1.000000
0.380000 0.230000 0.090000 1.000000
0.380000 0.230000 0.090000 1.000000
0.380000 0.230000 0.090000 1.000000
0.380000 0.230000 0.090000 1.000000
0.380000 0.230000 0.090000 1.000000
0.380000 0.230000 0.090000 1.000000
0.380000 0.230000 0.090000 1.000000
0.380000 0.230000 0.090000 1.000000
0.380000 0.230000 0.090000 1.000000
0.380000 0.230000 0.090000 1.000000
0.380000 0.230000 0.090000 1.000000
0.380000 0.230000 0.090000 1.000000
0.380000 0.230000 0.090000 1.000000
0.380000 0.230000 0.090000 1.000000
0.380000 0.230000 0.090000 1.000000
0.380000 0.230000 0.090000 1.000000
0.380000 0.230000 0.090000 1.000000
0.380000 0.230000 0.090000 1.000000
0.380000 0.230000 0.090000 1.000000
0.380000 0.230000 0.090000 1.000000
0.380000 0.230000 0.090000 1.000000
0.380000 0.230000 0.090000 1.000000
0.380000 0.230000 0.090000 1.000000
0.380000 0.230000 0.090000 1.000000
0.380000 0.230000 0.090000 1.000000
0.380000 0.230000 0.090000 1.000000
0.380000 0.230000 0.090000 1.000000
0.380000 0.230000 0.090000 1.000000
0.380000 0.230000 0.090000 1.000000
0.380000 0.230000 0.090000 1.000000
0.380000 0.230000 0.090000 1.000000
0.380000 0.230000 0.090000 1.000000
0.380000 0.230000 0.090000 1.000000
0.380000 0.230000 0.090000 1.000000
0.380000 0.230000 0.090000 1.000000
0.380000 0.230000 0.090000 1.000000
0.380000 0.230000 0.090000 1.000000
0.380000 0.230000 0.090000 1.000000
0.380000 0.230000 0.090000 1.000000
0.380000 0.230000 0.090000 1.000000
0.380000 0.230000 0.090000 1.000000
0.380000 0.230000 0.090000 1.000000
0.380000 0.230000 0.090000 1.000000
0.380000 0.230000 0.090000 1.000000
0.380000 0.230000 0.090000 1.000000
0.380000 0.230000 0.090000 1.000000
0.380000 0.230000 0.090000 1.000000
0.380000 0.230000 0.090000 1.000000
0.380000 0.230000 0.090000 1.000000
0.380000 0.230000 0.090000 1.000000
0.380000 0.230000 0.090000 1.000000
0.380000 0.230000 0.090000 1.000000
0.380000 0.230000 0.090000 1.000000
0.380000 0.230000 0.090000 1.000000
0.380000 0.230000 0.090000 1.000000
0.380000 0.230000 0.090000 1.000000
0.380000 0.230000 0.090000 1.000000
0.380000 0.230000 0.090000 1.000000
0.380000 0.230000 0.090000 1.000000
0.380000 0.230000 0.090000 1.000000
0.380000 0.230000 0.090000 1.000000
0.380000 0.230000 0.090000 1.000000
0.380000 0.230000 0.090000 1.000000
0.380000 0.230000 0.090000 1.000000
0.380000 0.230000 0.090000 1.000000
0.380000 0.230000 0.090000 1.000000
0.380000 0.230000 0.090000 1.000000
0.380000 0.230000 0.090000 1.000000
0.380000 0.230000 0.090000 1.000000
0.380000 0.230000 0.090000 1.000000
0.380000 0.230000 0.090000 1.000000
0.380000 0.230000 0.090000 1.000000
0.380000 0.230000 0.090000 1.000000
0.380000 0.230000 0.090000 1.000000
0.380000 0.230000 0.090000 1.000000
0.380000 0.230000 0.090000 1.000000
0.380000 0.230000 0.090000 1.000000
0.380000 0.230000 0.090000 1.000000
0.380000 0.230000 0.090000 1.000000
0.380000 0.230000 0.090000 1.000000
0.380000 0.230000 0.090000 1.000000
0.380000 0.230000 0.090000 1.000000
0.380000 0.230000 0.090000 1.000000
0.380000 0.230000 0.090000 1.000000
0.380000 0.230000 0.090000 1.000000
0.380000 0.230000 0.090000 1.000000
0.380000 0.230000 0.090000 1.000000
0.380000 0.230000 0.090000 1.000000
0.380000 0.230000 0.090000 1.000000
0.380000 0.230000 0.090000 1.000000
0.380000 0.230000 0.090000 1.000000
0.380000 0.230000 0.090000 1.000000
0.380000 0.230000 0.090000 1.000000
0.380000 0.230000 0.090000 1.000000
0.380000 0.230000 0.090000 1.000000
0.380000 0.230000 0.090000 1.000000
0.380000 0.230000 0.090000 1.000000
0.380000 0.230000 0.090000 1.000000
0.380000 0.230000 0.090000 1.000000
0.380000 0.230000 0.090000 1.000000
0.380000 0.230000 0.090000 1.000000
0.380000 0.230000 0.090000 1.000000
0.380000 0.230000 0.090000 1.000000
0.380000 0.230000 0.090000 1.000000
0.380000 0.230000 0.090000 1.000000
0.380000 0.230000 0.090000 1.000000
0.380000 0.230000 0.090000 1.000000
0.380000 0.230000 0.090000 1.000000
0.380000 0.230000 0.090000 1.000000
0.380000 0.230000 0.090000 1.000000
0.380000 0.230000 0.090000 1.000000
0.380000 0.230000 0.090000 1.000000
0.380000 0.230000 0.090000 1.000000
0.380000 0.230000 0.090000 1.000000
0.380000 0.230000 0.090000 1.000000
0.380000 0.230000 0.090000 1.000000
0.380000 0.230000 0.090000 1.000000
0.380000 0.230000 0.090000 1.000000
0.380000 0.230000 0.090000 1.000000
0.380000 0.230000 0.090000 1.000000
0.380000 0.230000 0.090000 1.000000
0.380000 0.230000 0.090000 1.000000
0.380000 0.230000 0.090000 1.000000
0.380000 0.230000 0.090000 1.000000
0.380000 0.230000 0.090000 1.000000
0.380000 0.230000 0.090000 1.000000
0.380000 0.230000 0.090000 1.000000
0.380000 0.230000 0.090000 1.000000
0.380000 0.230000 0.090000 1.000000
0.380000 0.230000 0.090000 1.000000
0.380000 0.230000 0.090000 1.000000
0.380000 0.230000 0.090000 1.000000
0.380000 0.230000 0.090000 1.000000
0.380000 0.230000 0.090000 1.000000
0.380000 0.230000 0.090000 1.000000
0.380000 0.230000 0.090000 1.000000
0.380000 0.230000 0.090000 1.000000
0.380000 0.230000 0.090000 1.000000
0.380000 0.230000 0.090000 1.000000
0.380000 0.230000 0.090000 1.000000
0.380000 0.230000 0.090000 1.000000
0.380000 0.230000 0.090000 1.000000
0.380000 0.230000 0.090000 1.000000
0.380000 0.230000 0.090000 1.000000
0.380000 0.230000 0.090000 1.000000
0.380000 0.230000 0.090000 1.000000
0.380000 0.230000 0.090000 1.000000
0.380000 0.230000 0.090000 1.000000
0.380000 0.230000 0.090000 1.000000
0.380000 0.230000 0.090000 1.000000
0.380000 0.230000 0.090000 1.000000
0.380000 0.230000 0.090000 1.000000
0.380000 0.230000 0.090000 1.000000
0.380000 0.230000 0.090000 1.000000
0.380000 0.230000 0.090000 1.000000
0.380000 0.230000 0.090000 1.000000
0.380000 0.230000 0.090000 1.000000
0.380000 0.230000 0.090000 1.000000
0.380000 0.230000 0.090000 1.000000
0.380000 0.230000 0.090000 1.000000
0.380000 0.230000 0.090000 1.000000
0.380000 0.230000 0.090000 1.000000
0.380000 0.230000 0.090000 1.000000
0.380000 0.230000 0.090000 1.000000
0.380000 0.230000 0.090000 1.000000
0.380000 0.230000 0.090000 1.000000
0.380000 0.230000 0.090000 1.000000
0.380000 0.230000 0.090000 1.000000
0.380000 0.230000 0.090000 1.000000
0.380000 0.230000 0.090000 1.000000
0.380000 0.230000 0.090000 1.000000
0.380000 0.230000 0.090000 1.000000
0.380000 0.230000 0.090000 1.000000
0.380000 0.230000 0.090000 1.000000
0.380000 0.230000 0.090000 1.000000
0.380000 0.230000 0.090000 1.000000
0.380000 0.230000 0.090000 1.000000
0.380000 0.230000 0.090000 1.000000
0.380000 0.230000 0.090000 1.000000
0.380000 0.230000 0.090000 1.000000
0.380000 0.230000 0.090000 1.000000
0.380000 0.230000 0.090000 1.000000
0.380000 0.230000 0.090000 1.000000
0.380000 0.230000 0.090000 1.000000
0.380000 0.230000 0.090000 1.000000
0.380000 0.230000 0.090000 1.000000
0.380000 0.230000 0.090000 1.000000
0.380000 0.230000 0.090000 1.000000
0.380000 0.230000 0.090000 1.000000
0.380000 0.230000 0.090000 1.000000
0.380000 0.230000 0.090000 1.000000
0.380000 0.230000 0.090000 1.000000
0.380000 0.230000 0.090000 1.000000
0.380000 0.230000 0.090000 1.000000
0.380000 0.230000 0.090000 1.000000
0.380000 0.230000 0.090000 1.000000
0.380000 0.230000 0.090000 1.000000
0.380000 0.230000 0.090000 1.000000
0.380000 0.230000 0.090000 1.000000
0.380000 0.230000 0.090000 1.000000
0.380000 0.230000 0.090000 1.000000
0.380000 0.230000 0.090000 1.000000
0.380000 0.230000 0.090000 1.000000
0.380000 0.230000 0.090000 1.000000
0.380000 0.230000 0.090000 1.000000
0.380000 0.230000 0.090000 1.000000
0.380000 0.230000 0.090000 1.000000
0.380000 0.230000 0.090000 1.000000
0.380000 0.230000 0.090000 1.000000
0.380000 0.230000 0.090000 1.000000
0.380000 0.230000 0.090000 1.000000
0.380000 0.230000 0.090000 1.000000
0.380000 0.230000 0.090000 1.000000
0.380000 0.230000 0.090000 1.000000
0.380000 0.230000 0.090000 1.000000
0.380000 0.230000 0.090000 1.000000
0.380000 0.230000 0.090000 1.000000
0.380000 0.230000 0.090000 1.000000
0.380000 0.230000 0.090000 1.000000
0.380000 0.230000 0.090000 1.000000
0.380000 0.230000 0.090000 1.000000
0.380000 0.230000 0.090000 1.000000
0.380000 0.230000 0.090000 1.000000
0.380000 0.230000 0.090000 1.000000
0.380000 0.230000 0.090000 1.000000
0.380000 0.230000 0.090000 1.000000
0.380000 0.230000 0.090000 1.000000
0.380000 0.230000 0.090000 1.000000
0.380000 0.230000 0.090000 1.000000
0.380000 0.230000 0.090000 1.000000
0.380000 0.230000 0.090000 1.000000
0.380000 0.230000 0.090000 1.000000
0.380000 0.230000 0.090000 1.000000
0.380000 0.230000 0.090000 1.000000
0.380000 0.230000 0.090000 1.000000
0.380000 0.230000 0.090000 1.000000
0.380000 0.230000 0.090000 1.000000
0.380000 0.230000 0.090000 1.000000
0.380000 0.230000 0.090000 1.000000
0.380000 0.230000 0.090000 1.000000
0.380000 0.230000 0.090000 1.000000
0.380000 0.230000 0.090000 1.000000
0.380000 0.230000 0.090000 1.000000
0.380000 0.230000 0.090000 1.000000
0.380000 0.230000 0.090000 1.000000
0.380000 0.230000 0.090000 1.000000
0.380000 0.230000 0.090000 1.000000
0.380000 0.230000 0.090000 1.000000
0.380000 0.230000 0.090000 1.000000
0.380000 0.230000 0.090000 1.000000
0.380000 0.230000 0.090000 1.000000
0.380000 0.230000 0.090000 1.000000
0.380000 0.230000 0.090000 1.000000
0.380000 0.230000 0.090000 1.000000
0.380000 0.230000 0.090000 1.000000
0.380000 0.230000 0.090000 1.000000
0.380000 0.230000 0.090000 1.000000
0.380000 0.230000 0.090000 1.000000
0.380000 0.230000 0.090000 1.000000
0.380000 0.230000 0.090000 1.000000
0.380000 0.230000 0.090000 1.000000
0.380000 0.230000 0.090000 1.000000
0.380000 0.230000 0.090000 1.000000
0.380000 0.230000 0.090000 1.000000
0.380000 0.230000 0.090000 1.000000
0.380000 0.230000 0.090000 1.000000
0.380000 0.230000 0.090000 1.000000
0.380000 0.230000 0.090000 1.000000
0.380000 0.230000 0.090000 1.000000
0.380000 0.230000 0.090000 1.000000
0.380000 0.230000 0.090000 1.000000
0.380000 0.230000 0.090000 1.000000
0.380000 0.230000 0.090000 1.000000
0.380000 0.230000 0.090000 1.000000
0.380000 0.230000 0.090000 1.000000
0.380000 0.230000 0.090000 1.000000
0.380000 0.230000 0.090000 1.000000
0.380000 0.230000 0.090000 1.000000
0.380000 0.230000 0.090000 1.000000
0.380000 0.230000 0.090000 1.000000
0.380000 0.230000 0.090000 1.000000
0.380000 0.230000 0.090000 1.000000
0.380000 0.230000 0.090000 1.000000
0.380000 0.230000 0.090000 1.000000
0.380000 0.230000 0.090000 1.000000
0.380000 0.230000 0.090000 1.000000
0.380000 0.230000 0.090000 1.000000
0.380000 0.230000 0.090000 1.000000
0.380000 0.230000 0.090000 1.000000
0.380000 0.230000 0.090000 1.000000
0.380000 0.230000 0.090000 1.000000
0.380000 0.230000 0.090000 1.000000
0.380000 0.230000 0.090000 1.000000
0.380000 0.230000 0.090000 1.000000
0.380000 0.230000 0.090000 1.000000
0.380000 0.230000 0.090000 1.000000
0.380000 0.230000 0.090000 1.000000
0.380000 0.230000 0.090000 1.000000
0.380000 0.230000 0.090000 1.000000
0.380000 0.230000 0.090000 1.000000
0.380000 0.230000 0.090000 1.000000
0.380000 0.230000 0.090000 1.000000
0.380000 0.230000 0.090000 1.000000
0.380000 0.230000 0.090000 1.000000
0.380000 0.230000 0.090000 1.000000
0.380000 0.230000 0.090000 1.000000
0.380000 0.230000 0.090000 1.000000
0.380000 0.230000 0.090000 1.000000
0.380000 0.230000 0.090000 1.000000
0.380000 0.230000 0.090000 1.000000
0.380000 0.230000 0.090000 1.000000
0.380000 0.230000 0.090000 1.000000
0.380000 0.230000 0.090000 1.000000
0.380000 0.230000 0.090000 1.000000
0.380000 0.230000 0.090000 1.000000
0.380000 0.230000 0.090000 1.000000
0.380000 0.230000 0.090000 1.000000
0.380000 0.230000 0.090000 1.000000
0.380000 0.230000 0.090000 1.000000
0.380000 0.230000 0.090000 1.000000
0.380000 0.230000 0.090000 1.000000
0.380000 0.230000 0.090000 1.000000
0.380000 0.230000 0.090000 1.000000
0.380000 0.230000 0.090000 1.000000
0.380000 0.230000 0.090000 1.000000
0.380000 0.230000 0.090000 1.000000
0.380000 0.230000 0.090000 1.000000
0.380000 0.230000 0.090000 1.000000
0.380000 0.230000 0.090000 1.000000
0.380000 0.230000 0.090000 1.000000
0.380000 0.230000 0.090000 1.000000
0.380000 0.230000 0.090000 1.000000
0.380000 0.230000 0.090000 1.000000
0.380000 0.230000 0.090000 1.000000
0.380000 0.230000 0.090000 1.000000
0.380000 0.230000 0.090000 1.000000
0.380000 0.230000 0.090000 1.000000
0.380000 0.230000 0.090000 1.000000
0.380000 0.230000 0.090000 1.000000
0.380000 0.230000 0.090000 1.000000
0.380000 0.230000 0.090000 1.000000
0.380000 0.230000 0.090000 1.000000
0.380000 0.230000 0.090000 1.000000
0.380000 0.230000 0.090000 1.000000
0.380000 0.230000 0.090000 1.000000
0.380000 0.230000 0.090000 1.000000
0.380000 0.230000 0.090000 1.000000
0.380000 0.230000 0.090000 1.000000
0.380000 0.230000 0.090000 1.000000
0.380000 0.230000 0.090000 1.000000
0.380000 0.230000 0.090000 1.000000
0.380000 0.230000 0.090000 1.000000
0.380000 0.230000 0.090000 1.000000
0.380000 0.230000 0.090000 1.000000
0.380000 0.230000 0.090000 1.000000
0.380000 0.230000 0.090000 1.000000
0.380000 0.230000 0.090000 1.000000
0.380000 0.230000 0.090000 1.000000
0.380000 0.230000 0.090000 1.000000
0.380000 0.230000 0.090000 1.000000
0.380000 0.230000 0.090000 1.000000
0.380000 0.230000 0.090000 1.000000
0.380000 0.230000 0.090000 1.000000
0.380000 0.230000 0.090000 1.000000
0.380000 0.230000 0.090000 1.000000
0.380000 0.230000 0.090000 1.000000
0.380000 0.230000 0.090000 1.000000
0.380000 0.230000 0.090000 1.000000
0.380000 0.230000 0.090000 1.000000
0.380000 0.230000 0.090000 1.000000
0.380000 0.230000 0.090000 1.000000
0.380000 0.230000 0.090000 1.000000
0.380000 0.230000 0.090000 1.000000
0.380000 0.230000 0.090000 1.000000
0.380000 0.230000 0.090000 1.000000
0.380000 0.230000 0.090000 1.000000
0.380000 0.230000 0.090000 1.000000
0.380000 0.230000 0.090000 1.000000
0.380000 0.230000 0.090000 1.000000
0.380000 0.230000 0.090000 1.000000
0.380000 0.230000 0.090000 1.000000
0.380000 0.230000 0.090000 1.000000
0.380000 0.230000 0.090000 1.000000
0.380000 0.230000 0.090000 1.000000
0.380000 0.230000 0.090000 1.000000
0.380000 0.230000 0.090000 1.000000
0.380000 0.230000 0.090000 1.000000
0.380000 0.230000 0.090000 1.000000
0.380000 0.230000 0.090000 1.000000
0.380000 0.230000 0.090000 1.000000
0.380000 0.230000 0.090000 1.000000
0.380000 0.230000 0.090000 1.000000
0.380000 0.230000 0.090000 1.000000
0.380000 0.230000 0.090000 1.000000
0.380000 0.230000 0.090000 1.000000
0.380000 0.230000 0.090000 1.000000
0.380000 0.230000 0.090000 1.000000
0.380000 0.230000 0.090000 1.000000
0.380000 0.230000 0.090000 1.000000
0.380000 0.230000 0.090000 1.000000
0.380000 0.230000 0.090000 1.000000
0.380000 0.230000 0.090000 1.000000
0.380000 0.230000 0.090000 1.000000
0.380000 0.230000 0.090000 1.000000
0.380000 0.230000 0.090000 1.000000
0.380000 0.230000 0.090000 1.000000
0.380000 0.230000 0.090000 1.000000
0.380000 0.230000 0.090000 1.000000
0.380000 0.230000 0.090000 1.000000
0.380000 0.230000 0.090000 1.000000
0.380000 0.230000 0.090000 1.000000
0.380000 0.230000 0.090000 1.000000
0.380000 0.230000 0.090000 1.000000
0.380000 0.230000 0.090000 1.000000
0.380000 0.230000 0.090000 1.000000
0.380000 0.230000 0.090000 1.000000
0.380000 0.230000 0.090000 1.000000
0.380000 0.230000 0.090000 1.000000
0.380000 0.230000 0.090000 1.000000
0.380000 0.230000 0.090000 1.000000
0.380000 0.230000 0.090000 1.000000
0.380000 0.230000 0.090000 1.000000
0.380000 0.230000 0.090000 1.000000
0.380000 0.230000 0.090000 1.000000
0.380000 0.230000 0.090000 1.000000
0.380000 0.230000 0.090000 1.000000
0.380000 0.230000 0.090000 1.000000
0.380000 0.230000 0.090000 1.000000
0.380000 0.230000 0.090000 1.000000
0.380000 0.230000 0.090000 1.000000
0.380000 0.230000 0.090000 1.000000
0.380000 0.230000 0.090000 1.000000
0.380000 0.230000 0.090000 1.000000
0.380000 0.230000 0.090000 1.000000
0.380000 0.230000 0.090000 1.000000
0.380000 0.230000 0.090000 1.000000
0.380000 0.230000 0.090000 1.000000
0.380000 0.230000 0.090000 1.000000
0.380000 0.230000 0.090000 1.000000
0.380000 0.230000 0.090000 1.000000
0.380000 0.230000 0.090000 1.000000
0.380000 0.230000 0.090000 1.000000
0.380000 0.230000 0.090000 1.000000
0.380000 0.230000 0.090000 1.000000
0.380000 0.230000 0.090000 1.000000
0.380000 0.230000 0.090000 1.000000
0.380000 0.230000 0.090000 1.000000
0.380000 0.230000 0.090000 1.000000
0.380000 0.230000 0.090000 1.000000
0.380000 0.230000 0.090000 1.000000
0.380000 0.230000 0.090000 1.000000
0.380000 0.230000 0.090000 1.000000
0.380000 0.230000 0.090000 1.000000
0.380000 0.230000 0.090000 1.000000
0.380000 0.230000 0.090000 1.000000
0.380000 0.230000 0.090000 1.000000
0.380000 0.230000 0.090000 1.000000
0.380000 0.230000 0.090000 1.000000
0.380000 0.230000 0.090000 1.000000
0.380000 0.230000 0.090000 1.000000
0.380000 0.230000 0.090000 1.000000
0.380000 0.230000 0.090000 1.000000
0.380000 0.230000 0.090000 1.000000
0.380000 0.230000 0.090000 1.000000
0.380000 0.230000 0.090000 1.000000
0.380000 0.230000 0.090000 1.000000
0.380000 0.230000 0.090000 1.000000
0.380000 0.230000 0.090000 1.000000
0.380000 0.230000 0.090000 1.000000
0.380000 0.230000 0.090000 1.000000
0.380000 0.230000 0.090000 1.000000
0.380000 0.230000 0.090000 1.000000
0.380000 0.230000 0.090000 1.000000
0.380000 0.230000 0.090000 1.000000
0.380000 0.230000 0.090000 1.000000
0.380000 0.230000 0.090000 1.000000
0.380000 0.230000 0.090000 1.000000
0.380000 0.230000 0.090000 1.000000
0.380000 0.230000 0.090000 1.000000
0.380000 0.230000 0.090000 1.000000
0.380000 0.230000 0.090000 1.000000
0.380000 0.230000 0.090000 1.000000
<Indices>: 8328
0 1 2
0 2 3
4 5 6
4 6 7
8 9 10
8 10 11
12 13 14
12 14 15
16 17 18
16 18 19
20 21 22
20 22 23
24 25 26
24 26 27
28 29 30
28 30 31
32 33 34
32 34 35
36 37 38
36 38 39
40 41 42
40 42 43
44 45 46
44 46 47
48 49 50
48 50 51
52 53 54
52 54 55
56 57 58
56 58 59
60 61 62
60 62 63
64 65 66
64 66 67
68 69 70
68 70 71
72 73 74
72 74 75
76 77 78
76 78 79
80 81 82
80 82 83
84 85 86
84 86 87
88 89 90
88 90 91
92 93 94
92 94 95
96 97 98
98 99 100
100 101 102
102 103 104
104 105 106
106 107 96
96 98 100
100 102 104
104 106 96
100 104 96
108 109 110
110 111 112
112 113 114
114 115 116
116 117 118
118 119 108
108 110 112
112 114 116
116 118 108
112 116 108
120 121 122
120 122 123
124 125 126
124 126 127
128 129 130
128 130 131
132 133 134
132 134 135
136 137 138
136 138 139
140 141 142
140 142 143
144 145 146
144 146 147
148 149 150
148 150 151
152 153 154
152 154 155
156 157 158
156 158 159
160 161 162
160 162 163
164 165 166
164 166 167
168 169 170
168 170 171
172 173 174
172 174 175
176 177 178
176 178 179
180 181 182
180 182 183
184 185 186
184 186 187
188 189 190
188 190 191
192 193 194
192 194 195
173 196 197
173 197 174
198 199 200
198 200 201
202 203 204
202 204 205
185 206 207
185 207 186
208 209 210
208 210 211
212 213 214
212 214 215
196 216 217
196 217 197
218 219 220
218 220 221
222 223 224
222 224 225
206 226 227
206 227 207
228 229 230
228 230 231
232 233 234
232 234 235
216 236 237
216 237 217
238 239 240
238 240 241
242 243 244
242 244 245
226 246 247
226 247 227
248 249 250
248 250 251
252 253 254
252 254 255
236 256 257
236 257 237
258 259 260
258 260 261
262 263 264
262 264 265
246 266 267
246 267 247
268 269 270
268 270 271
272 273 274
272 274 275
256 276 277
256 277 257
278 279 280
278 280 281
282 283 284
282 284 285
266 286 287
266 287 267
288 289 290
288 290 291
292 293 294
292 294 295
276 296 297
276 297 277
298 299 300
298 300 301
302 303 304
302 304 305
286 306 307
286 307 287
308 309 310
308 310 311
312 313 314
312 314 315
296 316 317
296 317 297
318 319 320
318 320 321
322 323 324
322 324 325
306 326 327
306 327 307
328 329 330
328 330 331
332 333 334
332 334 335
316 336 337
316 337 317
338 339 340
338 340 341
342 343 344
342 344 345
326 346 347
326 347 327
348 349 350
348 350 351
352 353 354
352 354 355
336 356 357
336 357 337
358 359 360
358 360 361
362 363 364
362 364 365
346 366 367
346 367 347
368 369 370
368 370 371
372 373 374
372 374 375
356 376 377
356 377 357
378 379 380
378 380 381
382 383 384
382 384 385
366 386 387
366 387 367
388 389 390
388 390 391
392 393 394
392 394 395
376 396 397
376 397 377
398 399 400
398 400 401
402 403 404
402 404 405
386 406 407
386 407 387
408 409 410
408 410 411
412 413 414
412 414 415
396 416 417
396 417 397
418 419 420
418 420 421
422 423 424
422 424 425
406 426 427
406 427 407
428 429 430
428 430 431
432 433 434
432 434 435
416 436 437
416 437 417
438 439 440
438 440 441
442 443 444
442 444 445
426 446 447
426 447 427
448 449 450
448 450 451
452 453 454
452 454 455
436 456 457
436 457 437
458 459 460
458 460 461
462 463 464
462 464 465
446 466 467
446 467 447
468 469 470
468 470 471
472 473 474
472 474 475
456 476 477
456 477 457
478 479 480
478 480 481
482 483 484
482 484 485
466 486 487
466 487 467
488 489 490
488 490 491
492 493 494
492 494 495
476 496 497
476 497 477
498 499 500
498 500 501
502 503 504
502 504 505
486 506 507
486 507 487
508 509 510
508 510 511
512 513 514
512 514 515
496 516 517
496 517 497
518 519 520
518 520 521
522 523 524
522 524 525
506 526 527
506 527 507
528 529 530
528 530 531
532 533 534
532 534 535
516 536 537
516 537 517
538 539 540
538 540 541
542 543 544
542 544 545
526 546 547
526 547 527
548 549 550
548 550 551
552 553 554
552 554 555
536 556 557
536 557 537
558 559 560
558 560 561
562 563 564
562 564 565
546 566 567
546 567 547
568 569 570
568 570 571
572 573 574
572 574 575
556 576 577
556 577 557
578 579 580
578 580 581
582 583 584
582 584 585
566 586 587
566 587 567
588 589 590
588 590 591
592 593 594
592 594 595
576 596 597
576 597 577
598 599 600
598 600 601
602 603 604
602 604 605
586 606 607
586 607 587
608 609 610
608 610 611
612 613 614
612 614 615
596 616 617
596 617 597
618 619 620
618 620 621
622 623 624
622 624 625
606 626 627
606 627 607
628 629 630
628 630 631
632 633 634
632 634 635
616 636 637
616 637 617
638 639 640
638 640 641
642 643 644
642 644 645
626 646 647
626 647 627
648 649 650
648 650 651
652 653 654
652 654 655
636 656 657
636 657 637
658 659 660
658 660 661
662 663 664
662 664 665
646 666 667
646 667 647
668 669 670
668 670 671
672 673 674
672 674 675
656 676 677
656 677 657
678 679 680
678 680 681
682 683 684
682 684 685
666 686 687
666 687 667
688 689 690
688 690 691
692 693 694
692 694 695
676 696 697
676 697 677
698 699 700
698 700 701
702 703 704
702 704 705
686 706 707
686 707 687
708 709 710
708 710 711
712 713 714
712 714 715
696 716 717
696 717 697
718 719 720
718 720 721
722 723 724
722 724 725
706 726 727
706 727 707
728 729 730
728 730 731
732 733 734
732 734 735
716 736 737
716 737 717
738 739 740
738 740 741
742 743 744
742 744 745
726 746 747
726 747 727
748 749 750
748 750 751
752 753 754
752 754 755
736 756 757
736 757 737
758 759 760
758 760 761
762 763 764
762 764 765
746 766 767
746 767 747
768 769 770
768 770 771
772 773 774
772 774 775
756 776 777
756 777 757
778 779 780
778 780 781
782 783 784
782 784 785
766 786 787
766 787 767
788 789 790
788 790 791
792 793 794
792 794 795
776 796 797
776 797 777
798 799 800
798 800 801
802 803 804
802 804 805
786 806 807
786 807 787
808 809 810
808 810 811
812 813 814
812 814 815
796 816 817
796 817 797
818 819 820
818 820 821
822 823 824
822 824 825
806 826 827
806 827 807
828 829 830
828 830 831
832 833 834
832 834 835
816 836 837
816 837 817
838 839 840
838 840 841
842 843 844
842 844 845
826 846 847
826 847 827
848 849 850
848 850 851
852 853 854
852 854 855
836 856 857
836 857 837
858 859 860
858 860 861
862 863 864
862 864 865
846 866 867
846 867 847
868 869 870
868 870 871
872 873 874
872 874 875
856 876 877
856 877 857
878 879 880
878 880 881
882 883 884
882 884 885
866 886 887
866 887 867
888 889 890
888 890 891
892 893 894
892 894 895
876 896 897
876 897 877
898 899 900
898 900 901
902 903 904
902 904 905
886 906 907
886 907 887
908 909 910
908 910 911
912 913 914
912 914 915
896 916 917
896 917 897
918 919 920
918 920 921
922 923 924
922 924 925
906 926 927
906 927 907
928 929 930
928 930 931
932 933 934
932 934 935
916 936 937
916 937 917
938 939 940
938 940 941
942 943 944
942 944 945
926 946 947
926 947 927
948 949 950
948 950 951
952 953 954
952 954 955
936 956 957
936 957 937
958 959 960
958 960 961
962 963 964
962 964 965
946 966 967
946 967 947
968 969 970
968 970 971
972 973 974
972 974 975
956 976 977
956 977 957
978 979 980
978 980 981
982 983 984
982 984 985
966 986 987
966 987 967
988 989 990
988 990 991
992 993 994
992 994 995
976 996 997
976 997 977
998 999 1000
998 1000 1001
1002 1003 1004
1002 1004 1005
986 1006 1007
986 1007 987
1008 1009 1010
1008 1010 1011
1012 1013 1014
1012 1014 1015
996 1016 1017
996 1017 997
1018 1019 1020
1018 1020 1021
1022 1023 1024
1022 1024 1025
1006 1026 1027
1006 1027 1007
1028 1029 1030
1028 1030 1031
1032 1033 1034
1032 1034 1035
1016 1036 1037
1016 1037 1017
1038 1039 1040
1038 1040 1041
1042 1043 1044
1042 1044 1045
1026 1046 1047
1026 1047 1027
1048 1049 1050
1048 1050 1051
1052 1053 1054
1052 1054 1055
1036 1056 1057
1036 1057 1037
1058 1059 1060
1058 1060 1061
1062 1063 1064
1062 1064 1065
1046 1066 1067
1046 1067 1047
1068 1069 1070
1068 1070 1071
1072 1073 1074
1072 1074 1075
1056 1076 1077
1056 1077 1057
1078 1079 1080
1078 1080 1081
1082 1083 1084
1082 1084 1085
1066 1086 1087
1066 1087 1067
1088 1089 1090
1088 1090 1091
1092 1093 1094
1092 1094 1095
1076 1096 1097
1076 1097 1077
1098 1099 1100
1098 1100 1101
1102 1103 1104
1102 1104 1105
1086 1106 1107
1086 1107 1087
1108 1109 1110
1108 1110 1111
1112 1113 1114
1112 1114 1115
1096 1116 1117
1096 1117 1097
1118 1119 1120
1118 1120 1121
1122 1123 1124
1122 1124 1125
1106 1126 1127
1106 1127 1107
1128 1129 1130
1128 1130 1131
1132 1133 1134
1132 1134 1135
1116 1136 1137
1116 1137 1117
1138 1139 1140
1138 1140 1141
1142 1143 1144
1142 1144 1145
1126 1146 1147
1126 1147 1127
1148 1149 1150
1148 1150 1151
1152 1153 1154
1152 1154 1155
1136 1156 1157
1136 1157 1137
1158 1159 1160
1158 1160 1161
1162 1163 1164
1162 1164 1165
1146 1166 1167
1146 1167 1147
1168 1169 1170
1168 1170 1171
1172 1173 1174
1172 1174 1175
1156 1176 1177
1156 1177 1157
1178 1179 1180
1178 1180 1181
1182 1183 1184
1182 1184 1185
1166 1186 1187
1166 1187 1167
1188 1189 1190
1188 1190 1191
1192 1193 1194
1192 1194 1195
1176 1196 1197
1176 1197 1177
1198 1199 1200
1198 1200 1201
1202 1203 1204
1202 1204 1205
1186 1206 1207
1186 1207 1187
1208 1209 1210
1208 1210 1211
1212 1213 1214
1212 1214 1215
1196 1216 1217
1196 1217 1197
1218 1219 1220
1218 1220 1221
1222 1223 1224
1222 1224 1225
1206 1226 1227
1206 1227 1207
1228 1229 1230
1228 1230 1231
1232 1233 1234
1232 1234 1235
1216 1236 1237
1216 1237 1217
1238 1239 1240
1238 1240 1241
1242 1243 1244
1242 1244 1245
1226 1246 1247
1226 1247 1227
1248 1249 1250
1248 1250 1251
1252 1253 1254
1252 1254 1255
1236 1256 1257
1236 1257 1237
1258 1259 1260
1258 1260 1261
1262 1263 1264
1262 1264 1265
1246 1266 1267
1246 1267 1247
1268 1269 1270
1268 1270 1271
1272 1273 1274
1272 1274 1275
1256 1276 1277
1256 1277 1257
1278 1279 1280
1278 1280 1281
1282 1283 1284
1282 1284 1285
1266 1286 1287
1266 1287 1267
1288 1289 1290
1288 1290 1291
1292 1293 1294
1292 1294 1295
1276 1296 1297
1276 1297 1277
1298 1299 1300
1298 1300 1301
1302 1303 1304
1302 1304 1305
1286 1306 1307
1286 1307 1287
1308 1309 1310
1308 1310 1311
1312 1313 1314
1312 1314 1315
1296 1316 1317
1296 1317 1297
1318 1319 1320
1318 1320 1321
1322 1323 1324
1322 1324 1325
1306 1326 1327
1306 1327 1307
1328 1329 1330
1328 1330 1331
1332 1333 1334
1332 1334 1335
1316 1336 1337
1316 1337 1317
1338 1339 1340
1338 1340 1341
1342 1343 1344
1342 1344 1345
1326 1346 1347
1326 1347 1327
1348 1349 1350
1348 1350 1351
1352 1353 1354
1352 1354 1355
1336 1356 1357
1336 1357 1337
1358 1359 1360
1358 1360 1361
1362 1363 1364
1362 1364 1365
1346 1366 1367
1346 1367 1347
1368 1369 1370
1368 1370 1371
1372 1373 1374
1372 1374 1375
1356 1376 1377
1356 1377 1357
1378 1379 1380
1378 1380 1381
1382 1383 1384
1382 1384 1385
1366 1386 1387
1366 1387 1367
1388 1389 1390
1388 1390 1391
1392 1393 1394
1392 1394 1395
1376 1396 1397
1376 1397 1377
1398 1399 1400
1398 1400 1401
1402 1403 1404
1402 1404 1405
1386 1406 1407
1386 1407 1387
1408 1409 1410
1408 1410 1411
1412 1413 1414
1412 1414 1415
1396 1416 1417
1396 1417 1397
1418 1419 1420
1418 1420 1421
1422 1423 1424
1422 1424 1425
1406 1426 1427
1406 1427 1407
1428 1429 1430
1428 1430 1431
1432 1433 1434
1432 1434 1435
1416 172 175
1416 175 1417
1436 1437 1438
1436 1438 1439
1440 1441 1442
1440 1442 1443
1426 184 187
1426 187 1427
1444 1445 1446
1444 1446 1447
1448 1449 1450
1448 1450 1451
1452 1453 1454
1452 1454 1455
1456 1457 1458
1456 1458 1459
1460 1461 1462
1460 1462 1463
1464 1465 1466
1464 1466 1467
1468 1469 1470
1468 1470 1471
1472 1473 1474
1472 1474 1475
1476 1477 1478
1476 1478 1479
1480 1481 1482
1480 1482 1483
1484 1485 1486
1484 1486 1487
1488 1489 1490
1488 1490 1491
1492 1493 1494
1492 1494 1495
1496 1497 1498
1496 1498 1499
1500 1501 1502
1500 1502 1503
1504 1505 1506
1504 1506 1507
1508 1509 1510
1508 1510 1511
1512 1513 1514
1512 1514 1515
1516 1517 1518
1516 1518 1519
1520 1521 1522
1520 1522 1523
1524 1525 1526
1524 1526 1527
1528 1529 1530
1528 1530 1531
1532 1533 1534
1532 1534 1535
1536 1537 1538
1536 1538 1539
1540 1541 1542
1540 1542 1543
1544 1545 1546
1544 1546 1547
1548 1549 1550
1548 1550 1551
1552 1553 1554
1552 1554 1555
1556 1557 1558
1556 1558 1559
1560 1561 1562
1560 1562 1563
1564 1565 1566
1564 1566 1567
1568 1569 1570
1568 1570 1571
1572 1573 1574
1572 1574 1575
1576 1577 1578
1576 1578 1579
1580 1581 1582
1580 1582 1583
1584 1585 1586
1584 1586 1587
1588 1589 1590
1588 1590 1591
1592 1593 1594
1592 1594 1595
1596 1597 1598
1596 1598 1599
1600 1601 1602
1600 1602 1603
1604 1605 1606
1604 1606 1607
1608 1609 1610
1608 1610 1611
1612 1613 1614
1612 1614 1615
1616 1617 1618
1616 1618 1619
1620 1621 1622
1620 1622 1623
1624 1625 1626
1624 1626 1627
1628 1629 1630
1628 1630 1631
1632 1633 1634
1632 1634 1635
1636 1637 1638
1636 1638 1639
1640 1641 1642
1640 1642 1643
1644 1645 1646
1644 1646 1647
1648 1649 1650
1648 1650 1651
1652 1653 1654
1652 1654 1655
1656 1657 1658
1656 1658 1659
1660 1661 1662
1660 1662 1663
1664 1665 1666
1664 1666 1667
1668 1669 1670
1668 1670 1671
1672 1673 1674
1672 1674 1675
1676 1677 1678
1676 1678 1679
1680 1681 1682
1680 1682 1683
1684 1685 1686
1684 1686 1687
1688 1689 1690
1688 1690 1691
1692 1693 1694
1692 1694 1695
1696 1697 1698
1696 1698 1699
1700 1701 1702
1700 1702 1703
1704 1705 1706
1704 1706 1707
1708 1709 1710
1708 1710 1711
1712 1713 1714
1712 1714 1715
1716 1717 1718
1716 1718 1719
1720 1721 1722
1720 1722 1723
1724 1725 1726
1724 1726 1727
1728 1729 1730
1728 1730 1731
1732 1733 1734
1732 1734 1735
1736 1737 1738
1736 1738 1739
1740 1741 1742
1740 1742 1743
1744 1745 1746
1744 1746 1747
1748 1749 1750
1748 1750 1751
1752 1753 1754
1752 1754 1755
1756 1757 1758
1756 1758 1759
1760 1761 1762
1760 1762 1763
1764 1765 1766
1764 1766 1767
1768 1769 1770
1768 1770 1771
1772 1773 1774
1772 1774 1775
1776 1777 1778
1776 1778 1779
1780 1781 1782
1780 1782 1783
1784 1785 1786
1784 1786 1787
1788 1789 1790
1788 1790 1791
1792 1793 1794
1792 1794 1795
1796 1797 1798
1796 1798 1799
1800 1801 1802
1800 1802 1803
1804 1805 1806
1804 1806 1807
1808 1809 1810
1808 1810 1811
1812 1813 1814
1812 1814 1815
1816 1817 1818
1816 1818 1819
1820 1821 1822
1820 1822 1823
1824 1825 1826
1824 1826 1827
1828 1829 1830
1828 1830 1831
1832 1833 1834
1832 1834 1835
1836 1837 1838
1836 1838 1839
1840 1841 1842
1840 1842 1843
1844 1845 1846
1844 1846 1847
1848 1849 1850
1848 1850 1851
1852 1853 1854
1852 1854 1855
1856 1857 1858
1856 1858 1859
1860 1861 1862
1860 1862 1863
1864 1865 1866
1864 1866 1867
1868 1869 1870
1868 1870 1871
1872 1873 1874
1872 1874 1875
1876 1877 1878
1876 1878 1879
1880 1881 1882
1880 1882 1883
1884 1885 1886
1884 1886 1887
1888 1889 1890
1888 1890 1891
1892 1893 1894
1892 1894 1895
1896 1897 1898
1896 1898 1899
1900 1901 1902
1900 1902 1903
1904 1905 1906
1904 1906 1907
1908 1909 1910
1908 1910 1911
1912 1913 1914
1912 1914 1915
1916 1917 1918
1916 1918 1919
1920 1921 1922
1920 1922 1923
1924 1925 1926
1924 1926 1927
1928 1929 1930
1928 1930 1931
1932 1933 1934
1932 1934 1935
1936 1937 1938
1936 1938 1939
1940 1941 1942
1940 1942 1943
1944 1945 1946
1944 1946 1947
1948 1949 1950
1948 1950 1951
1952 1953 1954
1952 1954 1955
1956 1957 1958
1956 1958 1959
1960 1961 1962
1960 1962 1963
1964 1965 1966
1964 1966 1967
1968 1969 1970
1968 1970 1971
1972 1973 1974
1972 1974 1975
1976 1977 1978
1976 1978 1979
1980 1981 1982
1980 1982 1983
1984 1985 1986
1984 1986 1987
1988 1989 1990
1988 1990 1991
1992 1993 1994
1992 1994 1995
1996 1997 1998
1996 1998 1999
2000 2001 2002
2000 2002 2003
2004 2005 2006
2004 2006 2007
2008 2009 2010
2008 2010 2011
2012 2013 2014
2012 2014 2015
2016 2017 2018
2016 2018 2019
2020 2021 2022
2020 2022 2023
2024 2025 2026
2024 2026 2027
2028 2029 2030
2028 2030 2031
2032 2033 2034
2032 2034 2035
2036 2037 2038
2036 2038 2039
2040 2041 2042
2040 2042 2043
2044 2045 2046
2044 2046 2047
2048 2049 2050
2048 2050 2051
2052 2053 2054
2052 2054 2055
2056 2057 2058
2056 2058 2059
2060 2061 2062
2060 2062 2063
2064 2065 2066
2064 2066 2067
2068 2069 2070
2068 2070 2071
2072 2073 2074
2072 2074 2075
2076 2077 2078
2076 2078 2079
2080 2081 2082
2080 2082 2083
2084 2085 2086
2084 2086 2087
2088 2089 2090
2088 2090 2091
2092 2093 2094
2092 2094 2095
2096 2097 2098
2096 2098 2099
2100 2101 2102
2100 2102 2103
2104 2105 2106
2104 2106 2107
2108 2109 2110
2108 2110 2111
2112 2113 2114
2112 2114 2115
2116 2117 2118
2116 2118 2119
2120 2121 2122
2120 2122 2123
2124 2125 2126
2124 2126 2127
2128 2129 2130
2128 2130 2131
2132 2133 2134
2132 2134 2135
2136 2137 2138
2136 2138 2139
2140 2141 2142
2140 2142 2143
2144 2145 2146
2144 2146 2147
2148 2149 2150
2148 2150 2151
2152 2153 2154
2152 2154 2155
2156 2157 2158
2156 2158 2159
2160 2161 2162
2160 2162 2163
2164 2165 2166
2164 2166 2167
2168 2169 2170
2168 2170 2171
2172 2173 2174
2172 2174 2175
2176 2177 2178
2176 2178 2179
2180 2181 2182
2180 2182 2183
2184 2185 2186
2184 2186 2187
2188 2189 2190
2188 2190 2191
2192 2193 2194
2192 2194 2195
2196 2197 2198
2196 2198 2199
2200 2201 2202
2200 2202 2203
2204 2205 2206
2204 2206 2207
2208 2209 2210
2208 2210 2211
2212 2213 2214
2212 2214 2215
2216 2217 2218
2216 2218 2219
2220 2221 2222
2220 2222 2223
2224 2225 2226
2224 2226 2227
2228 2229 2230
2228 2230 2231
2232 2233 2234
2232 2234 2235
2236 2237 2238
2236 2238 2239
2240 2241 2242
2240 2242 2243
2244 2245 2246
2244 2246 2247
2248 2249 2250
2248 2250 2251
2252 2253 2254
2252 2254 2255
2256 2257 2258
2256 2258 2259
2260 2261 2262
2260 2262 2263
2264 2265 2266
2264 2266 2267
2268 2269 2270
2268 2270 2271
2272 2273 2274
2272 2274 2275
2276 2277 2278
2276 2278 2279
2280 2281 2282
2280 2282 2283
2284 2285 2286
2284 2286 2287
2288 2289 2290
2288 2290 2291
2292 2293 2294
2292 2294 2295
2296 2297 2298
2296 2298 2299
2300 2301 2302
2300 2302 2303
2304 2305 2306
2304 2306 2307
2308 2309 2310
2308 2310 2311
2312 2313 2314
2312 2314 2315
2316 2317 2318
2316 2318 2319
2320 2321 2322
2320 2322 2323
2324 2325 2326
2324 2326 2327
2328 2329 2330
2328 2330 2331
2332 2333 2334
2332 2334 2335
2336 2337 2338
2336 2338 2339
2340 2341 2342
2340 2342 2343
2344 2345 2346
2344 2346 2347
2348 2349 2350
2348 2350 2351
2352 2353 2354
2352 2354 2355
2356 2357 2358
2356 2358 2359
2360 2361 2362
2360 2362 2363
2364 2365 2366
2364 2366 2367
2368 2369 2370
2368 2370 2371
2372 2373 2374
2372 2374 2375
2376 2377 2378
2376 2378 2379
2380 2381 2382
2380 2382 2383
2384 2385 2386
2384 2386 2387
2388 2389 2390
2388 2390 2391
2392 2393 2394
2392 2394 2395
2396 2397 2398
2396 2398 2399
2400 2401 2402
2400 2402 2403
2404 2405 2406
2404 2406 2407
2408 2409 2410
2408 2410 2411
2412 2413 2414
2412 2414 2415
2416 2417 2418
2416 2418 2419
2420 2421 2422
2420 2422 2423
2424 2425 2426
2424 2426 2427
2428 2429 2430
2428 2430 2431
2432 2433 2434
2432 2434 2435
2436 2437 2438
2436 2438 2439
2440 2441 2442
2440 2442 2443
2444 2445 2446
2444 2446 2447
2448 2449 2450
2448 2450 2451
2452 2453 2454
2452 2454 2455
2456 2457 2458
2456 2458 2459
2460 2461 2462
2460 2462 2463
2464 2465 2466
2464 2466 2467
2468 2469 2470
2468 2470 2471
2472 2473 2474
2472 2474 2475
2476 2477 2478
2476 2478 2479
2480 2481 2482
2480 2482 2483
2484 2485 2486
2484 2486 2487
2488 2489 2490
2488 2490 2491
2492 2493 2494
2492 2494 2495
2496 2497 2498
2496 2498 2499
2500 2501 2502
2500 2502 2503
2504 2505 2506
2504 2506 2507
2508 2509 2510
2508 2510 2511
2512 2513 2514
2512 2514 2515
2516 2517 2518
2516 2518 2519
2520 2521 2522
2520 2522 2523
2524 2525 2526
2524 2526 2527
2528 2529 2530
2528 2530 2531
2532 2533 2534
2532 2534 2535
2536 2537 2538
2536 2538 2539
2540 2541 2542
2540 2542 2543
2544 2545 2546
2544 2546 2547
2548 2549 2550
2548 2550 2551
2552 2553 2554
2552 2554 2555
2556 2557 2558
2556 2558 2559
2560 2561 2562
2560 2562 2563
2564 2565 2566
2564 2566 2567
2568 2569 2570
2568 2570 2571
2572 2573 2574
2572 2574 2575
2576 2577 2578
2576 2578 2579
2580 2581 2582
2580 2582 2583
2584 2585 2586
2584 2586 2587
2588 2589 2590
2588 2590 2591
2592 2593 2594
2592 2594 2595
2596 2597 2598
2596 2598 2599
2600 2601 2602
2600 2602 2603
2604 2605 2606
2604 2606 2607
2608 2609 2610
2608 2610 2611
2612 2613 2614
2612 2614 2615
2616 2617 2618
2616 2618 2619
2620 2621 2622
2620 2622 2623
2624 2625 2626
2624 2626 2627
2628 2629 2630
2628 2630 2631
2632 2633 2634
2632 2634 2635
2636 2637 2638
2636 2638 2639
2640 2641 2642
2640 2642 2643
2644 2645 2646
2644 2646 2647
2648 2649 2650
2648 2650 2651
2652 2653 2654
2652 2654 2655
2656 2657 2658
2656 2658 2659
2660 2661 2662
2660 2662 2663
2664 2665 2666
2664 2666 2667
2668 2669 2670
2668 2670 2671
2672 2673 2674
2672 2674 2675
2676 2677 2678
2676 2678 2679
2680 2681 2682
2680 2682 2683
2684 2685 2686
2684 2686 2687
2688 2689 2690
2688 2690 2691
2692 2693 2694
2692 2694 2695
2696 2697 2698
2696 2698 2699
2700 2701 2702
2700 2702 2703
2704 2705 2706
2704 2706 2707
2708 2709 2710
2708 2710 2711
2712 2713 2714
2712 2714 2715
2716 2717 2718
2716 2718 2719
2720 2721 2722
2720 2722 2723
2724 2725 2726
2724 2726 2727
2728 2729 2730
2728 2730 2731
2732 2733 2734
2732 2734 2735
2736 2737 2738
2736 2738 2739
2740 2741 2742
2740 2742 2743
2744 2745 2746
2744 2746 2747
2748 2749 2750
2748 2750 2751
2752 2753 2754
2752 2754 2755
2756 2757 2758
2756 2758 2759
2760 2761 2762
2760 2762 2763
2764 2765 2766
2764 2766 2767
2768 2769 2770
2768 2770 2771
2772 2773 2774
2772 2774 2775
2776 2777 2778
2776 2778 2779
2780 2781 2782
2780 2782 2783
2784 2785 2786
2784 2786 2787
2788 2789 2790
2788 2790 2791
2792 2793 2794
2792 2794 2795
2796 2797 2798
2796 2798 2799
2800 2801 2802
2800 2802 2803
2804 2805 2806
2804 2806 2807
2808 2809 2810
2808 2810 2811
2812 2813 2814
2812 2814 2815
2816 2817 2818
2816 2818 2819
2820 2821 2822
2820 2822 2823
2824 2825 2826
2824 2826 2827
2828 2829 2830
2828 2830 2831
2832 2833 2834
2832 2834 2835
2836 2837 2838
2836 2838 2839
2840 2841 2842
2840 2842 2843
2844 2845 2846
2844 2846 2847
2848 2849 2850
2848 2850 2851
2852 2853 2854
2852 2854 2855
2856 2857 2858
2856 2858 2859
2860 2861 2862
2860 2862 2863
2864 2865 2866
2864 2866 2867
2868 2869 2870
2868 2870 2871
2872 2873 2874
2872 2874 2875
2876 2877 2878
2876 2878 2879
2880 2881 2882
2880 2882 2883
2884 2885 2886
2884 2886 2887
2888 2889 2890
2888 2890 2891
2892 2893 2894
2892 2894 2895
2896 2897 2898
2896 2898 2899
2900 2901 2902
2900 2902 2903
2904 2905 2906
2904 2906 2907
2908 2909 2910
2908 2910 2911
2912 2913 2914
2912 2914 2915
2916 2917 2918
2916 2918 2919
2920 2921 2922
2920 2922 2923
2924 2925 2926
2924 2926 2927
2928 2929 2930
2928 2930 2931
2932 2933 2934
2932 2934 2935
2936 2937 2938
2936 2938 2939
2940 2941 2942
2940 2942 2943
2944 2945 2946
2944 2946 2947
2948 2949 2950
2948 2950 2951
2952 2953 2954
2952 2954 2955
2956 2957 2958
2956 2958 2959
2960 2961 2962
2960 2962 2963
2964 2965 2966
2964 2966 2967
2968 2969 2970
2968 2970 2971
2972 2973 2974
2972 2974 2975
2976 2977 2978
2976 2978 2979
2980 2981 2982
2980 2982 2983
2984 2985 2986
2984 2986 2987
2988 2989 2990
2988 2990 2991
2992 2993 2994
2992 2994 2995
2996 2997 2998
2996 2998 2999
3000 3001 3002
3000 3002 3003
3004 3005 3006
3004 3006 3007
3008 3009 3010
3008 3010 3011
3012 3013 3014
3012 3014 3015
3016 3017 3018
3016 3018 3019
3020 3021 3022
3020 3022 3023
3024 3025 3026
3024 3026 3027
3028 3029 3030
3028 3030 3031
3032 3033 3034
3032 3034 3035
3036 3037 3038
3036 3038 3039
3040 3041 3042
3040 3042 3043
3044 3045 3046
3044 3046 3047
3048 3049 3050
3048 3050 3051
3052 3053 3054
3052 3054 3055
3056 3057 3058
3056 3058 3059
3060 3061 3062
3060 3062 3063
3064 3065 3066
3064 3066 3067
3068 3069 3070
3068 3070 3071
3072 3073 3074
3072 3074 3075
3076 3077 3078
3076 3078 3079
3080 3081 3082
3080 3082 3083
3084 3085 3086
3084 3086 3087
3088 3089 3090
3088 3090 3091
3092 3093 3094
3092 3094 3095
3096 3097 3098
3096 3098 3099
3100 3101 3102
3100 3102 3103
3104 3105 3106
3104 3106 3107
3108 3109 3110
3108 3110 3111
3112 3113 3114
3112 3114 3115
3116 3117 3118
3116 3118 3119
3120 3121 3122
3120 3122 3123
3124 3125 3126
3124 3126 3127
3128 3129 3130
3128 3130 3131
3132 3133 3134
3132 3134 3135
3136 3137 3138
3136 3138 3139
3140 3141 3142
3140 3142 3143
3144 3145 3146
3144 3146 3147
3148 3149 3150
3148 3150 3151
3152 3153 3154
3152 3154 3155
3156 3157 3158
3156 3158 3159
3160 3161 3162
3160 3162 3163
3164 3165 3166
3164 3166 3167
3168 3169 3170
3168 3170 3171
3172 3173 3174
3172 3174 3175
3176 3177 3178
3176 3178 3179
3180 3181 3182
3180 3182 3183
3184 3185 3186
3184 3186 3187
3188 3189 3190
3188 3190 3191
3192 3193 3194
3192 3194 3195
3196 3197 3198
3196 3198 3199
3200 3201 3202
3200 3202 3203
3204 3205 3206
3204 3206 3207
3208 3209 3210
3208 3210 3211
3212 3213 3214
3212 3214 3215
3216 3217 3218
3216 3218 3219
3220 3221 3222
3220 3222 3223
3224 3225 3226
3224 3226 3227
3228 3229 3230
3228 3230 3231
3232 3233 3234
3232 3234 3235
3236 3237 3238
3236 3238 3239
3240 3241 3242
3240 3242 3243
3244 3245 3246
3244 3246 3247
3248 3249 3250
3248 3250 3251
3252 3253 3254
3252 3254 3255
3256 3257 3258
3256 3258 3259
3260 3261 3262
3260 3262 3263
3264 3265 3266
3264 3266 3267
3268 3269 3270
3268 3270 3271
3272 3273 3274
3272 3274 3275
3276 3277 3278
3276 3278 3279
3280 3281 3282
3280 3282 3283
3284 3285 3286
3284 3286 3287
3288 3289 3290
3288 3290 3291
3292 3293 3294
3292 3294 3295
3296 3297 3298
3296 3298 3299
3300 3301 3302
3300 3302 3303
3304 3305 3306
3304 3306 3307
3308 3309 3310
3308 3310 3311
3312 3313 3314
3312 3314 3315
3316 3317 3318
3316 3318 3319
3320 3321 3322
3320 3322 3323
3324 3325 3326
3324 3326 3327
3328 3329 3330
3328 3330 3331
3332 3333 3334
3332 3334 3335
3336 3337 3338
3336 3338 3339
3340 3341 3342
3340 3342 3343
3344 3345 3346
3344 3346 3347
3348 3349 3350
3348 3350 3351
3352 3353 3354
3352 3354 3355
3356 3357 3358
3356 3358 3359
3360 3361 3362
3360 3362 3363
3364 3365 3366
3364 3366 3367
3368 3369 3370
3368 3370 3371
3372 3373 3374
3372 3374 3375
3376 3377 3378
3376 3378 3379
3380 3381 3382
3380 3382 3383
3384 3385 3386
3384 3386 3387
3388 3389 3390
3388 3390 3391
3392 3393 3394
3392 3394 3395
3396 3397 3398
3396 3398 3399
3400 3401 3402
3400 3402 3403
3404 3405 3406
3404 3406 3407
3408 3409 3410
3408 3410 3411
3412 3413 3414
3412 3414 3415
3416 3417 3418
3416 3418 3419
3420 3421 3422
3420 3422 3423
3424 3425 3426
3424 3426 3427
3428 3429 3430
3428 3430 3431
3432 3433 3434
3432 3434 3435
3436 3437 3438
3436 3438 3439
3440 3441 3442
3440 3442 3443
3444 3445 3446
3444 3446 3447
3448 3449 3450
3448 3450 3451
3452 3453 3454
3452 3454 3455
3456 3457 3458
3456 3458 3459
3460 3461 3462
3460 3462 3463
3464 3465 3466
3464 3466 3467
3468 3469 3470
3468 3470 3471
3472 3473 3474
3472 3474 3475
3476 3477 3478
3476 3478 3479
3480 3481 3482
3480 3482 3483
3484 3485 3486
3484 3486 3487
3488 3489 3490
3488 3490 3491
3492 3493 3494
3492 3494 3495
3496 3497 3498
3496 3498 3499
3500 3501 3502
3500 3502 3503
3504 3505 3506
3504 3506 3507
3508 3509 3510
3508 3510 3511
3512 3513 3514
3512 3514 3515
3516 3517 3518
3516 3518 3519
3520 3521 3522
3520 3522 3523
3524 3525 3526
3524 3526 3527
3528 3529 3530
3528 3530 3531
3532 3533 3534
3532 3534 3535
3536 3537 3538
3536 3538 3539
3540 3541 3542
3540 3542 3543
3544 3545 3546
3544 3546 3547
3548 3549 3550
3548 3550 3551
3552 3553 3554
3552 3554 3555
3556 3557 3558
3556 3558 3559
3560 3561 3562
3560 3562 3563
3564 3565 3566
3564 3566 3567
3568 3569 3570
3568 3570 3571
3572 3573 3574
3572 3574 3575
3576 3577 3578
3576 3578 3579
3580 3581 3582
3580 3582 3583
3584 3585 3586
3584 3586 3587
3588 3589 3590
3588 3590 3591
3592 3593 3594
3592 3594 3595
3596 3597 3598
3596 3598 3599
3600 3601 3602
3600 3602 3603
3604 3605 3606
3604 3606 3607
3608 3609 3610
3610 3611 3612
3612 3613 3614
3614 3615 3608
3608 3610 3612
3612 3614 3608
3616 3617 3618
3618 3619 3620
3620 3621 3622
3622 3623 3616
3616 3618 3620
3620 3622 3616
3624 3625 3626
3624 3626 3627
3628 3629 3630
3628 3630 3631
3632 3633 3634
3632 3634 3635
3636 3637 3638
3636 3638 3639
3640 3641 3642
3640 3642 3643
3644 3645 3646
3644 3646 3647
3648 3649 3650
3648 3650 3651
3652 3653 3654
3652 3654 3655
3656 3657 3658
3658 3659 3660
3660 3661 3662
3662 3663 3656
3656 3658 3660
3660 3662 3656
3664 3665 3666
3666 3667 3668
3668 3669 3670
3670 3671 3664
3664 3666 3668
3668 3670 3664
3672 3673 3674
3672 3674 3675
3676 3677 3678
3676 3678 3679
3680 3681 3682
3680 3682 3683
3684 3685 3686
3684 3686 3687
3688 3689 3690
3688 3690 3691
3692 3693 3694
3692 3694 3695
3696 3697 3698
3696 3698 3699
3700 3701 3702
3700 3702 3703
3704 3705 3706
3706 3707 3708
3708 3709 3710
3710 3711 3704
3704 3706 3708
3708 3710 3704
3712 3713 3714
3714 3715 3716
3716 3717 3718
3718 3719 3712
3712 3714 3716
3716 3718 3712
3720 3721 3722
3720 3722 3723
3724 3725 3726
3724 3726 3727
3728 3729 3730
3728 3730 3731
3732 3733 3734
3732 3734 3735
3736 3737 3738
3736 3738 3739
3740 3741 3742
3740 3742 3743
3744 3745 3746
3744 3746 3747
3748 3749 3750
3748 3750 3751
3752 3753 3754
3754 3755 3756
3756 3757 3758
3758 3759 3752
3752 3754 3756
3756 3758 3752
3760 3761 3762
3762 3763 3764
3764 3765 3766
3766 3767 3760
3760 3762 3764
3764 3766 3760
3768 3769 3770
3768 3770 3771
3772 3773 3774
3772 3774 3775
3776 3777 3778
3776 3778 3779
3780 3781 3782
3780 3782 3783
3784 3785 3786
3784 3786 3787
3788 3789 3790
3788 3790 3791
3792 3793 3794
3792 3794 3795
3796 3797 3798
3796 3798 3799
3800 3801 3802
3802 3803 3804
3804 3805 3806
3806 3807 3808
3808 3809 3810
3810 3811 3800
3800 3802 3804
3804 3806 3808
3808 3810 3800
3804 3808 3800
3812 3813 3814
3814 3815 3816
3816 3817 3818
3818 3819 3820
3820 3821 3822
3822 3823 3812
3812 3814 3816
3816 3818 3820
3820 3822 3812
3816 3820 3812
3824 3825 3826
3824 3826 3827
3828 3829 3830
3828 3830 3831
3832 3833 3834
3832 3834 3835
3836 3837 3838
3836 3838 3839
3840 3841 3842
3840 3842 3843
3844 3845 3846
3844 3846 3847
3848 3849 3850
3848 3850 3851
3852 3853 3854
3852 3854 3855
3856 3857 3858
3856 3858 3859
3860 3861 3862
3860 3862 3863
3864 3865 3866
3864 3866 3867
3868 3869 3870
3868 3870 3871
3872 3873 3874
3874 3875 3876
3876 3877 3878
3878 3879 3880
3880 3881 3882
3882 3883 3872
3872 3874 3876
3876 3878 3880
3880 3882 3872
3876 3880 3872
3884 3885 3886
3886 3887 3888
3888 3889 3890
3890 3891 3892
3892 3893 3894
3894 3895 3884
3884 3886 3888
3888 3890 3892
3892 3894 3884
3888 3892 3884
3896 3897 3898
3896 3898 3899
3900 3901 3902
3900 3902 3903
3904 3905 3906
3904 3906 3907
3908 3909 3910
3908 3910 3911
3912 3913 3914
3912 3914 3915
3916 3917 3918
3916 3918 3919
3920 3921 3922
3920 3922 3923
3924 3925 3926
3924 3926 3927
3928 3929 3930
3928 3930 3931
3932 3933 3934
3932 3934 3935
3936 3937 3938
3936 3938 3939
3940 3941 3942
3940 3942 3943
3944 3945 3946
3946 3947 3948
3948 3949 3950
3950 3951 3952
3952 3953 3954
3954 3955 3944
3944 3946 3948
3948 3950 3952
3952 3954 3944
3948 3952 3944
3956 3957 3958
3958 3959 3960
3960 3961 3962
3962 3963 3964
3964 3965 3966
3966 3967 3956
3956 3958 3960
3960 3962 3964
3964 3966 3956
3960 3964 3956
3968 3969 3970
3968 3970 3971
3972 3973 3974
3972 3974 3975
3976 3977 3978
3976 3978 3979
3980 3981 3982
3980 3982 3983
3984 3985 3986
3984 3986 3987
3988 3989 3990
3988 3990 3991
3992 3993 3994
3992 3994 3995
3996 3997 3998
3996 3998 3999
4000 4001 4002
4000 4002 4003
4004 4005 4006
4004 4006 4007
4008 4009 4010
4008 4010 4011
4012 4013 4014
4012 4014 4015
4016 4017 4018
4018 4019 4020
4020 4021 4022
4022 4023 4024
4024 4025 4026
4026 4027 4016
4016 4018 4020
4020 4022 4024
4024 4026 4016
4020 4024 4016
4028 4029 4030
4030 4031 4032
4032 4033 4034
4034 4035 4036
4036 4037 4038
4038 4039 4028
4028 4030 4032
4032 4034 4036
4036 4038 4028
4032 4036 4028
4040 4041 4042
4040 4042 4043
4044 4045 4046
4044 4046 4047
4048 4049 4050
4048 4050 4051
4052 4053 4054
4052 4054 4055
4056 4057 4058
4056 4058 4059
4060 4061 4062
4060 4062 4063
4064 4065 4066
4064 4066 4067
4068 4069 4070
4068 4070 4071
4072 4073 4074
4072 4074 4075
4076 4077 4078
4076 4078 4079
4080 4081 4082
4080 4082 4083
4084 4085 4086
4084 4086 4087
4088 4089 4090
4090 4091 4092
4092 4093 4094
4094 4095 4096
4096 4097 4098
4098 4099 4088
4088 4090 4092
4092 4094 4096
4096 4098 4088
4092 4096 4088
4100 4101 4102
4102 4103 4104
4104 4105 4106
4106 4107 4108
4108 4109 4110
4110 4111 4100
4100 4102 4104
4104 4106 4108
4108 4110 4100
4104 4108 4100
4112 4113 4114
4112 4114 4115
4116 4117 4118
4116 4118 4119
4120 4121 4122
4120 4122 4123
4124 4125 4126
4124 4126 4127
4128 4129 4130
4128 4130 4131
4132 4133 4134
4132 4134 4135
4136 4137 4138
4136 4138 4139
4140 4141 4142
4140 4142 4143
4144 4145 4146
4144 4146 4147
4148 4149 4150
4148 4150 4151
4152 4153 4154
4152 4154 4155
4156 4157 4158
4156 4158 4159
4160 4161 4162
4162 4163 4164
4164 4165 4166
4166 4167 4168
4168 4169 4170
4170 4171 4160
4160 4162 4164
4164 4166 4168
4168 4170 4160
4164 4168 4160
4172 4173 4174
4174 4175 4176
4176 4177 4178
4178 4179 4180
4180 4181 4182
4182 4183 4172
4172 4174 4176
4176 4178 4180
4180 4182 4172
4176 4180 4172
4184 4185 4186
4184 4186 4187
4188 4189 4190
4188 4190 4191
4192 4193 4194
4192 4194 4195
4196 4197 4198
4196 4198 4199
4200 4201 4202
4200 4202 4203
4204 4205 4206
4204 4206 4207
4208 4209 4210
4208 4210 4211
4212 4213 4214
4212 4214 4215
4216 4217 4218
4216 4218 4219
4220 4221 4222
4220 4222 4223
4224 4225 4226
4224 4226 4227
4228 4229 4230
4228 4230 4231
4232 4233 4234
4232 4234 4235
4236 4237 4233
4236 4233 4232
4238 4239 4237
4238 4237 4236
4240 4241 4239
4240 4239 4238
4242 4243 4241
4242 4241 4240
4235 4234 4243
4235 4243 4242
4233 4244 4245
4233 4245 4234
4237 4246 4244
4237 4244 4233
4239 4247 4246
4239 4246 4237
4241 4248 4247
4241 4247 4239
4243 4249 4248
4243 4248 4241
4234 4245 4249
4234 4249 4243
4244 4250 4251
4244 4251 4245
4246 4252 4250
4246 4250 4244
4247 4253 4252
4247 4252 4246
4248 4254 4253
4248 4253 4247
4249 4255 4254
4249 4254 4248
4245 4251 4255
4245 4255 4249
4256 4257 4258
4258 4259 4260
4260 4261 4262
4262 4263 4256
4256 4258 4260
4260 4262 4256
4264 4265 4266
4266 4267 4268
4268 4269 4270
4270 4271 4264
4264 4266 4268
4268 4270 4264
4272 4273 4274
4272 4274 4275
4276 4277 4278
4276 4278 4279
4280 4281 4282
4280 4282 4283
4284 4285 4286
4284 4286 4287
4288 4289 4290
4288 4290 4291
4292 4293 4294
4292 4294 4295
4296 4297 4298
4296 4298 4299
4300 4301 4302
4300 4302 4303
4304 4305 4306
4306 4307 4308
4308 4309 4310
4310 4311 4312
4312 4313 4314
4314 4315 4304
4304 4306 4308
4308 4310 4312
4312 4314 4304
4308 4312 4304
4316 4317 4318
4318 4319 4320
4320 4321 4322
4322 4323 4324
4324 4325 4326
4326 4327 4316
4316 4318 4320
4320 4322 4324
4324 4326 4316
4320 4324 4316
4328 4329 4330
4328 4330 4331
4332 4333 4334
4332 4334 4335
4336 4337 4338
4336 4338 4339
4340 4341 4342
4340 4342 4343
4344 4345 4346
4344 4346 4347
4348 4349 4350
4348 4350 4351
4352 4353 4354
4352 4354 4355
4356 4357 4358
4356 4358 4359
4360 4361 4362
4360 4362 4363
4364 4365 4366
4364 4366 4367
4368 4369 4370
4368 4370 4371
4372 4373 4374
4372 4374 4375
4376 4377 4378
4378 4379 4380
4380 4381 4382
4382 4383 4384
4384 4385 4386
4386 4387 4376
4376 4378 4380
4380 4382 4384
4384 4386 4376
4380 4384 4376
4388 4389 4390
4390 4391 4392
4392 4393 4394
4394 4395 4396
4396 4397 4398
4398 4399 4388
4388 4390 4392
4392 4394 4396
4396 4398 4388
4392 4396 4388
4400 4401 4402
4400 4402 4403
4404 4405 4406
4404 4406 4407
4408 4409 4410
4408 4410 4411
4412 4413 4414
4412 4414 4415
4416 4417 4418
4416 4418 4419
4420 4421 4422
4420 4422 4423
4424 4425 4426
4424 4426 4427
4428 4429 4430
4428 4430 4431
4432 4433 4434
4432 4434 4435
4436 4437 4438
4436 4438 4439
4440 4441 4442
4440 4442 4443
4444 4445 4446
4444 4446 4447
4448 4449 4450
4450 4451 4452
4452 4453 4454
4454 4455 4456
4456 4457 4458
4458 4459 4448
4448 4450 4452
4452 4454 4456
4456 4458 4448
4452 4456 4448
4460 4461 4462
4462 4463 4464
4464 4465 4466
4466 4467 4468
4468 4469 4470
4470 4471 4460
4460 4462 4464
4464 4466 4468
4468 4470 4460
4464 4468 4460
4472 4473 4474
4472 4474 4475
4476 4477 4478
4476 4478 4479
4480 4481 4482
4480 4482 4483
4484 4485 4486
4484 4486 4487
4488 4489 4490
4488 4490 4491
4492 4493 4494
4492 4494 4495
4496 4497 4498
4496 4498 4499
4500 4501 4502
4500 4502 4503
4504 4505 4506
4504 4506 4507
4508 4509 4510
4508 4510 4511
4512 4513 4514
4512 4514 4515
4516 4517 4518
4516 4518 4519
4520 4521 4522
4522 4523 4524
4524 4525 4526
4526 4527 4528
4528 4529 4530
4530 4531 4520
4520 4522 4524
4524 4526 4528
4528 4530 4520
4524 4528 4520
4532 4533 4534
4534 4535 4536
4536 4537 4538
4538 4539 4540
4540 4541 4542
4542 4543 4532
4532 4534 4536
4536 4538 4540
4540 4542 4532
4536 4540 4532
4544 4545 4546
4544 4546 4547
4548 4549 4550
4548 4550 4551
4552 4553 4554
4552 4554 4555
4556 4557 4558
4556 4558 4559
4560 4561 4562
4560 4562 4563
4564 4565 4566
4564 4566 4567
4568 4569 4570
4568 4570 4571
4572 4573 4574
4572 4574 4575
4576 4577 4578
4576 4578 4579
4580 4581 4582
4580 4582 4583
4584 4585 4586
4584 4586 4587
4588 4589 4590
4588 4590 4591
4592 4593 4594
4594 4595 4596
4596 4597 4598
4598 4599 4600
4600 4601 4602
4602 4603 4592
4592 4594 4596
4596 4598 4600
4600 4602 4592
4596 4600 4592
4604 4605 4606
4606 4607 4608
4608 4609 4610
4610 4611 4612
4612 4613 4614
4614 4615 4604
4604 4606 4608
4608 4610 4612
4612 4614 4604
4608 4612 4604
4616 4617 4618
4616 4618 4619
4620 4621 4622
4620 4622 4623
4624 4625 4626
4624 4626 4627
4628 4629 4630
4628 4630 4631
4632 4633 4634
4632 4634 4635
4636 4637 4638
4636 4638 4639
4640 4641 4642
4640 4642 4643
4644 4645 4646
4644 4646 4647
4648 4649 4650
4648 4650 4651
4652 4653 4654
4652 4654 4655
4656 4657 4658
4656 4658 4659
4660 4661 4662
4660 4662 4663
4664 4665 4666
4666 4667 4668
4668 4669 4670
4670 4671 4672
4672 4673 4674
4674 4675 4664
4664 4666 4668
4668 4670 4672
4672 4674 4664
4668 4672 4664
4676 4677 4678
4678 4679 4680
4680 4681 4682
4682 4683 4684
4684 4685 4686
4686 4687 4676
4676 4678 4680
4680 4682 4684
4684 4686 4676
4680 4684 4676
4688 4689 4690
4688 4690 4691
4692 4693 4694
4692 4694 4695
4696 4697 4698
4696 4698 4699
4700 4701 4702
4700 4702 4703
4704 4705 4706
4704 4706 4707
4708 4709 4710
4708 4710 4711
4712 4713 4714
4712 4714 4715
4716 4717 4718
4716 4718 4719
4720 4721 4722
4720 4722 4723
4724 4725 4726
4724 4726 4727
4728 4729 4730
4728 4730 4731
4732 4733 4734
4732 4734 4735
4736 4737 4738
4738 4739 4740
4740 4741 4742
4742 4743 4744
4744 4745 4746
4746 4747 4736
4736 4738 4740
4740 4742 4744
4744 4746 4736
4740 4744 4736
4748 4749 4750
4750 4751 4752
4752 4753 4754
4754 4755 4756
4756 4757 4758
4758 4759 4748
4748 4750 4752
4752 4754 4756
4756 4758 4748
4752 4756 4748
4760 4761 4762
4760 4762 4763
4764 4765 4766
4764 4766 4767
4768 4769 4770
4768 4770 4771
4772 4773 4774
4772 4774 4775
4776 4777 4778
4776 4778 4779
4780 4781 4782
4780 4782 4783
4784 4785 4786
4784 4786 4787
4788 4789 4790
4788 4790 4791
4792 4793 4794
4792 4794 4795
4796 4797 4798
4796 4798 4799
4800 4801 4802
4800 4802 4803
4804 4805 4806
4804 4806 4807
4808 4809 4810
4810 4811 4812
4812 4813 4814
4814 4815 4816
4816 4817 4818
4818 4819 4808
4808 4810 4812
4812 4814 4816
4816 4818 4808
4812 4816 4808
4820 4821 4822
4822 4823 4824
4824 4825 4826
4826 4827 4828
4828 4829 4830
4830 4831 4820
4820 4822 4824
4824 4826 4828
4828 4830 4820
4824 4828 4820
4832 4833 4834
4832 4834 4835
4836 4837 4838
4836 4838 4839
4840 4841 4842
4840 4842 4843
4844 4845 4846
4844 4846 4847
4848 4849 4850
4848 4850 4851
4852 4853 4854
4852 4854 4855
4856 4857 4858
4856 4858 4859
4860 4861 4862
4860 4862 4863
4864 4865 4866
4864 4866 4867
4868 4869 4870
4868 4870 4871
4872 4873 4874
4872 4874 4875
4876 4877 4878
4876 4878 4879
4880 4881 4882
4882 4883 4884
4884 4885 4886
4886 4887 4888
4888 4889 4890
4890 4891 4880
4880 4882 4884
4884 4886 4888
4888 4890 4880
4884 4888 4880
4892 4893 4894
4894 4895 4896
4896 4897 4898
4898 4899 4900
4900 4901 4902
4902 4903 4892
4892 4894 4896
4896 4898 4900
4900 4902 4892
4896 4900 4892
4904 4905 4906
4904 4906 4907
4908 4909 4910
4908 4910 4911
4912 4913 4914
4912 4914 4915
4916 4917 4918
4916 4918 4919
4920 4921 4922
4920 4922 4923
4924 4925 4926
4924 4926 4927
4928 4929 4930
4928 4930 4931
4932 4933 4934
4932 4934 4935
4936 4937 4938
4936 4938 4939
4940 4941 4942
4940 4942 4943
4944 4945 4946
4944 4946 4947
4948 4949 4950
4948 4950 4951
</Mesh>
</Frame>
